date,market,commodity_id,low,high,price,source_url
2023-11-06,Cartimar,ampalaya,80,120,100,https://www.da.gov.ph/wp-content/uploads/2023/11/Price-Monitoring-November-6-2023.pdf
2023-11-06,Cartimar,galunggong_local,280,280,280,https://www.da.gov.ph/wp-content/uploads/2023/11/Price-Monitoring-November-6-2023.pdf
2023-11-06,Cartimar,pechay_baguio,50,80,65,https://www.da.gov.ph/wp-content/uploads/2023/11/Price-Monitoring-November-6-2023.pdf
2023-11-06,Cartimar,red_onion_local,110,160,135,https://www.da.gov.ph/wp-content/uploads/2023/11/Price-Monitoring-November-6-2023.pdf
2023-11-06,Cartimar,tilapia,150,160,155,https://www.da.gov.ph/wp-content/uploads/2023/11/Price-Monitoring-November-6-2023.pdf
2023-11-06,Cartimar,tomato,120,140,130,https://www.da.gov.ph/wp-content/uploads/2023/11/Price-Monitoring-November-6-2023.pdf
2023-11-07,Cartimar,ampalaya,80,90,85,https://www.da.gov.ph/wp-content/uploads/2023/11/Price-Monitoring-November-7-2023.pdf
2023-11-07,Cartimar,galunggong_local,280,280,280,https://www.da.gov.ph/wp-content/uploads/2023/11/Price-Monitoring-November-7-2023.pdf
2023-11-07,Cartimar,pechay_baguio,50,50,50,https://www.da.gov.ph/wp-content/uploads/2023/11/Price-Monitoring-November-7-2023.pdf
2023-11-07,Cartimar,red_onion_local,100,100,100,https://www.da.gov.ph/wp-content/uploads/2023/11/Price-Monitoring-November-7-2023.pdf
2023-11-07,Cartimar,tilapia,150,160,155,https://www.da.gov.ph/wp-content/uploads/2023/11/Price-Monitoring-November-7-2023.pdf
2023-11-07,Cartimar,tomato,100,130,115,https://www.da.gov.ph/wp-content/uploads/2023/11/Price-Monitoring-November-7-2023.pdf
2023-11-08,Cartimar,ampalaya,90,100,95,https://www.da.gov.ph/wp-content/uploads/2023/11/Price-Monitoring-November-8-2023.pdf
2023-11-08,Cartimar,galunggong_local,280,300,290,https://www.da.gov.ph/wp-content/uploads/2023/11/Price-Monitoring-November-8-2023.pdf
2023-11-08,Cartimar,red_onion_local,140,150,145,https://www.da.gov.ph/wp-content/uploads/2023/11/Price-Monitoring-November-8-2023.pdf
2023-11-08,Cartimar,tilapia,150,160,155,https://www.da.gov.ph/wp-content/uploads/2023/11/Price-Monitoring-November-8-2023.pdf
2023-11-08,Cartimar,tomato,120,140,130,https://www.da.gov.ph/wp-content/uploads/2023/11/Price-Monitoring-November-8-2023.pdf
2023-11-09,Cartimar,ampalaya,80,90,85,https://www.da.gov.ph/wp-content/uploads/2023/11/Price-Monitoring-November-9-2023.pdf
2023-11-09,Cartimar,galunggong_local,280,280,280,https://www.da.gov.ph/wp-content/uploads/2023/11/Price-Monitoring-November-9-2023.pdf
2023-11-09,Cartimar,pechay_baguio,40,45,42.5,https://www.da.gov.ph/wp-content/uploads/2023/11/Price-Monitoring-November-9-2023.pdf
2023-11-09,Cartimar,red_onion_local,120,130,125,https://www.da.gov.ph/wp-content/uploads/2023/11/Price-Monitoring-November-9-2023.pdf
2023-11-09,Cartimar,tilapia,120,150,135,https://www.da.gov.ph/wp-content/uploads/2023/11/Price-Monitoring-November-9-2023.pdf
2023-11-09,Cartimar,tomato,100,110,105,https://www.da.gov.ph/wp-content/uploads/2023/11/Price-Monitoring-November-9-2023.pdf
2023-11-10,Cartimar,ampalaya,90,100,95,https://www.da.gov.ph/wp-content/uploads/2023/11/Price-Monitoring-November-10-2023.pdf
2023-11-10,Cartimar,galunggong_local,280,280,280,https://www.da.gov.ph/wp-content/uploads/2023/11/Price-Monitoring-November-10-2023.pdf
2023-11-10,Cartimar,pechay_baguio,40,40,40,https://www.da.gov.ph/wp-content/uploads/2023/11/Price-Monitoring-November-10-2023.pdf
2023-11-10,Cartimar,red_onion_local,120,140,130,https://www.da.gov.ph/wp-content/uploads/2023/11/Price-Monitoring-November-10-2023.pdf
2023-11-10,Cartimar,tilapia,170,180,175,https://www.da.gov.ph/wp-content/uploads/2023/11/Price-Monitoring-November-10-2023.pdf
2023-11-10,Cartimar,tomato,120,120,120,https://www.da.gov.ph/wp-content/uploads/2023/11/Price-Monitoring-November-10-2023.pdf
2023-11-13,Cartimar,ampalaya,90,90,90,https://www.da.gov.ph/wp-content/uploads/2023/11/Price-Monitoring-November-13-2023.pdf
2023-11-13,Cartimar,galunggong_local,260,260,260,https://www.da.gov.ph/wp-content/uploads/2023/11/Price-Monitoring-November-13-2023.pdf
2023-11-13,Cartimar,pechay_baguio,30,35,32.5,https://www.da.gov.ph/wp-content/uploads/2023/11/Price-Monitoring-November-13-2023.pdf
2023-11-13,Cartimar,red_onion_local,100,120,110,https://www.da.gov.ph/wp-content/uploads/2023/11/Price-Monitoring-November-13-2023.pdf
2023-11-13,Cartimar,tilapia,140,150,145,https://www.da.gov.ph/wp-content/uploads/2023/11/Price-Monitoring-November-13-2023.pdf
2023-11-13,Cartimar,tomato,80,110,95,https://www.da.gov.ph/wp-content/uploads/2023/11/Price-Monitoring-November-13-2023.pdf
2023-11-14,Cartimar,ampalaya,80,100,90,https://www.da.gov.ph/wp-content/uploads/2023/11/Price-Monitoring-November-14-2023.pdf
2023-11-14,Cartimar,galunggong_local,260,260,260,https://www.da.gov.ph/wp-content/uploads/2023/11/Price-Monitoring-November-14-2023.pdf
2023-11-14,Cartimar,pechay_baguio,30,40,35,https://www.da.gov.ph/wp-content/uploads/2023/11/Price-Monitoring-November-14-2023.pdf
2023-11-14,Cartimar,red_onion_local,140,140,140,https://www.da.gov.ph/wp-content/uploads/2023/11/Price-Monitoring-November-14-2023.pdf
2023-11-14,Cartimar,tilapia,140,150,145,https://www.da.gov.ph/wp-content/uploads/2023/11/Price-Monitoring-November-14-2023.pdf
2023-11-14,Cartimar,tomato,80,110,95,https://www.da.gov.ph/wp-content/uploads/2023/11/Price-Monitoring-November-14-2023.pdf
2023-11-15,Cartimar,ampalaya,70,80,75,https://www.da.gov.ph/wp-content/uploads/2023/11/Price-Monitoring-November-15-2023.pdf
2023-11-15,Cartimar,pechay_baguio,40,50,45,https://www.da.gov.ph/wp-content/uploads/2023/11/Price-Monitoring-November-15-2023.pdf
2023-11-15,Cartimar,red_onion_local,130,140,135,https://www.da.gov.ph/wp-content/uploads/2023/11/Price-Monitoring-November-15-2023.pdf
2023-11-15,Cartimar,tilapia,140,150,145,https://www.da.gov.ph/wp-content/uploads/2023/11/Price-Monitoring-November-15-2023.pdf
2023-11-15,Cartimar,tomato,80,90,85,https://www.da.gov.ph/wp-content/uploads/2023/11/Price-Monitoring-November-15-2023.pdf
2023-11-16,Cartimar,ampalaya,85,100,92.5,https://www.da.gov.ph/wp-content/uploads/2023/11/Price-Monitoring-November-16-2023.pdf
2023-11-16,Cartimar,galunggong_local,250,260,255,https://www.da.gov.ph/wp-content/uploads/2023/11/Price-Monitoring-November-16-2023.pdf
2023-11-16,Cartimar,pechay_baguio,40,45,42.5,https://www.da.gov.ph/wp-content/uploads/2023/11/Price-Monitoring-November-16-2023.pdf
2023-11-16,Cartimar,red_onion_local,120,155,137.5,https://www.da.gov.ph/wp-content/uploads/2023/11/Price-Monitoring-November-16-2023.pdf
2023-11-16,Cartimar,tilapia,140,150,145,https://www.da.gov.ph/wp-content/uploads/2023/11/Price-Monitoring-November-16-2023.pdf
2023-11-16,Cartimar,tomato,80,100,90,https://www.da.gov.ph/wp-content/uploads/2023/11/Price-Monitoring-November-16-2023.pdf
2023-11-17,Cartimar,ampalaya,80,90,85,https://www.da.gov.ph/wp-content/uploads/2023/11/Price-Monitoring-November-17-2023.pdf
2023-11-17,Cartimar,galunggong_local,260,260,260,https://www.da.gov.ph/wp-content/uploads/2023/11/Price-Monitoring-November-17-2023.pdf
2023-11-17,Cartimar,pechay_baguio,40,50,45,https://www.da.gov.ph/wp-content/uploads/2023/11/Price-Monitoring-November-17-2023.pdf
2023-11-17,Cartimar,red_onion_local,140,155,147.5,https://www.da.gov.ph/wp-content/uploads/2023/11/Price-Monitoring-November-17-2023.pdf
2023-11-17,Cartimar,tilapia,130,150,140,https://www.da.gov.ph/wp-content/uploads/2023/11/Price-Monitoring-November-17-2023.pdf
2023-11-17,Cartimar,tomato,80,100,90,https://www.da.gov.ph/wp-content/uploads/2023/11/Price-Monitoring-November-17-2023.pdf
2023-11-20,Cartimar,ampalaya,90,90,90,https://www.da.gov.ph/wp-content/uploads/2023/11/Price-Monitoring-November-20-2023.pdf
2023-11-20,Cartimar,galunggong_local,260,260,260,https://www.da.gov.ph/wp-content/uploads/2023/11/Price-Monitoring-November-20-2023.pdf
2023-11-20,Cartimar,red_onion_local,120,140,130,https://www.da.gov.ph/wp-content/uploads/2023/11/Price-Monitoring-November-20-2023.pdf
2023-11-20,Cartimar,tilapia,140,150,145,https://www.da.gov.ph/wp-content/uploads/2023/11/Price-Monitoring-November-20-2023.pdf
2023-11-20,Cartimar,tomato,90,100,95,https://www.da.gov.ph/wp-content/uploads/2023/11/Price-Monitoring-November-20-2023.pdf
2023-11-21,Cartimar,ampalaya,90,100,95,https://www.da.gov.ph/wp-content/uploads/2023/11/Price-Monitoring-November-21-2023.pdf
2023-11-21,Cartimar,pechay_baguio,40,50,45,https://www.da.gov.ph/wp-content/uploads/2023/11/Price-Monitoring-November-21-2023.pdf
2023-11-21,Cartimar,red_onion_local,140,170,155,https://www.da.gov.ph/wp-content/uploads/2023/11/Price-Monitoring-November-21-2023.pdf
2023-11-21,Cartimar,tilapia,140,150,145,https://www.da.gov.ph/wp-content/uploads/2023/11/Price-Monitoring-November-21-2023.pdf
2023-11-21,Cartimar,tomato,90,90,90,https://www.da.gov.ph/wp-content/uploads/2023/11/Price-Monitoring-November-21-2023.pdf
2023-11-22,Cartimar,ampalaya,80,90,85,https://www.da.gov.ph/wp-content/uploads/2023/11/Price-Monitoring-November-22-2023.pdf
2023-11-22,Cartimar,galunggong_local,300,300,300,https://www.da.gov.ph/wp-content/uploads/2023/11/Price-Monitoring-November-22-2023.pdf
2023-11-22,Cartimar,pechay_baguio,45,50,47.5,https://www.da.gov.ph/wp-content/uploads/2023/11/Price-Monitoring-November-22-2023.pdf
2023-11-22,Cartimar,red_onion_local,130,170,150,https://www.da.gov.ph/wp-content/uploads/2023/11/Price-Monitoring-November-22-2023.pdf
2023-11-22,Cartimar,tilapia,150,160,155,https://www.da.gov.ph/wp-content/uploads/2023/11/Price-Monitoring-November-22-2023.pdf
2023-11-22,Cartimar,tomato,80,80,80,https://www.da.gov.ph/wp-content/uploads/2023/11/Price-Monitoring-November-22-2023.pdf
2023-11-23,Cartimar,ampalaya,90,120,105,https://www.da.gov.ph/wp-content/uploads/2023/11/Price-Monitoring-November-23-2023.pdf
2023-11-23,Cartimar,galunggong_local,300,300,300,https://www.da.gov.ph/wp-content/uploads/2023/11/Price-Monitoring-November-23-2023.pdf
2023-11-23,Cartimar,pechay_baguio,40,50,45,https://www.da.gov.ph/wp-content/uploads/2023/11/Price-Monitoring-November-23-2023.pdf
2023-11-23,Cartimar,red_onion_local,140,170,155,https://www.da.gov.ph/wp-content/uploads/2023/11/Price-Monitoring-November-23-2023.pdf
2023-11-23,Cartimar,tilapia,150,160,155,https://www.da.gov.ph/wp-content/uploads/2023/11/Price-Monitoring-November-23-2023.pdf
2023-11-23,Cartimar,tomato,80,80,80,https://www.da.gov.ph/wp-content/uploads/2023/11/Price-Monitoring-November-23-2023.pdf
2023-11-24,Cartimar,ampalaya,90,130,110,https://www.da.gov.ph/wp-content/uploads/2023/11/Price-Monitoring-November-24-2023.pdf
2023-11-24,Cartimar,galunggong_local,300,300,300,https://www.da.gov.ph/wp-content/uploads/2023/11/Price-Monitoring-November-24-2023.pdf
2023-11-24,Cartimar,pechay_baguio,50,50,50,https://www.da.gov.ph/wp-content/uploads/2023/11/Price-Monitoring-November-24-2023.pdf
2023-11-24,Cartimar,red_onion_local,165,200,182.5,https://www.da.gov.ph/wp-content/uploads/2023/11/Price-Monitoring-November-24-2023.pdf
2023-11-24,Cartimar,tilapia,150,160,155,https://www.da.gov.ph/wp-content/uploads/2023/11/Price-Monitoring-November-24-2023.pdf
2023-11-24,Cartimar,tomato,75,80,77.5,https://www.da.gov.ph/wp-content/uploads/2023/11/Price-Monitoring-November-24-2023.pdf
2023-11-27,Cartimar,ampalaya,90,120,105,https://www.da.gov.ph/wp-content/uploads/2023/11/Price-Monitoring-November-27-2023.pdf
2023-11-27,Cartimar,galunggong_local,300,300,300,https://www.da.gov.ph/wp-content/uploads/2023/11/Price-Monitoring-November-27-2023.pdf
2023-11-27,Cartimar,pechay_baguio,40,50,45,https://www.da.gov.ph/wp-content/uploads/2023/11/Price-Monitoring-November-27-2023.pdf
2023-11-27,Cartimar,red_onion_local,130,200,165,https://www.da.gov.ph/wp-content/uploads/2023/11/Price-Monitoring-November-27-2023.pdf
2023-11-27,Cartimar,tilapia,140,160,150,https://www.da.gov.ph/wp-content/uploads/2023/11/Price-Monitoring-November-27-2023.pdf
2023-11-27,Cartimar,tomato,80,85,82.5,https://www.da.gov.ph/wp-content/uploads/2023/11/Price-Monitoring-November-27-2023.pdf
2023-11-28,Cartimar,ampalaya,90,110,100,https://www.da.gov.ph/wp-content/uploads/2023/11/Price-Monitoring-November-28-2023.pdf
2023-11-28,Cartimar,galunggong_local,300,300,300,https://www.da.gov.ph/wp-content/uploads/2023/11/Price-Monitoring-November-28-2023.pdf
2023-11-28,Cartimar,pechay_baguio,50,50,50,https://www.da.gov.ph/wp-content/uploads/2023/11/Price-Monitoring-November-28-2023.pdf
2023-11-28,Cartimar,red_onion_local,120,160,140,https://www.da.gov.ph/wp-content/uploads/2023/11/Price-Monitoring-November-28-2023.pdf
2023-11-28,Cartimar,tilapia,140,160,150,https://www.da.gov.ph/wp-content/uploads/2023/11/Price-Monitoring-November-28-2023.pdf
2023-11-28,Cartimar,tomato,80,85,82.5,https://www.da.gov.ph/wp-content/uploads/2023/11/Price-Monitoring-November-28-2023.pdf
2023-11-30,Cartimar,ampalaya,90,110,100,https://www.da.gov.ph/wp-content/uploads/2023/11/Price-Monitoring-November-30-2023.pdf
2023-11-30,Cartimar,galunggong_local,300,300,300,https://www.da.gov.ph/wp-content/uploads/2023/11/Price-Monitoring-November-30-2023.pdf
2023-11-30,Cartimar,pechay_baguio,50,60,55,https://www.da.gov.ph/wp-content/uploads/2023/11/Price-Monitoring-November-30-2023.pdf
2023-11-30,Cartimar,red_onion_local,160,200,180,https://www.da.gov.ph/wp-content/uploads/2023/11/Price-Monitoring-November-30-2023.pdf
2023-11-30,Cartimar,tilapia,140,160,150,https://www.da.gov.ph/wp-content/uploads/2023/11/Price-Monitoring-November-30-2023.pdf
2023-11-30,Cartimar,tomato,80,85,82.5,https://www.da.gov.ph/wp-content/uploads/2023/11/Price-Monitoring-November-30-2023.pdf
2023-12-01,Cartimar,ampalaya,90,110,100,https://www.da.gov.ph/wp-content/uploads/2023/12/Price-Monitoring-December-1-2023.pdf
2023-12-01,Cartimar,galunggong_local,300,300,300,https://www.da.gov.ph/wp-content/uploads/2023/12/Price-Monitoring-December-1-2023.pdf
2023-12-01,Cartimar,pechay_baguio,50,50,50,https://www.da.gov.ph/wp-content/uploads/2023/12/Price-Monitoring-December-1-2023.pdf
2023-12-01,Cartimar,red_onion_local,130,160,145,https://www.da.gov.ph/wp-content/uploads/2023/12/Price-Monitoring-December-1-2023.pdf
2023-12-01,Cartimar,tilapia,140,160,150,https://www.da.gov.ph/wp-content/uploads/2023/12/Price-Monitoring-December-1-2023.pdf
2023-12-01,Cartimar,tomato,70,80,75,https://www.da.gov.ph/wp-content/uploads/2023/12/Price-Monitoring-December-1-2023.pdf
2023-12-04,Cartimar,ampalaya,90,110,100,https://www.da.gov.ph/wp-content/uploads/2023/12/Price-Monitoring-December-4-2023.pdf
2023-12-04,Cartimar,galunggong_local,300,300,300,https://www.da.gov.ph/wp-content/uploads/2023/12/Price-Monitoring-December-4-2023.pdf
2023-12-04,Cartimar,pechay_baguio,50,50,50,https://www.da.gov.ph/wp-content/uploads/2023/12/Price-Monitoring-December-4-2023.pdf
2023-12-04,Cartimar,red_onion_local,120,150,135,https://www.da.gov.ph/wp-content/uploads/2023/12/Price-Monitoring-December-4-2023.pdf
2023-12-04,Cartimar,tilapia,150,160,155,https://www.da.gov.ph/wp-content/uploads/2023/12/Price-Monitoring-December-4-2023.pdf
2023-12-04,Cartimar,tomato,70,80,75,https://www.da.gov.ph/wp-content/uploads/2023/12/Price-Monitoring-December-4-2023.pdf
2023-12-05,Cartimar,ampalaya,90,110,100,https://www.da.gov.ph/wp-content/uploads/2023/12/Price-Monitoring-December-5-2023.pdf
2023-12-05,Cartimar,galunggong_local,300,300,300,https://www.da.gov.ph/wp-content/uploads/2023/12/Price-Monitoring-December-5-2023.pdf
2023-12-05,Cartimar,pechay_baguio,30,50,40,https://www.da.gov.ph/wp-content/uploads/2023/12/Price-Monitoring-December-5-2023.pdf
2023-12-05,Cartimar,red_onion_local,150,160,155,https://www.da.gov.ph/wp-content/uploads/2023/12/Price-Monitoring-December-5-2023.pdf
2023-12-05,Cartimar,tilapia,140,160,150,https://www.da.gov.ph/wp-content/uploads/2023/12/Price-Monitoring-December-5-2023.pdf
2023-12-05,Cartimar,tomato,70,85,77.5,https://www.da.gov.ph/wp-content/uploads/2023/12/Price-Monitoring-December-5-2023.pdf
2023-12-06,Cartimar,ampalaya,90,110,100,https://www.da.gov.ph/wp-content/uploads/2023/12/Price-Monitoring-December-6-2023-Revised.pdf
2023-12-06,Cartimar,galunggong_local,280,300,290,https://www.da.gov.ph/wp-content/uploads/2023/12/Price-Monitoring-December-6-2023-Revised.pdf
2023-12-06,Cartimar,pechay_baguio,40,50,45,https://www.da.gov.ph/wp-content/uploads/2023/12/Price-Monitoring-December-6-2023-Revised.pdf
2023-12-06,Cartimar,red_onion_local,130,200,165,https://www.da.gov.ph/wp-content/uploads/2023/12/Price-Monitoring-December-6-2023-Revised.pdf
2023-12-06,Cartimar,tilapia,140,160,150,https://www.da.gov.ph/wp-content/uploads/2023/12/Price-Monitoring-December-6-2023-Revised.pdf
2023-12-06,Cartimar,tomato,70,80,75,https://www.da.gov.ph/wp-content/uploads/2023/12/Price-Monitoring-December-6-2023-Revised.pdf
2023-12-07,Cartimar,ampalaya,90,110,100,https://www.da.gov.ph/wp-content/uploads/2023/12/Price-Monitoring-December-7-2023.pdf
2023-12-07,Cartimar,galunggong_local,280,300,290,https://www.da.gov.ph/wp-content/uploads/2023/12/Price-Monitoring-December-7-2023.pdf
2023-12-07,Cartimar,pechay_baguio,40,50,45,https://www.da.gov.ph/wp-content/uploads/2023/12/Price-Monitoring-December-7-2023.pdf
2023-12-07,Cartimar,red_onion_local,130,130,130,https://www.da.gov.ph/wp-content/uploads/2023/12/Price-Monitoring-December-7-2023.pdf
2023-12-07,Cartimar,tilapia,140,160,150,https://www.da.gov.ph/wp-content/uploads/2023/12/Price-Monitoring-December-7-2023.pdf
2023-12-07,Cartimar,tomato,70,80,75,https://www.da.gov.ph/wp-content/uploads/2023/12/Price-Monitoring-December-7-2023.pdf
2023-12-08,Cartimar,ampalaya,90,110,100,https://www.da.gov.ph/wp-content/uploads/2023/12/Price-Monitoring-December-8-2023.pdf
2023-12-08,Cartimar,galunggong_local,300,300,300,https://www.da.gov.ph/wp-content/uploads/2023/12/Price-Monitoring-December-8-2023.pdf
2023-12-08,Cartimar,pechay_baguio,40,50,45,https://www.da.gov.ph/wp-content/uploads/2023/12/Price-Monitoring-December-8-2023.pdf
2023-12-08,Cartimar,tilapia,150,180,165,https://www.da.gov.ph/wp-content/uploads/2023/12/Price-Monitoring-December-8-2023.pdf
2023-12-08,Cartimar,tomato,70,80,75,https://www.da.gov.ph/wp-content/uploads/2023/12/Price-Monitoring-December-8-2023.pdf
2023-12-11,Cartimar,ampalaya,90,110,100,https://www.da.gov.ph/wp-content/uploads/2023/12/Price-Monitoring-December-11-2023.pdf
2023-12-11,Cartimar,galunggong_local,280,300,290,https://www.da.gov.ph/wp-content/uploads/2023/12/Price-Monitoring-December-11-2023.pdf
2023-12-11,Cartimar,pechay_baguio,40,50,45,https://www.da.gov.ph/wp-content/uploads/2023/12/Price-Monitoring-December-11-2023.pdf
2023-12-11,Cartimar,red_onion_local,125,160,142.5,https://www.da.gov.ph/wp-content/uploads/2023/12/Price-Monitoring-December-11-2023.pdf
2023-12-11,Cartimar,tilapia,150,160,155,https://www.da.gov.ph/wp-content/uploads/2023/12/Price-Monitoring-December-11-2023.pdf
2023-12-11,Cartimar,tomato,70,80,75,https://www.da.gov.ph/wp-content/uploads/2023/12/Price-Monitoring-December-11-2023.pdf
2023-12-12,Cartimar,ampalaya,90,110,100,https://www.da.gov.ph/wp-content/uploads/2023/12/Price-Monitoring-December-12-2023.pdf
2023-12-12,Cartimar,galunggong_local,300,300,300,https://www.da.gov.ph/wp-content/uploads/2023/12/Price-Monitoring-December-12-2023.pdf
2023-12-12,Cartimar,pechay_baguio,40,50,45,https://www.da.gov.ph/wp-content/uploads/2023/12/Price-Monitoring-December-12-2023.pdf
2023-12-12,Cartimar,red_onion_local,125,180,152.5,https://www.da.gov.ph/wp-content/uploads/2023/12/Price-Monitoring-December-12-2023.pdf
2023-12-12,Cartimar,tilapia,150,160,155,https://www.da.gov.ph/wp-content/uploads/2023/12/Price-Monitoring-December-12-2023.pdf
2023-12-12,Cartimar,tomato,70,80,75,https://www.da.gov.ph/wp-content/uploads/2023/12/Price-Monitoring-December-12-2023.pdf
2023-12-13,Cartimar,ampalaya,90,110,100,https://www.da.gov.ph/wp-content/uploads/2023/12/Price-Monitoring-December-13-2023.pdf
2023-12-13,Cartimar,galunggong_local,300,300,300,https://www.da.gov.ph/wp-content/uploads/2023/12/Price-Monitoring-December-13-2023.pdf
2023-12-13,Cartimar,red_onion_local,120,170,145,https://www.da.gov.ph/wp-content/uploads/2023/12/Price-Monitoring-December-13-2023.pdf
2023-12-13,Cartimar,tilapia,150,160,155,https://www.da.gov.ph/wp-content/uploads/2023/12/Price-Monitoring-December-13-2023.pdf
2023-12-13,Cartimar,tomato,60,75,67.5,https://www.da.gov.ph/wp-content/uploads/2023/12/Price-Monitoring-December-13-2023.pdf
2023-12-14,Cartimar,ampalaya,90,110,100,https://www.da.gov.ph/wp-content/uploads/2023/12/Price-Monitoring-December-14-2023.pdf
2023-12-14,Cartimar,galunggong_local,280,300,290,https://www.da.gov.ph/wp-content/uploads/2023/12/Price-Monitoring-December-14-2023.pdf
2023-12-14,Cartimar,pechay_baguio,40,50,45,https://www.da.gov.ph/wp-content/uploads/2023/12/Price-Monitoring-December-14-2023.pdf
2023-12-14,Cartimar,red_onion_local,125,170,147.5,https://www.da.gov.ph/wp-content/uploads/2023/12/Price-Monitoring-December-14-2023.pdf
2023-12-14,Cartimar,tilapia,150,160,155,https://www.da.gov.ph/wp-content/uploads/2023/12/Price-Monitoring-December-14-2023.pdf
2023-12-14,Cartimar,tomato,60,80,70,https://www.da.gov.ph/wp-content/uploads/2023/12/Price-Monitoring-December-14-2023.pdf
2023-12-18,Cartimar,ampalaya,80,110,95,https://www.da.gov.ph/wp-content/uploads/2023/12/Price-Monitoring-December-18-2023.pdf
2023-12-18,Cartimar,galunggong_local,280,300,290,https://www.da.gov.ph/wp-content/uploads/2023/12/Price-Monitoring-December-18-2023.pdf
2023-12-18,Cartimar,pechay_baguio,30,50,40,https://www.da.gov.ph/wp-content/uploads/2023/12/Price-Monitoring-December-18-2023.pdf
2023-12-18,Cartimar,red_onion_local,120,170,145,https://www.da.gov.ph/wp-content/uploads/2023/12/Price-Monitoring-December-18-2023.pdf
2023-12-18,Cartimar,tilapia,150,160,155,https://www.da.gov.ph/wp-content/uploads/2023/12/Price-Monitoring-December-18-2023.pdf
2023-12-18,Cartimar,tomato,50,75,62.5,https://www.da.gov.ph/wp-content/uploads/2023/12/Price-Monitoring-December-18-2023.pdf
2023-12-19,Cartimar,ampalaya,100,120,110,https://www.da.gov.ph/wp-content/uploads/2023/12/Price-Monitoring-December-19-2023.pdf
2023-12-19,Cartimar,galunggong_local,280,300,290,https://www.da.gov.ph/wp-content/uploads/2023/12/Price-Monitoring-December-19-2023.pdf
2023-12-19,Cartimar,pechay_baguio,40,50,45,https://www.da.gov.ph/wp-content/uploads/2023/12/Price-Monitoring-December-19-2023.pdf
2023-12-19,Cartimar,red_onion_local,120,140,130,https://www.da.gov.ph/wp-content/uploads/2023/12/Price-Monitoring-December-19-2023.pdf
2023-12-19,Cartimar,tilapia,140,160,150,https://www.da.gov.ph/wp-content/uploads/2023/12/Price-Monitoring-December-19-2023.pdf
2023-12-19,Cartimar,tomato,60,75,67.5,https://www.da.gov.ph/wp-content/uploads/2023/12/Price-Monitoring-December-19-2023.pdf
2023-12-20,Cartimar,ampalaya,100,110,105,https://www.da.gov.ph/wp-content/uploads/2023/12/Price-Monitoring-December-20-2023.pdf
2023-12-20,Cartimar,galunggong_local,280,300,290,https://www.da.gov.ph/wp-content/uploads/2023/12/Price-Monitoring-December-20-2023.pdf
2023-12-20,Cartimar,pechay_baguio,40,50,45,https://www.da.gov.ph/wp-content/uploads/2023/12/Price-Monitoring-December-20-2023.pdf
2023-12-20,Cartimar,red_onion_local,120,180,150,https://www.da.gov.ph/wp-content/uploads/2023/12/Price-Monitoring-December-20-2023.pdf
2023-12-20,Cartimar,tilapia,140,160,150,https://www.da.gov.ph/wp-content/uploads/2023/12/Price-Monitoring-December-20-2023.pdf
2023-12-20,Cartimar,tomato,60,80,70,https://www.da.gov.ph/wp-content/uploads/2023/12/Price-Monitoring-December-20-2023.pdf
2023-12-21,Cartimar,ampalaya,100,120,110,https://www.da.gov.ph/wp-content/uploads/2023/12/Revised-Price-Monitoring-December-21-2023.pdf
2023-12-21,Cartimar,galunggong_local,280,300,290,https://www.da.gov.ph/wp-content/uploads/2023/12/Revised-Price-Monitoring-December-21-2023.pdf
2023-12-21,Cartimar,pechay_baguio,40,60,50,https://www.da.gov.ph/wp-content/uploads/2023/12/Revised-Price-Monitoring-December-21-2023.pdf
2023-12-21,Cartimar,red_onion_local,130,180,155,https://www.da.gov.ph/wp-content/uploads/2023/12/Revised-Price-Monitoring-December-21-2023.pdf
2023-12-21,Cartimar,tilapia,140,160,150,https://www.da.gov.ph/wp-content/uploads/2023/12/Revised-Price-Monitoring-December-21-2023.pdf
2023-12-21,Cartimar,tomato,60,80,70,https://www.da.gov.ph/wp-content/uploads/2023/12/Revised-Price-Monitoring-December-21-2023.pdf
2023-12-22,Cartimar,ampalaya,100,120,110,https://www.da.gov.ph/wp-content/uploads/2023/12/Price-Monitoring-December-22-2023.pdf
2023-12-22,Cartimar,galunggong_local,280,300,290,https://www.da.gov.ph/wp-content/uploads/2023/12/Price-Monitoring-December-22-2023.pdf
2023-12-22,Cartimar,pechay_baguio,30,40,35,https://www.da.gov.ph/wp-content/uploads/2023/12/Price-Monitoring-December-22-2023.pdf
2023-12-22,Cartimar,red_onion_local,120,170,145,https://www.da.gov.ph/wp-content/uploads/2023/12/Price-Monitoring-December-22-2023.pdf
2023-12-22,Cartimar,tilapia,140,160,150,https://www.da.gov.ph/wp-content/uploads/2023/12/Price-Monitoring-December-22-2023.pdf
2023-12-22,Cartimar,tomato,60,70,65,https://www.da.gov.ph/wp-content/uploads/2023/12/Price-Monitoring-December-22-2023.pdf
2023-12-26,Cartimar,ampalaya,100,120,110,https://www.da.gov.ph/wp-content/uploads/2023/12/Price-Monitoring-December-26-2023.pdf
2023-12-26,Cartimar,galunggong_local,300,300,300,https://www.da.gov.ph/wp-content/uploads/2023/12/Price-Monitoring-December-26-2023.pdf
2023-12-26,Cartimar,pechay_baguio,40,50,45,https://www.da.gov.ph/wp-content/uploads/2023/12/Price-Monitoring-December-26-2023.pdf
2023-12-26,Cartimar,red_onion_local,120,150,135,https://www.da.gov.ph/wp-content/uploads/2023/12/Price-Monitoring-December-26-2023.pdf
2023-12-26,Cartimar,tilapia,140,160,150,https://www.da.gov.ph/wp-content/uploads/2023/12/Price-Monitoring-December-26-2023.pdf
2023-12-26,Cartimar,tomato,70,90,80,https://www.da.gov.ph/wp-content/uploads/2023/12/Price-Monitoring-December-26-2023.pdf
2023-12-27,Cartimar,ampalaya,110,120,115,https://www.da.gov.ph/wp-content/uploads/2023/12/Price-Monitoring-December-27-2023.pdf
2023-12-27,Cartimar,galunggong_local,280,300,290,https://www.da.gov.ph/wp-content/uploads/2023/12/Price-Monitoring-December-27-2023.pdf
2023-12-27,Cartimar,pechay_baguio,35,50,42.5,https://www.da.gov.ph/wp-content/uploads/2023/12/Price-Monitoring-December-27-2023.pdf
2023-12-27,Cartimar,red_onion_local,140,170,155,https://www.da.gov.ph/wp-content/uploads/2023/12/Price-Monitoring-December-27-2023.pdf
2023-12-27,Cartimar,tilapia,140,160,150,https://www.da.gov.ph/wp-content/uploads/2023/12/Price-Monitoring-December-27-2023.pdf
2023-12-27,Cartimar,tomato,70,90,80,https://www.da.gov.ph/wp-content/uploads/2023/12/Price-Monitoring-December-27-2023.pdf
2023-12-28,Cartimar,ampalaya,100,120,110,https://www.da.gov.ph/wp-content/uploads/2023/12/Price-Monitoring-December-28-2023.pdf
2023-12-28,Cartimar,galunggong_local,280,300,290,https://www.da.gov.ph/wp-content/uploads/2023/12/Price-Monitoring-December-28-2023.pdf
2023-12-28,Cartimar,pechay_baguio,40,50,45,https://www.da.gov.ph/wp-content/uploads/2023/12/Price-Monitoring-December-28-2023.pdf
2023-12-28,Cartimar,red_onion_local,140,170,155,https://www.da.gov.ph/wp-content/uploads/2023/12/Price-Monitoring-December-28-2023.pdf
2023-12-28,Cartimar,tilapia,140,150,145,https://www.da.gov.ph/wp-content/uploads/2023/12/Price-Monitoring-December-28-2023.pdf
2023-12-28,Cartimar,tomato,80,90,85,https://www.da.gov.ph/wp-content/uploads/2023/12/Price-Monitoring-December-28-2023.pdf
2023-12-29,Cartimar,ampalaya,100,120,110,https://www.da.gov.ph/wp-content/uploads/2023/12/Price-Monitoring-December-29-2023.pdf
2023-12-29,Cartimar,galunggong_local,280,300,290,https://www.da.gov.ph/wp-content/uploads/2023/12/Price-Monitoring-December-29-2023.pdf
2023-12-29,Cartimar,pechay_baguio,40,50,45,https://www.da.gov.ph/wp-content/uploads/2023/12/Price-Monitoring-December-29-2023.pdf
2023-12-29,Cartimar,red_onion_local,120,150,135,https://www.da.gov.ph/wp-content/uploads/2023/12/Price-Monitoring-December-29-2023.pdf
2023-12-29,Cartimar,tilapia,140,150,145,https://www.da.gov.ph/wp-content/uploads/2023/12/Price-Monitoring-December-29-2023.pdf
2023-12-29,Cartimar,tomato,70,80,75,https://www.da.gov.ph/wp-content/uploads/2023/12/Price-Monitoring-December-29-2023.pdf
2024-01-02,Cartimar,ampalaya,100,120,110,https://www.da.gov.ph/wp-content/uploads/2024/01/Price-Monitoring-January-2-2024.pdf
2024-01-02,Cartimar,galunggong_local,280,300,290,https://www.da.gov.ph/wp-content/uploads/2024/01/Price-Monitoring-January-2-2024.pdf
2024-01-02,Cartimar,pechay_baguio,50,70,60,https://www.da.gov.ph/wp-content/uploads/2024/01/Price-Monitoring-January-2-2024.pdf
2024-01-02,Cartimar,red_onion_local,140,150,145,https://www.da.gov.ph/wp-content/uploads/2024/01/Price-Monitoring-January-2-2024.pdf
2024-01-02,Cartimar,tilapia,140,150,145,https://www.da.gov.ph/wp-content/uploads/2024/01/Price-Monitoring-January-2-2024.pdf
2024-01-02,Cartimar,tomato,80,100,90,https://www.da.gov.ph/wp-content/uploads/2024/01/Price-Monitoring-January-2-2024.pdf
2024-01-03,Cartimar,ampalaya,100,120,110,https://www.da.gov.ph/wp-content/uploads/2024/01/Price-Monitoring-January-3-2024.pdf
2024-01-03,Cartimar,galunggong_local,280,300,290,https://www.da.gov.ph/wp-content/uploads/2024/01/Price-Monitoring-January-3-2024.pdf
2024-01-03,Cartimar,pechay_baguio,50,70,60,https://www.da.gov.ph/wp-content/uploads/2024/01/Price-Monitoring-January-3-2024.pdf
2024-01-03,Cartimar,red_onion_local,140,150,145,https://www.da.gov.ph/wp-content/uploads/2024/01/Price-Monitoring-January-3-2024.pdf
2024-01-03,Cartimar,tilapia,140,150,145,https://www.da.gov.ph/wp-content/uploads/2024/01/Price-Monitoring-January-3-2024.pdf
2024-01-03,Cartimar,tomato,80,90,85,https://www.da.gov.ph/wp-content/uploads/2024/01/Price-Monitoring-January-3-2024.pdf
2024-01-04,Cartimar,ampalaya,100,120,110,https://www.da.gov.ph/wp-content/uploads/2024/01/Price-Monitoring-January-4-2024.pdf
2024-01-04,Cartimar,galunggong_local,280,300,290,https://www.da.gov.ph/wp-content/uploads/2024/01/Price-Monitoring-January-4-2024.pdf
2024-01-04,Cartimar,pechay_baguio,50,60,55,https://www.da.gov.ph/wp-content/uploads/2024/01/Price-Monitoring-January-4-2024.pdf
2024-01-04,Cartimar,red_onion_local,140,150,145,https://www.da.gov.ph/wp-content/uploads/2024/01/Price-Monitoring-January-4-2024.pdf
2024-01-04,Cartimar,tilapia,140,150,145,https://www.da.gov.ph/wp-content/uploads/2024/01/Price-Monitoring-January-4-2024.pdf
2024-01-04,Cartimar,tomato,80,90,85,https://www.da.gov.ph/wp-content/uploads/2024/01/Price-Monitoring-January-4-2024.pdf
2024-01-05,Cartimar,ampalaya,100,120,110,https://www.da.gov.ph/wp-content/uploads/2024/01/Revised-Price-Monitoring-January-5-2024.pdf
2024-01-05,Cartimar,galunggong_local,280,300,290,https://www.da.gov.ph/wp-content/uploads/2024/01/Revised-Price-Monitoring-January-5-2024.pdf
2024-01-05,Cartimar,pechay_baguio,50,60,55,https://www.da.gov.ph/wp-content/uploads/2024/01/Revised-Price-Monitoring-January-5-2024.pdf
2024-01-05,Cartimar,red_onion_local,150,160,155,https://www.da.gov.ph/wp-content/uploads/2024/01/Revised-Price-Monitoring-January-5-2024.pdf
2024-01-05,Cartimar,tilapia,140,150,145,https://www.da.gov.ph/wp-content/uploads/2024/01/Revised-Price-Monitoring-January-5-2024.pdf
2024-01-05,Cartimar,tomato,80,100,90,https://www.da.gov.ph/wp-content/uploads/2024/01/Revised-Price-Monitoring-January-5-2024.pdf
2024-01-09,Cartimar,ampalaya,110,130,120,https://www.da.gov.ph/wp-content/uploads/2024/01/Price-Monitoring-January-9-2024.pdf
2024-01-09,Cartimar,galunggong_local,250,300,275,https://www.da.gov.ph/wp-content/uploads/2024/01/Price-Monitoring-January-9-2024.pdf
2024-01-09,Cartimar,pechay_baguio,40,50,45,https://www.da.gov.ph/wp-content/uploads/2024/01/Price-Monitoring-January-9-2024.pdf
2024-01-09,Cartimar,red_onion_local,120,180,150,https://www.da.gov.ph/wp-content/uploads/2024/01/Price-Monitoring-January-9-2024.pdf
2024-01-09,Cartimar,tilapia,140,160,150,https://www.da.gov.ph/wp-content/uploads/2024/01/Price-Monitoring-January-9-2024.pdf
2024-01-09,Cartimar,tomato,60,90,75,https://www.da.gov.ph/wp-content/uploads/2024/01/Price-Monitoring-January-9-2024.pdf
2024-01-10,Cartimar,ampalaya,120,140,130,https://www.da.gov.ph/wp-content/uploads/2024/01/Price-Monitoring-January-10-2024.pdf
2024-01-10,Cartimar,cabbage_scorpio,35,40,37.5,https://www.da.gov.ph/wp-content/uploads/2024/01/Price-Monitoring-January-10-2024.pdf
2024-01-10,Cartimar,cabbage_wonderball,35,35,35,https://www.da.gov.ph/wp-content/uploads/2024/01/Price-Monitoring-January-10-2024.pdf
2024-01-10,Cartimar,galunggong_local,280,300,290,https://www.da.gov.ph/wp-content/uploads/2024/01/Price-Monitoring-January-10-2024.pdf
2024-01-10,Cartimar,pechay_baguio,25,50,37.5,https://www.da.gov.ph/wp-content/uploads/2024/01/Price-Monitoring-January-10-2024.pdf
2024-01-10,Cartimar,red_onion_local,100,170,135,https://www.da.gov.ph/wp-content/uploads/2024/01/Price-Monitoring-January-10-2024.pdf
2024-01-10,Cartimar,tilapia,140,160,150,https://www.da.gov.ph/wp-content/uploads/2024/01/Price-Monitoring-January-10-2024.pdf
2024-01-10,Cartimar,tomato,70,90,80,https://www.da.gov.ph/wp-content/uploads/2024/01/Price-Monitoring-January-10-2024.pdf
2024-01-11,Cartimar,ampalaya,130,150,140,https://www.da.gov.ph/wp-content/uploads/2024/01/Price-Monitoring-January-11-2024.pdf
2024-01-11,Cartimar,cabbage_scorpio,40,50,45,https://www.da.gov.ph/wp-content/uploads/2024/01/Price-Monitoring-January-11-2024.pdf
2024-01-11,Cartimar,cabbage_wonderball,35,38,36.5,https://www.da.gov.ph/wp-content/uploads/2024/01/Price-Monitoring-January-11-2024.pdf
2024-01-11,Cartimar,galunggong_local,280,300,290,https://www.da.gov.ph/wp-content/uploads/2024/01/Price-Monitoring-January-11-2024.pdf
2024-01-11,Cartimar,pechay_baguio,35,40,37.5,https://www.da.gov.ph/wp-content/uploads/2024/01/Price-Monitoring-January-11-2024.pdf
2024-01-11,Cartimar,red_onion_local,100,170,135,https://www.da.gov.ph/wp-content/uploads/2024/01/Price-Monitoring-January-11-2024.pdf
2024-01-11,Cartimar,tilapia,140,160,150,https://www.da.gov.ph/wp-content/uploads/2024/01/Price-Monitoring-January-11-2024.pdf
2024-01-11,Cartimar,tomato,70,90,80,https://www.da.gov.ph/wp-content/uploads/2024/01/Price-Monitoring-January-11-2024.pdf
2024-01-12,Cartimar,ampalaya,120,140,130,https://www.da.gov.ph/wp-content/uploads/2024/01/Price-Monitoring-January-12-2024.pdf
2024-01-12,Cartimar,cabbage_rareball,35,38,36.5,https://www.da.gov.ph/wp-content/uploads/2024/01/Price-Monitoring-January-12-2024.pdf
2024-01-12,Cartimar,cabbage_scorpio,40,50,45,https://www.da.gov.ph/wp-content/uploads/2024/01/Price-Monitoring-January-12-2024.pdf
2024-01-12,Cartimar,galunggong_local,280,300,290,https://www.da.gov.ph/wp-content/uploads/2024/01/Price-Monitoring-January-12-2024.pdf
2024-01-12,Cartimar,pechay_baguio,40,45,42.5,https://www.da.gov.ph/wp-content/uploads/2024/01/Price-Monitoring-January-12-2024.pdf
2024-01-12,Cartimar,red_onion_local,140,170,155,https://www.da.gov.ph/wp-content/uploads/2024/01/Price-Monitoring-January-12-2024.pdf
2024-01-12,Cartimar,tilapia,140,160,150,https://www.da.gov.ph/wp-content/uploads/2024/01/Price-Monitoring-January-12-2024.pdf
2024-01-12,Cartimar,tomato,70,90,80,https://www.da.gov.ph/wp-content/uploads/2024/01/Price-Monitoring-January-12-2024.pdf
2024-01-15,Cartimar,ampalaya,120,140,130,https://www.da.gov.ph/wp-content/uploads/2024/01/Revised-Price-Monitoring-January-15-2024.pdf
2024-01-15,Cartimar,cabbage_scorpio,40,40,40,https://www.da.gov.ph/wp-content/uploads/2024/01/Revised-Price-Monitoring-January-15-2024.pdf
2024-01-15,Cartimar,cabbage_wonderball,35,35,35,https://www.da.gov.ph/wp-content/uploads/2024/01/Revised-Price-Monitoring-January-15-2024.pdf
2024-01-15,Cartimar,galunggong_local,280,300,290,https://www.da.gov.ph/wp-content/uploads/2024/01/Revised-Price-Monitoring-January-15-2024.pdf
2024-01-15,Cartimar,pechay_baguio,40,45,42.5,https://www.da.gov.ph/wp-content/uploads/2024/01/Revised-Price-Monitoring-January-15-2024.pdf
2024-01-15,Cartimar,red_onion_local,140,170,155,https://www.da.gov.ph/wp-content/uploads/2024/01/Revised-Price-Monitoring-January-15-2024.pdf
2024-01-15,Cartimar,tilapia,140,160,150,https://www.da.gov.ph/wp-content/uploads/2024/01/Revised-Price-Monitoring-January-15-2024.pdf
2024-01-15,Cartimar,tomato,70,90,80,https://www.da.gov.ph/wp-content/uploads/2024/01/Revised-Price-Monitoring-January-15-2024.pdf
2024-01-16,Cartimar,ampalaya,120,140,130,https://www.da.gov.ph/wp-content/uploads/2024/01/Price-Monitoring-January-16-2024.pdf
2024-01-16,Cartimar,cabbage_scorpio,40,40,40,https://www.da.gov.ph/wp-content/uploads/2024/01/Price-Monitoring-January-16-2024.pdf
2024-01-16,Cartimar,cabbage_wonderball,33,38,35.5,https://www.da.gov.ph/wp-content/uploads/2024/01/Price-Monitoring-January-16-2024.pdf
2024-01-16,Cartimar,galunggong_local,280,300,290,https://www.da.gov.ph/wp-content/uploads/2024/01/Price-Monitoring-January-16-2024.pdf
2024-01-16,Cartimar,pechay_baguio,40,50,45,https://www.da.gov.ph/wp-content/uploads/2024/01/Price-Monitoring-January-16-2024.pdf
2024-01-16,Cartimar,red_onion_local,140,170,155,https://www.da.gov.ph/wp-content/uploads/2024/01/Price-Monitoring-January-16-2024.pdf
2024-01-16,Cartimar,tilapia,140,160,150,https://www.da.gov.ph/wp-content/uploads/2024/01/Price-Monitoring-January-16-2024.pdf
2024-01-16,Cartimar,tomato,70,90,80,https://www.da.gov.ph/wp-content/uploads/2024/01/Price-Monitoring-January-16-2024.pdf
2024-01-17,Cartimar,ampalaya,110,140,125,https://www.da.gov.ph/wp-content/uploads/2024/01/Price-Monitoring-January-17-2024.pdf
2024-01-17,Cartimar,cabbage_scorpio,40,40,40,https://www.da.gov.ph/wp-content/uploads/2024/01/Price-Monitoring-January-17-2024.pdf
2024-01-17,Cartimar,cabbage_wonderball,35,38,36.5,https://www.da.gov.ph/wp-content/uploads/2024/01/Price-Monitoring-January-17-2024.pdf
2024-01-17,Cartimar,galunggong_local,280,300,290,https://www.da.gov.ph/wp-content/uploads/2024/01/Price-Monitoring-January-17-2024.pdf
2024-01-17,Cartimar,pechay_baguio,40,45,42.5,https://www.da.gov.ph/wp-content/uploads/2024/01/Price-Monitoring-January-17-2024.pdf
2024-01-17,Cartimar,red_onion_local,140,170,155,https://www.da.gov.ph/wp-content/uploads/2024/01/Price-Monitoring-January-17-2024.pdf
2024-01-17,Cartimar,tilapia,140,160,150,https://www.da.gov.ph/wp-content/uploads/2024/01/Price-Monitoring-January-17-2024.pdf
2024-01-17,Cartimar,tomato,70,75,72.5,https://www.da.gov.ph/wp-content/uploads/2024/01/Price-Monitoring-January-17-2024.pdf
2024-01-18,Cartimar,ampalaya,120,160,140,https://www.da.gov.ph/wp-content/uploads/2024/01/Price-Monitoring-January-18-2024.pdf
2024-01-18,Cartimar,cabbage_rareball,40,40,40,https://www.da.gov.ph/wp-content/uploads/2024/01/Price-Monitoring-January-18-2024.pdf
2024-01-18,Cartimar,galunggong_local,280,300,290,https://www.da.gov.ph/wp-content/uploads/2024/01/Price-Monitoring-January-18-2024.pdf
2024-01-18,Cartimar,pechay_baguio,35,40,37.5,https://www.da.gov.ph/wp-content/uploads/2024/01/Price-Monitoring-January-18-2024.pdf
2024-01-18,Cartimar,red_onion_local,160,170,165,https://www.da.gov.ph/wp-content/uploads/2024/01/Price-Monitoring-January-18-2024.pdf
2024-01-18,Cartimar,tilapia,150,160,155,https://www.da.gov.ph/wp-content/uploads/2024/01/Price-Monitoring-January-18-2024.pdf
2024-01-18,Cartimar,tomato,70,100,85,https://www.da.gov.ph/wp-content/uploads/2024/01/Price-Monitoring-January-18-2024.pdf
2024-01-19,Cartimar,ampalaya,120,140,130,https://www.da.gov.ph/wp-content/uploads/2024/01/Price-Monitoring-January-19-2024.pdf
2024-01-19,Cartimar,cabbage_scorpio,50,50,50,https://www.da.gov.ph/wp-content/uploads/2024/01/Price-Monitoring-January-19-2024.pdf
2024-01-19,Cartimar,cabbage_wonderball,35,38,36.5,https://www.da.gov.ph/wp-content/uploads/2024/01/Price-Monitoring-January-19-2024.pdf
2024-01-19,Cartimar,galunggong_local,280,300,290,https://www.da.gov.ph/wp-content/uploads/2024/01/Price-Monitoring-January-19-2024.pdf
2024-01-19,Cartimar,pechay_baguio,35,40,37.5,https://www.da.gov.ph/wp-content/uploads/2024/01/Price-Monitoring-January-19-2024.pdf
2024-01-19,Cartimar,red_onion_local,140,170,155,https://www.da.gov.ph/wp-content/uploads/2024/01/Price-Monitoring-January-19-2024.pdf
2024-01-19,Cartimar,tilapia,150,160,155,https://www.da.gov.ph/wp-content/uploads/2024/01/Price-Monitoring-January-19-2024.pdf
2024-01-19,Cartimar,tomato,70,100,85,https://www.da.gov.ph/wp-content/uploads/2024/01/Price-Monitoring-January-19-2024.pdf
2024-01-22,Cartimar,ampalaya,120,140,130,https://www.da.gov.ph/wp-content/uploads/2024/01/Price-Monitoring-January-22-2024.pdf
2024-01-22,Cartimar,cabbage_scorpio,40,40,40,https://www.da.gov.ph/wp-content/uploads/2024/01/Price-Monitoring-January-22-2024.pdf
2024-01-22,Cartimar,cabbage_wonderball,35,35,35,https://www.da.gov.ph/wp-content/uploads/2024/01/Price-Monitoring-January-22-2024.pdf
2024-01-22,Cartimar,galunggong_local,280,300,290,https://www.da.gov.ph/wp-content/uploads/2024/01/Price-Monitoring-January-22-2024.pdf
2024-01-22,Cartimar,pechay_baguio,40,40,40,https://www.da.gov.ph/wp-content/uploads/2024/01/Price-Monitoring-January-22-2024.pdf
2024-01-22,Cartimar,red_onion_local,130,160,145,https://www.da.gov.ph/wp-content/uploads/2024/01/Price-Monitoring-January-22-2024.pdf
2024-01-22,Cartimar,tilapia,150,160,155,https://www.da.gov.ph/wp-content/uploads/2024/01/Price-Monitoring-January-22-2024.pdf
2024-01-22,Cartimar,tomato,100,120,110,https://www.da.gov.ph/wp-content/uploads/2024/01/Price-Monitoring-January-22-2024.pdf
2024-01-23,Cartimar,ampalaya,110,150,130,https://www.da.gov.ph/wp-content/uploads/2024/01/Price-Monitoring-January-23-2024.pdf
2024-01-23,Cartimar,cabbage_scorpio,40,40,40,https://www.da.gov.ph/wp-content/uploads/2024/01/Price-Monitoring-January-23-2024.pdf
2024-01-23,Cartimar,cabbage_wonderball,30,35,32.5,https://www.da.gov.ph/wp-content/uploads/2024/01/Price-Monitoring-January-23-2024.pdf
2024-01-23,Cartimar,galunggong_local,280,300,290,https://www.da.gov.ph/wp-content/uploads/2024/01/Price-Monitoring-January-23-2024.pdf
2024-01-23,Cartimar,pechay_baguio,40,40,40,https://www.da.gov.ph/wp-content/uploads/2024/01/Price-Monitoring-January-23-2024.pdf
2024-01-23,Cartimar,red_onion_local,130,160,145,https://www.da.gov.ph/wp-content/uploads/2024/01/Price-Monitoring-January-23-2024.pdf
2024-01-23,Cartimar,tilapia,150,170,160,https://www.da.gov.ph/wp-content/uploads/2024/01/Price-Monitoring-January-23-2024.pdf
2024-01-23,Cartimar,tomato,100,120,110,https://www.da.gov.ph/wp-content/uploads/2024/01/Price-Monitoring-January-23-2024.pdf
2024-01-24,Cartimar,ampalaya,110,140,125,https://www.da.gov.ph/wp-content/uploads/2024/01/Price-Monitoring-January-24-2024.pdf
2024-01-24,Cartimar,cabbage_scorpio,40,40,40,https://www.da.gov.ph/wp-content/uploads/2024/01/Price-Monitoring-January-24-2024.pdf
2024-01-24,Cartimar,cabbage_wonderball,30,33,31.5,https://www.da.gov.ph/wp-content/uploads/2024/01/Price-Monitoring-January-24-2024.pdf
2024-01-24,Cartimar,galunggong_local,280,300,290,https://www.da.gov.ph/wp-content/uploads/2024/01/Price-Monitoring-January-24-2024.pdf
2024-01-24,Cartimar,pechay_baguio,35,40,37.5,https://www.da.gov.ph/wp-content/uploads/2024/01/Price-Monitoring-January-24-2024.pdf
2024-01-24,Cartimar,red_onion_local,110,160,135,https://www.da.gov.ph/wp-content/uploads/2024/01/Price-Monitoring-January-24-2024.pdf
2024-01-24,Cartimar,tilapia,150,170,160,https://www.da.gov.ph/wp-content/uploads/2024/01/Price-Monitoring-January-24-2024.pdf
2024-01-24,Cartimar,tomato,120,140,130,https://www.da.gov.ph/wp-content/uploads/2024/01/Price-Monitoring-January-24-2024.pdf
2024-01-25,Cartimar,ampalaya,120,140,130,https://www.da.gov.ph/wp-content/uploads/2024/01/Price-Monitoring-January-25-2024.pdf
2024-01-25,Cartimar,cabbage_scorpio,50,50,50,https://www.da.gov.ph/wp-content/uploads/2024/01/Price-Monitoring-January-25-2024.pdf
2024-01-25,Cartimar,cabbage_wonderball,30,35,32.5,https://www.da.gov.ph/wp-content/uploads/2024/01/Price-Monitoring-January-25-2024.pdf
2024-01-25,Cartimar,galunggong_local,300,320,310,https://www.da.gov.ph/wp-content/uploads/2024/01/Price-Monitoring-January-25-2024.pdf
2024-01-25,Cartimar,pechay_baguio,35,40,37.5,https://www.da.gov.ph/wp-content/uploads/2024/01/Price-Monitoring-January-25-2024.pdf
2024-01-25,Cartimar,red_onion_local,110,150,130,https://www.da.gov.ph/wp-content/uploads/2024/01/Price-Monitoring-January-25-2024.pdf
2024-01-25,Cartimar,tilapia,150,170,160,https://www.da.gov.ph/wp-content/uploads/2024/01/Price-Monitoring-January-25-2024.pdf
2024-01-25,Cartimar,tomato,120,130,125,https://www.da.gov.ph/wp-content/uploads/2024/01/Price-Monitoring-January-25-2024.pdf
2024-01-26,Cartimar,ampalaya,100,140,120,https://www.da.gov.ph/wp-content/uploads/2024/01/Price-Monitoring-January-26-2024.pdf
2024-01-26,Cartimar,galunggong_local,300,320,310,https://www.da.gov.ph/wp-content/uploads/2024/01/Price-Monitoring-January-26-2024.pdf
2024-01-26,Cartimar,pechay_baguio,35,40,37.5,https://www.da.gov.ph/wp-content/uploads/2024/01/Price-Monitoring-January-26-2024.pdf
2024-01-26,Cartimar,red_onion_local,110,130,120,https://www.da.gov.ph/wp-content/uploads/2024/01/Price-Monitoring-January-26-2024.pdf
2024-01-26,Cartimar,tilapia,150,170,160,https://www.da.gov.ph/wp-content/uploads/2024/01/Price-Monitoring-January-26-2024.pdf
2024-01-26,Cartimar,tomato,30,130,80,https://www.da.gov.ph/wp-content/uploads/2024/01/Price-Monitoring-January-26-2024.pdf
2024-01-29,Cartimar,ampalaya,100,130,115,https://www.da.gov.ph/wp-content/uploads/2024/01/Price-Monitoring-January-29-2024.pdf
2024-01-29,Cartimar,cabbage_scorpio,40,40,40,https://www.da.gov.ph/wp-content/uploads/2024/01/Price-Monitoring-January-29-2024.pdf
2024-01-29,Cartimar,cabbage_wonderball,30,40,35,https://www.da.gov.ph/wp-content/uploads/2024/01/Price-Monitoring-January-29-2024.pdf
2024-01-29,Cartimar,pechay_baguio,35,40,37.5,https://www.da.gov.ph/wp-content/uploads/2024/01/Price-Monitoring-January-29-2024.pdf
2024-01-29,Cartimar,red_onion_local,100,130,115,https://www.da.gov.ph/wp-content/uploads/2024/01/Price-Monitoring-January-29-2024.pdf
2024-01-29,Cartimar,tilapia,150,170,160,https://www.da.gov.ph/wp-content/uploads/2024/01/Price-Monitoring-January-29-2024.pdf
2024-01-29,Cartimar,tomato,120,130,125,https://www.da.gov.ph/wp-content/uploads/2024/01/Price-Monitoring-January-29-2024.pdf
2024-01-30,Cartimar,ampalaya,120,130,125,https://www.da.gov.ph/wp-content/uploads/2024/01/Price-Monitoring-January-30-2024.pdf
2024-01-30,Cartimar,cabbage_scorpio,40,40,40,https://www.da.gov.ph/wp-content/uploads/2024/01/Price-Monitoring-January-30-2024.pdf
2024-01-30,Cartimar,cabbage_wonderball,50,70,60,https://www.da.gov.ph/wp-content/uploads/2024/01/Price-Monitoring-January-30-2024.pdf
2024-01-30,Cartimar,pechay_baguio,35,40,37.5,https://www.da.gov.ph/wp-content/uploads/2024/01/Price-Monitoring-January-30-2024.pdf
2024-01-30,Cartimar,red_onion_local,120,130,125,https://www.da.gov.ph/wp-content/uploads/2024/01/Price-Monitoring-January-30-2024.pdf
2024-01-30,Cartimar,tilapia,150,170,160,https://www.da.gov.ph/wp-content/uploads/2024/01/Price-Monitoring-January-30-2024.pdf
2024-01-30,Cartimar,tomato,120,140,130,https://www.da.gov.ph/wp-content/uploads/2024/01/Price-Monitoring-January-30-2024.pdf
2024-01-31,Cartimar,ampalaya,120,130,125,https://www.da.gov.ph/wp-content/uploads/2024/01/Price-Monitoring-January-31-2024.pdf
2024-01-31,Cartimar,cabbage_scorpio,40,40,40,https://www.da.gov.ph/wp-content/uploads/2024/01/Price-Monitoring-January-31-2024.pdf
2024-01-31,Cartimar,cabbage_wonderball,35,40,37.5,https://www.da.gov.ph/wp-content/uploads/2024/01/Price-Monitoring-January-31-2024.pdf
2024-01-31,Cartimar,pechay_baguio,35,50,42.5,https://www.da.gov.ph/wp-content/uploads/2024/01/Price-Monitoring-January-31-2024.pdf
2024-01-31,Cartimar,red_onion_local,120,130,125,https://www.da.gov.ph/wp-content/uploads/2024/01/Price-Monitoring-January-31-2024.pdf
2024-01-31,Cartimar,tilapia,150,160,155,https://www.da.gov.ph/wp-content/uploads/2024/01/Price-Monitoring-January-31-2024.pdf
2024-01-31,Cartimar,tomato,120,140,130,https://www.da.gov.ph/wp-content/uploads/2024/01/Price-Monitoring-January-31-2024.pdf
2024-02-01,Cartimar,ampalaya,110,120,115,https://www.da.gov.ph/wp-content/uploads/2024/02/Price-Monitoring-February-1-2024.pdf
2024-02-01,Cartimar,cabbage_wonderball,35,40,37.5,https://www.da.gov.ph/wp-content/uploads/2024/02/Price-Monitoring-February-1-2024.pdf
2024-02-01,Cartimar,galunggong_local,200,200,200,https://www.da.gov.ph/wp-content/uploads/2024/02/Price-Monitoring-February-1-2024.pdf
2024-02-01,Cartimar,pechay_baguio,40,50,45,https://www.da.gov.ph/wp-content/uploads/2024/02/Price-Monitoring-February-1-2024.pdf
2024-02-01,Cartimar,red_onion_local,120,130,125,https://www.da.gov.ph/wp-content/uploads/2024/02/Price-Monitoring-February-1-2024.pdf
2024-02-01,Cartimar,tilapia,150,160,155,https://www.da.gov.ph/wp-content/uploads/2024/02/Price-Monitoring-February-1-2024.pdf
2024-02-01,Cartimar,tomato,130,140,135,https://www.da.gov.ph/wp-content/uploads/2024/02/Price-Monitoring-February-1-2024.pdf
2024-02-02,Cartimar,ampalaya,120,130,125,https://www.da.gov.ph/wp-content/uploads/2024/02/Price-Monitoring-February-2-2024.pdf
2024-02-02,Cartimar,cabbage_scorpio,40,40,40,https://www.da.gov.ph/wp-content/uploads/2024/02/Price-Monitoring-February-2-2024.pdf
2024-02-02,Cartimar,cabbage_wonderball,38,40,39,https://www.da.gov.ph/wp-content/uploads/2024/02/Price-Monitoring-February-2-2024.pdf
2024-02-02,Cartimar,pechay_baguio,40,50,45,https://www.da.gov.ph/wp-content/uploads/2024/02/Price-Monitoring-February-2-2024.pdf
2024-02-02,Cartimar,red_onion_local,120,120,120,https://www.da.gov.ph/wp-content/uploads/2024/02/Price-Monitoring-February-2-2024.pdf
2024-02-02,Cartimar,tilapia,150,160,155,https://www.da.gov.ph/wp-content/uploads/2024/02/Price-Monitoring-February-2-2024.pdf
2024-02-02,Cartimar,tomato,120,140,130,https://www.da.gov.ph/wp-content/uploads/2024/02/Price-Monitoring-February-2-2024.pdf
2024-02-05,Cartimar,ampalaya,90,120,105,https://www.da.gov.ph/wp-content/uploads/2024/02/Price-Monitoring-February-5-2024.pdf
2024-02-05,Cartimar,cabbage_rareball,35,35,35,https://www.da.gov.ph/wp-content/uploads/2024/02/Price-Monitoring-February-5-2024.pdf
2024-02-05,Cartimar,cabbage_scorpio,40,40,40,https://www.da.gov.ph/wp-content/uploads/2024/02/Price-Monitoring-February-5-2024.pdf
2024-02-05,Cartimar,pechay_baguio,30,50,40,https://www.da.gov.ph/wp-content/uploads/2024/02/Price-Monitoring-February-5-2024.pdf
2024-02-05,Cartimar,red_onion_local,120,130,125,https://www.da.gov.ph/wp-content/uploads/2024/02/Price-Monitoring-February-5-2024.pdf
2024-02-05,Cartimar,tilapia,140,160,150,https://www.da.gov.ph/wp-content/uploads/2024/02/Price-Monitoring-February-5-2024.pdf
2024-02-05,Cartimar,tomato,110,130,120,https://www.da.gov.ph/wp-content/uploads/2024/02/Price-Monitoring-February-5-2024.pdf
2024-02-06,Cartimar,ampalaya,100,120,110,https://www.da.gov.ph/wp-content/uploads/2024/02/Price-Monitoring-February-6-2024.pdf
2024-02-06,Cartimar,cabbage_scorpio,40,40,40,https://www.da.gov.ph/wp-content/uploads/2024/02/Price-Monitoring-February-6-2024.pdf
2024-02-06,Cartimar,cabbage_wonderball,35,35,35,https://www.da.gov.ph/wp-content/uploads/2024/02/Price-Monitoring-February-6-2024.pdf
2024-02-06,Cartimar,pechay_baguio,30,50,40,https://www.da.gov.ph/wp-content/uploads/2024/02/Price-Monitoring-February-6-2024.pdf
2024-02-06,Cartimar,red_onion_local,120,130,125,https://www.da.gov.ph/wp-content/uploads/2024/02/Price-Monitoring-February-6-2024.pdf
2024-02-06,Cartimar,tilapia,140,160,150,https://www.da.gov.ph/wp-content/uploads/2024/02/Price-Monitoring-February-6-2024.pdf
2024-02-06,Cartimar,tomato,110,140,125,https://www.da.gov.ph/wp-content/uploads/2024/02/Price-Monitoring-February-6-2024.pdf
2024-02-07,Cartimar,ampalaya,100,120,110,https://www.da.gov.ph/wp-content/uploads/2024/02/Price-Monitoring-February-7-2024.pdf
2024-02-07,Cartimar,cabbage_scorpio,40,40,40,https://www.da.gov.ph/wp-content/uploads/2024/02/Price-Monitoring-February-7-2024.pdf
2024-02-07,Cartimar,cabbage_wonderball,35,38,36.5,https://www.da.gov.ph/wp-content/uploads/2024/02/Price-Monitoring-February-7-2024.pdf
2024-02-07,Cartimar,pechay_baguio,40,50,45,https://www.da.gov.ph/wp-content/uploads/2024/02/Price-Monitoring-February-7-2024.pdf
2024-02-07,Cartimar,red_onion_local,120,130,125,https://www.da.gov.ph/wp-content/uploads/2024/02/Price-Monitoring-February-7-2024.pdf
2024-02-07,Cartimar,tilapia,140,160,150,https://www.da.gov.ph/wp-content/uploads/2024/02/Price-Monitoring-February-7-2024.pdf
2024-02-07,Cartimar,tomato,110,140,125,https://www.da.gov.ph/wp-content/uploads/2024/02/Price-Monitoring-February-7-2024.pdf
2024-02-08,Cartimar,ampalaya,100,120,110,https://www.da.gov.ph/wp-content/uploads/2024/02/Price-Monitoring-February-8-2024.pdf
2024-02-08,Cartimar,cabbage_scorpio,40,40,40,https://www.da.gov.ph/wp-content/uploads/2024/02/Price-Monitoring-February-8-2024.pdf
2024-02-08,Cartimar,cabbage_wonderball,35,38,36.5,https://www.da.gov.ph/wp-content/uploads/2024/02/Price-Monitoring-February-8-2024.pdf
2024-02-08,Cartimar,pechay_baguio,40,40,40,https://www.da.gov.ph/wp-content/uploads/2024/02/Price-Monitoring-February-8-2024.pdf
2024-02-08,Cartimar,red_onion_local,130,130,130,https://www.da.gov.ph/wp-content/uploads/2024/02/Price-Monitoring-February-8-2024.pdf
2024-02-08,Cartimar,tilapia,140,160,150,https://www.da.gov.ph/wp-content/uploads/2024/02/Price-Monitoring-February-8-2024.pdf
2024-02-08,Cartimar,tomato,110,140,125,https://www.da.gov.ph/wp-content/uploads/2024/02/Price-Monitoring-February-8-2024.pdf
2024-02-09,Cartimar,ampalaya,100,120,110,https://www.da.gov.ph/wp-content/uploads/2024/02/Price-Monitoring-February-9-2024.pdf
2024-02-09,Cartimar,cabbage_wonderball,35,35,35,https://www.da.gov.ph/wp-content/uploads/2024/02/Price-Monitoring-February-9-2024.pdf
2024-02-09,Cartimar,pechay_baguio,40,40,40,https://www.da.gov.ph/wp-content/uploads/2024/02/Price-Monitoring-February-9-2024.pdf
2024-02-09,Cartimar,red_onion_local,120,130,125,https://www.da.gov.ph/wp-content/uploads/2024/02/Price-Monitoring-February-9-2024.pdf
2024-02-09,Cartimar,tilapia,140,160,150,https://www.da.gov.ph/wp-content/uploads/2024/02/Price-Monitoring-February-9-2024.pdf
2024-02-09,Cartimar,tomato,120,140,130,https://www.da.gov.ph/wp-content/uploads/2024/02/Price-Monitoring-February-9-2024.pdf
2024-02-12,Cartimar,ampalaya,90,120,105,https://www.da.gov.ph/wp-content/uploads/2024/02/Price-Monitoring-February-12-2024.pdf
2024-02-12,Cartimar,cabbage_scorpio,40,40,40,https://www.da.gov.ph/wp-content/uploads/2024/02/Price-Monitoring-February-12-2024.pdf
2024-02-12,Cartimar,cabbage_wonderball,30,35,32.5,https://www.da.gov.ph/wp-content/uploads/2024/02/Price-Monitoring-February-12-2024.pdf
2024-02-12,Cartimar,pechay_baguio,30,40,35,https://www.da.gov.ph/wp-content/uploads/2024/02/Price-Monitoring-February-12-2024.pdf
2024-02-12,Cartimar,red_onion_local,110,130,120,https://www.da.gov.ph/wp-content/uploads/2024/02/Price-Monitoring-February-12-2024.pdf
2024-02-12,Cartimar,tilapia,140,160,150,https://www.da.gov.ph/wp-content/uploads/2024/02/Price-Monitoring-February-12-2024.pdf
2024-02-12,Cartimar,tomato,100,140,120,https://www.da.gov.ph/wp-content/uploads/2024/02/Price-Monitoring-February-12-2024.pdf
2024-02-13,Cartimar,ampalaya,90,120,105,https://www.da.gov.ph/wp-content/uploads/2024/02/Price-Monitoring-February-13-2024.pdf
2024-02-13,Cartimar,cabbage_scorpio,40,40,40,https://www.da.gov.ph/wp-content/uploads/2024/02/Price-Monitoring-February-13-2024.pdf
2024-02-13,Cartimar,cabbage_wonderball,30,35,32.5,https://www.da.gov.ph/wp-content/uploads/2024/02/Price-Monitoring-February-13-2024.pdf
2024-02-13,Cartimar,pechay_baguio,30,40,35,https://www.da.gov.ph/wp-content/uploads/2024/02/Price-Monitoring-February-13-2024.pdf
2024-02-13,Cartimar,red_onion_local,110,130,120,https://www.da.gov.ph/wp-content/uploads/2024/02/Price-Monitoring-February-13-2024.pdf
2024-02-13,Cartimar,tilapia,140,160,150,https://www.da.gov.ph/wp-content/uploads/2024/02/Price-Monitoring-February-13-2024.pdf
2024-02-13,Cartimar,tomato,100,140,120,https://www.da.gov.ph/wp-content/uploads/2024/02/Price-Monitoring-February-13-2024.pdf
2024-02-14,Cartimar,ampalaya,90,120,105,https://www.da.gov.ph/wp-content/uploads/2024/02/Price-Monitoring-February-14-2024.pdf
2024-02-14,Cartimar,cabbage_scorpio,40,40,40,https://www.da.gov.ph/wp-content/uploads/2024/02/Price-Monitoring-February-14-2024.pdf
2024-02-14,Cartimar,cabbage_wonderball,30,35,32.5,https://www.da.gov.ph/wp-content/uploads/2024/02/Price-Monitoring-February-14-2024.pdf
2024-02-14,Cartimar,pechay_baguio,30,40,35,https://www.da.gov.ph/wp-content/uploads/2024/02/Price-Monitoring-February-14-2024.pdf
2024-02-14,Cartimar,red_onion_local,110,130,120,https://www.da.gov.ph/wp-content/uploads/2024/02/Price-Monitoring-February-14-2024.pdf
2024-02-14,Cartimar,tilapia,140,160,150,https://www.da.gov.ph/wp-content/uploads/2024/02/Price-Monitoring-February-14-2024.pdf
2024-02-14,Cartimar,tomato,100,140,120,https://www.da.gov.ph/wp-content/uploads/2024/02/Price-Monitoring-February-14-2024.pdf
2024-02-15,Cartimar,ampalaya,100,130,115,https://www.da.gov.ph/wp-content/uploads/2024/02/Price-Monitoring-February-15-2024.pdf
2024-02-15,Cartimar,cabbage_scorpio,40,40,40,https://www.da.gov.ph/wp-content/uploads/2024/02/Price-Monitoring-February-15-2024.pdf
2024-02-15,Cartimar,cabbage_wonderball,30,35,32.5,https://www.da.gov.ph/wp-content/uploads/2024/02/Price-Monitoring-February-15-2024.pdf
2024-02-15,Cartimar,pechay_baguio,30,40,35,https://www.da.gov.ph/wp-content/uploads/2024/02/Price-Monitoring-February-15-2024.pdf
2024-02-15,Cartimar,red_onion_local,110,130,120,https://www.da.gov.ph/wp-content/uploads/2024/02/Price-Monitoring-February-15-2024.pdf
2024-02-15,Cartimar,tilapia,140,160,150,https://www.da.gov.ph/wp-content/uploads/2024/02/Price-Monitoring-February-15-2024.pdf
2024-02-15,Cartimar,tomato,100,140,120,https://www.da.gov.ph/wp-content/uploads/2024/02/Price-Monitoring-February-15-2024.pdf
2024-02-16,Cartimar,ampalaya,100,130,115,https://www.da.gov.ph/wp-content/uploads/2024/02/Price-Monitoring-February-16-2024.pdf
2024-02-16,Cartimar,cabbage_rareball,35,60,47.5,https://www.da.gov.ph/wp-content/uploads/2024/02/Price-Monitoring-February-16-2024.pdf
2024-02-16,Cartimar,cabbage_scorpio,40,40,40,https://www.da.gov.ph/wp-content/uploads/2024/02/Price-Monitoring-February-16-2024.pdf
2024-02-16,Cartimar,pechay_baguio,30,40,35,https://www.da.gov.ph/wp-content/uploads/2024/02/Price-Monitoring-February-16-2024.pdf
2024-02-16,Cartimar,red_onion_local,110,130,120,https://www.da.gov.ph/wp-content/uploads/2024/02/Price-Monitoring-February-16-2024.pdf
2024-02-16,Cartimar,tilapia,140,160,150,https://www.da.gov.ph/wp-content/uploads/2024/02/Price-Monitoring-February-16-2024.pdf
2024-02-16,Cartimar,tomato,100,140,120,https://www.da.gov.ph/wp-content/uploads/2024/02/Price-Monitoring-February-16-2024.pdf
2024-02-19,Cartimar,ampalaya,100,130,115,https://www.da.gov.ph/wp-content/uploads/2024/02/Price-Monitoring-February-19-2024.pdf
2024-02-19,Cartimar,cabbage_scorpio,45,60,52.5,https://www.da.gov.ph/wp-content/uploads/2024/02/Price-Monitoring-February-19-2024.pdf
2024-02-19,Cartimar,cabbage_wonderball,40,50,45,https://www.da.gov.ph/wp-content/uploads/2024/02/Price-Monitoring-February-19-2024.pdf
2024-02-19,Cartimar,pechay_baguio,30,40,35,https://www.da.gov.ph/wp-content/uploads/2024/02/Price-Monitoring-February-19-2024.pdf
2024-02-19,Cartimar,red_onion_local,110,130,120,https://www.da.gov.ph/wp-content/uploads/2024/02/Price-Monitoring-February-19-2024.pdf
2024-02-19,Cartimar,tilapia,140,160,150,https://www.da.gov.ph/wp-content/uploads/2024/02/Price-Monitoring-February-19-2024.pdf
2024-02-19,Cartimar,tomato,95,110,102.5,https://www.da.gov.ph/wp-content/uploads/2024/02/Price-Monitoring-February-19-2024.pdf
2024-02-20,Cartimar,ampalaya,100,130,115,https://www.da.gov.ph/wp-content/uploads/2024/02/Price-Monitoring-February-20-2024.pdf
2024-02-20,Cartimar,cabbage_rareball,40,48,44,https://www.da.gov.ph/wp-content/uploads/2024/02/Price-Monitoring-February-20-2024.pdf
2024-02-20,Cartimar,cabbage_scorpio,50,60,55,https://www.da.gov.ph/wp-content/uploads/2024/02/Price-Monitoring-February-20-2024.pdf
2024-02-20,Cartimar,pechay_baguio,40,45,42.5,https://www.da.gov.ph/wp-content/uploads/2024/02/Price-Monitoring-February-20-2024.pdf
2024-02-20,Cartimar,red_onion_local,110,130,120,https://www.da.gov.ph/wp-content/uploads/2024/02/Price-Monitoring-February-20-2024.pdf
2024-02-20,Cartimar,tilapia,140,160,150,https://www.da.gov.ph/wp-content/uploads/2024/02/Price-Monitoring-February-20-2024.pdf
2024-02-20,Cartimar,tomato,95,110,102.5,https://www.da.gov.ph/wp-content/uploads/2024/02/Price-Monitoring-February-20-2024.pdf
2024-02-21,Cartimar,ampalaya,100,130,115,https://www.da.gov.ph/wp-content/uploads/2024/02/Revised-Price-Monitoring-February-21-2024.pdf
2024-02-21,Cartimar,cabbage_scorpio,50,60,55,https://www.da.gov.ph/wp-content/uploads/2024/02/Revised-Price-Monitoring-February-21-2024.pdf
2024-02-21,Cartimar,pechay_baguio,40,45,42.5,https://www.da.gov.ph/wp-content/uploads/2024/02/Revised-Price-Monitoring-February-21-2024.pdf
2024-02-21,Cartimar,red_onion_local,110,130,120,https://www.da.gov.ph/wp-content/uploads/2024/02/Revised-Price-Monitoring-February-21-2024.pdf
2024-02-21,Cartimar,tilapia,140,160,150,https://www.da.gov.ph/wp-content/uploads/2024/02/Revised-Price-Monitoring-February-21-2024.pdf
2024-02-21,Cartimar,tomato,100,130,115,https://www.da.gov.ph/wp-content/uploads/2024/02/Revised-Price-Monitoring-February-21-2024.pdf
2024-02-22,Cartimar,ampalaya,100,130,115,https://www.da.gov.ph/wp-content/uploads/2024/02/Price-Monitoring-February-22-2024.pdf
2024-02-22,Cartimar,cabbage_scorpio,50,60,55,https://www.da.gov.ph/wp-content/uploads/2024/02/Price-Monitoring-February-22-2024.pdf
2024-02-22,Cartimar,pechay_baguio,40,45,42.5,https://www.da.gov.ph/wp-content/uploads/2024/02/Price-Monitoring-February-22-2024.pdf
2024-02-22,Cartimar,red_onion_local,120,130,125,https://www.da.gov.ph/wp-content/uploads/2024/02/Price-Monitoring-February-22-2024.pdf
2024-02-22,Cartimar,tilapia,140,160,150,https://www.da.gov.ph/wp-content/uploads/2024/02/Price-Monitoring-February-22-2024.pdf
2024-02-22,Cartimar,tomato,100,140,120,https://www.da.gov.ph/wp-content/uploads/2024/02/Price-Monitoring-February-22-2024.pdf
2024-02-23,Cartimar,ampalaya,100,120,110,https://da.gov.ph/wp-content/uploads/2024/02/Price-Monitoring-February-23-2024.pdf
2024-02-23,Cartimar,cabbage_scorpio,50,60,55,https://da.gov.ph/wp-content/uploads/2024/02/Price-Monitoring-February-23-2024.pdf
2024-02-23,Cartimar,cabbage_wonderball,35,40,37.5,https://da.gov.ph/wp-content/uploads/2024/02/Price-Monitoring-February-23-2024.pdf
2024-02-23,Cartimar,pechay_baguio,40,45,42.5,https://da.gov.ph/wp-content/uploads/2024/02/Price-Monitoring-February-23-2024.pdf
2024-02-23,Cartimar,red_onion_local,100,120,110,https://da.gov.ph/wp-content/uploads/2024/02/Price-Monitoring-February-23-2024.pdf
2024-02-23,Cartimar,tilapia,140,160,150,https://da.gov.ph/wp-content/uploads/2024/02/Price-Monitoring-February-23-2024.pdf
2024-02-23,Cartimar,tomato,100,140,120,https://da.gov.ph/wp-content/uploads/2024/02/Price-Monitoring-February-23-2024.pdf
2024-02-26,Cartimar,ampalaya,100,130,115,https://www.da.gov.ph/wp-content/uploads/2024/02/Price-Monitoring-February-26-2024.pdf
2024-02-26,Cartimar,cabbage_scorpio,50,70,60,https://www.da.gov.ph/wp-content/uploads/2024/02/Price-Monitoring-February-26-2024.pdf
2024-02-26,Cartimar,cabbage_wonderball,40,45,42.5,https://www.da.gov.ph/wp-content/uploads/2024/02/Price-Monitoring-February-26-2024.pdf
2024-02-26,Cartimar,pechay_baguio,40,45,42.5,https://www.da.gov.ph/wp-content/uploads/2024/02/Price-Monitoring-February-26-2024.pdf
2024-02-26,Cartimar,red_onion_local,100,100,100,https://www.da.gov.ph/wp-content/uploads/2024/02/Price-Monitoring-February-26-2024.pdf
2024-02-26,Cartimar,tilapia,140,160,150,https://www.da.gov.ph/wp-content/uploads/2024/02/Price-Monitoring-February-26-2024.pdf
2024-02-26,Cartimar,tomato,110,140,125,https://www.da.gov.ph/wp-content/uploads/2024/02/Price-Monitoring-February-26-2024.pdf
2024-02-27,Cartimar,ampalaya,110,130,120,https://www.da.gov.ph/wp-content/uploads/2024/02/Price-Monitoring-February-27-2024.pdf
2024-02-27,Cartimar,cabbage_scorpio,50,70,60,https://www.da.gov.ph/wp-content/uploads/2024/02/Price-Monitoring-February-27-2024.pdf
2024-02-27,Cartimar,cabbage_wonderball,40,40,40,https://www.da.gov.ph/wp-content/uploads/2024/02/Price-Monitoring-February-27-2024.pdf
2024-02-27,Cartimar,pechay_baguio,40,45,42.5,https://www.da.gov.ph/wp-content/uploads/2024/02/Price-Monitoring-February-27-2024.pdf
2024-02-27,Cartimar,red_onion_local,90,100,95,https://www.da.gov.ph/wp-content/uploads/2024/02/Price-Monitoring-February-27-2024.pdf
2024-02-27,Cartimar,tilapia,140,160,150,https://www.da.gov.ph/wp-content/uploads/2024/02/Price-Monitoring-February-27-2024.pdf
2024-02-27,Cartimar,tomato,120,140,130,https://www.da.gov.ph/wp-content/uploads/2024/02/Price-Monitoring-February-27-2024.pdf
2024-02-28,Cartimar,ampalaya,110,130,120,https://www.da.gov.ph/wp-content/uploads/2024/02/Price-Monitoring-February-28-2024.pdf
2024-02-28,Cartimar,cabbage_scorpio,40,70,55,https://www.da.gov.ph/wp-content/uploads/2024/02/Price-Monitoring-February-28-2024.pdf
2024-02-28,Cartimar,cabbage_wonderball,40,48,44,https://www.da.gov.ph/wp-content/uploads/2024/02/Price-Monitoring-February-28-2024.pdf
2024-02-28,Cartimar,pechay_baguio,40,50,45,https://www.da.gov.ph/wp-content/uploads/2024/02/Price-Monitoring-February-28-2024.pdf
2024-02-28,Cartimar,red_onion_local,90,100,95,https://www.da.gov.ph/wp-content/uploads/2024/02/Price-Monitoring-February-28-2024.pdf
2024-02-28,Cartimar,tilapia,140,160,150,https://www.da.gov.ph/wp-content/uploads/2024/02/Price-Monitoring-February-28-2024.pdf
2024-02-28,Cartimar,tomato,100,130,115,https://www.da.gov.ph/wp-content/uploads/2024/02/Price-Monitoring-February-28-2024.pdf
2024-02-29,Cartimar,ampalaya,110,130,120,https://www.da.gov.ph/wp-content/uploads/2024/03/Price-Monitoring-February-29-2024.pdf
2024-02-29,Cartimar,cabbage_scorpio,40,60,50,https://www.da.gov.ph/wp-content/uploads/2024/03/Price-Monitoring-February-29-2024.pdf
2024-02-29,Cartimar,cabbage_wonderball,45,45,45,https://www.da.gov.ph/wp-content/uploads/2024/03/Price-Monitoring-February-29-2024.pdf
2024-02-29,Cartimar,pechay_baguio,40,50,45,https://www.da.gov.ph/wp-content/uploads/2024/03/Price-Monitoring-February-29-2024.pdf
2024-02-29,Cartimar,red_onion_local,90,100,95,https://www.da.gov.ph/wp-content/uploads/2024/03/Price-Monitoring-February-29-2024.pdf
2024-02-29,Cartimar,tilapia,140,160,150,https://www.da.gov.ph/wp-content/uploads/2024/03/Price-Monitoring-February-29-2024.pdf
2024-02-29,Cartimar,tomato,100,110,105,https://www.da.gov.ph/wp-content/uploads/2024/03/Price-Monitoring-February-29-2024.pdf
2024-03-01,Cartimar,ampalaya,110,130,120,https://www.da.gov.ph/wp-content/uploads/2024/03/Price-Monitoring-March-1-2024.pdf
2024-03-01,Cartimar,cabbage_rareball,0,0,0,https://www.da.gov.ph/wp-content/uploads/2024/03/Price-Monitoring-March-1-2024.pdf
2024-03-01,Cartimar,cabbage_scorpio,40,60,50,https://www.da.gov.ph/wp-content/uploads/2024/03/Price-Monitoring-March-1-2024.pdf
2024-03-01,Cartimar,cabbage_wonderball,40,40,40,https://www.da.gov.ph/wp-content/uploads/2024/03/Price-Monitoring-March-1-2024.pdf
2024-03-01,Cartimar,galunggong_local,0,0,0,https://www.da.gov.ph/wp-content/uploads/2024/03/Price-Monitoring-March-1-2024.pdf
2024-03-01,Cartimar,pechay_baguio,40,50,45,https://www.da.gov.ph/wp-content/uploads/2024/03/Price-Monitoring-March-1-2024.pdf
2024-03-01,Cartimar,red_onion_local,90,100,95,https://www.da.gov.ph/wp-content/uploads/2024/03/Price-Monitoring-March-1-2024.pdf
2024-03-01,Cartimar,tilapia,140,160,150,https://www.da.gov.ph/wp-content/uploads/2024/03/Price-Monitoring-March-1-2024.pdf
2024-03-01,Cartimar,tomato,100,110,105,https://www.da.gov.ph/wp-content/uploads/2024/03/Price-Monitoring-March-1-2024.pdf
2024-03-04,Cartimar,ampalaya,120,150,135,https://www.da.gov.ph/wp-content/uploads/2024/03/Price-Monitoring-March-4-2024.pdf
2024-03-04,Cartimar,cabbage_scorpio,40,50,45,https://www.da.gov.ph/wp-content/uploads/2024/03/Price-Monitoring-March-4-2024.pdf
2024-03-04,Cartimar,cabbage_wonderball,40,40,40,https://www.da.gov.ph/wp-content/uploads/2024/03/Price-Monitoring-March-4-2024.pdf
2024-03-04,Cartimar,pechay_baguio,35,45,40,https://www.da.gov.ph/wp-content/uploads/2024/03/Price-Monitoring-March-4-2024.pdf
2024-03-04,Cartimar,red_onion_local,90,100,95,https://www.da.gov.ph/wp-content/uploads/2024/03/Price-Monitoring-March-4-2024.pdf
2024-03-04,Cartimar,tilapia,140,160,150,https://www.da.gov.ph/wp-content/uploads/2024/03/Price-Monitoring-March-4-2024.pdf
2024-03-04,Cartimar,tomato,80,90,85,https://www.da.gov.ph/wp-content/uploads/2024/03/Price-Monitoring-March-4-2024.pdf
2024-03-05,Cartimar,ampalaya,120,150,135,https://www.da.gov.ph/wp-content/uploads/2024/03/Price-Monitoring-March-5-2024.pdf
2024-03-05,Cartimar,cabbage_scorpio,40,60,50,https://www.da.gov.ph/wp-content/uploads/2024/03/Price-Monitoring-March-5-2024.pdf
2024-03-05,Cartimar,cabbage_wonderball,40,40,40,https://www.da.gov.ph/wp-content/uploads/2024/03/Price-Monitoring-March-5-2024.pdf
2024-03-05,Cartimar,pechay_baguio,35,45,40,https://www.da.gov.ph/wp-content/uploads/2024/03/Price-Monitoring-March-5-2024.pdf
2024-03-05,Cartimar,red_onion_local,90,100,95,https://www.da.gov.ph/wp-content/uploads/2024/03/Price-Monitoring-March-5-2024.pdf
2024-03-05,Cartimar,tilapia,140,160,150,https://www.da.gov.ph/wp-content/uploads/2024/03/Price-Monitoring-March-5-2024.pdf
2024-03-05,Cartimar,tomato,80,90,85,https://www.da.gov.ph/wp-content/uploads/2024/03/Price-Monitoring-March-5-2024.pdf
2024-03-06,Cartimar,ampalaya,120,150,135,https://www.da.gov.ph/wp-content/uploads/2024/03/Price-Monitoring-March-6-2024.pdf
2024-03-06,Cartimar,cabbage_scorpio,40,60,50,https://www.da.gov.ph/wp-content/uploads/2024/03/Price-Monitoring-March-6-2024.pdf
2024-03-06,Cartimar,cabbage_wonderball,40,40,40,https://www.da.gov.ph/wp-content/uploads/2024/03/Price-Monitoring-March-6-2024.pdf
2024-03-06,Cartimar,galunggong_local,280,280,280,https://www.da.gov.ph/wp-content/uploads/2024/03/Price-Monitoring-March-6-2024.pdf
2024-03-06,Cartimar,pechay_baguio,35,45,40,https://www.da.gov.ph/wp-content/uploads/2024/03/Price-Monitoring-March-6-2024.pdf
2024-03-06,Cartimar,red_onion_local,90,100,95,https://www.da.gov.ph/wp-content/uploads/2024/03/Price-Monitoring-March-6-2024.pdf
2024-03-06,Cartimar,tilapia,140,160,150,https://www.da.gov.ph/wp-content/uploads/2024/03/Price-Monitoring-March-6-2024.pdf
2024-03-06,Cartimar,tomato,80,90,85,https://www.da.gov.ph/wp-content/uploads/2024/03/Price-Monitoring-March-6-2024.pdf
2024-03-07,Cartimar,ampalaya,120,140,130,https://www.da.gov.ph/wp-content/uploads/2024/03/Price-Monitoring-March-7-2024.pdf
2024-03-07,Cartimar,cabbage_scorpio,40,60,50,https://www.da.gov.ph/wp-content/uploads/2024/03/Price-Monitoring-March-7-2024.pdf
2024-03-07,Cartimar,cabbage_wonderball,40,40,40,https://www.da.gov.ph/wp-content/uploads/2024/03/Price-Monitoring-March-7-2024.pdf
2024-03-07,Cartimar,galunggong_local,280,280,280,https://www.da.gov.ph/wp-content/uploads/2024/03/Price-Monitoring-March-7-2024.pdf
2024-03-07,Cartimar,pechay_baguio,35,40,37.5,https://www.da.gov.ph/wp-content/uploads/2024/03/Price-Monitoring-March-7-2024.pdf
2024-03-07,Cartimar,red_onion_local,90,100,95,https://www.da.gov.ph/wp-content/uploads/2024/03/Price-Monitoring-March-7-2024.pdf
2024-03-07,Cartimar,tilapia,140,160,150,https://www.da.gov.ph/wp-content/uploads/2024/03/Price-Monitoring-March-7-2024.pdf
2024-03-07,Cartimar,tomato,80,90,85,https://www.da.gov.ph/wp-content/uploads/2024/03/Price-Monitoring-March-7-2024.pdf
2024-03-08,Cartimar,ampalaya,120,150,135,https://www.da.gov.ph/wp-content/uploads/2024/03/Price-Monitoring-March-8-2024.pdf
2024-03-08,Cartimar,cabbage_rareball,40,40,40,https://www.da.gov.ph/wp-content/uploads/2024/03/Price-Monitoring-March-8-2024.pdf
2024-03-08,Cartimar,cabbage_scorpio,40,60,50,https://www.da.gov.ph/wp-content/uploads/2024/03/Price-Monitoring-March-8-2024.pdf
2024-03-08,Cartimar,galunggong_local,280,280,280,https://www.da.gov.ph/wp-content/uploads/2024/03/Price-Monitoring-March-8-2024.pdf
2024-03-08,Cartimar,pechay_baguio,40,50,45,https://www.da.gov.ph/wp-content/uploads/2024/03/Price-Monitoring-March-8-2024.pdf
2024-03-08,Cartimar,red_onion_local,100,100,100,https://www.da.gov.ph/wp-content/uploads/2024/03/Price-Monitoring-March-8-2024.pdf
2024-03-08,Cartimar,tilapia,140,160,150,https://www.da.gov.ph/wp-content/uploads/2024/03/Price-Monitoring-March-8-2024.pdf
2024-03-08,Cartimar,tomato,80,90,85,https://www.da.gov.ph/wp-content/uploads/2024/03/Price-Monitoring-March-8-2024.pdf
2024-03-11,Cartimar,ampalaya,120,140,130,https://www.da.gov.ph/wp-content/uploads/2024/03/Price-Monitoring-March-11-2024.pdf
2024-03-11,Cartimar,cabbage_rareball,40,40,40,https://www.da.gov.ph/wp-content/uploads/2024/03/Price-Monitoring-March-11-2024.pdf
2024-03-11,Cartimar,cabbage_scorpio,60,60,60,https://www.da.gov.ph/wp-content/uploads/2024/03/Price-Monitoring-March-11-2024.pdf
2024-03-11,Cartimar,cabbage_wonderball,35,35,35,https://www.da.gov.ph/wp-content/uploads/2024/03/Price-Monitoring-March-11-2024.pdf
2024-03-11,Cartimar,galunggong_local,280,280,280,https://www.da.gov.ph/wp-content/uploads/2024/03/Price-Monitoring-March-11-2024.pdf
2024-03-11,Cartimar,pechay_baguio,40,50,45,https://www.da.gov.ph/wp-content/uploads/2024/03/Price-Monitoring-March-11-2024.pdf
2024-03-11,Cartimar,red_onion_local,90,100,95,https://www.da.gov.ph/wp-content/uploads/2024/03/Price-Monitoring-March-11-2024.pdf
2024-03-11,Cartimar,tilapia,150,160,155,https://www.da.gov.ph/wp-content/uploads/2024/03/Price-Monitoring-March-11-2024.pdf
2024-03-11,Cartimar,tomato,80,100,90,https://www.da.gov.ph/wp-content/uploads/2024/03/Price-Monitoring-March-11-2024.pdf
2024-03-13,Cartimar,ampalaya,120,150,135,https://www.da.gov.ph/wp-content/uploads/2024/03/Price-Monitoring-March-13-2024.pdf
2024-03-13,Cartimar,cabbage_rareball,40,40,40,https://www.da.gov.ph/wp-content/uploads/2024/03/Price-Monitoring-March-13-2024.pdf
2024-03-13,Cartimar,cabbage_scorpio,60,60,60,https://www.da.gov.ph/wp-content/uploads/2024/03/Price-Monitoring-March-13-2024.pdf
2024-03-13,Cartimar,cabbage_wonderball,35,35,35,https://www.da.gov.ph/wp-content/uploads/2024/03/Price-Monitoring-March-13-2024.pdf
2024-03-13,Cartimar,galunggong_local,280,280,280,https://www.da.gov.ph/wp-content/uploads/2024/03/Price-Monitoring-March-13-2024.pdf
2024-03-13,Cartimar,pechay_baguio,40,50,45,https://www.da.gov.ph/wp-content/uploads/2024/03/Price-Monitoring-March-13-2024.pdf
2024-03-13,Cartimar,red_onion_local,90,100,95,https://www.da.gov.ph/wp-content/uploads/2024/03/Price-Monitoring-March-13-2024.pdf
2024-03-13,Cartimar,tilapia,150,160,155,https://www.da.gov.ph/wp-content/uploads/2024/03/Price-Monitoring-March-13-2024.pdf
2024-03-13,Cartimar,tomato,80,100,90,https://www.da.gov.ph/wp-content/uploads/2024/03/Price-Monitoring-March-13-2024.pdf
2024-03-14,Cartimar,ampalaya,120,130,125,https://www.da.gov.ph/wp-content/uploads/2024/03/Price-Monitoring-March-14-2024.pdf
2024-03-14,Cartimar,cabbage_rareball,40,40,40,https://www.da.gov.ph/wp-content/uploads/2024/03/Price-Monitoring-March-14-2024.pdf
2024-03-14,Cartimar,cabbage_scorpio,60,60,60,https://www.da.gov.ph/wp-content/uploads/2024/03/Price-Monitoring-March-14-2024.pdf
2024-03-14,Cartimar,cabbage_wonderball,35,40,37.5,https://www.da.gov.ph/wp-content/uploads/2024/03/Price-Monitoring-March-14-2024.pdf
2024-03-14,Cartimar,galunggong_local,280,280,280,https://www.da.gov.ph/wp-content/uploads/2024/03/Price-Monitoring-March-14-2024.pdf
2024-03-14,Cartimar,pechay_baguio,40,50,45,https://www.da.gov.ph/wp-content/uploads/2024/03/Price-Monitoring-March-14-2024.pdf
2024-03-14,Cartimar,red_onion_local,90,100,95,https://www.da.gov.ph/wp-content/uploads/2024/03/Price-Monitoring-March-14-2024.pdf
2024-03-14,Cartimar,tilapia,150,160,155,https://www.da.gov.ph/wp-content/uploads/2024/03/Price-Monitoring-March-14-2024.pdf
2024-03-14,Cartimar,tomato,80,100,90,https://www.da.gov.ph/wp-content/uploads/2024/03/Price-Monitoring-March-14-2024.pdf
2024-03-15,Cartimar,ampalaya,120,150,135,https://www.da.gov.ph/wp-content/uploads/2024/03/Price-Monitoring-March-15-2024.pdf
2024-03-15,Cartimar,cabbage_scorpio,40,50,45,https://www.da.gov.ph/wp-content/uploads/2024/03/Price-Monitoring-March-15-2024.pdf
2024-03-15,Cartimar,cabbage_wonderball,38,38,38,https://www.da.gov.ph/wp-content/uploads/2024/03/Price-Monitoring-March-15-2024.pdf
2024-03-15,Cartimar,galunggong_local,280,300,290,https://www.da.gov.ph/wp-content/uploads/2024/03/Price-Monitoring-March-15-2024.pdf
2024-03-15,Cartimar,pechay_baguio,40,50,45,https://www.da.gov.ph/wp-content/uploads/2024/03/Price-Monitoring-March-15-2024.pdf
2024-03-15,Cartimar,red_onion_local,90,100,95,https://www.da.gov.ph/wp-content/uploads/2024/03/Price-Monitoring-March-15-2024.pdf
2024-03-15,Cartimar,tilapia,150,190,170,https://www.da.gov.ph/wp-content/uploads/2024/03/Price-Monitoring-March-15-2024.pdf
2024-03-15,Cartimar,tomato,75,90,82.5,https://www.da.gov.ph/wp-content/uploads/2024/03/Price-Monitoring-March-15-2024.pdf
2024-03-18,Cartimar,ampalaya,120,140,130,https://www.da.gov.ph/wp-content/uploads/2024/03/Revised-Price-Monitoring-March-18-2024.pdf
2024-03-18,Cartimar,cabbage_scorpio,40,60,50,https://www.da.gov.ph/wp-content/uploads/2024/03/Revised-Price-Monitoring-March-18-2024.pdf
2024-03-18,Cartimar,cabbage_wonderball,40,40,40,https://www.da.gov.ph/wp-content/uploads/2024/03/Revised-Price-Monitoring-March-18-2024.pdf
2024-03-18,Cartimar,galunggong_local,280,280,280,https://www.da.gov.ph/wp-content/uploads/2024/03/Revised-Price-Monitoring-March-18-2024.pdf
2024-03-18,Cartimar,pechay_baguio,40,50,45,https://www.da.gov.ph/wp-content/uploads/2024/03/Revised-Price-Monitoring-March-18-2024.pdf
2024-03-18,Cartimar,red_onion_local,100,100,100,https://www.da.gov.ph/wp-content/uploads/2024/03/Revised-Price-Monitoring-March-18-2024.pdf
2024-03-18,Cartimar,tilapia,150,160,155,https://www.da.gov.ph/wp-content/uploads/2024/03/Revised-Price-Monitoring-March-18-2024.pdf
2024-03-18,Cartimar,tomato,70,90,80,https://www.da.gov.ph/wp-content/uploads/2024/03/Revised-Price-Monitoring-March-18-2024.pdf
2024-03-19,Cartimar,ampalaya,120,150,135,https://www.da.gov.ph/wp-content/uploads/2024/03/Price-Monitoring-March-19-2024.pdf
2024-03-19,Cartimar,cabbage_scorpio,35,38,36.5,https://www.da.gov.ph/wp-content/uploads/2024/03/Price-Monitoring-March-19-2024.pdf
2024-03-19,Cartimar,cabbage_wonderball,30,30,30,https://www.da.gov.ph/wp-content/uploads/2024/03/Price-Monitoring-March-19-2024.pdf
2024-03-19,Cartimar,galunggong_local,280,280,280,https://www.da.gov.ph/wp-content/uploads/2024/03/Price-Monitoring-March-19-2024.pdf
2024-03-19,Cartimar,pechay_baguio,35,38,36.5,https://www.da.gov.ph/wp-content/uploads/2024/03/Price-Monitoring-March-19-2024.pdf
2024-03-19,Cartimar,red_onion_local,70,100,85,https://www.da.gov.ph/wp-content/uploads/2024/03/Price-Monitoring-March-19-2024.pdf
2024-03-19,Cartimar,tilapia,150,160,155,https://www.da.gov.ph/wp-content/uploads/2024/03/Price-Monitoring-March-19-2024.pdf
2024-03-19,Cartimar,tomato,70,80,75,https://www.da.gov.ph/wp-content/uploads/2024/03/Price-Monitoring-March-19-2024.pdf
2024-03-20,Cartimar,ampalaya,120,150,135,https://www.da.gov.ph/wp-content/uploads/2024/03/Price-Monitoring-March-20-2024.pdf
2024-03-20,Cartimar,cabbage_scorpio,35,40,37.5,https://www.da.gov.ph/wp-content/uploads/2024/03/Price-Monitoring-March-20-2024.pdf
2024-03-20,Cartimar,cabbage_wonderball,30,30,30,https://www.da.gov.ph/wp-content/uploads/2024/03/Price-Monitoring-March-20-2024.pdf
2024-03-20,Cartimar,galunggong_local,280,280,280,https://www.da.gov.ph/wp-content/uploads/2024/03/Price-Monitoring-March-20-2024.pdf
2024-03-20,Cartimar,pechay_baguio,35,40,37.5,https://www.da.gov.ph/wp-content/uploads/2024/03/Price-Monitoring-March-20-2024.pdf
2024-03-20,Cartimar,red_onion_local,70,100,85,https://www.da.gov.ph/wp-content/uploads/2024/03/Price-Monitoring-March-20-2024.pdf
2024-03-20,Cartimar,tilapia,150,160,155,https://www.da.gov.ph/wp-content/uploads/2024/03/Price-Monitoring-March-20-2024.pdf
2024-03-20,Cartimar,tomato,70,85,77.5,https://www.da.gov.ph/wp-content/uploads/2024/03/Price-Monitoring-March-20-2024.pdf
2024-03-21,Cartimar,ampalaya,120,150,135,https://www.da.gov.ph/wp-content/uploads/2024/03/Price-Monitoring-March-21-2024.pdf
2024-03-21,Cartimar,cabbage_scorpio,35,40,37.5,https://www.da.gov.ph/wp-content/uploads/2024/03/Price-Monitoring-March-21-2024.pdf
2024-03-21,Cartimar,cabbage_wonderball,30,30,30,https://www.da.gov.ph/wp-content/uploads/2024/03/Price-Monitoring-March-21-2024.pdf
2024-03-21,Cartimar,galunggong_local,250,250,250,https://www.da.gov.ph/wp-content/uploads/2024/03/Price-Monitoring-March-21-2024.pdf
2024-03-21,Cartimar,pechay_baguio,35,40,37.5,https://www.da.gov.ph/wp-content/uploads/2024/03/Price-Monitoring-March-21-2024.pdf
2024-03-21,Cartimar,red_onion_local,80,100,90,https://www.da.gov.ph/wp-content/uploads/2024/03/Price-Monitoring-March-21-2024.pdf
2024-03-21,Cartimar,tilapia,150,160,155,https://www.da.gov.ph/wp-content/uploads/2024/03/Price-Monitoring-March-21-2024.pdf
2024-03-21,Cartimar,tomato,70,85,77.5,https://www.da.gov.ph/wp-content/uploads/2024/03/Price-Monitoring-March-21-2024.pdf
2024-03-22,Cartimar,ampalaya,120,150,135,https://www.da.gov.ph/wp-content/uploads/2024/03/Price-Monitoring-March-22-2024.pdf
2024-03-22,Cartimar,cabbage_scorpio,35,35,35,https://www.da.gov.ph/wp-content/uploads/2024/03/Price-Monitoring-March-22-2024.pdf
2024-03-22,Cartimar,cabbage_wonderball,30,30,30,https://www.da.gov.ph/wp-content/uploads/2024/03/Price-Monitoring-March-22-2024.pdf
2024-03-22,Cartimar,galunggong_local,250,250,250,https://www.da.gov.ph/wp-content/uploads/2024/03/Price-Monitoring-March-22-2024.pdf
2024-03-22,Cartimar,pechay_baguio,35,40,37.5,https://www.da.gov.ph/wp-content/uploads/2024/03/Price-Monitoring-March-22-2024.pdf
2024-03-22,Cartimar,red_onion_local,80,100,90,https://www.da.gov.ph/wp-content/uploads/2024/03/Price-Monitoring-March-22-2024.pdf
2024-03-22,Cartimar,tilapia,150,160,155,https://www.da.gov.ph/wp-content/uploads/2024/03/Price-Monitoring-March-22-2024.pdf
2024-03-22,Cartimar,tomato,70,80,75,https://www.da.gov.ph/wp-content/uploads/2024/03/Price-Monitoring-March-22-2024.pdf
2024-03-25,Cartimar,ampalaya,120,130,125,https://www.da.gov.ph/wp-content/uploads/2024/03/Price-Monitoring-March-25-2024.pdf
2024-03-25,Cartimar,cabbage_scorpio,35,35,35,https://www.da.gov.ph/wp-content/uploads/2024/03/Price-Monitoring-March-25-2024.pdf
2024-03-25,Cartimar,cabbage_wonderball,30,30,30,https://www.da.gov.ph/wp-content/uploads/2024/03/Price-Monitoring-March-25-2024.pdf
2024-03-25,Cartimar,galunggong_local,250,250,250,https://www.da.gov.ph/wp-content/uploads/2024/03/Price-Monitoring-March-25-2024.pdf
2024-03-25,Cartimar,pechay_baguio,35,40,37.5,https://www.da.gov.ph/wp-content/uploads/2024/03/Price-Monitoring-March-25-2024.pdf
2024-03-25,Cartimar,red_onion_local,80,100,90,https://www.da.gov.ph/wp-content/uploads/2024/03/Price-Monitoring-March-25-2024.pdf
2024-03-25,Cartimar,tilapia,140,160,150,https://www.da.gov.ph/wp-content/uploads/2024/03/Price-Monitoring-March-25-2024.pdf
2024-03-25,Cartimar,tomato,70,80,75,https://www.da.gov.ph/wp-content/uploads/2024/03/Price-Monitoring-March-25-2024.pdf
2024-03-26,Cartimar,ampalaya,120,130,125,https://www.da.gov.ph/wp-content/uploads/2024/03/Price-Monitoring-March-26-2024.pdf
2024-03-26,Cartimar,cabbage_scorpio,35,35,35,https://www.da.gov.ph/wp-content/uploads/2024/03/Price-Monitoring-March-26-2024.pdf
2024-03-26,Cartimar,cabbage_wonderball,30,30,30,https://www.da.gov.ph/wp-content/uploads/2024/03/Price-Monitoring-March-26-2024.pdf
2024-03-26,Cartimar,galunggong_local,250,250,250,https://www.da.gov.ph/wp-content/uploads/2024/03/Price-Monitoring-March-26-2024.pdf
2024-03-26,Cartimar,pechay_baguio,35,50,42.5,https://www.da.gov.ph/wp-content/uploads/2024/03/Price-Monitoring-March-26-2024.pdf
2024-03-26,Cartimar,red_onion_local,80,90,85,https://www.da.gov.ph/wp-content/uploads/2024/03/Price-Monitoring-March-26-2024.pdf
2024-03-26,Cartimar,tilapia,140,160,150,https://www.da.gov.ph/wp-content/uploads/2024/03/Price-Monitoring-March-26-2024.pdf
2024-03-26,Cartimar,tomato,70,80,75,https://www.da.gov.ph/wp-content/uploads/2024/03/Price-Monitoring-March-26-2024.pdf
2024-03-27,Cartimar,ampalaya,120,140,130,https://www.da.gov.ph/wp-content/uploads/2024/03/Price-Monitoring-March-27-2024.pdf
2024-03-27,Cartimar,cabbage_scorpio,35,38,36.5,https://www.da.gov.ph/wp-content/uploads/2024/03/Price-Monitoring-March-27-2024.pdf
2024-03-27,Cartimar,cabbage_wonderball,30,30,30,https://www.da.gov.ph/wp-content/uploads/2024/03/Price-Monitoring-March-27-2024.pdf
2024-03-27,Cartimar,galunggong_local,250,250,250,https://www.da.gov.ph/wp-content/uploads/2024/03/Price-Monitoring-March-27-2024.pdf
2024-03-27,Cartimar,pechay_baguio,35,40,37.5,https://www.da.gov.ph/wp-content/uploads/2024/03/Price-Monitoring-March-27-2024.pdf
2024-03-27,Cartimar,red_onion_local,80,90,85,https://www.da.gov.ph/wp-content/uploads/2024/03/Price-Monitoring-March-27-2024.pdf
2024-03-27,Cartimar,tilapia,140,160,150,https://www.da.gov.ph/wp-content/uploads/2024/03/Price-Monitoring-March-27-2024.pdf
2024-03-27,Cartimar,tomato,70,80,75,https://www.da.gov.ph/wp-content/uploads/2024/03/Price-Monitoring-March-27-2024.pdf
2024-04-01,Cartimar,ampalaya,120,140,130,https://www.da.gov.ph/wp-content/uploads/2024/04/Price-Monitoring-April-1-2024.pdf
2024-04-01,Cartimar,cabbage_scorpio,35,40,37.5,https://www.da.gov.ph/wp-content/uploads/2024/04/Price-Monitoring-April-1-2024.pdf
2024-04-01,Cartimar,cabbage_wonderball,30,30,30,https://www.da.gov.ph/wp-content/uploads/2024/04/Price-Monitoring-April-1-2024.pdf
2024-04-01,Cartimar,galunggong_local,250,260,255,https://www.da.gov.ph/wp-content/uploads/2024/04/Price-Monitoring-April-1-2024.pdf
2024-04-01,Cartimar,pechay_baguio,35,40,37.5,https://www.da.gov.ph/wp-content/uploads/2024/04/Price-Monitoring-April-1-2024.pdf
2024-04-01,Cartimar,red_onion_local,80,90,85,https://www.da.gov.ph/wp-content/uploads/2024/04/Price-Monitoring-April-1-2024.pdf
2024-04-01,Cartimar,tilapia,140,160,150,https://www.da.gov.ph/wp-content/uploads/2024/04/Price-Monitoring-April-1-2024.pdf
2024-04-01,Cartimar,tomato,70,80,75,https://www.da.gov.ph/wp-content/uploads/2024/04/Price-Monitoring-April-1-2024.pdf
2024-04-02,Cartimar,ampalaya,120,140,130,https://www.da.gov.ph/wp-content/uploads/2024/04/Price-Monitoring-April-2-2024.pdf
2024-04-02,Cartimar,cabbage_scorpio,35,40,37.5,https://www.da.gov.ph/wp-content/uploads/2024/04/Price-Monitoring-April-2-2024.pdf
2024-04-02,Cartimar,cabbage_wonderball,30,30,30,https://www.da.gov.ph/wp-content/uploads/2024/04/Price-Monitoring-April-2-2024.pdf
2024-04-02,Cartimar,galunggong_local,250,260,255,https://www.da.gov.ph/wp-content/uploads/2024/04/Price-Monitoring-April-2-2024.pdf
2024-04-02,Cartimar,pechay_baguio,35,40,37.5,https://www.da.gov.ph/wp-content/uploads/2024/04/Price-Monitoring-April-2-2024.pdf
2024-04-02,Cartimar,red_onion_local,80,90,85,https://www.da.gov.ph/wp-content/uploads/2024/04/Price-Monitoring-April-2-2024.pdf
2024-04-02,Cartimar,tilapia,140,160,150,https://www.da.gov.ph/wp-content/uploads/2024/04/Price-Monitoring-April-2-2024.pdf
2024-04-02,Cartimar,tomato,70,80,75,https://www.da.gov.ph/wp-content/uploads/2024/04/Price-Monitoring-April-2-2024.pdf
2024-04-03,Cartimar,ampalaya,120,150,135,https://www.da.gov.ph/wp-content/uploads/2024/04/Price-Monitoring-April-3-2024.pdf
2024-04-03,Cartimar,cabbage_scorpio,35,38,36.5,https://www.da.gov.ph/wp-content/uploads/2024/04/Price-Monitoring-April-3-2024.pdf
2024-04-03,Cartimar,cabbage_wonderball,30,30,30,https://www.da.gov.ph/wp-content/uploads/2024/04/Price-Monitoring-April-3-2024.pdf
2024-04-03,Cartimar,galunggong_local,250,260,255,https://www.da.gov.ph/wp-content/uploads/2024/04/Price-Monitoring-April-3-2024.pdf
2024-04-03,Cartimar,pechay_baguio,35,40,37.5,https://www.da.gov.ph/wp-content/uploads/2024/04/Price-Monitoring-April-3-2024.pdf
2024-04-03,Cartimar,red_onion_local,80,90,85,https://www.da.gov.ph/wp-content/uploads/2024/04/Price-Monitoring-April-3-2024.pdf
2024-04-03,Cartimar,tilapia,140,160,150,https://www.da.gov.ph/wp-content/uploads/2024/04/Price-Monitoring-April-3-2024.pdf
2024-04-03,Cartimar,tomato,70,80,75,https://www.da.gov.ph/wp-content/uploads/2024/04/Price-Monitoring-April-3-2024.pdf
2024-04-04,Cartimar,ampalaya,120,150,135,https://www.da.gov.ph/wp-content/uploads/2024/04/Price-Monitoring-April-4-2024.pdf
2024-04-04,Cartimar,cabbage_scorpio,35,38,36.5,https://www.da.gov.ph/wp-content/uploads/2024/04/Price-Monitoring-April-4-2024.pdf
2024-04-04,Cartimar,cabbage_wonderball,30,30,30,https://www.da.gov.ph/wp-content/uploads/2024/04/Price-Monitoring-April-4-2024.pdf
2024-04-04,Cartimar,galunggong_local,250,260,255,https://www.da.gov.ph/wp-content/uploads/2024/04/Price-Monitoring-April-4-2024.pdf
2024-04-04,Cartimar,pechay_baguio,35,40,37.5,https://www.da.gov.ph/wp-content/uploads/2024/04/Price-Monitoring-April-4-2024.pdf
2024-04-04,Cartimar,red_onion_local,80,90,85,https://www.da.gov.ph/wp-content/uploads/2024/04/Price-Monitoring-April-4-2024.pdf
2024-04-04,Cartimar,tilapia,140,160,150,https://www.da.gov.ph/wp-content/uploads/2024/04/Price-Monitoring-April-4-2024.pdf
2024-04-04,Cartimar,tomato,70,80,75,https://www.da.gov.ph/wp-content/uploads/2024/04/Price-Monitoring-April-4-2024.pdf
2024-04-05,Cartimar,ampalaya,120,150,135,https://www.da.gov.ph/wp-content/uploads/2024/04/Price-Monitoring-April-5-2024.pdf
2024-04-05,Cartimar,cabbage_scorpio,35,35,35,https://www.da.gov.ph/wp-content/uploads/2024/04/Price-Monitoring-April-5-2024.pdf
2024-04-05,Cartimar,cabbage_wonderball,30,30,30,https://www.da.gov.ph/wp-content/uploads/2024/04/Price-Monitoring-April-5-2024.pdf
2024-04-05,Cartimar,galunggong_local,250,260,255,https://www.da.gov.ph/wp-content/uploads/2024/04/Price-Monitoring-April-5-2024.pdf
2024-04-05,Cartimar,pechay_baguio,35,40,37.5,https://www.da.gov.ph/wp-content/uploads/2024/04/Price-Monitoring-April-5-2024.pdf
2024-04-05,Cartimar,red_onion_local,80,90,85,https://www.da.gov.ph/wp-content/uploads/2024/04/Price-Monitoring-April-5-2024.pdf
2024-04-05,Cartimar,tilapia,140,160,150,https://www.da.gov.ph/wp-content/uploads/2024/04/Price-Monitoring-April-5-2024.pdf
2024-04-05,Cartimar,tomato,60,80,70,https://www.da.gov.ph/wp-content/uploads/2024/04/Price-Monitoring-April-5-2024.pdf
2024-04-08,Cartimar,ampalaya,110,140,125,https://www.da.gov.ph/wp-content/uploads/2024/04/Price-Monitoring-April-8-2024.pdf
2024-04-08,Cartimar,cabbage_scorpio,35,40,37.5,https://www.da.gov.ph/wp-content/uploads/2024/04/Price-Monitoring-April-8-2024.pdf
2024-04-08,Cartimar,cabbage_wonderball,35,35,35,https://www.da.gov.ph/wp-content/uploads/2024/04/Price-Monitoring-April-8-2024.pdf
2024-04-08,Cartimar,galunggong_local,250,250,250,https://www.da.gov.ph/wp-content/uploads/2024/04/Price-Monitoring-April-8-2024.pdf
2024-04-08,Cartimar,pechay_baguio,35,40,37.5,https://www.da.gov.ph/wp-content/uploads/2024/04/Price-Monitoring-April-8-2024.pdf
2024-04-08,Cartimar,red_onion_local,80,90,85,https://www.da.gov.ph/wp-content/uploads/2024/04/Price-Monitoring-April-8-2024.pdf
2024-04-08,Cartimar,tilapia,150,160,155,https://www.da.gov.ph/wp-content/uploads/2024/04/Price-Monitoring-April-8-2024.pdf
2024-04-08,Cartimar,tomato,60,75,67.5,https://www.da.gov.ph/wp-content/uploads/2024/04/Price-Monitoring-April-8-2024.pdf
2024-04-11,Cartimar,ampalaya,110,140,125,https://www.da.gov.ph/wp-content/uploads/2024/04/Price-Monitoring-April-11-2024.pdf
2024-04-11,Cartimar,cabbage_rareball,35,35,35,https://www.da.gov.ph/wp-content/uploads/2024/04/Price-Monitoring-April-11-2024.pdf
2024-04-11,Cartimar,cabbage_scorpio,35,38,36.5,https://www.da.gov.ph/wp-content/uploads/2024/04/Price-Monitoring-April-11-2024.pdf
2024-04-11,Cartimar,cabbage_wonderball,35,35,35,https://www.da.gov.ph/wp-content/uploads/2024/04/Price-Monitoring-April-11-2024.pdf
2024-04-11,Cartimar,galunggong_local,250,250,250,https://www.da.gov.ph/wp-content/uploads/2024/04/Price-Monitoring-April-11-2024.pdf
2024-04-11,Cartimar,pechay_baguio,35,40,37.5,https://www.da.gov.ph/wp-content/uploads/2024/04/Price-Monitoring-April-11-2024.pdf
2024-04-11,Cartimar,red_onion_local,80,90,85,https://www.da.gov.ph/wp-content/uploads/2024/04/Price-Monitoring-April-11-2024.pdf
2024-04-11,Cartimar,tilapia,150,160,155,https://www.da.gov.ph/wp-content/uploads/2024/04/Price-Monitoring-April-11-2024.pdf
2024-04-11,Cartimar,tomato,60,75,67.5,https://www.da.gov.ph/wp-content/uploads/2024/04/Price-Monitoring-April-11-2024.pdf
2024-04-12,Cartimar,ampalaya,120,130,125,https://www.da.gov.ph/wp-content/uploads/2024/04/Revised-Price-Monitoring-April-12-2024.pdf
2024-04-12,Cartimar,cabbage_wonderball,80,90,85,https://www.da.gov.ph/wp-content/uploads/2024/04/Revised-Price-Monitoring-April-12-2024.pdf
2024-04-12,Cartimar,galunggong_local,180,180,180,https://www.da.gov.ph/wp-content/uploads/2024/04/Revised-Price-Monitoring-April-12-2024.pdf
2024-04-12,Cartimar,pechay_baguio,60,70,65,https://www.da.gov.ph/wp-content/uploads/2024/04/Revised-Price-Monitoring-April-12-2024.pdf
2024-04-12,Cartimar,red_onion_local,90,100,95,https://www.da.gov.ph/wp-content/uploads/2024/04/Revised-Price-Monitoring-April-12-2024.pdf
2024-04-12,Cartimar,tilapia,130,130,130,https://www.da.gov.ph/wp-content/uploads/2024/04/Revised-Price-Monitoring-April-12-2024.pdf
2024-04-12,Cartimar,tomato,80,80,80,https://www.da.gov.ph/wp-content/uploads/2024/04/Revised-Price-Monitoring-April-12-2024.pdf
2024-04-15,Cartimar,ampalaya,120,130,125,https://www.da.gov.ph/wp-content/uploads/2024/04/Price-Monitoring-April-15-2024.pdf
2024-04-15,Cartimar,cabbage_wonderball,80,90,85,https://www.da.gov.ph/wp-content/uploads/2024/04/Price-Monitoring-April-15-2024.pdf
2024-04-15,Cartimar,galunggong_local,180,180,180,https://www.da.gov.ph/wp-content/uploads/2024/04/Price-Monitoring-April-15-2024.pdf
2024-04-15,Cartimar,pechay_baguio,60,70,65,https://www.da.gov.ph/wp-content/uploads/2024/04/Price-Monitoring-April-15-2024.pdf
2024-04-15,Cartimar,red_onion_local,90,100,95,https://www.da.gov.ph/wp-content/uploads/2024/04/Price-Monitoring-April-15-2024.pdf
2024-04-15,Cartimar,tilapia,130,130,130,https://www.da.gov.ph/wp-content/uploads/2024/04/Price-Monitoring-April-15-2024.pdf
2024-04-15,Cartimar,tomato,75,80,77.5,https://www.da.gov.ph/wp-content/uploads/2024/04/Price-Monitoring-April-15-2024.pdf
2024-04-16,Cartimar,ampalaya,110,140,125,https://www.da.gov.ph/wp-content/uploads/2024/04/Price-Monitoring-April-16-2024.pdf
2024-04-16,Cartimar,cabbage_scorpio,35,40,37.5,https://www.da.gov.ph/wp-content/uploads/2024/04/Price-Monitoring-April-16-2024.pdf
2024-04-16,Cartimar,cabbage_wonderball,30,30,30,https://www.da.gov.ph/wp-content/uploads/2024/04/Price-Monitoring-April-16-2024.pdf
2024-04-16,Cartimar,pechay_baguio,35,40,37.5,https://www.da.gov.ph/wp-content/uploads/2024/04/Price-Monitoring-April-16-2024.pdf
2024-04-16,Cartimar,red_onion_local,80,90,85,https://www.da.gov.ph/wp-content/uploads/2024/04/Price-Monitoring-April-16-2024.pdf
2024-04-16,Cartimar,tilapia,150,160,155,https://www.da.gov.ph/wp-content/uploads/2024/04/Price-Monitoring-April-16-2024.pdf
2024-04-16,Cartimar,tomato,60,80,70,https://www.da.gov.ph/wp-content/uploads/2024/04/Price-Monitoring-April-16-2024.pdf
2024-04-17,Cartimar,ampalaya,110,140,125,https://www.da.gov.ph/wp-content/uploads/2024/04/Price-Monitoring-April-17-2024.pdf
2024-04-17,Cartimar,cabbage_scorpio,40,40,40,https://www.da.gov.ph/wp-content/uploads/2024/04/Price-Monitoring-April-17-2024.pdf
2024-04-17,Cartimar,cabbage_wonderball,30,30,30,https://www.da.gov.ph/wp-content/uploads/2024/04/Price-Monitoring-April-17-2024.pdf
2024-04-17,Cartimar,pechay_baguio,35,40,37.5,https://www.da.gov.ph/wp-content/uploads/2024/04/Price-Monitoring-April-17-2024.pdf
2024-04-17,Cartimar,red_onion_local,80,90,85,https://www.da.gov.ph/wp-content/uploads/2024/04/Price-Monitoring-April-17-2024.pdf
2024-04-17,Cartimar,tilapia,150,160,155,https://www.da.gov.ph/wp-content/uploads/2024/04/Price-Monitoring-April-17-2024.pdf
2024-04-17,Cartimar,tomato,60,70,65,https://www.da.gov.ph/wp-content/uploads/2024/04/Price-Monitoring-April-17-2024.pdf
2024-04-22,Cartimar,ampalaya,120,140,130,https://www.da.gov.ph/wp-content/uploads/2024/04/Price-Monitoring-April-22-2024.pdf
2024-04-22,Cartimar,cabbage_scorpio,50,55,52.5,https://www.da.gov.ph/wp-content/uploads/2024/04/Price-Monitoring-April-22-2024.pdf
2024-04-22,Cartimar,pechay_baguio,40,45,42.5,https://www.da.gov.ph/wp-content/uploads/2024/04/Price-Monitoring-April-22-2024.pdf
2024-04-22,Cartimar,red_onion_local,80,90,85,https://www.da.gov.ph/wp-content/uploads/2024/04/Price-Monitoring-April-22-2024.pdf
2024-04-22,Cartimar,tilapia,150,160,155,https://www.da.gov.ph/wp-content/uploads/2024/04/Price-Monitoring-April-22-2024.pdf
2024-04-22,Cartimar,tomato,70,70,70,https://www.da.gov.ph/wp-content/uploads/2024/04/Price-Monitoring-April-22-2024.pdf
2024-04-23,Cartimar,ampalaya,100,140,120,https://www.da.gov.ph/wp-content/uploads/2024/04/Price-Monitoring-April-23-2024.pdf
2024-04-23,Cartimar,cabbage_scorpio,50,55,52.5,https://www.da.gov.ph/wp-content/uploads/2024/04/Price-Monitoring-April-23-2024.pdf
2024-04-23,Cartimar,cabbage_wonderball,50,50,50,https://www.da.gov.ph/wp-content/uploads/2024/04/Price-Monitoring-April-23-2024.pdf
2024-04-23,Cartimar,pechay_baguio,40,45,42.5,https://www.da.gov.ph/wp-content/uploads/2024/04/Price-Monitoring-April-23-2024.pdf
2024-04-23,Cartimar,red_onion_local,80,90,85,https://www.da.gov.ph/wp-content/uploads/2024/04/Price-Monitoring-April-23-2024.pdf
2024-04-23,Cartimar,tilapia,150,160,155,https://www.da.gov.ph/wp-content/uploads/2024/04/Price-Monitoring-April-23-2024.pdf
2024-04-23,Cartimar,tomato,70,90,80,https://www.da.gov.ph/wp-content/uploads/2024/04/Price-Monitoring-April-23-2024.pdf
2024-04-24,Cartimar,ampalaya,100,140,120,https://www.da.gov.ph/wp-content/uploads/2024/04/Price-Monitoring-April-24-2024.pdf
2024-04-24,Cartimar,cabbage_scorpio,50,55,52.5,https://www.da.gov.ph/wp-content/uploads/2024/04/Price-Monitoring-April-24-2024.pdf
2024-04-24,Cartimar,cabbage_wonderball,50,50,50,https://www.da.gov.ph/wp-content/uploads/2024/04/Price-Monitoring-April-24-2024.pdf
2024-04-24,Cartimar,galunggong_local,250,250,250,https://www.da.gov.ph/wp-content/uploads/2024/04/Price-Monitoring-April-24-2024.pdf
2024-04-24,Cartimar,pechay_baguio,40,45,42.5,https://www.da.gov.ph/wp-content/uploads/2024/04/Price-Monitoring-April-24-2024.pdf
2024-04-24,Cartimar,red_onion_local,80,90,85,https://www.da.gov.ph/wp-content/uploads/2024/04/Price-Monitoring-April-24-2024.pdf
2024-04-24,Cartimar,tilapia,150,160,155,https://www.da.gov.ph/wp-content/uploads/2024/04/Price-Monitoring-April-24-2024.pdf
2024-04-24,Cartimar,tomato,70,90,80,https://www.da.gov.ph/wp-content/uploads/2024/04/Price-Monitoring-April-24-2024.pdf
2024-04-25,Cartimar,ampalaya,100,140,120,https://www.da.gov.ph/wp-content/uploads/2024/04/Price-Monitoring-April-25-2024.pdf
2024-04-25,Cartimar,cabbage_scorpio,50,55,52.5,https://www.da.gov.ph/wp-content/uploads/2024/04/Price-Monitoring-April-25-2024.pdf
2024-04-25,Cartimar,cabbage_wonderball,50,50,50,https://www.da.gov.ph/wp-content/uploads/2024/04/Price-Monitoring-April-25-2024.pdf
2024-04-25,Cartimar,galunggong_local,250,250,250,https://www.da.gov.ph/wp-content/uploads/2024/04/Price-Monitoring-April-25-2024.pdf
2024-04-25,Cartimar,pechay_baguio,40,45,42.5,https://www.da.gov.ph/wp-content/uploads/2024/04/Price-Monitoring-April-25-2024.pdf
2024-04-25,Cartimar,red_onion_local,80,90,85,https://www.da.gov.ph/wp-content/uploads/2024/04/Price-Monitoring-April-25-2024.pdf
2024-04-25,Cartimar,tilapia,150,160,155,https://www.da.gov.ph/wp-content/uploads/2024/04/Price-Monitoring-April-25-2024.pdf
2024-04-25,Cartimar,tomato,70,90,80,https://www.da.gov.ph/wp-content/uploads/2024/04/Price-Monitoring-April-25-2024.pdf
2024-04-26,Cartimar,ampalaya,100,140,120,https://www.da.gov.ph/wp-content/uploads/2024/04/Price-Monitoring-April-26-2024.pdf
2024-04-26,Cartimar,cabbage_scorpio,45,60,52.5,https://www.da.gov.ph/wp-content/uploads/2024/04/Price-Monitoring-April-26-2024.pdf
2024-04-26,Cartimar,galunggong_local,250,250,250,https://www.da.gov.ph/wp-content/uploads/2024/04/Price-Monitoring-April-26-2024.pdf
2024-04-26,Cartimar,pechay_baguio,45,50,47.5,https://www.da.gov.ph/wp-content/uploads/2024/04/Price-Monitoring-April-26-2024.pdf
2024-04-26,Cartimar,red_onion_local,80,100,90,https://www.da.gov.ph/wp-content/uploads/2024/04/Price-Monitoring-April-26-2024.pdf
2024-04-26,Cartimar,tilapia,150,160,155,https://www.da.gov.ph/wp-content/uploads/2024/04/Price-Monitoring-April-26-2024.pdf
2024-04-26,Cartimar,tomato,70,90,80,https://www.da.gov.ph/wp-content/uploads/2024/04/Price-Monitoring-April-26-2024.pdf
2024-04-27,Cartimar,ampalaya,100,140,120,https://www.da.gov.ph/wp-content/uploads/2024/04/Price-Monitoring-April-27-2024.pdf
2024-04-27,Cartimar,cabbage_scorpio,50,60,55,https://www.da.gov.ph/wp-content/uploads/2024/04/Price-Monitoring-April-27-2024.pdf
2024-04-27,Cartimar,galunggong_local,250,250,250,https://www.da.gov.ph/wp-content/uploads/2024/04/Price-Monitoring-April-27-2024.pdf
2024-04-27,Cartimar,pechay_baguio,45,50,47.5,https://www.da.gov.ph/wp-content/uploads/2024/04/Price-Monitoring-April-27-2024.pdf
2024-04-27,Cartimar,red_onion_local,80,100,90,https://www.da.gov.ph/wp-content/uploads/2024/04/Price-Monitoring-April-27-2024.pdf
2024-04-27,Cartimar,tilapia,150,160,155,https://www.da.gov.ph/wp-content/uploads/2024/04/Price-Monitoring-April-27-2024.pdf
2024-04-27,Cartimar,tomato,70,90,80,https://www.da.gov.ph/wp-content/uploads/2024/04/Price-Monitoring-April-27-2024.pdf
2024-04-29,Cartimar,ampalaya,100,130,115,https://www.da.gov.ph/wp-content/uploads/2024/04/Price-Monitoring-April-29-2024.pdf
2024-04-29,Cartimar,cabbage_scorpio,48,50,49,https://www.da.gov.ph/wp-content/uploads/2024/04/Price-Monitoring-April-29-2024.pdf
2024-04-29,Cartimar,galunggong_local,250,250,250,https://www.da.gov.ph/wp-content/uploads/2024/04/Price-Monitoring-April-29-2024.pdf
2024-04-29,Cartimar,pechay_baguio,45,50,47.5,https://www.da.gov.ph/wp-content/uploads/2024/04/Price-Monitoring-April-29-2024.pdf
2024-04-29,Cartimar,red_onion_local,80,100,90,https://www.da.gov.ph/wp-content/uploads/2024/04/Price-Monitoring-April-29-2024.pdf
2024-04-29,Cartimar,tilapia,150,160,155,https://www.da.gov.ph/wp-content/uploads/2024/04/Price-Monitoring-April-29-2024.pdf
2024-04-29,Cartimar,tomato,70,90,80,https://www.da.gov.ph/wp-content/uploads/2024/04/Price-Monitoring-April-29-2024.pdf
2024-04-30,Cartimar,ampalaya,100,130,115,https://www.da.gov.ph/wp-content/uploads/2024/05/Price-Monitoring-April-30-2024.pdf
2024-04-30,Cartimar,cabbage_scorpio,50,50,50,https://www.da.gov.ph/wp-content/uploads/2024/05/Price-Monitoring-April-30-2024.pdf
2024-04-30,Cartimar,galunggong_local,250,250,250,https://www.da.gov.ph/wp-content/uploads/2024/05/Price-Monitoring-April-30-2024.pdf
2024-04-30,Cartimar,pechay_baguio,45,50,47.5,https://www.da.gov.ph/wp-content/uploads/2024/05/Price-Monitoring-April-30-2024.pdf
2024-04-30,Cartimar,red_onion_local,80,100,90,https://www.da.gov.ph/wp-content/uploads/2024/05/Price-Monitoring-April-30-2024.pdf
2024-04-30,Cartimar,tilapia,150,160,155,https://www.da.gov.ph/wp-content/uploads/2024/05/Price-Monitoring-April-30-2024.pdf
2024-04-30,Cartimar,tomato,70,90,80,https://www.da.gov.ph/wp-content/uploads/2024/05/Price-Monitoring-April-30-2024.pdf
2024-05-01,Cartimar,ampalaya,100,130,115,https://www.da.gov.ph/wp-content/uploads/2024/05/Price-Monitoring-May-1-2024.pdf
2024-05-01,Cartimar,cabbage_scorpio,50,55,52.5,https://www.da.gov.ph/wp-content/uploads/2024/05/Price-Monitoring-May-1-2024.pdf
2024-05-01,Cartimar,galunggong_local,250,250,250,https://www.da.gov.ph/wp-content/uploads/2024/05/Price-Monitoring-May-1-2024.pdf
2024-05-01,Cartimar,pechay_baguio,45,50,47.5,https://www.da.gov.ph/wp-content/uploads/2024/05/Price-Monitoring-May-1-2024.pdf
2024-05-01,Cartimar,red_onion_local,80,100,90,https://www.da.gov.ph/wp-content/uploads/2024/05/Price-Monitoring-May-1-2024.pdf
2024-05-01,Cartimar,tilapia,150,160,155,https://www.da.gov.ph/wp-content/uploads/2024/05/Price-Monitoring-May-1-2024.pdf
2024-05-01,Cartimar,tomato,70,90,80,https://www.da.gov.ph/wp-content/uploads/2024/05/Price-Monitoring-May-1-2024.pdf
2024-05-02,Cartimar,ampalaya,100,130,115,https://www.da.gov.ph/wp-content/uploads/2024/05/Price-Monitoring-May-2-2024.pdf
2024-05-02,Cartimar,cabbage_scorpio,50,55,52.5,https://www.da.gov.ph/wp-content/uploads/2024/05/Price-Monitoring-May-2-2024.pdf
2024-05-02,Cartimar,galunggong_local,250,250,250,https://www.da.gov.ph/wp-content/uploads/2024/05/Price-Monitoring-May-2-2024.pdf
2024-05-02,Cartimar,pechay_baguio,45,50,47.5,https://www.da.gov.ph/wp-content/uploads/2024/05/Price-Monitoring-May-2-2024.pdf
2024-05-02,Cartimar,red_onion_local,80,100,90,https://www.da.gov.ph/wp-content/uploads/2024/05/Price-Monitoring-May-2-2024.pdf
2024-05-02,Cartimar,tilapia,150,160,155,https://www.da.gov.ph/wp-content/uploads/2024/05/Price-Monitoring-May-2-2024.pdf
2024-05-02,Cartimar,tomato,70,90,80,https://www.da.gov.ph/wp-content/uploads/2024/05/Price-Monitoring-May-2-2024.pdf
2024-05-03,Cartimar,ampalaya,100,130,115,https://www.da.gov.ph/wp-content/uploads/2024/05/Price-Monitoring-May-3-2024.pdf
2024-05-03,Cartimar,cabbage_scorpio,40,40,40,https://www.da.gov.ph/wp-content/uploads/2024/05/Price-Monitoring-May-3-2024.pdf
2024-05-03,Cartimar,galunggong_local,250,250,250,https://www.da.gov.ph/wp-content/uploads/2024/05/Price-Monitoring-May-3-2024.pdf
2024-05-03,Cartimar,pechay_baguio,45,50,47.5,https://www.da.gov.ph/wp-content/uploads/2024/05/Price-Monitoring-May-3-2024.pdf
2024-05-03,Cartimar,red_onion_local,80,100,90,https://www.da.gov.ph/wp-content/uploads/2024/05/Price-Monitoring-May-3-2024.pdf
2024-05-03,Cartimar,tilapia,150,160,155,https://www.da.gov.ph/wp-content/uploads/2024/05/Price-Monitoring-May-3-2024.pdf
2024-05-03,Cartimar,tomato,70,80,75,https://www.da.gov.ph/wp-content/uploads/2024/05/Price-Monitoring-May-3-2024.pdf
2024-05-04,Cartimar,ampalaya,100,130,115,https://www.da.gov.ph/wp-content/uploads/2024/05/Price-Monitoring-May-4-2024.pdf
2024-05-04,Cartimar,cabbage_scorpio,40,40,40,https://www.da.gov.ph/wp-content/uploads/2024/05/Price-Monitoring-May-4-2024.pdf
2024-05-04,Cartimar,galunggong_local,250,250,250,https://www.da.gov.ph/wp-content/uploads/2024/05/Price-Monitoring-May-4-2024.pdf
2024-05-04,Cartimar,pechay_baguio,45,50,47.5,https://www.da.gov.ph/wp-content/uploads/2024/05/Price-Monitoring-May-4-2024.pdf
2024-05-04,Cartimar,red_onion_local,80,100,90,https://www.da.gov.ph/wp-content/uploads/2024/05/Price-Monitoring-May-4-2024.pdf
2024-05-04,Cartimar,tilapia,150,160,155,https://www.da.gov.ph/wp-content/uploads/2024/05/Price-Monitoring-May-4-2024.pdf
2024-05-04,Cartimar,tomato,70,80,75,https://www.da.gov.ph/wp-content/uploads/2024/05/Price-Monitoring-May-4-2024.pdf
2024-05-06,Cartimar,ampalaya,100,130,115,https://www.da.gov.ph/wp-content/uploads/2024/05/Price-Monitoring-May-6-2024.pdf
2024-05-06,Cartimar,cabbage_scorpio,40,40,40,https://www.da.gov.ph/wp-content/uploads/2024/05/Price-Monitoring-May-6-2024.pdf
2024-05-06,Cartimar,galunggong_local,250,250,250,https://www.da.gov.ph/wp-content/uploads/2024/05/Price-Monitoring-May-6-2024.pdf
2024-05-06,Cartimar,pechay_baguio,45,50,47.5,https://www.da.gov.ph/wp-content/uploads/2024/05/Price-Monitoring-May-6-2024.pdf
2024-05-06,Cartimar,red_onion_local,80,100,90,https://www.da.gov.ph/wp-content/uploads/2024/05/Price-Monitoring-May-6-2024.pdf
2024-05-06,Cartimar,tilapia,150,160,155,https://www.da.gov.ph/wp-content/uploads/2024/05/Price-Monitoring-May-6-2024.pdf
2024-05-06,Cartimar,tomato,70,80,75,https://www.da.gov.ph/wp-content/uploads/2024/05/Price-Monitoring-May-6-2024.pdf
2024-05-07,Cartimar,ampalaya,110,150,130,https://www.da.gov.ph/wp-content/uploads/2024/05/Price-Monitoring-May-7-2024.pdf
2024-05-07,Cartimar,cabbage_scorpio,40,40,40,https://www.da.gov.ph/wp-content/uploads/2024/05/Price-Monitoring-May-7-2024.pdf
2024-05-07,Cartimar,galunggong_local,250,250,250,https://www.da.gov.ph/wp-content/uploads/2024/05/Price-Monitoring-May-7-2024.pdf
2024-05-07,Cartimar,pechay_baguio,45,50,47.5,https://www.da.gov.ph/wp-content/uploads/2024/05/Price-Monitoring-May-7-2024.pdf
2024-05-07,Cartimar,red_onion_local,80,100,90,https://www.da.gov.ph/wp-content/uploads/2024/05/Price-Monitoring-May-7-2024.pdf
2024-05-07,Cartimar,tilapia,150,160,155,https://www.da.gov.ph/wp-content/uploads/2024/05/Price-Monitoring-May-7-2024.pdf
2024-05-07,Cartimar,tomato,70,80,75,https://www.da.gov.ph/wp-content/uploads/2024/05/Price-Monitoring-May-7-2024.pdf
2024-05-08,Cartimar,ampalaya,110,150,130,https://www.da.gov.ph/wp-content/uploads/2024/05/Price-Monitoring-May-8-2024.pdf
2024-05-08,Cartimar,cabbage_scorpio,40,40,40,https://www.da.gov.ph/wp-content/uploads/2024/05/Price-Monitoring-May-8-2024.pdf
2024-05-08,Cartimar,galunggong_local,250,250,250,https://www.da.gov.ph/wp-content/uploads/2024/05/Price-Monitoring-May-8-2024.pdf
2024-05-08,Cartimar,pechay_baguio,45,50,47.5,https://www.da.gov.ph/wp-content/uploads/2024/05/Price-Monitoring-May-8-2024.pdf
2024-05-08,Cartimar,red_onion_local,80,100,90,https://www.da.gov.ph/wp-content/uploads/2024/05/Price-Monitoring-May-8-2024.pdf
2024-05-08,Cartimar,tilapia,150,160,155,https://www.da.gov.ph/wp-content/uploads/2024/05/Price-Monitoring-May-8-2024.pdf
2024-05-08,Cartimar,tomato,70,80,75,https://www.da.gov.ph/wp-content/uploads/2024/05/Price-Monitoring-May-8-2024.pdf
2024-05-09,Cartimar,ampalaya,110,150,130,https://www.da.gov.ph/wp-content/uploads/2024/05/Price-Monitoring-May-9-2024.pdf
2024-05-09,Cartimar,cabbage_scorpio,40,40,40,https://www.da.gov.ph/wp-content/uploads/2024/05/Price-Monitoring-May-9-2024.pdf
2024-05-09,Cartimar,galunggong_local,250,250,250,https://www.da.gov.ph/wp-content/uploads/2024/05/Price-Monitoring-May-9-2024.pdf
2024-05-09,Cartimar,pechay_baguio,45,50,47.5,https://www.da.gov.ph/wp-content/uploads/2024/05/Price-Monitoring-May-9-2024.pdf
2024-05-09,Cartimar,red_onion_local,80,100,90,https://www.da.gov.ph/wp-content/uploads/2024/05/Price-Monitoring-May-9-2024.pdf
2024-05-09,Cartimar,tilapia,150,160,155,https://www.da.gov.ph/wp-content/uploads/2024/05/Price-Monitoring-May-9-2024.pdf
2024-05-09,Cartimar,tomato,70,80,75,https://www.da.gov.ph/wp-content/uploads/2024/05/Price-Monitoring-May-9-2024.pdf
2024-05-10,Cartimar,ampalaya,110,150,130,https://www.da.gov.ph/wp-content/uploads/2024/05/Price-Monitoring-May-10-2024.pdf
2024-05-10,Cartimar,cabbage_scorpio,40,40,40,https://www.da.gov.ph/wp-content/uploads/2024/05/Price-Monitoring-May-10-2024.pdf
2024-05-10,Cartimar,galunggong_local,250,250,250,https://www.da.gov.ph/wp-content/uploads/2024/05/Price-Monitoring-May-10-2024.pdf
2024-05-10,Cartimar,pechay_baguio,45,50,47.5,https://www.da.gov.ph/wp-content/uploads/2024/05/Price-Monitoring-May-10-2024.pdf
2024-05-10,Cartimar,red_onion_local,80,100,90,https://www.da.gov.ph/wp-content/uploads/2024/05/Price-Monitoring-May-10-2024.pdf
2024-05-10,Cartimar,tilapia,150,160,155,https://www.da.gov.ph/wp-content/uploads/2024/05/Price-Monitoring-May-10-2024.pdf
2024-05-10,Cartimar,tomato,70,80,75,https://www.da.gov.ph/wp-content/uploads/2024/05/Price-Monitoring-May-10-2024.pdf
2024-05-13,Cartimar,ampalaya,140,150,145,https://www.da.gov.ph/wp-content/uploads/2024/05/Price-Monitoring-May-13-2024.pdf
2024-05-13,Cartimar,cabbage_rareball,40,40,40,https://www.da.gov.ph/wp-content/uploads/2024/05/Price-Monitoring-May-13-2024.pdf
2024-05-13,Cartimar,cabbage_scorpio,50,50,50,https://www.da.gov.ph/wp-content/uploads/2024/05/Price-Monitoring-May-13-2024.pdf
2024-05-13,Cartimar,galunggong_local,250,250,250,https://www.da.gov.ph/wp-content/uploads/2024/05/Price-Monitoring-May-13-2024.pdf
2024-05-13,Cartimar,pechay_baguio,45,60,52.5,https://www.da.gov.ph/wp-content/uploads/2024/05/Price-Monitoring-May-13-2024.pdf
2024-05-13,Cartimar,red_onion_local,80,100,90,https://www.da.gov.ph/wp-content/uploads/2024/05/Price-Monitoring-May-13-2024.pdf
2024-05-13,Cartimar,tilapia,150,160,155,https://www.da.gov.ph/wp-content/uploads/2024/05/Price-Monitoring-May-13-2024.pdf
2024-05-13,Cartimar,tomato,70,80,75,https://www.da.gov.ph/wp-content/uploads/2024/05/Price-Monitoring-May-13-2024.pdf
2024-05-14,Cartimar,ampalaya,140,150,145,https://www.da.gov.ph/wp-content/uploads/2024/05/Price-Monitoring-May-14-2024.pdf
2024-05-14,Cartimar,cabbage_rareball,35,40,37.5,https://www.da.gov.ph/wp-content/uploads/2024/05/Price-Monitoring-May-14-2024.pdf
2024-05-14,Cartimar,cabbage_scorpio,50,50,50,https://www.da.gov.ph/wp-content/uploads/2024/05/Price-Monitoring-May-14-2024.pdf
2024-05-14,Cartimar,galunggong_local,250,250,250,https://www.da.gov.ph/wp-content/uploads/2024/05/Price-Monitoring-May-14-2024.pdf
2024-05-14,Cartimar,pechay_baguio,50,60,55,https://www.da.gov.ph/wp-content/uploads/2024/05/Price-Monitoring-May-14-2024.pdf
2024-05-14,Cartimar,red_onion_local,80,100,90,https://www.da.gov.ph/wp-content/uploads/2024/05/Price-Monitoring-May-14-2024.pdf
2024-05-14,Cartimar,tilapia,150,160,155,https://www.da.gov.ph/wp-content/uploads/2024/05/Price-Monitoring-May-14-2024.pdf
2024-05-14,Cartimar,tomato,60,80,70,https://www.da.gov.ph/wp-content/uploads/2024/05/Price-Monitoring-May-14-2024.pdf
2024-05-15,Cartimar,ampalaya,140,150,145,https://www.da.gov.ph/wp-content/uploads/2024/05/Price-Monitoring-May-15-2024.pdf
2024-05-15,Cartimar,cabbage_rareball,35,40,37.5,https://www.da.gov.ph/wp-content/uploads/2024/05/Price-Monitoring-May-15-2024.pdf
2024-05-15,Cartimar,cabbage_scorpio,50,50,50,https://www.da.gov.ph/wp-content/uploads/2024/05/Price-Monitoring-May-15-2024.pdf
2024-05-15,Cartimar,galunggong_local,250,250,250,https://www.da.gov.ph/wp-content/uploads/2024/05/Price-Monitoring-May-15-2024.pdf
2024-05-15,Cartimar,pechay_baguio,50,60,55,https://www.da.gov.ph/wp-content/uploads/2024/05/Price-Monitoring-May-15-2024.pdf
2024-05-15,Cartimar,red_onion_local,80,100,90,https://www.da.gov.ph/wp-content/uploads/2024/05/Price-Monitoring-May-15-2024.pdf
2024-05-15,Cartimar,tilapia,150,160,155,https://www.da.gov.ph/wp-content/uploads/2024/05/Price-Monitoring-May-15-2024.pdf
2024-05-15,Cartimar,tomato,60,80,70,https://www.da.gov.ph/wp-content/uploads/2024/05/Price-Monitoring-May-15-2024.pdf
2024-05-16,Cartimar,ampalaya,140,150,145,https://www.da.gov.ph/wp-content/uploads/2024/05/Price-Monitoring-May-16-2024.pdf
2024-05-16,Cartimar,cabbage_rareball,40,40,40,https://www.da.gov.ph/wp-content/uploads/2024/05/Price-Monitoring-May-16-2024.pdf
2024-05-16,Cartimar,cabbage_scorpio,50,50,50,https://www.da.gov.ph/wp-content/uploads/2024/05/Price-Monitoring-May-16-2024.pdf
2024-05-16,Cartimar,galunggong_local,250,250,250,https://www.da.gov.ph/wp-content/uploads/2024/05/Price-Monitoring-May-16-2024.pdf
2024-05-16,Cartimar,pechay_baguio,50,60,55,https://www.da.gov.ph/wp-content/uploads/2024/05/Price-Monitoring-May-16-2024.pdf
2024-05-16,Cartimar,red_onion_local,80,100,90,https://www.da.gov.ph/wp-content/uploads/2024/05/Price-Monitoring-May-16-2024.pdf
2024-05-16,Cartimar,tilapia,150,160,155,https://www.da.gov.ph/wp-content/uploads/2024/05/Price-Monitoring-May-16-2024.pdf
2024-05-16,Cartimar,tomato,70,80,75,https://www.da.gov.ph/wp-content/uploads/2024/05/Price-Monitoring-May-16-2024.pdf
2024-05-17,Cartimar,ampalaya,120,150,135,https://www.da.gov.ph/wp-content/uploads/2024/05/Price-Monitoring-May-17-2024.pdf
2024-05-17,Cartimar,cabbage_rareball,35,40,37.5,https://www.da.gov.ph/wp-content/uploads/2024/05/Price-Monitoring-May-17-2024.pdf
2024-05-17,Cartimar,cabbage_scorpio,50,50,50,https://www.da.gov.ph/wp-content/uploads/2024/05/Price-Monitoring-May-17-2024.pdf
2024-05-17,Cartimar,galunggong_local,250,260,255,https://www.da.gov.ph/wp-content/uploads/2024/05/Price-Monitoring-May-17-2024.pdf
2024-05-17,Cartimar,pechay_baguio,50,60,55,https://www.da.gov.ph/wp-content/uploads/2024/05/Price-Monitoring-May-17-2024.pdf
2024-05-17,Cartimar,red_onion_local,80,100,90,https://www.da.gov.ph/wp-content/uploads/2024/05/Price-Monitoring-May-17-2024.pdf
2024-05-17,Cartimar,tilapia,150,160,155,https://www.da.gov.ph/wp-content/uploads/2024/05/Price-Monitoring-May-17-2024.pdf
2024-05-17,Cartimar,tomato,60,80,70,https://www.da.gov.ph/wp-content/uploads/2024/05/Price-Monitoring-May-17-2024.pdf
2024-05-18,Cartimar,ampalaya,120,150,135,https://www.da.gov.ph/wp-content/uploads/2024/05/Price-Monitoring-May-18-2024.pdf
2024-05-18,Cartimar,cabbage_rareball,40,40,40,https://www.da.gov.ph/wp-content/uploads/2024/05/Price-Monitoring-May-18-2024.pdf
2024-05-18,Cartimar,cabbage_scorpio,50,50,50,https://www.da.gov.ph/wp-content/uploads/2024/05/Price-Monitoring-May-18-2024.pdf
2024-05-18,Cartimar,galunggong_local,250,260,255,https://www.da.gov.ph/wp-content/uploads/2024/05/Price-Monitoring-May-18-2024.pdf
2024-05-18,Cartimar,pechay_baguio,50,60,55,https://www.da.gov.ph/wp-content/uploads/2024/05/Price-Monitoring-May-18-2024.pdf
2024-05-18,Cartimar,red_onion_local,80,100,90,https://www.da.gov.ph/wp-content/uploads/2024/05/Price-Monitoring-May-18-2024.pdf
2024-05-18,Cartimar,tilapia,150,160,155,https://www.da.gov.ph/wp-content/uploads/2024/05/Price-Monitoring-May-18-2024.pdf
2024-05-18,Cartimar,tomato,60,80,70,https://www.da.gov.ph/wp-content/uploads/2024/05/Price-Monitoring-May-18-2024.pdf
2024-05-20,Cartimar,ampalaya,120,150,135,https://www.da.gov.ph/wp-content/uploads/2024/05/Price-Monitoring-May-20-2024.pdf
2024-05-20,Cartimar,cabbage_rareball,40,40,40,https://www.da.gov.ph/wp-content/uploads/2024/05/Price-Monitoring-May-20-2024.pdf
2024-05-20,Cartimar,cabbage_scorpio,50,50,50,https://www.da.gov.ph/wp-content/uploads/2024/05/Price-Monitoring-May-20-2024.pdf
2024-05-20,Cartimar,galunggong_local,250,250,250,https://www.da.gov.ph/wp-content/uploads/2024/05/Price-Monitoring-May-20-2024.pdf
2024-05-20,Cartimar,pechay_baguio,50,60,55,https://www.da.gov.ph/wp-content/uploads/2024/05/Price-Monitoring-May-20-2024.pdf
2024-05-20,Cartimar,red_onion_local,80,100,90,https://www.da.gov.ph/wp-content/uploads/2024/05/Price-Monitoring-May-20-2024.pdf
2024-05-20,Cartimar,tilapia,150,160,155,https://www.da.gov.ph/wp-content/uploads/2024/05/Price-Monitoring-May-20-2024.pdf
2024-05-20,Cartimar,tomato,60,80,70,https://www.da.gov.ph/wp-content/uploads/2024/05/Price-Monitoring-May-20-2024.pdf
2024-05-21,Cartimar,ampalaya,120,150,135,https://www.da.gov.ph/wp-content/uploads/2024/05/Price-Monitoring-May-21-2024.pdf
2024-05-21,Cartimar,cabbage_scorpio,50,50,50,https://www.da.gov.ph/wp-content/uploads/2024/05/Price-Monitoring-May-21-2024.pdf
2024-05-21,Cartimar,cabbage_wonderball,35,35,35,https://www.da.gov.ph/wp-content/uploads/2024/05/Price-Monitoring-May-21-2024.pdf
2024-05-21,Cartimar,galunggong_local,250,250,250,https://www.da.gov.ph/wp-content/uploads/2024/05/Price-Monitoring-May-21-2024.pdf
2024-05-21,Cartimar,pechay_baguio,50,60,55,https://www.da.gov.ph/wp-content/uploads/2024/05/Price-Monitoring-May-21-2024.pdf
2024-05-21,Cartimar,red_onion_local,90,100,95,https://www.da.gov.ph/wp-content/uploads/2024/05/Price-Monitoring-May-21-2024.pdf
2024-05-21,Cartimar,tilapia,150,160,155,https://www.da.gov.ph/wp-content/uploads/2024/05/Price-Monitoring-May-21-2024.pdf
2024-05-21,Cartimar,tomato,60,80,70,https://www.da.gov.ph/wp-content/uploads/2024/05/Price-Monitoring-May-21-2024.pdf
2024-05-22,Cartimar,ampalaya,120,150,135,https://www.da.gov.ph/wp-content/uploads/2024/05/Price-Monitoring-May-22-2024.pdf
2024-05-22,Cartimar,cabbage_rareball,40,40,40,https://www.da.gov.ph/wp-content/uploads/2024/05/Price-Monitoring-May-22-2024.pdf
2024-05-22,Cartimar,cabbage_scorpio,50,50,50,https://www.da.gov.ph/wp-content/uploads/2024/05/Price-Monitoring-May-22-2024.pdf
2024-05-22,Cartimar,galunggong_local,250,250,250,https://www.da.gov.ph/wp-content/uploads/2024/05/Price-Monitoring-May-22-2024.pdf
2024-05-22,Cartimar,pechay_baguio,50,60,55,https://www.da.gov.ph/wp-content/uploads/2024/05/Price-Monitoring-May-22-2024.pdf
2024-05-22,Cartimar,red_onion_local,90,100,95,https://www.da.gov.ph/wp-content/uploads/2024/05/Price-Monitoring-May-22-2024.pdf
2024-05-22,Cartimar,tilapia,150,160,155,https://www.da.gov.ph/wp-content/uploads/2024/05/Price-Monitoring-May-22-2024.pdf
2024-05-22,Cartimar,tomato,60,80,70,https://www.da.gov.ph/wp-content/uploads/2024/05/Price-Monitoring-May-22-2024.pdf
2024-05-23,Cartimar,ampalaya,120,140,130,https://www.da.gov.ph/wp-content/uploads/2024/05/Price-Monitoring-May-23-2024.pdf
2024-05-23,Cartimar,cabbage_scorpio,50,50,50,https://www.da.gov.ph/wp-content/uploads/2024/05/Price-Monitoring-May-23-2024.pdf
2024-05-23,Cartimar,cabbage_wonderball,35,35,35,https://www.da.gov.ph/wp-content/uploads/2024/05/Price-Monitoring-May-23-2024.pdf
2024-05-23,Cartimar,galunggong_local,250,250,250,https://www.da.gov.ph/wp-content/uploads/2024/05/Price-Monitoring-May-23-2024.pdf
2024-05-23,Cartimar,pechay_baguio,50,60,55,https://www.da.gov.ph/wp-content/uploads/2024/05/Price-Monitoring-May-23-2024.pdf
2024-05-23,Cartimar,red_onion_local,90,100,95,https://www.da.gov.ph/wp-content/uploads/2024/05/Price-Monitoring-May-23-2024.pdf
2024-05-23,Cartimar,tilapia,150,160,155,https://www.da.gov.ph/wp-content/uploads/2024/05/Price-Monitoring-May-23-2024.pdf
2024-05-23,Cartimar,tomato,80,85,82.5,https://www.da.gov.ph/wp-content/uploads/2024/05/Price-Monitoring-May-23-2024.pdf
2024-05-24,Cartimar,ampalaya,120,140,130,https://www.da.gov.ph/wp-content/uploads/2024/05/Price-Monitoring-May-24-2024.pdf
2024-05-24,Cartimar,cabbage_scorpio,50,50,50,https://www.da.gov.ph/wp-content/uploads/2024/05/Price-Monitoring-May-24-2024.pdf
2024-05-24,Cartimar,cabbage_wonderball,35,35,35,https://www.da.gov.ph/wp-content/uploads/2024/05/Price-Monitoring-May-24-2024.pdf
2024-05-24,Cartimar,galunggong_local,250,250,250,https://www.da.gov.ph/wp-content/uploads/2024/05/Price-Monitoring-May-24-2024.pdf
2024-05-24,Cartimar,pechay_baguio,50,60,55,https://www.da.gov.ph/wp-content/uploads/2024/05/Price-Monitoring-May-24-2024.pdf
2024-05-24,Cartimar,red_onion_local,90,100,95,https://www.da.gov.ph/wp-content/uploads/2024/05/Price-Monitoring-May-24-2024.pdf
2024-05-24,Cartimar,tilapia,150,160,155,https://www.da.gov.ph/wp-content/uploads/2024/05/Price-Monitoring-May-24-2024.pdf
2024-05-24,Cartimar,tomato,80,85,82.5,https://www.da.gov.ph/wp-content/uploads/2024/05/Price-Monitoring-May-24-2024.pdf
2024-05-25,Cartimar,ampalaya,120,140,130,https://www.da.gov.ph/wp-content/uploads/2024/05/Price-Monitoring-May-25-2024.pdf
2024-05-25,Cartimar,cabbage_scorpio,50,50,50,https://www.da.gov.ph/wp-content/uploads/2024/05/Price-Monitoring-May-25-2024.pdf
2024-05-25,Cartimar,cabbage_wonderball,35,35,35,https://www.da.gov.ph/wp-content/uploads/2024/05/Price-Monitoring-May-25-2024.pdf
2024-05-25,Cartimar,galunggong_local,250,250,250,https://www.da.gov.ph/wp-content/uploads/2024/05/Price-Monitoring-May-25-2024.pdf
2024-05-25,Cartimar,pechay_baguio,50,60,55,https://www.da.gov.ph/wp-content/uploads/2024/05/Price-Monitoring-May-25-2024.pdf
2024-05-25,Cartimar,red_onion_local,90,100,95,https://www.da.gov.ph/wp-content/uploads/2024/05/Price-Monitoring-May-25-2024.pdf
2024-05-25,Cartimar,tilapia,150,160,155,https://www.da.gov.ph/wp-content/uploads/2024/05/Price-Monitoring-May-25-2024.pdf
2024-05-25,Cartimar,tomato,80,85,82.5,https://www.da.gov.ph/wp-content/uploads/2024/05/Price-Monitoring-May-25-2024.pdf
2024-05-27,Cartimar,ampalaya,130,150,140,https://www.da.gov.ph/wp-content/uploads/2024/05/Price-Monitoring-May-27-2024.pdf
2024-05-27,Cartimar,cabbage_scorpio,40,42,41,https://www.da.gov.ph/wp-content/uploads/2024/05/Price-Monitoring-May-27-2024.pdf
2024-05-27,Cartimar,galunggong_local,250,250,250,https://www.da.gov.ph/wp-content/uploads/2024/05/Price-Monitoring-May-27-2024.pdf
2024-05-27,Cartimar,pechay_baguio,50,60,55,https://www.da.gov.ph/wp-content/uploads/2024/05/Price-Monitoring-May-27-2024.pdf
2024-05-27,Cartimar,red_onion_local,90,100,95,https://www.da.gov.ph/wp-content/uploads/2024/05/Price-Monitoring-May-27-2024.pdf
2024-05-27,Cartimar,tilapia,150,160,155,https://www.da.gov.ph/wp-content/uploads/2024/05/Price-Monitoring-May-27-2024.pdf
2024-05-27,Cartimar,tomato,80,100,90,https://www.da.gov.ph/wp-content/uploads/2024/05/Price-Monitoring-May-27-2024.pdf
2024-05-28,Cartimar,ampalaya,130,150,140,https://www.da.gov.ph/wp-content/uploads/2024/05/Price-Monitoring-May-28-2024.pdf
2024-05-28,Cartimar,cabbage_scorpio,40,42,41,https://www.da.gov.ph/wp-content/uploads/2024/05/Price-Monitoring-May-28-2024.pdf
2024-05-28,Cartimar,galunggong_local,250,250,250,https://www.da.gov.ph/wp-content/uploads/2024/05/Price-Monitoring-May-28-2024.pdf
2024-05-28,Cartimar,pechay_baguio,50,60,55,https://www.da.gov.ph/wp-content/uploads/2024/05/Price-Monitoring-May-28-2024.pdf
2024-05-28,Cartimar,red_onion_local,90,100,95,https://www.da.gov.ph/wp-content/uploads/2024/05/Price-Monitoring-May-28-2024.pdf
2024-05-28,Cartimar,tilapia,150,160,155,https://www.da.gov.ph/wp-content/uploads/2024/05/Price-Monitoring-May-28-2024.pdf
2024-05-28,Cartimar,tomato,80,100,90,https://www.da.gov.ph/wp-content/uploads/2024/05/Price-Monitoring-May-28-2024.pdf
2024-05-29,Cartimar,ampalaya,130,150,140,https://www.da.gov.ph/wp-content/uploads/2024/05/Price-Monitoring-May-29-2024.pdf
2024-05-29,Cartimar,cabbage_scorpio,50,50,50,https://www.da.gov.ph/wp-content/uploads/2024/05/Price-Monitoring-May-29-2024.pdf
2024-05-29,Cartimar,galunggong_local,250,250,250,https://www.da.gov.ph/wp-content/uploads/2024/05/Price-Monitoring-May-29-2024.pdf
2024-05-29,Cartimar,pechay_baguio,70,70,70,https://www.da.gov.ph/wp-content/uploads/2024/05/Price-Monitoring-May-29-2024.pdf
2024-05-29,Cartimar,red_onion_local,90,100,95,https://www.da.gov.ph/wp-content/uploads/2024/05/Price-Monitoring-May-29-2024.pdf
2024-05-29,Cartimar,tilapia,150,160,155,https://www.da.gov.ph/wp-content/uploads/2024/05/Price-Monitoring-May-29-2024.pdf
2024-05-29,Cartimar,tomato,80,90,85,https://www.da.gov.ph/wp-content/uploads/2024/05/Price-Monitoring-May-29-2024.pdf
2024-05-30,Cartimar,ampalaya,130,150,140,https://www.da.gov.ph/wp-content/uploads/2024/05/Price-Monitoring-May-30-2024.pdf
2024-05-30,Cartimar,cabbage_scorpio,50,50,50,https://www.da.gov.ph/wp-content/uploads/2024/05/Price-Monitoring-May-30-2024.pdf
2024-05-30,Cartimar,pechay_baguio,70,70,70,https://www.da.gov.ph/wp-content/uploads/2024/05/Price-Monitoring-May-30-2024.pdf
2024-05-30,Cartimar,red_onion_local,90,100,95,https://www.da.gov.ph/wp-content/uploads/2024/05/Price-Monitoring-May-30-2024.pdf
2024-05-30,Cartimar,tilapia,150,160,155,https://www.da.gov.ph/wp-content/uploads/2024/05/Price-Monitoring-May-30-2024.pdf
2024-05-30,Cartimar,tomato,75,90,82.5,https://www.da.gov.ph/wp-content/uploads/2024/05/Price-Monitoring-May-30-2024.pdf
2024-05-31,Cartimar,ampalaya,130,150,140,https://www.da.gov.ph/wp-content/uploads/2024/05/Price-Monitoring-May-31-2024.pdf
2024-05-31,Cartimar,cabbage_scorpio,50,50,50,https://www.da.gov.ph/wp-content/uploads/2024/05/Price-Monitoring-May-31-2024.pdf
2024-05-31,Cartimar,pechay_baguio,70,70,70,https://www.da.gov.ph/wp-content/uploads/2024/05/Price-Monitoring-May-31-2024.pdf
2024-05-31,Cartimar,red_onion_local,90,100,95,https://www.da.gov.ph/wp-content/uploads/2024/05/Price-Monitoring-May-31-2024.pdf
2024-05-31,Cartimar,tilapia,150,160,155,https://www.da.gov.ph/wp-content/uploads/2024/05/Price-Monitoring-May-31-2024.pdf
2024-05-31,Cartimar,tomato,75,90,82.5,https://www.da.gov.ph/wp-content/uploads/2024/05/Price-Monitoring-May-31-2024.pdf
2024-06-01,Cartimar,ampalaya,130,150,140,https://www.da.gov.ph/wp-content/uploads/2024/06/Price-Monitoring-June-1-2024.pdf
2024-06-01,Cartimar,cabbage_scorpio,50,50,50,https://www.da.gov.ph/wp-content/uploads/2024/06/Price-Monitoring-June-1-2024.pdf
2024-06-01,Cartimar,pechay_baguio,70,70,70,https://www.da.gov.ph/wp-content/uploads/2024/06/Price-Monitoring-June-1-2024.pdf
2024-06-01,Cartimar,red_onion_local,90,100,95,https://www.da.gov.ph/wp-content/uploads/2024/06/Price-Monitoring-June-1-2024.pdf
2024-06-01,Cartimar,tilapia,150,160,155,https://www.da.gov.ph/wp-content/uploads/2024/06/Price-Monitoring-June-1-2024.pdf
2024-06-01,Cartimar,tomato,75,90,82.5,https://www.da.gov.ph/wp-content/uploads/2024/06/Price-Monitoring-June-1-2024.pdf
2024-06-03,Cartimar,ampalaya,130,160,145,https://www.da.gov.ph/wp-content/uploads/2024/06/Price-Monitoring-June-3-2024.pdf
2024-06-03,Cartimar,cabbage_scorpio,50,50,50,https://www.da.gov.ph/wp-content/uploads/2024/06/Price-Monitoring-June-3-2024.pdf
2024-06-03,Cartimar,pechay_baguio,70,70,70,https://www.da.gov.ph/wp-content/uploads/2024/06/Price-Monitoring-June-3-2024.pdf
2024-06-03,Cartimar,red_onion_local,90,100,95,https://www.da.gov.ph/wp-content/uploads/2024/06/Price-Monitoring-June-3-2024.pdf
2024-06-03,Cartimar,tilapia,150,160,155,https://www.da.gov.ph/wp-content/uploads/2024/06/Price-Monitoring-June-3-2024.pdf
2024-06-03,Cartimar,tomato,75,90,82.5,https://www.da.gov.ph/wp-content/uploads/2024/06/Price-Monitoring-June-3-2024.pdf
2024-06-04,Cartimar,ampalaya,130,160,145,https://www.da.gov.ph/wp-content/uploads/2024/06/Price-Monitoring-June-4-2024.pdf
2024-06-04,Cartimar,cabbage_scorpio,50,50,50,https://www.da.gov.ph/wp-content/uploads/2024/06/Price-Monitoring-June-4-2024.pdf
2024-06-04,Cartimar,red_onion_local,90,100,95,https://www.da.gov.ph/wp-content/uploads/2024/06/Price-Monitoring-June-4-2024.pdf
2024-06-04,Cartimar,tilapia,150,160,155,https://www.da.gov.ph/wp-content/uploads/2024/06/Price-Monitoring-June-4-2024.pdf
2024-06-04,Cartimar,tomato,75,90,82.5,https://www.da.gov.ph/wp-content/uploads/2024/06/Price-Monitoring-June-4-2024.pdf
2024-06-05,Cartimar,ampalaya,130,160,145,https://www.da.gov.ph/wp-content/uploads/2024/06/Price-Monitoring-June-5-2024.pdf
2024-06-05,Cartimar,cabbage_scorpio,50,50,50,https://www.da.gov.ph/wp-content/uploads/2024/06/Price-Monitoring-June-5-2024.pdf
2024-06-05,Cartimar,pechay_baguio,70,70,70,https://www.da.gov.ph/wp-content/uploads/2024/06/Price-Monitoring-June-5-2024.pdf
2024-06-05,Cartimar,red_onion_local,90,100,95,https://www.da.gov.ph/wp-content/uploads/2024/06/Price-Monitoring-June-5-2024.pdf
2024-06-05,Cartimar,tilapia,150,160,155,https://www.da.gov.ph/wp-content/uploads/2024/06/Price-Monitoring-June-5-2024.pdf
2024-06-05,Cartimar,tomato,70,90,80,https://www.da.gov.ph/wp-content/uploads/2024/06/Price-Monitoring-June-5-2024.pdf
2024-06-06,Cartimar,ampalaya,130,160,145,https://www.da.gov.ph/wp-content/uploads/2024/06/Price-Monitoring-June-6-2024.pdf
2024-06-06,Cartimar,cabbage_scorpio,50,50,50,https://www.da.gov.ph/wp-content/uploads/2024/06/Price-Monitoring-June-6-2024.pdf
2024-06-06,Cartimar,pechay_baguio,70,70,70,https://www.da.gov.ph/wp-content/uploads/2024/06/Price-Monitoring-June-6-2024.pdf
2024-06-06,Cartimar,red_onion_local,90,100,95,https://www.da.gov.ph/wp-content/uploads/2024/06/Price-Monitoring-June-6-2024.pdf
2024-06-06,Cartimar,tilapia,150,160,155,https://www.da.gov.ph/wp-content/uploads/2024/06/Price-Monitoring-June-6-2024.pdf
2024-06-06,Cartimar,tomato,70,90,80,https://www.da.gov.ph/wp-content/uploads/2024/06/Price-Monitoring-June-6-2024.pdf
2024-06-07,Cartimar,ampalaya,130,160,145,https://www.da.gov.ph/wp-content/uploads/2024/06/Price-Monitoring-June-7-2024.pdf
2024-06-07,Cartimar,cabbage_scorpio,50,50,50,https://www.da.gov.ph/wp-content/uploads/2024/06/Price-Monitoring-June-7-2024.pdf
2024-06-07,Cartimar,pechay_baguio,70,70,70,https://www.da.gov.ph/wp-content/uploads/2024/06/Price-Monitoring-June-7-2024.pdf
2024-06-07,Cartimar,red_onion_local,90,100,95,https://www.da.gov.ph/wp-content/uploads/2024/06/Price-Monitoring-June-7-2024.pdf
2024-06-07,Cartimar,tilapia,150,160,155,https://www.da.gov.ph/wp-content/uploads/2024/06/Price-Monitoring-June-7-2024.pdf
2024-06-07,Cartimar,tomato,70,90,80,https://www.da.gov.ph/wp-content/uploads/2024/06/Price-Monitoring-June-7-2024.pdf
2024-06-10,Cartimar,ampalaya,130,160,145,https://www.da.gov.ph/wp-content/uploads/2024/06/Price-Monitoring-June-10-2024.pdf
2024-06-10,Cartimar,cabbage_scorpio,65,70,67.5,https://www.da.gov.ph/wp-content/uploads/2024/06/Price-Monitoring-June-10-2024.pdf
2024-06-10,Cartimar,pechay_baguio,70,90,80,https://www.da.gov.ph/wp-content/uploads/2024/06/Price-Monitoring-June-10-2024.pdf
2024-06-10,Cartimar,red_onion_local,90,100,95,https://www.da.gov.ph/wp-content/uploads/2024/06/Price-Monitoring-June-10-2024.pdf
2024-06-10,Cartimar,tilapia,150,160,155,https://www.da.gov.ph/wp-content/uploads/2024/06/Price-Monitoring-June-10-2024.pdf
2024-06-10,Cartimar,tomato,75,100,87.5,https://www.da.gov.ph/wp-content/uploads/2024/06/Price-Monitoring-June-10-2024.pdf
2024-06-11,Cartimar,ampalaya,130,160,145,https://www.da.gov.ph/wp-content/uploads/2024/06/Price-Monitoring-June-11-2024.pdf
2024-06-11,Cartimar,cabbage_scorpio,50,70,60,https://www.da.gov.ph/wp-content/uploads/2024/06/Price-Monitoring-June-11-2024.pdf
2024-06-11,Cartimar,pechay_baguio,70,90,80,https://www.da.gov.ph/wp-content/uploads/2024/06/Price-Monitoring-June-11-2024.pdf
2024-06-11,Cartimar,red_onion_local,90,100,95,https://www.da.gov.ph/wp-content/uploads/2024/06/Price-Monitoring-June-11-2024.pdf
2024-06-11,Cartimar,tilapia,150,160,155,https://www.da.gov.ph/wp-content/uploads/2024/06/Price-Monitoring-June-11-2024.pdf
2024-06-11,Cartimar,tomato,75,100,87.5,https://www.da.gov.ph/wp-content/uploads/2024/06/Price-Monitoring-June-11-2024.pdf
2024-06-12,Cartimar,ampalaya,130,160,145,https://www.da.gov.ph/wp-content/uploads/2024/06/Price-Monitoring-June-12-2024.pdf
2024-06-12,Cartimar,cabbage_scorpio,70,70,70,https://www.da.gov.ph/wp-content/uploads/2024/06/Price-Monitoring-June-12-2024.pdf
2024-06-12,Cartimar,pechay_baguio,70,90,80,https://www.da.gov.ph/wp-content/uploads/2024/06/Price-Monitoring-June-12-2024.pdf
2024-06-12,Cartimar,red_onion_local,90,100,95,https://www.da.gov.ph/wp-content/uploads/2024/06/Price-Monitoring-June-12-2024.pdf
2024-06-12,Cartimar,tilapia,150,160,155,https://www.da.gov.ph/wp-content/uploads/2024/06/Price-Monitoring-June-12-2024.pdf
2024-06-12,Cartimar,tomato,75,100,87.5,https://www.da.gov.ph/wp-content/uploads/2024/06/Price-Monitoring-June-12-2024.pdf
2024-06-13,Cartimar,ampalaya,130,160,145,https://www.da.gov.ph/wp-content/uploads/2024/06/Price-Monitoring-June-13-2024.pdf
2024-06-13,Cartimar,cabbage_scorpio,50,70,60,https://www.da.gov.ph/wp-content/uploads/2024/06/Price-Monitoring-June-13-2024.pdf
2024-06-13,Cartimar,pechay_baguio,70,90,80,https://www.da.gov.ph/wp-content/uploads/2024/06/Price-Monitoring-June-13-2024.pdf
2024-06-13,Cartimar,red_onion_local,90,100,95,https://www.da.gov.ph/wp-content/uploads/2024/06/Price-Monitoring-June-13-2024.pdf
2024-06-13,Cartimar,tilapia,150,160,155,https://www.da.gov.ph/wp-content/uploads/2024/06/Price-Monitoring-June-13-2024.pdf
2024-06-13,Cartimar,tomato,75,100,87.5,https://www.da.gov.ph/wp-content/uploads/2024/06/Price-Monitoring-June-13-2024.pdf
2024-06-14,Cartimar,ampalaya,130,140,135,https://www.da.gov.ph/wp-content/uploads/2024/06/Price-Monitoring-June-14-2024.pdf
2024-06-14,Cartimar,cabbage_scorpio,65,70,67.5,https://www.da.gov.ph/wp-content/uploads/2024/06/Price-Monitoring-June-14-2024.pdf
2024-06-14,Cartimar,pechay_baguio,90,100,95,https://www.da.gov.ph/wp-content/uploads/2024/06/Price-Monitoring-June-14-2024.pdf
2024-06-14,Cartimar,red_onion_local,90,100,95,https://www.da.gov.ph/wp-content/uploads/2024/06/Price-Monitoring-June-14-2024.pdf
2024-06-14,Cartimar,tilapia,150,160,155,https://www.da.gov.ph/wp-content/uploads/2024/06/Price-Monitoring-June-14-2024.pdf
2024-06-14,Cartimar,tomato,75,90,82.5,https://www.da.gov.ph/wp-content/uploads/2024/06/Price-Monitoring-June-14-2024.pdf
2024-06-15,Cartimar,ampalaya,130,140,135,https://www.da.gov.ph/wp-content/uploads/2024/06/Price-Monitoring-June-15-2024.pdf
2024-06-15,Cartimar,cabbage_scorpio,65,70,67.5,https://www.da.gov.ph/wp-content/uploads/2024/06/Price-Monitoring-June-15-2024.pdf
2024-06-15,Cartimar,pechay_baguio,90,100,95,https://www.da.gov.ph/wp-content/uploads/2024/06/Price-Monitoring-June-15-2024.pdf
2024-06-15,Cartimar,red_onion_local,90,100,95,https://www.da.gov.ph/wp-content/uploads/2024/06/Price-Monitoring-June-15-2024.pdf
2024-06-15,Cartimar,tilapia,150,160,155,https://www.da.gov.ph/wp-content/uploads/2024/06/Price-Monitoring-June-15-2024.pdf
2024-06-15,Cartimar,tomato,75,90,82.5,https://www.da.gov.ph/wp-content/uploads/2024/06/Price-Monitoring-June-15-2024.pdf
2024-06-17,Cartimar,ampalaya,130,150,140,https://www.da.gov.ph/wp-content/uploads/2024/06/Price-Monitoring-June-17-2024.pdf
2024-06-17,Cartimar,cabbage_rareball,45,50,47.5,https://www.da.gov.ph/wp-content/uploads/2024/06/Price-Monitoring-June-17-2024.pdf
2024-06-17,Cartimar,pechay_baguio,80,100,90,https://www.da.gov.ph/wp-content/uploads/2024/06/Price-Monitoring-June-17-2024.pdf
2024-06-17,Cartimar,red_onion_local,90,100,95,https://www.da.gov.ph/wp-content/uploads/2024/06/Price-Monitoring-June-17-2024.pdf
2024-06-17,Cartimar,tilapia,150,160,155,https://www.da.gov.ph/wp-content/uploads/2024/06/Price-Monitoring-June-17-2024.pdf
2024-06-17,Cartimar,tomato,90,100,95,https://www.da.gov.ph/wp-content/uploads/2024/06/Price-Monitoring-June-17-2024.pdf
2024-06-18,Cartimar,ampalaya,130,150,140,https://www.da.gov.ph/wp-content/uploads/2024/06/Price-Monitoring-June-18-2024.pdf
2024-06-18,Cartimar,cabbage_rareball,45,50,47.5,https://www.da.gov.ph/wp-content/uploads/2024/06/Price-Monitoring-June-18-2024.pdf
2024-06-18,Cartimar,pechay_baguio,80,100,90,https://www.da.gov.ph/wp-content/uploads/2024/06/Price-Monitoring-June-18-2024.pdf
2024-06-18,Cartimar,red_onion_local,90,100,95,https://www.da.gov.ph/wp-content/uploads/2024/06/Price-Monitoring-June-18-2024.pdf
2024-06-18,Cartimar,tilapia,150,160,155,https://www.da.gov.ph/wp-content/uploads/2024/06/Price-Monitoring-June-18-2024.pdf
2024-06-18,Cartimar,tomato,90,110,100,https://www.da.gov.ph/wp-content/uploads/2024/06/Price-Monitoring-June-18-2024.pdf
2024-06-19,Cartimar,ampalaya,130,150,140,https://www.da.gov.ph/wp-content/uploads/2024/06/Price-Monitoring-June-19-2024.pdf
2024-06-19,Cartimar,cabbage_rareball,45,50,47.5,https://www.da.gov.ph/wp-content/uploads/2024/06/Price-Monitoring-June-19-2024.pdf
2024-06-19,Cartimar,pechay_baguio,80,100,90,https://www.da.gov.ph/wp-content/uploads/2024/06/Price-Monitoring-June-19-2024.pdf
2024-06-19,Cartimar,red_onion_local,90,100,95,https://www.da.gov.ph/wp-content/uploads/2024/06/Price-Monitoring-June-19-2024.pdf
2024-06-19,Cartimar,tilapia,150,160,155,https://www.da.gov.ph/wp-content/uploads/2024/06/Price-Monitoring-June-19-2024.pdf
2024-06-19,Cartimar,tomato,90,120,105,https://www.da.gov.ph/wp-content/uploads/2024/06/Price-Monitoring-June-19-2024.pdf
2024-06-20,Cartimar,ampalaya,130,150,140,https://www.da.gov.ph/wp-content/uploads/2024/06/Price-Monitoring-June-20-2024.pdf
2024-06-20,Cartimar,cabbage_rareball,45,50,47.5,https://www.da.gov.ph/wp-content/uploads/2024/06/Price-Monitoring-June-20-2024.pdf
2024-06-20,Cartimar,pechay_baguio,80,100,90,https://www.da.gov.ph/wp-content/uploads/2024/06/Price-Monitoring-June-20-2024.pdf
2024-06-20,Cartimar,red_onion_local,90,100,95,https://www.da.gov.ph/wp-content/uploads/2024/06/Price-Monitoring-June-20-2024.pdf
2024-06-20,Cartimar,tilapia,150,160,155,https://www.da.gov.ph/wp-content/uploads/2024/06/Price-Monitoring-June-20-2024.pdf
2024-06-20,Cartimar,tomato,90,120,105,https://www.da.gov.ph/wp-content/uploads/2024/06/Price-Monitoring-June-20-2024.pdf
2024-06-21,Cartimar,ampalaya,130,150,140,https://www.da.gov.ph/wp-content/uploads/2024/06/Price-Monitoring-June-21-2024.pdf
2024-06-21,Cartimar,cabbage_rareball,45,50,47.5,https://www.da.gov.ph/wp-content/uploads/2024/06/Price-Monitoring-June-21-2024.pdf
2024-06-21,Cartimar,pechay_baguio,80,100,90,https://www.da.gov.ph/wp-content/uploads/2024/06/Price-Monitoring-June-21-2024.pdf
2024-06-21,Cartimar,red_onion_local,90,100,95,https://www.da.gov.ph/wp-content/uploads/2024/06/Price-Monitoring-June-21-2024.pdf
2024-06-21,Cartimar,tilapia,150,160,155,https://www.da.gov.ph/wp-content/uploads/2024/06/Price-Monitoring-June-21-2024.pdf
2024-06-21,Cartimar,tomato,90,120,105,https://www.da.gov.ph/wp-content/uploads/2024/06/Price-Monitoring-June-21-2024.pdf
2024-06-22,Cartimar,ampalaya,130,150,140,https://www.da.gov.ph/wp-content/uploads/2024/06/Price-Monitoring-June-22-2024.pdf
2024-06-22,Cartimar,cabbage_rareball,45,50,47.5,https://www.da.gov.ph/wp-content/uploads/2024/06/Price-Monitoring-June-22-2024.pdf
2024-06-22,Cartimar,pechay_baguio,80,100,90,https://www.da.gov.ph/wp-content/uploads/2024/06/Price-Monitoring-June-22-2024.pdf
2024-06-22,Cartimar,red_onion_local,90,100,95,https://www.da.gov.ph/wp-content/uploads/2024/06/Price-Monitoring-June-22-2024.pdf
2024-06-22,Cartimar,tilapia,150,160,155,https://www.da.gov.ph/wp-content/uploads/2024/06/Price-Monitoring-June-22-2024.pdf
2024-06-22,Cartimar,tomato,90,120,105,https://www.da.gov.ph/wp-content/uploads/2024/06/Price-Monitoring-June-22-2024.pdf
2024-06-24,Cartimar,ampalaya,110,150,130,https://www.da.gov.ph/wp-content/uploads/2024/06/Price-Monitoring-June-24-2024.pdf
2024-06-24,Cartimar,cabbage_scorpio,55,60,57.5,https://www.da.gov.ph/wp-content/uploads/2024/06/Price-Monitoring-June-24-2024.pdf
2024-06-24,Cartimar,pechay_baguio,80,100,90,https://www.da.gov.ph/wp-content/uploads/2024/06/Price-Monitoring-June-24-2024.pdf
2024-06-24,Cartimar,red_onion_local,90,100,95,https://www.da.gov.ph/wp-content/uploads/2024/06/Price-Monitoring-June-24-2024.pdf
2024-06-24,Cartimar,tilapia,150,160,155,https://www.da.gov.ph/wp-content/uploads/2024/06/Price-Monitoring-June-24-2024.pdf
2024-06-24,Cartimar,tomato,110,130,120,https://www.da.gov.ph/wp-content/uploads/2024/06/Price-Monitoring-June-24-2024.pdf
2024-06-25,Cartimar,ampalaya,110,150,130,https://www.da.gov.ph/wp-content/uploads/2024/06/Price-Monitoring-June-25-2024.pdf
2024-06-25,Cartimar,cabbage_scorpio,60,60,60,https://www.da.gov.ph/wp-content/uploads/2024/06/Price-Monitoring-June-25-2024.pdf
2024-06-25,Cartimar,pechay_baguio,80,100,90,https://www.da.gov.ph/wp-content/uploads/2024/06/Price-Monitoring-June-25-2024.pdf
2024-06-25,Cartimar,red_onion_local,90,100,95,https://www.da.gov.ph/wp-content/uploads/2024/06/Price-Monitoring-June-25-2024.pdf
2024-06-25,Cartimar,tilapia,150,160,155,https://www.da.gov.ph/wp-content/uploads/2024/06/Price-Monitoring-June-25-2024.pdf
2024-06-25,Cartimar,tomato,110,130,120,https://www.da.gov.ph/wp-content/uploads/2024/06/Price-Monitoring-June-25-2024.pdf
2024-06-26,Cartimar,ampalaya,120,140,130,https://www.da.gov.ph/wp-content/uploads/2024/06/Price-Monitoring-June-26-2024.pdf
2024-06-26,Cartimar,cabbage_scorpio,70,75,72.5,https://www.da.gov.ph/wp-content/uploads/2024/06/Price-Monitoring-June-26-2024.pdf
2024-06-26,Cartimar,pechay_baguio,80,90,85,https://www.da.gov.ph/wp-content/uploads/2024/06/Price-Monitoring-June-26-2024.pdf
2024-06-26,Cartimar,red_onion_local,90,100,95,https://www.da.gov.ph/wp-content/uploads/2024/06/Price-Monitoring-June-26-2024.pdf
2024-06-26,Cartimar,tilapia,150,160,155,https://www.da.gov.ph/wp-content/uploads/2024/06/Price-Monitoring-June-26-2024.pdf
2024-06-26,Cartimar,tomato,130,150,140,https://www.da.gov.ph/wp-content/uploads/2024/06/Price-Monitoring-June-26-2024.pdf
2024-06-27,Cartimar,ampalaya,120,140,130,https://www.da.gov.ph/wp-content/uploads/2024/06/Price-Monitoring-June-27-2024.pdf
2024-06-27,Cartimar,cabbage_scorpio,70,75,72.5,https://www.da.gov.ph/wp-content/uploads/2024/06/Price-Monitoring-June-27-2024.pdf
2024-06-27,Cartimar,pechay_baguio,80,90,85,https://www.da.gov.ph/wp-content/uploads/2024/06/Price-Monitoring-June-27-2024.pdf
2024-06-27,Cartimar,red_onion_local,90,100,95,https://www.da.gov.ph/wp-content/uploads/2024/06/Price-Monitoring-June-27-2024.pdf
2024-06-27,Cartimar,tilapia,150,160,155,https://www.da.gov.ph/wp-content/uploads/2024/06/Price-Monitoring-June-27-2024.pdf
2024-06-27,Cartimar,tomato,130,150,140,https://www.da.gov.ph/wp-content/uploads/2024/06/Price-Monitoring-June-27-2024.pdf
2024-06-28,Cartimar,ampalaya,110,140,125,https://www.da.gov.ph/wp-content/uploads/2024/07/Price-Monitoring-June-28-2024.pdf
2024-06-28,Cartimar,cabbage_scorpio,50,65,57.5,https://www.da.gov.ph/wp-content/uploads/2024/07/Price-Monitoring-June-28-2024.pdf
2024-06-28,Cartimar,pechay_baguio,80,90,85,https://www.da.gov.ph/wp-content/uploads/2024/07/Price-Monitoring-June-28-2024.pdf
2024-06-28,Cartimar,red_onion_local,90,100,95,https://www.da.gov.ph/wp-content/uploads/2024/07/Price-Monitoring-June-28-2024.pdf
2024-06-28,Cartimar,tilapia,150,160,155,https://www.da.gov.ph/wp-content/uploads/2024/07/Price-Monitoring-June-28-2024.pdf
2024-06-28,Cartimar,tomato,130,150,140,https://www.da.gov.ph/wp-content/uploads/2024/07/Price-Monitoring-June-28-2024.pdf
2024-06-29,Cartimar,ampalaya,110,140,125,https://www.da.gov.ph/wp-content/uploads/2024/07/Price-Monitoring-June-29-2024.pdf
2024-06-29,Cartimar,cabbage_scorpio,50,65,57.5,https://www.da.gov.ph/wp-content/uploads/2024/07/Price-Monitoring-June-29-2024.pdf
2024-06-29,Cartimar,pechay_baguio,80,90,85,https://www.da.gov.ph/wp-content/uploads/2024/07/Price-Monitoring-June-29-2024.pdf
2024-06-29,Cartimar,red_onion_local,90,100,95,https://www.da.gov.ph/wp-content/uploads/2024/07/Price-Monitoring-June-29-2024.pdf
2024-06-29,Cartimar,tilapia,150,160,155,https://www.da.gov.ph/wp-content/uploads/2024/07/Price-Monitoring-June-29-2024.pdf
2024-06-29,Cartimar,tomato,130,150,140,https://www.da.gov.ph/wp-content/uploads/2024/07/Price-Monitoring-June-29-2024.pdf
2024-07-01,Cartimar,ampalaya,100,140,120,https://www.da.gov.ph/wp-content/uploads/2024/07/Price-Monitoring-July-1-2024.pdf
2024-07-01,Cartimar,cabbage_scorpio,50,70,60,https://www.da.gov.ph/wp-content/uploads/2024/07/Price-Monitoring-July-1-2024.pdf
2024-07-01,Cartimar,pechay_baguio,55,80,67.5,https://www.da.gov.ph/wp-content/uploads/2024/07/Price-Monitoring-July-1-2024.pdf
2024-07-01,Cartimar,red_onion_local,90,120,105,https://www.da.gov.ph/wp-content/uploads/2024/07/Price-Monitoring-July-1-2024.pdf
2024-07-01,Cartimar,tilapia,150,160,155,https://www.da.gov.ph/wp-content/uploads/2024/07/Price-Monitoring-July-1-2024.pdf
2024-07-01,Cartimar,tomato,130,170,150,https://www.da.gov.ph/wp-content/uploads/2024/07/Price-Monitoring-July-1-2024.pdf
2024-07-02,Cartimar,ampalaya,100,140,120,https://www.da.gov.ph/wp-content/uploads/2024/07/Price-Monitoring-July-2-2024.pdf
2024-07-02,Cartimar,cabbage_scorpio,50,70,60,https://www.da.gov.ph/wp-content/uploads/2024/07/Price-Monitoring-July-2-2024.pdf
2024-07-02,Cartimar,pechay_baguio,55,80,67.5,https://www.da.gov.ph/wp-content/uploads/2024/07/Price-Monitoring-July-2-2024.pdf
2024-07-02,Cartimar,red_onion_local,90,120,105,https://www.da.gov.ph/wp-content/uploads/2024/07/Price-Monitoring-July-2-2024.pdf
2024-07-02,Cartimar,tilapia,150,160,155,https://www.da.gov.ph/wp-content/uploads/2024/07/Price-Monitoring-July-2-2024.pdf
2024-07-02,Cartimar,tomato,130,170,150,https://www.da.gov.ph/wp-content/uploads/2024/07/Price-Monitoring-July-2-2024.pdf
2024-07-03,Cartimar,ampalaya,110,150,130,https://www.da.gov.ph/wp-content/uploads/2024/07/Price-Monitoring-July-3-2024.pdf
2024-07-03,Cartimar,pechay_baguio,55,80,67.5,https://www.da.gov.ph/wp-content/uploads/2024/07/Price-Monitoring-July-3-2024.pdf
2024-07-03,Cartimar,red_onion_local,90,120,105,https://www.da.gov.ph/wp-content/uploads/2024/07/Price-Monitoring-July-3-2024.pdf
2024-07-03,Cartimar,tilapia,150,160,155,https://www.da.gov.ph/wp-content/uploads/2024/07/Price-Monitoring-July-3-2024.pdf
2024-07-03,Cartimar,tomato,140,180,160,https://www.da.gov.ph/wp-content/uploads/2024/07/Price-Monitoring-July-3-2024.pdf
2024-07-04,Cartimar,ampalaya,110,150,130,https://www.da.gov.ph/wp-content/uploads/2024/07/Price-Monitoring-July-4-2024.pdf
2024-07-04,Cartimar,pechay_baguio,55,80,67.5,https://www.da.gov.ph/wp-content/uploads/2024/07/Price-Monitoring-July-4-2024.pdf
2024-07-04,Cartimar,red_onion_local,90,120,105,https://www.da.gov.ph/wp-content/uploads/2024/07/Price-Monitoring-July-4-2024.pdf
2024-07-04,Cartimar,tilapia,150,160,155,https://www.da.gov.ph/wp-content/uploads/2024/07/Price-Monitoring-July-4-2024.pdf
2024-07-04,Cartimar,tomato,140,180,160,https://www.da.gov.ph/wp-content/uploads/2024/07/Price-Monitoring-July-4-2024.pdf
2024-07-05,Cartimar,ampalaya,110,140,125,https://www.da.gov.ph/wp-content/uploads/2024/07/Price-Monitoring-July-5-2024.pdf
2024-07-05,Cartimar,cabbage_scorpio,50,55,52.5,https://www.da.gov.ph/wp-content/uploads/2024/07/Price-Monitoring-July-5-2024.pdf
2024-07-05,Cartimar,pechay_baguio,60,80,70,https://www.da.gov.ph/wp-content/uploads/2024/07/Price-Monitoring-July-5-2024.pdf
2024-07-05,Cartimar,red_onion_local,90,120,105,https://www.da.gov.ph/wp-content/uploads/2024/07/Price-Monitoring-July-5-2024.pdf
2024-07-05,Cartimar,tilapia,150,160,155,https://www.da.gov.ph/wp-content/uploads/2024/07/Price-Monitoring-July-5-2024.pdf
2024-07-05,Cartimar,tomato,160,200,180,https://www.da.gov.ph/wp-content/uploads/2024/07/Price-Monitoring-July-5-2024.pdf
2024-07-06,Cartimar,ampalaya,110,140,125,https://www.da.gov.ph/wp-content/uploads/2024/07/Price-Monitoring-July-6-2024.pdf
2024-07-06,Cartimar,cabbage_scorpio,50,55,52.5,https://www.da.gov.ph/wp-content/uploads/2024/07/Price-Monitoring-July-6-2024.pdf
2024-07-06,Cartimar,pechay_baguio,60,80,70,https://www.da.gov.ph/wp-content/uploads/2024/07/Price-Monitoring-July-6-2024.pdf
2024-07-06,Cartimar,red_onion_local,90,120,105,https://www.da.gov.ph/wp-content/uploads/2024/07/Price-Monitoring-July-6-2024.pdf
2024-07-06,Cartimar,tilapia,150,160,155,https://www.da.gov.ph/wp-content/uploads/2024/07/Price-Monitoring-July-6-2024.pdf
2024-07-06,Cartimar,tomato,160,200,180,https://www.da.gov.ph/wp-content/uploads/2024/07/Price-Monitoring-July-6-2024.pdf
2024-07-08,Cartimar,ampalaya,110,140,125,https://www.da.gov.ph/wp-content/uploads/2024/07/Price-Monitoring-July-8-2024.pdf
2024-07-08,Cartimar,cabbage_scorpio,50,60,55,https://www.da.gov.ph/wp-content/uploads/2024/07/Price-Monitoring-July-8-2024.pdf
2024-07-08,Cartimar,pechay_baguio,60,70,65,https://www.da.gov.ph/wp-content/uploads/2024/07/Price-Monitoring-July-8-2024.pdf
2024-07-08,Cartimar,red_onion_local,90,120,105,https://www.da.gov.ph/wp-content/uploads/2024/07/Price-Monitoring-July-8-2024.pdf
2024-07-08,Cartimar,tilapia,150,160,155,https://www.da.gov.ph/wp-content/uploads/2024/07/Price-Monitoring-July-8-2024.pdf
2024-07-08,Cartimar,tomato,180,200,190,https://www.da.gov.ph/wp-content/uploads/2024/07/Price-Monitoring-July-8-2024.pdf
2024-07-09,Cartimar,ampalaya,110,140,125,https://www.da.gov.ph/wp-content/uploads/2024/07/Price-Monitoring-July-9-2024.pdf
2024-07-09,Cartimar,cabbage_scorpio,50,60,55,https://www.da.gov.ph/wp-content/uploads/2024/07/Price-Monitoring-July-9-2024.pdf
2024-07-09,Cartimar,pechay_baguio,60,70,65,https://www.da.gov.ph/wp-content/uploads/2024/07/Price-Monitoring-July-9-2024.pdf
2024-07-09,Cartimar,red_onion_local,90,120,105,https://www.da.gov.ph/wp-content/uploads/2024/07/Price-Monitoring-July-9-2024.pdf
2024-07-09,Cartimar,tilapia,150,160,155,https://www.da.gov.ph/wp-content/uploads/2024/07/Price-Monitoring-July-9-2024.pdf
2024-07-09,Cartimar,tomato,180,200,190,https://www.da.gov.ph/wp-content/uploads/2024/07/Price-Monitoring-July-9-2024.pdf
2024-07-10,Cartimar,ampalaya,120,150,135,https://www.da.gov.ph/wp-content/uploads/2024/07/Price-Monitoring-July-10-2024.pdf
2024-07-10,Cartimar,cabbage_scorpio,50,60,55,https://www.da.gov.ph/wp-content/uploads/2024/07/Price-Monitoring-July-10-2024.pdf
2024-07-10,Cartimar,pechay_baguio,60,70,65,https://www.da.gov.ph/wp-content/uploads/2024/07/Price-Monitoring-July-10-2024.pdf
2024-07-10,Cartimar,red_onion_local,90,120,105,https://www.da.gov.ph/wp-content/uploads/2024/07/Price-Monitoring-July-10-2024.pdf
2024-07-10,Cartimar,tilapia,150,160,155,https://www.da.gov.ph/wp-content/uploads/2024/07/Price-Monitoring-July-10-2024.pdf
2024-07-10,Cartimar,tomato,170,200,185,https://www.da.gov.ph/wp-content/uploads/2024/07/Price-Monitoring-July-10-2024.pdf
2024-07-11,Cartimar,ampalaya,120,150,135,https://www.da.gov.ph/wp-content/uploads/2024/07/Price-Monitoring-July-11-2024.pdf
2024-07-11,Cartimar,cabbage_scorpio,50,60,55,https://www.da.gov.ph/wp-content/uploads/2024/07/Price-Monitoring-July-11-2024.pdf
2024-07-11,Cartimar,pechay_baguio,60,70,65,https://www.da.gov.ph/wp-content/uploads/2024/07/Price-Monitoring-July-11-2024.pdf
2024-07-11,Cartimar,red_onion_local,90,120,105,https://www.da.gov.ph/wp-content/uploads/2024/07/Price-Monitoring-July-11-2024.pdf
2024-07-11,Cartimar,tilapia,150,160,155,https://www.da.gov.ph/wp-content/uploads/2024/07/Price-Monitoring-July-11-2024.pdf
2024-07-11,Cartimar,tomato,170,200,185,https://www.da.gov.ph/wp-content/uploads/2024/07/Price-Monitoring-July-11-2024.pdf
2024-07-12,Cartimar,ampalaya,100,150,125,https://www.da.gov.ph/wp-content/uploads/2024/07/Price-Monitoring-July-12-2024.pdf
2024-07-12,Cartimar,cabbage_scorpio,45,50,47.5,https://www.da.gov.ph/wp-content/uploads/2024/07/Price-Monitoring-July-12-2024.pdf
2024-07-12,Cartimar,pechay_baguio,60,70,65,https://www.da.gov.ph/wp-content/uploads/2024/07/Price-Monitoring-July-12-2024.pdf
2024-07-12,Cartimar,red_onion_local,90,120,105,https://www.da.gov.ph/wp-content/uploads/2024/07/Price-Monitoring-July-12-2024.pdf
2024-07-12,Cartimar,tilapia,150,160,155,https://www.da.gov.ph/wp-content/uploads/2024/07/Price-Monitoring-July-12-2024.pdf
2024-07-12,Cartimar,tomato,160,190,175,https://www.da.gov.ph/wp-content/uploads/2024/07/Price-Monitoring-July-12-2024.pdf
2024-07-15,Cartimar,ampalaya,100,150,125,https://www.da.gov.ph/wp-content/uploads/2024/07/Price-Monitoring-July-15-2024.pdf
2024-07-15,Cartimar,cabbage_scorpio,45,50,47.5,https://www.da.gov.ph/wp-content/uploads/2024/07/Price-Monitoring-July-15-2024.pdf
2024-07-15,Cartimar,pechay_baguio,60,70,65,https://www.da.gov.ph/wp-content/uploads/2024/07/Price-Monitoring-July-15-2024.pdf
2024-07-15,Cartimar,red_onion_local,90,120,105,https://www.da.gov.ph/wp-content/uploads/2024/07/Price-Monitoring-July-15-2024.pdf
2024-07-15,Cartimar,tilapia,150,160,155,https://www.da.gov.ph/wp-content/uploads/2024/07/Price-Monitoring-July-15-2024.pdf
2024-07-15,Cartimar,tomato,190,200,195,https://www.da.gov.ph/wp-content/uploads/2024/07/Price-Monitoring-July-15-2024.pdf
2024-07-16,Cartimar,ampalaya,100,140,120,https://www.da.gov.ph/wp-content/uploads/2024/07/Price-Monitoring-July-16-2024.pdf
2024-07-16,Cartimar,cabbage_scorpio,45,50,47.5,https://www.da.gov.ph/wp-content/uploads/2024/07/Price-Monitoring-July-16-2024.pdf
2024-07-16,Cartimar,pechay_baguio,60,70,65,https://www.da.gov.ph/wp-content/uploads/2024/07/Price-Monitoring-July-16-2024.pdf
2024-07-16,Cartimar,red_onion_local,90,120,105,https://www.da.gov.ph/wp-content/uploads/2024/07/Price-Monitoring-July-16-2024.pdf
2024-07-16,Cartimar,tilapia,150,160,155,https://www.da.gov.ph/wp-content/uploads/2024/07/Price-Monitoring-July-16-2024.pdf
2024-07-16,Cartimar,tomato,190,210,200,https://www.da.gov.ph/wp-content/uploads/2024/07/Price-Monitoring-July-16-2024.pdf
2024-07-17,Cartimar,ampalaya,100,140,120,https://www.da.gov.ph/wp-content/uploads/2024/07/Price-Monitoring-July-17-2024.pdf
2024-07-17,Cartimar,cabbage_rareball,0,0,0,https://www.da.gov.ph/wp-content/uploads/2024/07/Price-Monitoring-July-17-2024.pdf
2024-07-17,Cartimar,cabbage_scorpio,45,50,47.5,https://www.da.gov.ph/wp-content/uploads/2024/07/Price-Monitoring-July-17-2024.pdf
2024-07-17,Cartimar,pechay_baguio,60,70,65,https://www.da.gov.ph/wp-content/uploads/2024/07/Price-Monitoring-July-17-2024.pdf
2024-07-17,Cartimar,red_onion_local,90,120,105,https://www.da.gov.ph/wp-content/uploads/2024/07/Price-Monitoring-July-17-2024.pdf
2024-07-17,Cartimar,tilapia,150,160,155,https://www.da.gov.ph/wp-content/uploads/2024/07/Price-Monitoring-July-17-2024.pdf
2024-07-17,Cartimar,tomato,190,210,200,https://www.da.gov.ph/wp-content/uploads/2024/07/Price-Monitoring-July-17-2024.pdf
2024-07-18,Cartimar,ampalaya,100,130,115,https://www.da.gov.ph/wp-content/uploads/2024/07/Price-Monitoring-July-18-2024.pdf
2024-07-18,Cartimar,cabbage_scorpio,45,50,47.5,https://www.da.gov.ph/wp-content/uploads/2024/07/Price-Monitoring-July-18-2024.pdf
2024-07-18,Cartimar,pechay_baguio,60,70,65,https://www.da.gov.ph/wp-content/uploads/2024/07/Price-Monitoring-July-18-2024.pdf
2024-07-18,Cartimar,red_onion_local,90,120,105,https://www.da.gov.ph/wp-content/uploads/2024/07/Price-Monitoring-July-18-2024.pdf
2024-07-18,Cartimar,tilapia,150,160,155,https://www.da.gov.ph/wp-content/uploads/2024/07/Price-Monitoring-July-18-2024.pdf
2024-07-18,Cartimar,tomato,190,200,195,https://www.da.gov.ph/wp-content/uploads/2024/07/Price-Monitoring-July-18-2024.pdf
2024-07-19,Cartimar,ampalaya,100,130,115,https://www.da.gov.ph/wp-content/uploads/2024/07/Price-Monitoring-July-19-2024.pdf
2024-07-19,Cartimar,cabbage_scorpio,45,50,47.5,https://www.da.gov.ph/wp-content/uploads/2024/07/Price-Monitoring-July-19-2024.pdf
2024-07-19,Cartimar,pechay_baguio,60,70,65,https://www.da.gov.ph/wp-content/uploads/2024/07/Price-Monitoring-July-19-2024.pdf
2024-07-19,Cartimar,red_onion_local,90,120,105,https://www.da.gov.ph/wp-content/uploads/2024/07/Price-Monitoring-July-19-2024.pdf
2024-07-19,Cartimar,tilapia,150,160,155,https://www.da.gov.ph/wp-content/uploads/2024/07/Price-Monitoring-July-19-2024.pdf
2024-07-19,Cartimar,tomato,170,200,185,https://www.da.gov.ph/wp-content/uploads/2024/07/Price-Monitoring-July-19-2024.pdf
2024-07-20,Cartimar,ampalaya,100,130,115,https://www.da.gov.ph/wp-content/uploads/2024/07/Price-Monitoring-July-20-2024.pdf
2024-07-20,Cartimar,cabbage_scorpio,45,50,47.5,https://www.da.gov.ph/wp-content/uploads/2024/07/Price-Monitoring-July-20-2024.pdf
2024-07-20,Cartimar,pechay_baguio,60,70,65,https://www.da.gov.ph/wp-content/uploads/2024/07/Price-Monitoring-July-20-2024.pdf
2024-07-20,Cartimar,red_onion_local,90,120,105,https://www.da.gov.ph/wp-content/uploads/2024/07/Price-Monitoring-July-20-2024.pdf
2024-07-20,Cartimar,tilapia,150,160,155,https://www.da.gov.ph/wp-content/uploads/2024/07/Price-Monitoring-July-20-2024.pdf
2024-07-20,Cartimar,tomato,170,200,185,https://www.da.gov.ph/wp-content/uploads/2024/07/Price-Monitoring-July-20-2024.pdf
2024-07-22,Cartimar,ampalaya,100,130,115,https://www.da.gov.ph/wp-content/uploads/2024/07/Price-Monitoring-July-22-2024.pdf
2024-07-22,Cartimar,cabbage_scorpio,45,50,47.5,https://www.da.gov.ph/wp-content/uploads/2024/07/Price-Monitoring-July-22-2024.pdf
2024-07-22,Cartimar,pechay_baguio,60,70,65,https://www.da.gov.ph/wp-content/uploads/2024/07/Price-Monitoring-July-22-2024.pdf
2024-07-22,Cartimar,red_onion_local,90,120,105,https://www.da.gov.ph/wp-content/uploads/2024/07/Price-Monitoring-July-22-2024.pdf
2024-07-22,Cartimar,tilapia,150,160,155,https://www.da.gov.ph/wp-content/uploads/2024/07/Price-Monitoring-July-22-2024.pdf
2024-07-22,Cartimar,tomato,170,200,185,https://www.da.gov.ph/wp-content/uploads/2024/07/Price-Monitoring-July-22-2024.pdf
2024-07-23,Cartimar,ampalaya,90,120,105,https://www.da.gov.ph/wp-content/uploads/2024/07/Price-Monitoring-July-23-2024.pdf
2024-07-23,Cartimar,cabbage_scorpio,40,50,45,https://www.da.gov.ph/wp-content/uploads/2024/07/Price-Monitoring-July-23-2024.pdf
2024-07-23,Cartimar,pechay_baguio,40,60,50,https://www.da.gov.ph/wp-content/uploads/2024/07/Price-Monitoring-July-23-2024.pdf
2024-07-23,Cartimar,red_onion_local,90,120,105,https://www.da.gov.ph/wp-content/uploads/2024/07/Price-Monitoring-July-23-2024.pdf
2024-07-23,Cartimar,tilapia,150,160,155,https://www.da.gov.ph/wp-content/uploads/2024/07/Price-Monitoring-July-23-2024.pdf
2024-07-23,Cartimar,tomato,170,200,185,https://www.da.gov.ph/wp-content/uploads/2024/07/Price-Monitoring-July-23-2024.pdf
2024-07-26,Cartimar,ampalaya,90,120,105,https://www.da.gov.ph/wp-content/uploads/2024/07/Price-Monitoring-July-26-2024.pdf
2024-07-26,Cartimar,cabbage_scorpio,40,50,45,https://www.da.gov.ph/wp-content/uploads/2024/07/Price-Monitoring-July-26-2024.pdf
2024-07-26,Cartimar,cabbage_wonderball,150,185,167.5,https://www.da.gov.ph/wp-content/uploads/2024/07/Price-Monitoring-July-26-2024.pdf
2024-07-26,Cartimar,pechay_baguio,40,50,45,https://www.da.gov.ph/wp-content/uploads/2024/07/Price-Monitoring-July-26-2024.pdf
2024-07-26,Cartimar,tilapia,150,160,155,https://www.da.gov.ph/wp-content/uploads/2024/07/Price-Monitoring-July-26-2024.pdf
2024-07-26,Cartimar,tomato,170,200,185,https://www.da.gov.ph/wp-content/uploads/2024/07/Price-Monitoring-July-26-2024.pdf
2024-07-27,Cartimar,ampalaya,90,120,105,https://www.da.gov.ph/wp-content/uploads/2024/07/Price-Monitoring-July-27-2024.pdf
2024-07-27,Cartimar,cabbage_scorpio,40,50,45,https://www.da.gov.ph/wp-content/uploads/2024/07/Price-Monitoring-July-27-2024.pdf
2024-07-27,Cartimar,pechay_baguio,40,60,50,https://www.da.gov.ph/wp-content/uploads/2024/07/Price-Monitoring-July-27-2024.pdf
2024-07-27,Cartimar,red_onion_local,90,120,105,https://www.da.gov.ph/wp-content/uploads/2024/07/Price-Monitoring-July-27-2024.pdf
2024-07-27,Cartimar,tilapia,150,160,155,https://www.da.gov.ph/wp-content/uploads/2024/07/Price-Monitoring-July-27-2024.pdf
2024-07-27,Cartimar,tomato,170,200,185,https://www.da.gov.ph/wp-content/uploads/2024/07/Price-Monitoring-July-27-2024.pdf
2024-07-29,Cartimar,ampalaya,140,150,145,https://www.da.gov.ph/wp-content/uploads/2024/07/Price-Monitoring-July-29-2024.pdf
2024-07-29,Cartimar,cabbage_scorpio,50,50,50,https://www.da.gov.ph/wp-content/uploads/2024/07/Price-Monitoring-July-29-2024.pdf
2024-07-29,Cartimar,pechay_baguio,60,80,70,https://www.da.gov.ph/wp-content/uploads/2024/07/Price-Monitoring-July-29-2024.pdf
2024-07-29,Cartimar,red_onion_local,90,120,105,https://www.da.gov.ph/wp-content/uploads/2024/07/Price-Monitoring-July-29-2024.pdf
2024-07-29,Cartimar,tilapia,150,160,155,https://www.da.gov.ph/wp-content/uploads/2024/07/Price-Monitoring-July-29-2024.pdf
2024-07-29,Cartimar,tomato,190,230,210,https://www.da.gov.ph/wp-content/uploads/2024/07/Price-Monitoring-July-29-2024.pdf
2024-07-30,Cartimar,ampalaya,140,150,145,https://www.da.gov.ph/wp-content/uploads/2024/07/Price-Monitoring-July-30-2024.pdf
2024-07-30,Cartimar,cabbage_scorpio,50,50,50,https://www.da.gov.ph/wp-content/uploads/2024/07/Price-Monitoring-July-30-2024.pdf
2024-07-30,Cartimar,pechay_baguio,60,80,70,https://www.da.gov.ph/wp-content/uploads/2024/07/Price-Monitoring-July-30-2024.pdf
2024-07-30,Cartimar,red_onion_local,90,120,105,https://www.da.gov.ph/wp-content/uploads/2024/07/Price-Monitoring-July-30-2024.pdf
2024-07-30,Cartimar,tilapia,150,160,155,https://www.da.gov.ph/wp-content/uploads/2024/07/Price-Monitoring-July-30-2024.pdf
2024-07-30,Cartimar,tomato,190,230,210,https://www.da.gov.ph/wp-content/uploads/2024/07/Price-Monitoring-July-30-2024.pdf
2024-07-31,Cartimar,ampalaya,120,150,135,https://www.da.gov.ph/wp-content/uploads/2024/08/Price-Monitoring-July-31-2024.pdf
2024-07-31,Cartimar,cabbage_scorpio,50,50,50,https://www.da.gov.ph/wp-content/uploads/2024/08/Price-Monitoring-July-31-2024.pdf
2024-07-31,Cartimar,pechay_baguio,60,80,70,https://www.da.gov.ph/wp-content/uploads/2024/08/Price-Monitoring-July-31-2024.pdf
2024-07-31,Cartimar,red_onion_local,90,120,105,https://www.da.gov.ph/wp-content/uploads/2024/08/Price-Monitoring-July-31-2024.pdf
2024-07-31,Cartimar,tilapia,150,160,155,https://www.da.gov.ph/wp-content/uploads/2024/08/Price-Monitoring-July-31-2024.pdf
2024-07-31,Cartimar,tomato,180,200,190,https://www.da.gov.ph/wp-content/uploads/2024/08/Price-Monitoring-July-31-2024.pdf
2024-08-01,Cartimar,ampalaya,120,150,135,https://www.da.gov.ph/wp-content/uploads/2024/08/Price-Monitoring-August-1-2024.pdf
2024-08-01,Cartimar,cabbage_scorpio,50,50,50,https://www.da.gov.ph/wp-content/uploads/2024/08/Price-Monitoring-August-1-2024.pdf
2024-08-01,Cartimar,pechay_baguio,60,80,70,https://www.da.gov.ph/wp-content/uploads/2024/08/Price-Monitoring-August-1-2024.pdf
2024-08-01,Cartimar,red_onion_local,90,120,105,https://www.da.gov.ph/wp-content/uploads/2024/08/Price-Monitoring-August-1-2024.pdf
2024-08-01,Cartimar,tilapia,150,160,155,https://www.da.gov.ph/wp-content/uploads/2024/08/Price-Monitoring-August-1-2024.pdf
2024-08-01,Cartimar,tomato,180,200,190,https://www.da.gov.ph/wp-content/uploads/2024/08/Price-Monitoring-August-1-2024.pdf
2024-08-02,Cartimar,ampalaya,120,160,140,https://www.da.gov.ph/wp-content/uploads/2024/08/Price-Monitoring-August-2-2024.pdf
2024-08-02,Cartimar,cabbage_scorpio,50,50,50,https://www.da.gov.ph/wp-content/uploads/2024/08/Price-Monitoring-August-2-2024.pdf
2024-08-02,Cartimar,pechay_baguio,60,70,65,https://www.da.gov.ph/wp-content/uploads/2024/08/Price-Monitoring-August-2-2024.pdf
2024-08-02,Cartimar,red_onion_local,90,120,105,https://www.da.gov.ph/wp-content/uploads/2024/08/Price-Monitoring-August-2-2024.pdf
2024-08-02,Cartimar,tilapia,150,160,155,https://www.da.gov.ph/wp-content/uploads/2024/08/Price-Monitoring-August-2-2024.pdf
2024-08-02,Cartimar,tomato,170,180,175,https://www.da.gov.ph/wp-content/uploads/2024/08/Price-Monitoring-August-2-2024.pdf
2024-08-03,Cartimar,ampalaya,120,160,140,https://www.da.gov.ph/wp-content/uploads/2024/08/Price-Monitoring-August-3-2024.pdf
2024-08-03,Cartimar,cabbage_rareball,50,50,50,https://www.da.gov.ph/wp-content/uploads/2024/08/Price-Monitoring-August-3-2024.pdf
2024-08-03,Cartimar,pechay_baguio,60,70,65,https://www.da.gov.ph/wp-content/uploads/2024/08/Price-Monitoring-August-3-2024.pdf
2024-08-03,Cartimar,red_onion_local,90,120,105,https://www.da.gov.ph/wp-content/uploads/2024/08/Price-Monitoring-August-3-2024.pdf
2024-08-03,Cartimar,tilapia,150,160,155,https://www.da.gov.ph/wp-content/uploads/2024/08/Price-Monitoring-August-3-2024.pdf
2024-08-03,Cartimar,tomato,170,180,175,https://www.da.gov.ph/wp-content/uploads/2024/08/Price-Monitoring-August-3-2024.pdf
2024-08-05,Cartimar,ampalaya,100,150,125,https://www.da.gov.ph/wp-content/uploads/2024/09/Price-Monitoring-August-5-2024.pdf
2024-08-05,Cartimar,cabbage_scorpio,50,50,50,https://www.da.gov.ph/wp-content/uploads/2024/09/Price-Monitoring-August-5-2024.pdf
2024-08-05,Cartimar,pechay_baguio,60,70,65,https://www.da.gov.ph/wp-content/uploads/2024/09/Price-Monitoring-August-5-2024.pdf
2024-08-05,Cartimar,red_onion_local,90,120,105,https://www.da.gov.ph/wp-content/uploads/2024/09/Price-Monitoring-August-5-2024.pdf
2024-08-05,Cartimar,tilapia,150,160,155,https://www.da.gov.ph/wp-content/uploads/2024/09/Price-Monitoring-August-5-2024.pdf
2024-08-05,Cartimar,tomato,120,160,140,https://www.da.gov.ph/wp-content/uploads/2024/09/Price-Monitoring-August-5-2024.pdf
2024-08-06,Cartimar,ampalaya,100,150,125,https://www.da.gov.ph/wp-content/uploads/2024/08/Price-Monitoring-August-6-2024.pdf
2024-08-06,Cartimar,cabbage_scorpio,50,50,50,https://www.da.gov.ph/wp-content/uploads/2024/08/Price-Monitoring-August-6-2024.pdf
2024-08-06,Cartimar,pechay_baguio,60,70,65,https://www.da.gov.ph/wp-content/uploads/2024/08/Price-Monitoring-August-6-2024.pdf
2024-08-06,Cartimar,red_onion_local,90,120,105,https://www.da.gov.ph/wp-content/uploads/2024/08/Price-Monitoring-August-6-2024.pdf
2024-08-06,Cartimar,tilapia,150,160,155,https://www.da.gov.ph/wp-content/uploads/2024/08/Price-Monitoring-August-6-2024.pdf
2024-08-06,Cartimar,tomato,120,160,140,https://www.da.gov.ph/wp-content/uploads/2024/08/Price-Monitoring-August-6-2024.pdf
2024-08-07,Cartimar,ampalaya,100,150,125,https://www.da.gov.ph/wp-content/uploads/2024/08/Price-Monitoring-August-7-2024.pdf
2024-08-07,Cartimar,cabbage_scorpio,50,50,50,https://www.da.gov.ph/wp-content/uploads/2024/08/Price-Monitoring-August-7-2024.pdf
2024-08-07,Cartimar,pechay_baguio,60,60,60,https://www.da.gov.ph/wp-content/uploads/2024/08/Price-Monitoring-August-7-2024.pdf
2024-08-07,Cartimar,red_onion_local,90,120,105,https://www.da.gov.ph/wp-content/uploads/2024/08/Price-Monitoring-August-7-2024.pdf
2024-08-07,Cartimar,tilapia,150,160,155,https://www.da.gov.ph/wp-content/uploads/2024/08/Price-Monitoring-August-7-2024.pdf
2024-08-07,Cartimar,tomato,100,140,120,https://www.da.gov.ph/wp-content/uploads/2024/08/Price-Monitoring-August-7-2024.pdf
2024-08-08,Cartimar,ampalaya,100,150,125,https://www.da.gov.ph/wp-content/uploads/2024/08/Price-Monitoring-August-8-2024.pdf
2024-08-08,Cartimar,cabbage_scorpio,50,50,50,https://www.da.gov.ph/wp-content/uploads/2024/08/Price-Monitoring-August-8-2024.pdf
2024-08-08,Cartimar,pechay_baguio,60,60,60,https://www.da.gov.ph/wp-content/uploads/2024/08/Price-Monitoring-August-8-2024.pdf
2024-08-08,Cartimar,red_onion_local,90,120,105,https://www.da.gov.ph/wp-content/uploads/2024/08/Price-Monitoring-August-8-2024.pdf
2024-08-08,Cartimar,tilapia,150,160,155,https://www.da.gov.ph/wp-content/uploads/2024/08/Price-Monitoring-August-8-2024.pdf
2024-08-08,Cartimar,tomato,100,140,120,https://www.da.gov.ph/wp-content/uploads/2024/08/Price-Monitoring-August-8-2024.pdf
2024-08-09,Cartimar,ampalaya,90,120,105,https://www.da.gov.ph/wp-content/uploads/2024/08/Price-Monitoring-August-9-2024.pdf
2024-08-09,Cartimar,cabbage_scorpio,40,40,40,https://www.da.gov.ph/wp-content/uploads/2024/08/Price-Monitoring-August-9-2024.pdf
2024-08-09,Cartimar,pechay_baguio,50,60,55,https://www.da.gov.ph/wp-content/uploads/2024/08/Price-Monitoring-August-9-2024.pdf
2024-08-09,Cartimar,red_onion_local,90,120,105,https://www.da.gov.ph/wp-content/uploads/2024/08/Price-Monitoring-August-9-2024.pdf
2024-08-09,Cartimar,tilapia,150,160,155,https://www.da.gov.ph/wp-content/uploads/2024/08/Price-Monitoring-August-9-2024.pdf
2024-08-09,Cartimar,tomato,100,140,120,https://www.da.gov.ph/wp-content/uploads/2024/08/Price-Monitoring-August-9-2024.pdf
2024-08-10,Cartimar,ampalaya,90,120,105,https://www.da.gov.ph/wp-content/uploads/2024/08/Price-Monitoring-August-10-2024.pdf
2024-08-10,Cartimar,cabbage_scorpio,40,40,40,https://www.da.gov.ph/wp-content/uploads/2024/08/Price-Monitoring-August-10-2024.pdf
2024-08-10,Cartimar,pechay_baguio,50,60,55,https://www.da.gov.ph/wp-content/uploads/2024/08/Price-Monitoring-August-10-2024.pdf
2024-08-10,Cartimar,red_onion_local,90,120,105,https://www.da.gov.ph/wp-content/uploads/2024/08/Price-Monitoring-August-10-2024.pdf
2024-08-10,Cartimar,tilapia,150,160,155,https://www.da.gov.ph/wp-content/uploads/2024/08/Price-Monitoring-August-10-2024.pdf
2024-08-10,Cartimar,tomato,100,140,120,https://www.da.gov.ph/wp-content/uploads/2024/08/Price-Monitoring-August-10-2024.pdf
2024-08-12,Cartimar,ampalaya,80,120,100,https://www.da.gov.ph/wp-content/uploads/2024/08/Price-Monitoring-August-12-2024.pdf
2024-08-12,Cartimar,cabbage_scorpio,40,40,40,https://www.da.gov.ph/wp-content/uploads/2024/08/Price-Monitoring-August-12-2024.pdf
2024-08-12,Cartimar,pechay_baguio,60,60,60,https://www.da.gov.ph/wp-content/uploads/2024/08/Price-Monitoring-August-12-2024.pdf
2024-08-12,Cartimar,red_onion_local,90,120,105,https://www.da.gov.ph/wp-content/uploads/2024/08/Price-Monitoring-August-12-2024.pdf
2024-08-12,Cartimar,tilapia,150,160,155,https://www.da.gov.ph/wp-content/uploads/2024/08/Price-Monitoring-August-12-2024.pdf
2024-08-12,Cartimar,tomato,85,110,97.5,https://www.da.gov.ph/wp-content/uploads/2024/08/Price-Monitoring-August-12-2024.pdf
2024-08-13,Cartimar,ampalaya,80,120,100,https://www.da.gov.ph/wp-content/uploads/2024/08/Price-Monitoring-August-13-2024.pdf
2024-08-13,Cartimar,cabbage_scorpio,40,40,40,https://www.da.gov.ph/wp-content/uploads/2024/08/Price-Monitoring-August-13-2024.pdf
2024-08-13,Cartimar,pechay_baguio,60,60,60,https://www.da.gov.ph/wp-content/uploads/2024/08/Price-Monitoring-August-13-2024.pdf
2024-08-13,Cartimar,red_onion_local,90,120,105,https://www.da.gov.ph/wp-content/uploads/2024/08/Price-Monitoring-August-13-2024.pdf
2024-08-13,Cartimar,tilapia,150,160,155,https://www.da.gov.ph/wp-content/uploads/2024/08/Price-Monitoring-August-13-2024.pdf
2024-08-13,Cartimar,tomato,85,110,97.5,https://www.da.gov.ph/wp-content/uploads/2024/08/Price-Monitoring-August-13-2024.pdf
2024-08-14,Cartimar,ampalaya,100,130,115,https://www.da.gov.ph/wp-content/uploads/2024/08/Price-Monitoring-August-14-2024.pdf
2024-08-14,Cartimar,cabbage_scorpio,40,40,40,https://www.da.gov.ph/wp-content/uploads/2024/08/Price-Monitoring-August-14-2024.pdf
2024-08-14,Cartimar,pechay_baguio,50,50,50,https://www.da.gov.ph/wp-content/uploads/2024/08/Price-Monitoring-August-14-2024.pdf
2024-08-14,Cartimar,red_onion_local,90,120,105,https://www.da.gov.ph/wp-content/uploads/2024/08/Price-Monitoring-August-14-2024.pdf
2024-08-14,Cartimar,tilapia,150,160,155,https://www.da.gov.ph/wp-content/uploads/2024/08/Price-Monitoring-August-14-2024.pdf
2024-08-14,Cartimar,tomato,80,110,95,https://www.da.gov.ph/wp-content/uploads/2024/08/Price-Monitoring-August-14-2024.pdf
2024-08-15,Cartimar,ampalaya,100,130,115,https://www.da.gov.ph/wp-content/uploads/2024/08/Price-Monitoring-August-15-2024.pdf
2024-08-15,Cartimar,cabbage_scorpio,40,40,40,https://www.da.gov.ph/wp-content/uploads/2024/08/Price-Monitoring-August-15-2024.pdf
2024-08-15,Cartimar,pechay_baguio,50,50,50,https://www.da.gov.ph/wp-content/uploads/2024/08/Price-Monitoring-August-15-2024.pdf
2024-08-15,Cartimar,red_onion_local,90,120,105,https://www.da.gov.ph/wp-content/uploads/2024/08/Price-Monitoring-August-15-2024.pdf
2024-08-15,Cartimar,tilapia,150,160,155,https://www.da.gov.ph/wp-content/uploads/2024/08/Price-Monitoring-August-15-2024.pdf
2024-08-15,Cartimar,tomato,80,110,95,https://www.da.gov.ph/wp-content/uploads/2024/08/Price-Monitoring-August-15-2024.pdf
2024-08-16,Cartimar,ampalaya,100,130,115,https://www.da.gov.ph/wp-content/uploads/2024/08/Price-Monitoring-August-16-2024.pdf
2024-08-16,Cartimar,cabbage_rareball,300,300,300,https://www.da.gov.ph/wp-content/uploads/2024/08/Price-Monitoring-August-16-2024.pdf
2024-08-16,Cartimar,cabbage_scorpio,40,40,40,https://www.da.gov.ph/wp-content/uploads/2024/08/Price-Monitoring-August-16-2024.pdf
2024-08-16,Cartimar,pechay_baguio,50,50,50,https://www.da.gov.ph/wp-content/uploads/2024/08/Price-Monitoring-August-16-2024.pdf
2024-08-16,Cartimar,red_onion_local,90,120,105,https://www.da.gov.ph/wp-content/uploads/2024/08/Price-Monitoring-August-16-2024.pdf
2024-08-16,Cartimar,tilapia,150,160,155,https://www.da.gov.ph/wp-content/uploads/2024/08/Price-Monitoring-August-16-2024.pdf
2024-08-16,Cartimar,tomato,80,110,95,https://www.da.gov.ph/wp-content/uploads/2024/08/Price-Monitoring-August-16-2024.pdf
2024-08-17,Cartimar,ampalaya,100,130,115,https://www.da.gov.ph/wp-content/uploads/2024/08/Price-Monitoring-August-17-2024.pdf
2024-08-17,Cartimar,cabbage_scorpio,40,40,40,https://www.da.gov.ph/wp-content/uploads/2024/08/Price-Monitoring-August-17-2024.pdf
2024-08-17,Cartimar,pechay_baguio,50,50,50,https://www.da.gov.ph/wp-content/uploads/2024/08/Price-Monitoring-August-17-2024.pdf
2024-08-17,Cartimar,red_onion_local,90,120,105,https://www.da.gov.ph/wp-content/uploads/2024/08/Price-Monitoring-August-17-2024.pdf
2024-08-17,Cartimar,tilapia,150,160,155,https://www.da.gov.ph/wp-content/uploads/2024/08/Price-Monitoring-August-17-2024.pdf
2024-08-17,Cartimar,tomato,80,110,95,https://www.da.gov.ph/wp-content/uploads/2024/08/Price-Monitoring-August-17-2024.pdf
2024-08-19,Cartimar,ampalaya,90,110,100,https://www.da.gov.ph/wp-content/uploads/2024/08/Price-Monitoring-August-19-2024.pdf
2024-08-19,Cartimar,cabbage_scorpio,50,50,50,https://www.da.gov.ph/wp-content/uploads/2024/08/Price-Monitoring-August-19-2024.pdf
2024-08-19,Cartimar,pechay_baguio,50,50,50,https://www.da.gov.ph/wp-content/uploads/2024/08/Price-Monitoring-August-19-2024.pdf
2024-08-19,Cartimar,red_onion_local,90,120,105,https://www.da.gov.ph/wp-content/uploads/2024/08/Price-Monitoring-August-19-2024.pdf
2024-08-19,Cartimar,tilapia,150,160,155,https://www.da.gov.ph/wp-content/uploads/2024/08/Price-Monitoring-August-19-2024.pdf
2024-08-19,Cartimar,tomato,80,110,95,https://www.da.gov.ph/wp-content/uploads/2024/08/Price-Monitoring-August-19-2024.pdf
2024-08-20,Cartimar,ampalaya,90,110,100,https://www.da.gov.ph/wp-content/uploads/2024/08/Price-Monitoring-August-20-2024.pdf
2024-08-20,Cartimar,cabbage_scorpio,50,50,50,https://www.da.gov.ph/wp-content/uploads/2024/08/Price-Monitoring-August-20-2024.pdf
2024-08-20,Cartimar,pechay_baguio,50,50,50,https://www.da.gov.ph/wp-content/uploads/2024/08/Price-Monitoring-August-20-2024.pdf
2024-08-20,Cartimar,red_onion_local,90,100,95,https://www.da.gov.ph/wp-content/uploads/2024/08/Price-Monitoring-August-20-2024.pdf
2024-08-20,Cartimar,tilapia,150,160,155,https://www.da.gov.ph/wp-content/uploads/2024/08/Price-Monitoring-August-20-2024.pdf
2024-08-20,Cartimar,tomato,80,110,95,https://www.da.gov.ph/wp-content/uploads/2024/08/Price-Monitoring-August-20-2024.pdf
2024-08-21,Cartimar,ampalaya,60,80,70,https://www.da.gov.ph/wp-content/uploads/2024/08/Price-Monitoring-August-21-2024.pdf
2024-08-21,Cartimar,cabbage_rareball,40,40,40,https://www.da.gov.ph/wp-content/uploads/2024/08/Price-Monitoring-August-21-2024.pdf
2024-08-21,Cartimar,cabbage_scorpio,60,60,60,https://www.da.gov.ph/wp-content/uploads/2024/08/Price-Monitoring-August-21-2024.pdf
2024-08-21,Cartimar,galunggong_local,260,280,270,https://www.da.gov.ph/wp-content/uploads/2024/08/Price-Monitoring-August-21-2024.pdf
2024-08-21,Cartimar,pechay_baguio,50,60,55,https://www.da.gov.ph/wp-content/uploads/2024/08/Price-Monitoring-August-21-2024.pdf
2024-08-21,Cartimar,red_onion_local,100,100,100,https://www.da.gov.ph/wp-content/uploads/2024/08/Price-Monitoring-August-21-2024.pdf
2024-08-21,Cartimar,tilapia,110,120,115,https://www.da.gov.ph/wp-content/uploads/2024/08/Price-Monitoring-August-21-2024.pdf
2024-08-21,Cartimar,tomato,70,80,75,https://www.da.gov.ph/wp-content/uploads/2024/08/Price-Monitoring-August-21-2024.pdf
2024-08-22,Cartimar,ampalaya,85,100,92.5,https://www.da.gov.ph/wp-content/uploads/2024/08/Price-Monitoring-August-22-2024.pdf
2024-08-22,Cartimar,cabbage_rareball,33,35,34,https://www.da.gov.ph/wp-content/uploads/2024/08/Price-Monitoring-August-22-2024.pdf
2024-08-22,Cartimar,pechay_baguio,50,50,50,https://www.da.gov.ph/wp-content/uploads/2024/08/Price-Monitoring-August-22-2024.pdf
2024-08-22,Cartimar,red_onion_local,90,100,95,https://www.da.gov.ph/wp-content/uploads/2024/08/Price-Monitoring-August-22-2024.pdf
2024-08-22,Cartimar,tilapia,150,160,155,https://www.da.gov.ph/wp-content/uploads/2024/08/Price-Monitoring-August-22-2024.pdf
2024-08-22,Cartimar,tomato,75,100,87.5,https://www.da.gov.ph/wp-content/uploads/2024/08/Price-Monitoring-August-22-2024.pdf
2024-08-23,Cartimar,ampalaya,90,100,95,https://www.da.gov.ph/wp-content/uploads/2024/08/Price-Monitoring-August-23-2024.pdf
2024-08-23,Cartimar,cabbage_rareball,33,35,34,https://www.da.gov.ph/wp-content/uploads/2024/08/Price-Monitoring-August-23-2024.pdf
2024-08-23,Cartimar,pechay_baguio,50,50,50,https://www.da.gov.ph/wp-content/uploads/2024/08/Price-Monitoring-August-23-2024.pdf
2024-08-23,Cartimar,red_onion_local,90,100,95,https://www.da.gov.ph/wp-content/uploads/2024/08/Price-Monitoring-August-23-2024.pdf
2024-08-23,Cartimar,tilapia,150,160,155,https://www.da.gov.ph/wp-content/uploads/2024/08/Price-Monitoring-August-23-2024.pdf
2024-08-23,Cartimar,tomato,80,100,90,https://www.da.gov.ph/wp-content/uploads/2024/08/Price-Monitoring-August-23-2024.pdf
2024-08-27,Cartimar,ampalaya,90,100,95,https://www.da.gov.ph/wp-content/uploads/2024/08/Price-Monitoring-August-27-2024.pdf
2024-08-27,Cartimar,cabbage_rareball,33,35,34,https://www.da.gov.ph/wp-content/uploads/2024/08/Price-Monitoring-August-27-2024.pdf
2024-08-27,Cartimar,pechay_baguio,50,50,50,https://www.da.gov.ph/wp-content/uploads/2024/08/Price-Monitoring-August-27-2024.pdf
2024-08-27,Cartimar,red_onion_local,90,100,95,https://www.da.gov.ph/wp-content/uploads/2024/08/Price-Monitoring-August-27-2024.pdf
2024-08-27,Cartimar,tilapia,150,160,155,https://www.da.gov.ph/wp-content/uploads/2024/08/Price-Monitoring-August-27-2024.pdf
2024-08-27,Cartimar,tomato,80,100,90,https://www.da.gov.ph/wp-content/uploads/2024/08/Price-Monitoring-August-27-2024.pdf
2024-08-28,Cartimar,ampalaya,70,90,80,https://www.da.gov.ph/wp-content/uploads/2024/08/Price-Monitoring-August-28-2024.pdf
2024-08-28,Cartimar,cabbage_scorpio,40,50,45,https://www.da.gov.ph/wp-content/uploads/2024/08/Price-Monitoring-August-28-2024.pdf
2024-08-28,Cartimar,pechay_baguio,45,50,47.5,https://www.da.gov.ph/wp-content/uploads/2024/08/Price-Monitoring-August-28-2024.pdf
2024-08-28,Cartimar,red_onion_local,90,100,95,https://www.da.gov.ph/wp-content/uploads/2024/08/Price-Monitoring-August-28-2024.pdf
2024-08-28,Cartimar,tilapia,150,160,155,https://www.da.gov.ph/wp-content/uploads/2024/08/Price-Monitoring-August-28-2024.pdf
2024-08-28,Cartimar,tomato,85,100,92.5,https://www.da.gov.ph/wp-content/uploads/2024/08/Price-Monitoring-August-28-2024.pdf
2024-08-29,Cartimar,ampalaya,70,90,80,https://www.da.gov.ph/wp-content/uploads/2024/08/Price-Monitoring-August-29-2024.pdf
2024-08-29,Cartimar,cabbage_scorpio,40,50,45,https://www.da.gov.ph/wp-content/uploads/2024/08/Price-Monitoring-August-29-2024.pdf
2024-08-29,Cartimar,pechay_baguio,45,50,47.5,https://www.da.gov.ph/wp-content/uploads/2024/08/Price-Monitoring-August-29-2024.pdf
2024-08-29,Cartimar,red_onion_local,90,100,95,https://www.da.gov.ph/wp-content/uploads/2024/08/Price-Monitoring-August-29-2024.pdf
2024-08-29,Cartimar,tilapia,150,160,155,https://www.da.gov.ph/wp-content/uploads/2024/08/Price-Monitoring-August-29-2024.pdf
2024-08-29,Cartimar,tomato,85,100,92.5,https://www.da.gov.ph/wp-content/uploads/2024/08/Price-Monitoring-August-29-2024.pdf
2024-08-30,Cartimar,ampalaya,75,90,82.5,https://www.da.gov.ph/wp-content/uploads/2024/09/Price-Monitoring-August-30-2024.pdf
2024-08-30,Cartimar,cabbage_scorpio,40,50,45,https://www.da.gov.ph/wp-content/uploads/2024/09/Price-Monitoring-August-30-2024.pdf
2024-08-30,Cartimar,pechay_baguio,50,60,55,https://www.da.gov.ph/wp-content/uploads/2024/09/Price-Monitoring-August-30-2024.pdf
2024-08-30,Cartimar,red_onion_local,100,110,105,https://www.da.gov.ph/wp-content/uploads/2024/09/Price-Monitoring-August-30-2024.pdf
2024-08-30,Cartimar,tilapia,150,160,155,https://www.da.gov.ph/wp-content/uploads/2024/09/Price-Monitoring-August-30-2024.pdf
2024-08-30,Cartimar,tomato,90,100,95,https://www.da.gov.ph/wp-content/uploads/2024/09/Price-Monitoring-August-30-2024.pdf
2024-08-31,Cartimar,ampalaya,75,90,82.5,https://www.da.gov.ph/wp-content/uploads/2024/09/Price-Monitoring-August-31-2024.pdf
2024-08-31,Cartimar,cabbage_scorpio,40,50,45,https://www.da.gov.ph/wp-content/uploads/2024/09/Price-Monitoring-August-31-2024.pdf
2024-08-31,Cartimar,pechay_baguio,50,60,55,https://www.da.gov.ph/wp-content/uploads/2024/09/Price-Monitoring-August-31-2024.pdf
2024-08-31,Cartimar,red_onion_local,100,110,105,https://www.da.gov.ph/wp-content/uploads/2024/09/Price-Monitoring-August-31-2024.pdf
2024-08-31,Cartimar,tilapia,150,160,155,https://www.da.gov.ph/wp-content/uploads/2024/09/Price-Monitoring-August-31-2024.pdf
2024-08-31,Cartimar,tomato,90,100,95,https://www.da.gov.ph/wp-content/uploads/2024/09/Price-Monitoring-August-31-2024.pdf
2024-09-02,Cartimar,ampalaya,75,90,82.5,https://www.da.gov.ph/wp-content/uploads/2024/09/Price-Monitoring-September-2-2024.pdf
2024-09-02,Cartimar,cabbage_scorpio,40,50,45,https://www.da.gov.ph/wp-content/uploads/2024/09/Price-Monitoring-September-2-2024.pdf
2024-09-02,Cartimar,pechay_baguio,50,60,55,https://www.da.gov.ph/wp-content/uploads/2024/09/Price-Monitoring-September-2-2024.pdf
2024-09-02,Cartimar,red_onion_local,100,110,105,https://www.da.gov.ph/wp-content/uploads/2024/09/Price-Monitoring-September-2-2024.pdf
2024-09-02,Cartimar,tilapia,150,160,155,https://www.da.gov.ph/wp-content/uploads/2024/09/Price-Monitoring-September-2-2024.pdf
2024-09-02,Cartimar,tomato,90,100,95,https://www.da.gov.ph/wp-content/uploads/2024/09/Price-Monitoring-September-2-2024.pdf
2024-09-04,Cartimar,ampalaya,80,90,85,https://www.da.gov.ph/wp-content/uploads/2024/09/Price-Monitoring-September-4-2024.pdf
2024-09-04,Cartimar,cabbage_scorpio,50,50,50,https://www.da.gov.ph/wp-content/uploads/2024/09/Price-Monitoring-September-4-2024.pdf
2024-09-04,Cartimar,pechay_baguio,50,50,50,https://www.da.gov.ph/wp-content/uploads/2024/09/Price-Monitoring-September-4-2024.pdf
2024-09-04,Cartimar,red_onion_local,120,120,120,https://www.da.gov.ph/wp-content/uploads/2024/09/Price-Monitoring-September-4-2024.pdf
2024-09-04,Cartimar,tilapia,150,160,155,https://www.da.gov.ph/wp-content/uploads/2024/09/Price-Monitoring-September-4-2024.pdf
2024-09-04,Cartimar,tomato,90,90,90,https://www.da.gov.ph/wp-content/uploads/2024/09/Price-Monitoring-September-4-2024.pdf
2024-09-05,Cartimar,ampalaya,80,90,85,https://www.da.gov.ph/wp-content/uploads/2024/09/Price-Monitoring-September-5-2024.pdf
2024-09-05,Cartimar,cabbage_scorpio,50,50,50,https://www.da.gov.ph/wp-content/uploads/2024/09/Price-Monitoring-September-5-2024.pdf
2024-09-05,Cartimar,pechay_baguio,50,50,50,https://www.da.gov.ph/wp-content/uploads/2024/09/Price-Monitoring-September-5-2024.pdf
2024-09-05,Cartimar,red_onion_local,120,120,120,https://www.da.gov.ph/wp-content/uploads/2024/09/Price-Monitoring-September-5-2024.pdf
2024-09-05,Cartimar,tilapia,150,160,155,https://www.da.gov.ph/wp-content/uploads/2024/09/Price-Monitoring-September-5-2024.pdf
2024-09-05,Cartimar,tomato,90,90,90,https://www.da.gov.ph/wp-content/uploads/2024/09/Price-Monitoring-September-5-2024.pdf
2024-09-06,Cartimar,ampalaya,80,90,85,https://www.da.gov.ph/wp-content/uploads/2024/09/Price-Monitoring-September-6-2024.pdf
2024-09-06,Cartimar,cabbage_scorpio,40,40,40,https://www.da.gov.ph/wp-content/uploads/2024/09/Price-Monitoring-September-6-2024.pdf
2024-09-06,Cartimar,pechay_baguio,50,50,50,https://www.da.gov.ph/wp-content/uploads/2024/09/Price-Monitoring-September-6-2024.pdf
2024-09-06,Cartimar,red_onion_local,120,120,120,https://www.da.gov.ph/wp-content/uploads/2024/09/Price-Monitoring-September-6-2024.pdf
2024-09-06,Cartimar,tilapia,150,160,155,https://www.da.gov.ph/wp-content/uploads/2024/09/Price-Monitoring-September-6-2024.pdf
2024-09-06,Cartimar,tomato,90,90,90,https://www.da.gov.ph/wp-content/uploads/2024/09/Price-Monitoring-September-6-2024.pdf
2024-09-07,Cartimar,ampalaya,80,90,85,https://www.da.gov.ph/wp-content/uploads/2024/09/Price-Monitoring-September-7-2024.pdf
2024-09-07,Cartimar,cabbage_scorpio,40,40,40,https://www.da.gov.ph/wp-content/uploads/2024/09/Price-Monitoring-September-7-2024.pdf
2024-09-07,Cartimar,pechay_baguio,50,50,50,https://www.da.gov.ph/wp-content/uploads/2024/09/Price-Monitoring-September-7-2024.pdf
2024-09-07,Cartimar,red_onion_local,120,120,120,https://www.da.gov.ph/wp-content/uploads/2024/09/Price-Monitoring-September-7-2024.pdf
2024-09-07,Cartimar,tilapia,150,160,155,https://www.da.gov.ph/wp-content/uploads/2024/09/Price-Monitoring-September-7-2024.pdf
2024-09-07,Cartimar,tomato,90,90,90,https://www.da.gov.ph/wp-content/uploads/2024/09/Price-Monitoring-September-7-2024.pdf
2024-09-09,Cartimar,ampalaya,110,120,115,https://www.da.gov.ph/wp-content/uploads/2024/09/Price-Monitoring-September-9-2024.pdf
2024-09-09,Cartimar,cabbage_scorpio,35,35,35,https://www.da.gov.ph/wp-content/uploads/2024/09/Price-Monitoring-September-9-2024.pdf
2024-09-09,Cartimar,pechay_baguio,50,50,50,https://www.da.gov.ph/wp-content/uploads/2024/09/Price-Monitoring-September-9-2024.pdf
2024-09-09,Cartimar,red_onion_local,120,120,120,https://www.da.gov.ph/wp-content/uploads/2024/09/Price-Monitoring-September-9-2024.pdf
2024-09-09,Cartimar,tilapia,150,160,155,https://www.da.gov.ph/wp-content/uploads/2024/09/Price-Monitoring-September-9-2024.pdf
2024-09-09,Cartimar,tomato,90,90,90,https://www.da.gov.ph/wp-content/uploads/2024/09/Price-Monitoring-September-9-2024.pdf
2024-09-10,Cartimar,ampalaya,110,120,115,https://www.da.gov.ph/wp-content/uploads/2024/09/Price-Monitoring-September-10-2024.pdf
2024-09-10,Cartimar,cabbage_scorpio,35,35,35,https://www.da.gov.ph/wp-content/uploads/2024/09/Price-Monitoring-September-10-2024.pdf
2024-09-10,Cartimar,pechay_baguio,50,50,50,https://www.da.gov.ph/wp-content/uploads/2024/09/Price-Monitoring-September-10-2024.pdf
2024-09-10,Cartimar,red_onion_local,120,120,120,https://www.da.gov.ph/wp-content/uploads/2024/09/Price-Monitoring-September-10-2024.pdf
2024-09-10,Cartimar,tilapia,150,160,155,https://www.da.gov.ph/wp-content/uploads/2024/09/Price-Monitoring-September-10-2024.pdf
2024-09-10,Cartimar,tomato,90,90,90,https://www.da.gov.ph/wp-content/uploads/2024/09/Price-Monitoring-September-10-2024.pdf
2024-09-11,Cartimar,ampalaya,150,160,155,https://www.da.gov.ph/wp-content/uploads/2024/09/Price-Monitoring-September-11-2024.pdf
2024-09-11,Cartimar,cabbage_scorpio,35,35,35,https://www.da.gov.ph/wp-content/uploads/2024/09/Price-Monitoring-September-11-2024.pdf
2024-09-11,Cartimar,pechay_baguio,50,50,50,https://www.da.gov.ph/wp-content/uploads/2024/09/Price-Monitoring-September-11-2024.pdf
2024-09-11,Cartimar,red_onion_local,120,120,120,https://www.da.gov.ph/wp-content/uploads/2024/09/Price-Monitoring-September-11-2024.pdf
2024-09-11,Cartimar,tilapia,150,160,155,https://www.da.gov.ph/wp-content/uploads/2024/09/Price-Monitoring-September-11-2024.pdf
2024-09-11,Cartimar,tomato,90,90,90,https://www.da.gov.ph/wp-content/uploads/2024/09/Price-Monitoring-September-11-2024.pdf
2024-09-12,Cartimar,ampalaya,150,160,155,https://www.da.gov.ph/wp-content/uploads/2024/09/Price-Monitoring-September-12-2024.pdf
2024-09-12,Cartimar,cabbage_scorpio,50,50,50,https://www.da.gov.ph/wp-content/uploads/2024/09/Price-Monitoring-September-12-2024.pdf
2024-09-12,Cartimar,pechay_baguio,50,50,50,https://www.da.gov.ph/wp-content/uploads/2024/09/Price-Monitoring-September-12-2024.pdf
2024-09-12,Cartimar,red_onion_local,120,120,120,https://www.da.gov.ph/wp-content/uploads/2024/09/Price-Monitoring-September-12-2024.pdf
2024-09-12,Cartimar,tilapia,150,160,155,https://www.da.gov.ph/wp-content/uploads/2024/09/Price-Monitoring-September-12-2024.pdf
2024-09-12,Cartimar,tomato,80,100,90,https://www.da.gov.ph/wp-content/uploads/2024/09/Price-Monitoring-September-12-2024.pdf
2024-09-13,Cartimar,ampalaya,150,160,155,https://www.da.gov.ph/wp-content/uploads/2024/09/Price-Monitoring-September-13-2024.pdf
2024-09-13,Cartimar,cabbage_scorpio,50,50,50,https://www.da.gov.ph/wp-content/uploads/2024/09/Price-Monitoring-September-13-2024.pdf
2024-09-13,Cartimar,pechay_baguio,50,50,50,https://www.da.gov.ph/wp-content/uploads/2024/09/Price-Monitoring-September-13-2024.pdf
2024-09-13,Cartimar,red_onion_local,120,120,120,https://www.da.gov.ph/wp-content/uploads/2024/09/Price-Monitoring-September-13-2024.pdf
2024-09-13,Cartimar,tilapia,150,160,155,https://www.da.gov.ph/wp-content/uploads/2024/09/Price-Monitoring-September-13-2024.pdf
2024-09-13,Cartimar,tomato,80,100,90,https://www.da.gov.ph/wp-content/uploads/2024/09/Price-Monitoring-September-13-2024.pdf
2024-09-16,Cartimar,ampalaya,150,160,155,https://www.da.gov.ph/wp-content/uploads/2024/09/Price-Monitoring-September-16-2024.pdf
2024-09-16,Cartimar,cabbage_scorpio,50,50,50,https://www.da.gov.ph/wp-content/uploads/2024/09/Price-Monitoring-September-16-2024.pdf
2024-09-16,Cartimar,pechay_baguio,50,50,50,https://www.da.gov.ph/wp-content/uploads/2024/09/Price-Monitoring-September-16-2024.pdf
2024-09-16,Cartimar,red_onion_local,120,120,120,https://www.da.gov.ph/wp-content/uploads/2024/09/Price-Monitoring-September-16-2024.pdf
2024-09-16,Cartimar,tilapia,150,160,155,https://www.da.gov.ph/wp-content/uploads/2024/09/Price-Monitoring-September-16-2024.pdf
2024-09-16,Cartimar,tomato,80,100,90,https://www.da.gov.ph/wp-content/uploads/2024/09/Price-Monitoring-September-16-2024.pdf
2024-09-17,Cartimar,ampalaya,140,170,155,https://www.da.gov.ph/wp-content/uploads/2024/09/Price-Monitoring-September-17-2024.pdf
2024-09-17,Cartimar,cabbage_scorpio,50,50,50,https://www.da.gov.ph/wp-content/uploads/2024/09/Price-Monitoring-September-17-2024.pdf
2024-09-17,Cartimar,pechay_baguio,50,50,50,https://www.da.gov.ph/wp-content/uploads/2024/09/Price-Monitoring-September-17-2024.pdf
2024-09-17,Cartimar,red_onion_local,120,120,120,https://www.da.gov.ph/wp-content/uploads/2024/09/Price-Monitoring-September-17-2024.pdf
2024-09-17,Cartimar,tilapia,150,160,155,https://www.da.gov.ph/wp-content/uploads/2024/09/Price-Monitoring-September-17-2024.pdf
2024-09-17,Cartimar,tomato,80,100,90,https://www.da.gov.ph/wp-content/uploads/2024/09/Price-Monitoring-September-17-2024.pdf
2024-09-18,Cartimar,ampalaya,140,170,155,https://www.da.gov.ph/wp-content/uploads/2024/09/Price-Monitoring-September-18-2024.pdf
2024-09-18,Cartimar,cabbage_scorpio,50,50,50,https://www.da.gov.ph/wp-content/uploads/2024/09/Price-Monitoring-September-18-2024.pdf
2024-09-18,Cartimar,pechay_baguio,50,50,50,https://www.da.gov.ph/wp-content/uploads/2024/09/Price-Monitoring-September-18-2024.pdf
2024-09-18,Cartimar,red_onion_local,120,120,120,https://www.da.gov.ph/wp-content/uploads/2024/09/Price-Monitoring-September-18-2024.pdf
2024-09-18,Cartimar,tilapia,150,160,155,https://www.da.gov.ph/wp-content/uploads/2024/09/Price-Monitoring-September-18-2024.pdf
2024-09-18,Cartimar,tomato,80,100,90,https://www.da.gov.ph/wp-content/uploads/2024/09/Price-Monitoring-September-18-2024.pdf
2024-09-19,Cartimar,ampalaya,140,160,150,https://www.da.gov.ph/wp-content/uploads/2024/09/Price-Monitoring-September-19-2024.pdf
2024-09-19,Cartimar,cabbage_scorpio,50,50,50,https://www.da.gov.ph/wp-content/uploads/2024/09/Price-Monitoring-September-19-2024.pdf
2024-09-19,Cartimar,pechay_baguio,50,70,60,https://www.da.gov.ph/wp-content/uploads/2024/09/Price-Monitoring-September-19-2024.pdf
2024-09-19,Cartimar,red_onion_local,120,120,120,https://www.da.gov.ph/wp-content/uploads/2024/09/Price-Monitoring-September-19-2024.pdf
2024-09-19,Cartimar,tilapia,150,160,155,https://www.da.gov.ph/wp-content/uploads/2024/09/Price-Monitoring-September-19-2024.pdf
2024-09-19,Cartimar,tomato,90,110,100,https://www.da.gov.ph/wp-content/uploads/2024/09/Price-Monitoring-September-19-2024.pdf
2024-09-20,Cartimar,ampalaya,140,160,150,https://www.da.gov.ph/wp-content/uploads/2024/09/Price-Monitoring-September-20-2024.pdf
2024-09-20,Cartimar,cabbage_scorpio,50,50,50,https://www.da.gov.ph/wp-content/uploads/2024/09/Price-Monitoring-September-20-2024.pdf
2024-09-20,Cartimar,pechay_baguio,50,70,60,https://www.da.gov.ph/wp-content/uploads/2024/09/Price-Monitoring-September-20-2024.pdf
2024-09-20,Cartimar,red_onion_local,120,120,120,https://www.da.gov.ph/wp-content/uploads/2024/09/Price-Monitoring-September-20-2024.pdf
2024-09-20,Cartimar,tilapia,150,160,155,https://www.da.gov.ph/wp-content/uploads/2024/09/Price-Monitoring-September-20-2024.pdf
2024-09-20,Cartimar,tomato,90,110,100,https://www.da.gov.ph/wp-content/uploads/2024/09/Price-Monitoring-September-20-2024.pdf
2024-09-21,Cartimar,ampalaya,140,160,150,https://www.da.gov.ph/wp-content/uploads/2024/09/Price-Monitoring-September-21-2024.pdf
2024-09-21,Cartimar,cabbage_scorpio,50,50,50,https://www.da.gov.ph/wp-content/uploads/2024/09/Price-Monitoring-September-21-2024.pdf
2024-09-21,Cartimar,pechay_baguio,50,70,60,https://www.da.gov.ph/wp-content/uploads/2024/09/Price-Monitoring-September-21-2024.pdf
2024-09-21,Cartimar,red_onion_local,120,120,120,https://www.da.gov.ph/wp-content/uploads/2024/09/Price-Monitoring-September-21-2024.pdf
2024-09-21,Cartimar,tilapia,150,160,155,https://www.da.gov.ph/wp-content/uploads/2024/09/Price-Monitoring-September-21-2024.pdf
2024-09-21,Cartimar,tomato,90,110,100,https://www.da.gov.ph/wp-content/uploads/2024/09/Price-Monitoring-September-21-2024.pdf
2024-09-23,Cartimar,ampalaya,170,190,180,https://www.da.gov.ph/wp-content/uploads/2024/09/Price-Monitoring-September-23-2024.pdf
2024-09-23,Cartimar,cabbage_scorpio,40,50,45,https://www.da.gov.ph/wp-content/uploads/2024/09/Price-Monitoring-September-23-2024.pdf
2024-09-23,Cartimar,pechay_baguio,50,50,50,https://www.da.gov.ph/wp-content/uploads/2024/09/Price-Monitoring-September-23-2024.pdf
2024-09-23,Cartimar,red_onion_local,120,120,120,https://www.da.gov.ph/wp-content/uploads/2024/09/Price-Monitoring-September-23-2024.pdf
2024-09-23,Cartimar,tilapia,160,160,160,https://www.da.gov.ph/wp-content/uploads/2024/09/Price-Monitoring-September-23-2024.pdf
2024-09-23,Cartimar,tomato,80,90,85,https://www.da.gov.ph/wp-content/uploads/2024/09/Price-Monitoring-September-23-2024.pdf
2024-09-24,Cartimar,ampalaya,170,190,180,https://www.da.gov.ph/wp-content/uploads/2024/09/Price-Monitoring-September-24-2024.pdf
2024-09-24,Cartimar,cabbage_scorpio,40,50,45,https://www.da.gov.ph/wp-content/uploads/2024/09/Price-Monitoring-September-24-2024.pdf
2024-09-24,Cartimar,pechay_baguio,50,50,50,https://www.da.gov.ph/wp-content/uploads/2024/09/Price-Monitoring-September-24-2024.pdf
2024-09-24,Cartimar,red_onion_local,120,120,120,https://www.da.gov.ph/wp-content/uploads/2024/09/Price-Monitoring-September-24-2024.pdf
2024-09-24,Cartimar,tilapia,150,160,155,https://www.da.gov.ph/wp-content/uploads/2024/09/Price-Monitoring-September-24-2024.pdf
2024-09-24,Cartimar,tomato,80,90,85,https://www.da.gov.ph/wp-content/uploads/2024/09/Price-Monitoring-September-24-2024.pdf
2024-09-25,Cartimar,ampalaya,160,180,170,https://www.da.gov.ph/wp-content/uploads/2024/09/Price-Monitoring-September-25-2024.pdf
2024-09-25,Cartimar,cabbage_scorpio,60,60,60,https://www.da.gov.ph/wp-content/uploads/2024/09/Price-Monitoring-September-25-2024.pdf
2024-09-25,Cartimar,pechay_baguio,50,60,55,https://www.da.gov.ph/wp-content/uploads/2024/09/Price-Monitoring-September-25-2024.pdf
2024-09-25,Cartimar,red_onion_local,120,120,120,https://www.da.gov.ph/wp-content/uploads/2024/09/Price-Monitoring-September-25-2024.pdf
2024-09-25,Cartimar,tilapia,150,160,155,https://www.da.gov.ph/wp-content/uploads/2024/09/Price-Monitoring-September-25-2024.pdf
2024-09-25,Cartimar,tomato,85,90,87.5,https://www.da.gov.ph/wp-content/uploads/2024/09/Price-Monitoring-September-25-2024.pdf
2024-09-26,Cartimar,ampalaya,160,180,170,https://www.da.gov.ph/wp-content/uploads/2024/09/Price-Monitoring-September-26-2024.pdf
2024-09-26,Cartimar,cabbage_scorpio,60,60,60,https://www.da.gov.ph/wp-content/uploads/2024/09/Price-Monitoring-September-26-2024.pdf
2024-09-26,Cartimar,pechay_baguio,50,60,55,https://www.da.gov.ph/wp-content/uploads/2024/09/Price-Monitoring-September-26-2024.pdf
2024-09-26,Cartimar,red_onion_local,120,120,120,https://www.da.gov.ph/wp-content/uploads/2024/09/Price-Monitoring-September-26-2024.pdf
2024-09-26,Cartimar,tilapia,150,160,155,https://www.da.gov.ph/wp-content/uploads/2024/09/Price-Monitoring-September-26-2024.pdf
2024-09-26,Cartimar,tomato,80,90,85,https://www.da.gov.ph/wp-content/uploads/2024/09/Price-Monitoring-September-26-2024.pdf
2024-09-27,Cartimar,ampalaya,160,180,170,https://www.da.gov.ph/wp-content/uploads/2024/09/Price-Monitoring-September-27-2024.pdf
2024-09-27,Cartimar,cabbage_scorpio,60,60,60,https://www.da.gov.ph/wp-content/uploads/2024/09/Price-Monitoring-September-27-2024.pdf
2024-09-27,Cartimar,pechay_baguio,50,60,55,https://www.da.gov.ph/wp-content/uploads/2024/09/Price-Monitoring-September-27-2024.pdf
2024-09-27,Cartimar,red_onion_local,120,120,120,https://www.da.gov.ph/wp-content/uploads/2024/09/Price-Monitoring-September-27-2024.pdf
2024-09-27,Cartimar,tilapia,150,160,155,https://www.da.gov.ph/wp-content/uploads/2024/09/Price-Monitoring-September-27-2024.pdf
2024-09-27,Cartimar,tomato,80,90,85,https://www.da.gov.ph/wp-content/uploads/2024/09/Price-Monitoring-September-27-2024.pdf
2024-09-28,Cartimar,ampalaya,160,180,170,https://www.da.gov.ph/wp-content/uploads/2024/10/Price-Monitoring-September-28-2024.pdf
2024-09-28,Cartimar,cabbage_scorpio,60,60,60,https://www.da.gov.ph/wp-content/uploads/2024/10/Price-Monitoring-September-28-2024.pdf
2024-09-28,Cartimar,pechay_baguio,50,60,55,https://www.da.gov.ph/wp-content/uploads/2024/10/Price-Monitoring-September-28-2024.pdf
2024-09-28,Cartimar,red_onion_local,120,120,120,https://www.da.gov.ph/wp-content/uploads/2024/10/Price-Monitoring-September-28-2024.pdf
2024-09-28,Cartimar,tilapia,150,160,155,https://www.da.gov.ph/wp-content/uploads/2024/10/Price-Monitoring-September-28-2024.pdf
2024-09-28,Cartimar,tomato,80,90,85,https://www.da.gov.ph/wp-content/uploads/2024/10/Price-Monitoring-September-28-2024.pdf
2024-09-30,Cartimar,ampalaya,150,190,170,https://www.da.gov.ph/wp-content/uploads/2024/10/Price-Monitoring-September-30-2024.pdf
2024-09-30,Cartimar,cabbage_scorpio,55,60,57.5,https://www.da.gov.ph/wp-content/uploads/2024/10/Price-Monitoring-September-30-2024.pdf
2024-09-30,Cartimar,pechay_baguio,60,60,60,https://www.da.gov.ph/wp-content/uploads/2024/10/Price-Monitoring-September-30-2024.pdf
2024-09-30,Cartimar,red_onion_local,120,120,120,https://www.da.gov.ph/wp-content/uploads/2024/10/Price-Monitoring-September-30-2024.pdf
2024-09-30,Cartimar,tilapia,150,160,155,https://www.da.gov.ph/wp-content/uploads/2024/10/Price-Monitoring-September-30-2024.pdf
2024-09-30,Cartimar,tomato,85,90,87.5,https://www.da.gov.ph/wp-content/uploads/2024/10/Price-Monitoring-September-30-2024.pdf
2024-10-01,Cartimar,ampalaya,150,190,170,https://www.da.gov.ph/wp-content/uploads/2024/10/Price-Monitoring-October-1-2024.pdf
2024-10-01,Cartimar,cabbage_scorpio,55,60,57.5,https://www.da.gov.ph/wp-content/uploads/2024/10/Price-Monitoring-October-1-2024.pdf
2024-10-01,Cartimar,pechay_baguio,60,60,60,https://www.da.gov.ph/wp-content/uploads/2024/10/Price-Monitoring-October-1-2024.pdf
2024-10-01,Cartimar,red_onion_local,120,120,120,https://www.da.gov.ph/wp-content/uploads/2024/10/Price-Monitoring-October-1-2024.pdf
2024-10-01,Cartimar,tilapia,150,160,155,https://www.da.gov.ph/wp-content/uploads/2024/10/Price-Monitoring-October-1-2024.pdf
2024-10-01,Cartimar,tomato,85,90,87.5,https://www.da.gov.ph/wp-content/uploads/2024/10/Price-Monitoring-October-1-2024.pdf
2024-10-02,Cartimar,ampalaya,130,150,140,https://www.da.gov.ph/wp-content/uploads/2024/10/Price-Monitoring-October-2-2024.pdf
2024-10-02,Cartimar,cabbage_scorpio,60,70,65,https://www.da.gov.ph/wp-content/uploads/2024/10/Price-Monitoring-October-2-2024.pdf
2024-10-02,Cartimar,pechay_baguio,60,70,65,https://www.da.gov.ph/wp-content/uploads/2024/10/Price-Monitoring-October-2-2024.pdf
2024-10-02,Cartimar,red_onion_local,120,120,120,https://www.da.gov.ph/wp-content/uploads/2024/10/Price-Monitoring-October-2-2024.pdf
2024-10-02,Cartimar,tilapia,150,160,155,https://www.da.gov.ph/wp-content/uploads/2024/10/Price-Monitoring-October-2-2024.pdf
2024-10-02,Cartimar,tomato,80,90,85,https://www.da.gov.ph/wp-content/uploads/2024/10/Price-Monitoring-October-2-2024.pdf
2024-10-03,Cartimar,ampalaya,130,150,140,https://www.da.gov.ph/wp-content/uploads/2024/10/Price-Monitoring-October-3-2024.pdf
2024-10-03,Cartimar,cabbage_scorpio,60,70,65,https://www.da.gov.ph/wp-content/uploads/2024/10/Price-Monitoring-October-3-2024.pdf
2024-10-03,Cartimar,pechay_baguio,60,70,65,https://www.da.gov.ph/wp-content/uploads/2024/10/Price-Monitoring-October-3-2024.pdf
2024-10-03,Cartimar,red_onion_local,120,120,120,https://www.da.gov.ph/wp-content/uploads/2024/10/Price-Monitoring-October-3-2024.pdf
2024-10-03,Cartimar,tilapia,150,160,155,https://www.da.gov.ph/wp-content/uploads/2024/10/Price-Monitoring-October-3-2024.pdf
2024-10-03,Cartimar,tomato,80,90,85,https://www.da.gov.ph/wp-content/uploads/2024/10/Price-Monitoring-October-3-2024.pdf
2024-10-05,Cartimar,ampalaya,120,160,140,https://www.da.gov.ph/wp-content/uploads/2024/10/Price-Monitoring-October-5-2024.pdf
2024-10-05,Cartimar,cabbage_scorpio,60,65,62.5,https://www.da.gov.ph/wp-content/uploads/2024/10/Price-Monitoring-October-5-2024.pdf
2024-10-05,Cartimar,pechay_baguio,60,70,65,https://www.da.gov.ph/wp-content/uploads/2024/10/Price-Monitoring-October-5-2024.pdf
2024-10-05,Cartimar,red_onion_local,120,120,120,https://www.da.gov.ph/wp-content/uploads/2024/10/Price-Monitoring-October-5-2024.pdf
2024-10-05,Cartimar,tilapia,150,160,155,https://www.da.gov.ph/wp-content/uploads/2024/10/Price-Monitoring-October-5-2024.pdf
2024-10-05,Cartimar,tomato,80,90,85,https://www.da.gov.ph/wp-content/uploads/2024/10/Price-Monitoring-October-5-2024.pdf
2024-10-07,Cartimar,ampalaya,120,160,140,https://www.da.gov.ph/wp-content/uploads/2024/10/Price-Monitoring-October-7-2024.pdf
2024-10-07,Cartimar,cabbage_scorpio,80,80,80,https://www.da.gov.ph/wp-content/uploads/2024/10/Price-Monitoring-October-7-2024.pdf
2024-10-07,Cartimar,pechay_baguio,80,90,85,https://www.da.gov.ph/wp-content/uploads/2024/10/Price-Monitoring-October-7-2024.pdf
2024-10-07,Cartimar,red_onion_local,120,120,120,https://www.da.gov.ph/wp-content/uploads/2024/10/Price-Monitoring-October-7-2024.pdf
2024-10-07,Cartimar,tilapia,150,160,155,https://www.da.gov.ph/wp-content/uploads/2024/10/Price-Monitoring-October-7-2024.pdf
2024-10-07,Cartimar,tomato,80,90,85,https://www.da.gov.ph/wp-content/uploads/2024/10/Price-Monitoring-October-7-2024.pdf
2024-10-08,Cartimar,ampalaya,120,160,140,https://www.da.gov.ph/wp-content/uploads/2024/10/Price-Monitoring-October-8-2024.pdf
2024-10-08,Cartimar,cabbage_scorpio,80,80,80,https://www.da.gov.ph/wp-content/uploads/2024/10/Price-Monitoring-October-8-2024.pdf
2024-10-08,Cartimar,pechay_baguio,80,90,85,https://www.da.gov.ph/wp-content/uploads/2024/10/Price-Monitoring-October-8-2024.pdf
2024-10-08,Cartimar,red_onion_local,120,120,120,https://www.da.gov.ph/wp-content/uploads/2024/10/Price-Monitoring-October-8-2024.pdf
2024-10-08,Cartimar,tilapia,150,160,155,https://www.da.gov.ph/wp-content/uploads/2024/10/Price-Monitoring-October-8-2024.pdf
2024-10-08,Cartimar,tomato,80,90,85,https://www.da.gov.ph/wp-content/uploads/2024/10/Price-Monitoring-October-8-2024.pdf
2024-10-09,Cartimar,ampalaya,110,140,125,https://www.da.gov.ph/wp-content/uploads/2024/10/Price-Monitoring-October-9-2024.pdf
2024-10-09,Cartimar,cabbage_scorpio,70,90,80,https://www.da.gov.ph/wp-content/uploads/2024/10/Price-Monitoring-October-9-2024.pdf
2024-10-09,Cartimar,pechay_baguio,90,100,95,https://www.da.gov.ph/wp-content/uploads/2024/10/Price-Monitoring-October-9-2024.pdf
2024-10-09,Cartimar,red_onion_local,120,120,120,https://www.da.gov.ph/wp-content/uploads/2024/10/Price-Monitoring-October-9-2024.pdf
2024-10-09,Cartimar,tilapia,160,160,160,https://www.da.gov.ph/wp-content/uploads/2024/10/Price-Monitoring-October-9-2024.pdf
2024-10-09,Cartimar,tomato,85,90,87.5,https://www.da.gov.ph/wp-content/uploads/2024/10/Price-Monitoring-October-9-2024.pdf
2024-10-10,Cartimar,ampalaya,110,140,125,https://www.da.gov.ph/wp-content/uploads/2024/10/Price-Monitoring-October-10-2024.pdf
2024-10-10,Cartimar,cabbage_scorpio,70,90,80,https://www.da.gov.ph/wp-content/uploads/2024/10/Price-Monitoring-October-10-2024.pdf
2024-10-10,Cartimar,pechay_baguio,90,100,95,https://www.da.gov.ph/wp-content/uploads/2024/10/Price-Monitoring-October-10-2024.pdf
2024-10-10,Cartimar,red_onion_local,120,120,120,https://www.da.gov.ph/wp-content/uploads/2024/10/Price-Monitoring-October-10-2024.pdf
2024-10-10,Cartimar,tilapia,150,160,155,https://www.da.gov.ph/wp-content/uploads/2024/10/Price-Monitoring-October-10-2024.pdf
2024-10-10,Cartimar,tomato,85,90,87.5,https://www.da.gov.ph/wp-content/uploads/2024/10/Price-Monitoring-October-10-2024.pdf
2024-10-12,Cartimar,ampalaya,100,130,115,https://www.da.gov.ph/wp-content/uploads/2024/10/Price-Monitoring-October-12-2024.pdf
2024-10-12,Cartimar,cabbage_scorpio,80,90,85,https://www.da.gov.ph/wp-content/uploads/2024/10/Price-Monitoring-October-12-2024.pdf
2024-10-12,Cartimar,galunggong_local,300,300,300,https://www.da.gov.ph/wp-content/uploads/2024/10/Price-Monitoring-October-12-2024.pdf
2024-10-12,Cartimar,pechay_baguio,85,100,92.5,https://www.da.gov.ph/wp-content/uploads/2024/10/Price-Monitoring-October-12-2024.pdf
2024-10-12,Cartimar,red_onion_local,120,120,120,https://www.da.gov.ph/wp-content/uploads/2024/10/Price-Monitoring-October-12-2024.pdf
2024-10-12,Cartimar,tilapia,170,180,175,https://www.da.gov.ph/wp-content/uploads/2024/10/Price-Monitoring-October-12-2024.pdf
2024-10-12,Cartimar,tomato,90,100,95,https://www.da.gov.ph/wp-content/uploads/2024/10/Price-Monitoring-October-12-2024.pdf
2024-10-14,Cartimar,ampalaya,95,130,112.5,https://www.da.gov.ph/wp-content/uploads/2024/10/Price-Monitoring-October-14-2024.pdf
2024-10-14,Cartimar,cabbage_scorpio,80,90,85,https://www.da.gov.ph/wp-content/uploads/2024/10/Price-Monitoring-October-14-2024.pdf
2024-10-14,Cartimar,galunggong_local,300,300,300,https://www.da.gov.ph/wp-content/uploads/2024/10/Price-Monitoring-October-14-2024.pdf
2024-10-14,Cartimar,pechay_baguio,85,100,92.5,https://www.da.gov.ph/wp-content/uploads/2024/10/Price-Monitoring-October-14-2024.pdf
2024-10-14,Cartimar,red_onion_local,120,120,120,https://www.da.gov.ph/wp-content/uploads/2024/10/Price-Monitoring-October-14-2024.pdf
2024-10-14,Cartimar,tilapia,170,180,175,https://www.da.gov.ph/wp-content/uploads/2024/10/Price-Monitoring-October-14-2024.pdf
2024-10-14,Cartimar,tomato,100,130,115,https://www.da.gov.ph/wp-content/uploads/2024/10/Price-Monitoring-October-14-2024.pdf
2024-10-15,Cartimar,ampalaya,95,130,112.5,https://www.da.gov.ph/wp-content/uploads/2024/10/Price-Monitoring-October-15-2024.pdf
2024-10-15,Cartimar,cabbage_scorpio,80,90,85,https://www.da.gov.ph/wp-content/uploads/2024/10/Price-Monitoring-October-15-2024.pdf
2024-10-15,Cartimar,galunggong_local,300,300,300,https://www.da.gov.ph/wp-content/uploads/2024/10/Price-Monitoring-October-15-2024.pdf
2024-10-15,Cartimar,pechay_baguio,85,100,92.5,https://www.da.gov.ph/wp-content/uploads/2024/10/Price-Monitoring-October-15-2024.pdf
2024-10-15,Cartimar,red_onion_local,120,120,120,https://www.da.gov.ph/wp-content/uploads/2024/10/Price-Monitoring-October-15-2024.pdf
2024-10-15,Cartimar,tilapia,170,180,175,https://www.da.gov.ph/wp-content/uploads/2024/10/Price-Monitoring-October-15-2024.pdf
2024-10-15,Cartimar,tomato,100,130,115,https://www.da.gov.ph/wp-content/uploads/2024/10/Price-Monitoring-October-15-2024.pdf
2024-10-16,Cartimar,ampalaya,100,130,115,https://www.da.gov.ph/wp-content/uploads/2024/10/Price-Monitoring-October-16-2024.pdf
2024-10-16,Cartimar,cabbage_rareball,85,85,85,https://www.da.gov.ph/wp-content/uploads/2024/10/Price-Monitoring-October-16-2024.pdf
2024-10-16,Cartimar,cabbage_scorpio,100,100,100,https://www.da.gov.ph/wp-content/uploads/2024/10/Price-Monitoring-October-16-2024.pdf
2024-10-16,Cartimar,galunggong_local,300,300,300,https://www.da.gov.ph/wp-content/uploads/2024/10/Price-Monitoring-October-16-2024.pdf
2024-10-16,Cartimar,pechay_baguio,95,100,97.5,https://www.da.gov.ph/wp-content/uploads/2024/10/Price-Monitoring-October-16-2024.pdf
2024-10-16,Cartimar,red_onion_local,120,120,120,https://www.da.gov.ph/wp-content/uploads/2024/10/Price-Monitoring-October-16-2024.pdf
2024-10-16,Cartimar,tilapia,170,180,175,https://www.da.gov.ph/wp-content/uploads/2024/10/Price-Monitoring-October-16-2024.pdf
2024-10-16,Cartimar,tomato,180,200,190,https://www.da.gov.ph/wp-content/uploads/2024/10/Price-Monitoring-October-16-2024.pdf
2024-10-17,Cartimar,ampalaya,100,130,115,https://www.da.gov.ph/wp-content/uploads/2024/10/Price-Monitoring-October-17-2024.pdf
2024-10-17,Cartimar,cabbage_rareball,85,85,85,https://www.da.gov.ph/wp-content/uploads/2024/10/Price-Monitoring-October-17-2024.pdf
2024-10-17,Cartimar,cabbage_scorpio,100,100,100,https://www.da.gov.ph/wp-content/uploads/2024/10/Price-Monitoring-October-17-2024.pdf
2024-10-17,Cartimar,galunggong_local,300,300,300,https://www.da.gov.ph/wp-content/uploads/2024/10/Price-Monitoring-October-17-2024.pdf
2024-10-17,Cartimar,pechay_baguio,95,100,97.5,https://www.da.gov.ph/wp-content/uploads/2024/10/Price-Monitoring-October-17-2024.pdf
2024-10-17,Cartimar,red_onion_local,120,120,120,https://www.da.gov.ph/wp-content/uploads/2024/10/Price-Monitoring-October-17-2024.pdf
2024-10-17,Cartimar,tilapia,170,180,175,https://www.da.gov.ph/wp-content/uploads/2024/10/Price-Monitoring-October-17-2024.pdf
2024-10-17,Cartimar,tomato,180,200,190,https://www.da.gov.ph/wp-content/uploads/2024/10/Price-Monitoring-October-17-2024.pdf
2024-10-18,Cartimar,ampalaya,100,120,110,https://www.da.gov.ph/wp-content/uploads/2024/10/Price-Monitoring-October-18-2024.pdf
2024-10-18,Cartimar,cabbage_rareball,85,85,85,https://www.da.gov.ph/wp-content/uploads/2024/10/Price-Monitoring-October-18-2024.pdf
2024-10-18,Cartimar,cabbage_scorpio,95,95,95,https://www.da.gov.ph/wp-content/uploads/2024/10/Price-Monitoring-October-18-2024.pdf
2024-10-18,Cartimar,galunggong_local,300,300,300,https://www.da.gov.ph/wp-content/uploads/2024/10/Price-Monitoring-October-18-2024.pdf
2024-10-18,Cartimar,pechay_baguio,95,100,97.5,https://www.da.gov.ph/wp-content/uploads/2024/10/Price-Monitoring-October-18-2024.pdf
2024-10-18,Cartimar,red_onion_local,120,120,120,https://www.da.gov.ph/wp-content/uploads/2024/10/Price-Monitoring-October-18-2024.pdf
2024-10-18,Cartimar,tilapia,170,180,175,https://www.da.gov.ph/wp-content/uploads/2024/10/Price-Monitoring-October-18-2024.pdf
2024-10-18,Cartimar,tomato,150,180,165,https://www.da.gov.ph/wp-content/uploads/2024/10/Price-Monitoring-October-18-2024.pdf
2024-10-19,Cartimar,ampalaya,100,120,110,https://www.da.gov.ph/wp-content/uploads/2024/10/Price-Monitoring-October-19-2024.pdf
2024-10-19,Cartimar,cabbage_rareball,85,85,85,https://www.da.gov.ph/wp-content/uploads/2024/10/Price-Monitoring-October-19-2024.pdf
2024-10-19,Cartimar,cabbage_scorpio,95,95,95,https://www.da.gov.ph/wp-content/uploads/2024/10/Price-Monitoring-October-19-2024.pdf
2024-10-19,Cartimar,galunggong_local,300,300,300,https://www.da.gov.ph/wp-content/uploads/2024/10/Price-Monitoring-October-19-2024.pdf
2024-10-19,Cartimar,pechay_baguio,95,100,97.5,https://www.da.gov.ph/wp-content/uploads/2024/10/Price-Monitoring-October-19-2024.pdf
2024-10-19,Cartimar,red_onion_local,120,120,120,https://www.da.gov.ph/wp-content/uploads/2024/10/Price-Monitoring-October-19-2024.pdf
2024-10-19,Cartimar,tilapia,170,180,175,https://www.da.gov.ph/wp-content/uploads/2024/10/Price-Monitoring-October-19-2024.pdf
2024-10-19,Cartimar,tomato,150,180,165,https://www.da.gov.ph/wp-content/uploads/2024/10/Price-Monitoring-October-19-2024.pdf
2024-10-21,Cartimar,ampalaya,90,120,105,https://www.da.gov.ph/wp-content/uploads/2024/10/Price-Monitoring-October-21-2024.pdf
2024-10-21,Cartimar,cabbage_rareball,80,80,80,https://www.da.gov.ph/wp-content/uploads/2024/10/Price-Monitoring-October-21-2024.pdf
2024-10-21,Cartimar,cabbage_scorpio,100,100,100,https://www.da.gov.ph/wp-content/uploads/2024/10/Price-Monitoring-October-21-2024.pdf
2024-10-21,Cartimar,pechay_baguio,80,100,90,https://www.da.gov.ph/wp-content/uploads/2024/10/Price-Monitoring-October-21-2024.pdf
2024-10-21,Cartimar,red_onion_local,120,120,120,https://www.da.gov.ph/wp-content/uploads/2024/10/Price-Monitoring-October-21-2024.pdf
2024-10-21,Cartimar,tilapia,170,180,175,https://www.da.gov.ph/wp-content/uploads/2024/10/Price-Monitoring-October-21-2024.pdf
2024-10-21,Cartimar,tomato,130,160,145,https://www.da.gov.ph/wp-content/uploads/2024/10/Price-Monitoring-October-21-2024.pdf
2024-10-22,Cartimar,ampalaya,90,120,105,https://www.da.gov.ph/wp-content/uploads/2024/10/Price-Monitoring-October-22-2024.pdf
2024-10-22,Cartimar,cabbage_rareball,80,80,80,https://www.da.gov.ph/wp-content/uploads/2024/10/Price-Monitoring-October-22-2024.pdf
2024-10-22,Cartimar,cabbage_scorpio,100,100,100,https://www.da.gov.ph/wp-content/uploads/2024/10/Price-Monitoring-October-22-2024.pdf
2024-10-22,Cartimar,pechay_baguio,80,100,90,https://www.da.gov.ph/wp-content/uploads/2024/10/Price-Monitoring-October-22-2024.pdf
2024-10-22,Cartimar,red_onion_local,120,120,120,https://www.da.gov.ph/wp-content/uploads/2024/10/Price-Monitoring-October-22-2024.pdf
2024-10-22,Cartimar,tilapia,170,180,175,https://www.da.gov.ph/wp-content/uploads/2024/10/Price-Monitoring-October-22-2024.pdf
2024-10-22,Cartimar,tomato,130,160,145,https://www.da.gov.ph/wp-content/uploads/2024/10/Price-Monitoring-October-22-2024.pdf
2024-10-24,Cartimar,ampalaya,90,120,105,https://www.da.gov.ph/wp-content/uploads/2024/10/Price-Monitoring-October-24-2024.pdf
2024-10-24,Cartimar,cabbage_rareball,80,80,80,https://www.da.gov.ph/wp-content/uploads/2024/10/Price-Monitoring-October-24-2024.pdf
2024-10-24,Cartimar,pechay_baguio,80,100,90,https://www.da.gov.ph/wp-content/uploads/2024/10/Price-Monitoring-October-24-2024.pdf
2024-10-24,Cartimar,red_onion_local,120,120,120,https://www.da.gov.ph/wp-content/uploads/2024/10/Price-Monitoring-October-24-2024.pdf
2024-10-24,Cartimar,tilapia,170,180,175,https://www.da.gov.ph/wp-content/uploads/2024/10/Price-Monitoring-October-24-2024.pdf
2024-10-24,Cartimar,tomato,130,160,145,https://www.da.gov.ph/wp-content/uploads/2024/10/Price-Monitoring-October-24-2024.pdf
2024-10-28,Cartimar,ampalaya,110,140,125,https://www.da.gov.ph/wp-content/uploads/2024/10/Price-Monitoring-October-28-2024.pdf
2024-10-28,Cartimar,cabbage_rareball,80,85,82.5,https://www.da.gov.ph/wp-content/uploads/2024/10/Price-Monitoring-October-28-2024.pdf
2024-10-28,Cartimar,pechay_baguio,80,100,90,https://www.da.gov.ph/wp-content/uploads/2024/10/Price-Monitoring-October-28-2024.pdf
2024-10-28,Cartimar,red_onion_local,120,120,120,https://www.da.gov.ph/wp-content/uploads/2024/10/Price-Monitoring-October-28-2024.pdf
2024-10-28,Cartimar,tilapia,170,180,175,https://www.da.gov.ph/wp-content/uploads/2024/10/Price-Monitoring-October-28-2024.pdf
2024-10-28,Cartimar,tomato,180,200,190,https://www.da.gov.ph/wp-content/uploads/2024/10/Price-Monitoring-October-28-2024.pdf
2024-10-29,Cartimar,ampalaya,110,140,125,https://www.da.gov.ph/wp-content/uploads/2024/10/Price-Monitoring-October-29-2024.pdf
2024-10-29,Cartimar,cabbage_rareball,80,85,82.5,https://www.da.gov.ph/wp-content/uploads/2024/10/Price-Monitoring-October-29-2024.pdf
2024-10-29,Cartimar,pechay_baguio,80,100,90,https://www.da.gov.ph/wp-content/uploads/2024/10/Price-Monitoring-October-29-2024.pdf
2024-10-29,Cartimar,red_onion_local,120,120,120,https://www.da.gov.ph/wp-content/uploads/2024/10/Price-Monitoring-October-29-2024.pdf
2024-10-29,Cartimar,tilapia,170,180,175,https://www.da.gov.ph/wp-content/uploads/2024/10/Price-Monitoring-October-29-2024.pdf
2024-10-29,Cartimar,tomato,150,200,175,https://www.da.gov.ph/wp-content/uploads/2024/10/Price-Monitoring-October-29-2024.pdf
2024-10-30,Cartimar,ampalaya,140,160,150,https://www.da.gov.ph/wp-content/uploads/2024/10/Price-Monitoring-October-30-2024.pdf
2024-10-30,Cartimar,cabbage_rareball,100,100,100,https://www.da.gov.ph/wp-content/uploads/2024/10/Price-Monitoring-October-30-2024.pdf
2024-10-30,Cartimar,cabbage_scorpio,110,130,120,https://www.da.gov.ph/wp-content/uploads/2024/10/Price-Monitoring-October-30-2024.pdf
2024-10-30,Cartimar,pechay_baguio,80,100,90,https://www.da.gov.ph/wp-content/uploads/2024/10/Price-Monitoring-October-30-2024.pdf
2024-10-30,Cartimar,red_onion_local,120,120,120,https://www.da.gov.ph/wp-content/uploads/2024/10/Price-Monitoring-October-30-2024.pdf
2024-10-30,Cartimar,tilapia,170,180,175,https://www.da.gov.ph/wp-content/uploads/2024/10/Price-Monitoring-October-30-2024.pdf
2024-10-30,Cartimar,tomato,170,190,180,https://www.da.gov.ph/wp-content/uploads/2024/10/Price-Monitoring-October-30-2024.pdf
2024-10-31,Cartimar,ampalaya,140,160,150,https://www.da.gov.ph/wp-content/uploads/2024/11/Price-Monitoring-October-31-2024.pdf
2024-10-31,Cartimar,cabbage_rareball,100,100,100,https://www.da.gov.ph/wp-content/uploads/2024/11/Price-Monitoring-October-31-2024.pdf
2024-10-31,Cartimar,cabbage_scorpio,110,130,120,https://www.da.gov.ph/wp-content/uploads/2024/11/Price-Monitoring-October-31-2024.pdf
2024-10-31,Cartimar,pechay_baguio,80,100,90,https://www.da.gov.ph/wp-content/uploads/2024/11/Price-Monitoring-October-31-2024.pdf
2024-10-31,Cartimar,red_onion_local,120,120,120,https://www.da.gov.ph/wp-content/uploads/2024/11/Price-Monitoring-October-31-2024.pdf
2024-10-31,Cartimar,tilapia,170,180,175,https://www.da.gov.ph/wp-content/uploads/2024/11/Price-Monitoring-October-31-2024.pdf
2024-10-31,Cartimar,tomato,170,190,180,https://www.da.gov.ph/wp-content/uploads/2024/11/Price-Monitoring-October-31-2024.pdf
2024-11-04,Cartimar,ampalaya,130,160,145,https://www.da.gov.ph/wp-content/uploads/2024/11/Price-Monitoring-November-4-2024.pdf
2024-11-04,Cartimar,cabbage_rareball,100,100,100,https://www.da.gov.ph/wp-content/uploads/2024/11/Price-Monitoring-November-4-2024.pdf
2024-11-04,Cartimar,cabbage_scorpio,120,120,120,https://www.da.gov.ph/wp-content/uploads/2024/11/Price-Monitoring-November-4-2024.pdf
2024-11-04,Cartimar,pechay_baguio,80,100,90,https://www.da.gov.ph/wp-content/uploads/2024/11/Price-Monitoring-November-4-2024.pdf
2024-11-04,Cartimar,red_onion_local,120,120,120,https://www.da.gov.ph/wp-content/uploads/2024/11/Price-Monitoring-November-4-2024.pdf
2024-11-04,Cartimar,tilapia,170,180,175,https://www.da.gov.ph/wp-content/uploads/2024/11/Price-Monitoring-November-4-2024.pdf
2024-11-04,Cartimar,tomato,180,180,180,https://www.da.gov.ph/wp-content/uploads/2024/11/Price-Monitoring-November-4-2024.pdf
2024-11-05,Cartimar,ampalaya,130,160,145,https://www.da.gov.ph/wp-content/uploads/2024/11/Price-Monitoring-November-5-2024.pdf
2024-11-05,Cartimar,cabbage_rareball,100,100,100,https://www.da.gov.ph/wp-content/uploads/2024/11/Price-Monitoring-November-5-2024.pdf
2024-11-05,Cartimar,cabbage_scorpio,120,120,120,https://www.da.gov.ph/wp-content/uploads/2024/11/Price-Monitoring-November-5-2024.pdf
2024-11-05,Cartimar,pechay_baguio,80,100,90,https://www.da.gov.ph/wp-content/uploads/2024/11/Price-Monitoring-November-5-2024.pdf
2024-11-05,Cartimar,red_onion_local,120,120,120,https://www.da.gov.ph/wp-content/uploads/2024/11/Price-Monitoring-November-5-2024.pdf
2024-11-05,Cartimar,tilapia,170,180,175,https://www.da.gov.ph/wp-content/uploads/2024/11/Price-Monitoring-November-5-2024.pdf
2024-11-05,Cartimar,tomato,180,180,180,https://www.da.gov.ph/wp-content/uploads/2024/11/Price-Monitoring-November-5-2024.pdf
2024-11-06,Cartimar,ampalaya,130,160,145,https://www.da.gov.ph/wp-content/uploads/2024/11/Price-Monitoring-November-6-2024.pdf
2024-11-06,Cartimar,cabbage_scorpio,100,100,100,https://www.da.gov.ph/wp-content/uploads/2024/11/Price-Monitoring-November-6-2024.pdf
2024-11-06,Cartimar,pechay_baguio,80,90,85,https://www.da.gov.ph/wp-content/uploads/2024/11/Price-Monitoring-November-6-2024.pdf
2024-11-06,Cartimar,red_onion_local,120,120,120,https://www.da.gov.ph/wp-content/uploads/2024/11/Price-Monitoring-November-6-2024.pdf
2024-11-06,Cartimar,tilapia,170,180,175,https://www.da.gov.ph/wp-content/uploads/2024/11/Price-Monitoring-November-6-2024.pdf
2024-11-06,Cartimar,tomato,160,180,170,https://www.da.gov.ph/wp-content/uploads/2024/11/Price-Monitoring-November-6-2024.pdf
2024-11-07,Cartimar,ampalaya,130,160,145,https://www.da.gov.ph/wp-content/uploads/2024/11/Price-Monitoring-November-7-2024.pdf
2024-11-07,Cartimar,cabbage_scorpio,100,100,100,https://www.da.gov.ph/wp-content/uploads/2024/11/Price-Monitoring-November-7-2024.pdf
2024-11-07,Cartimar,pechay_baguio,80,90,85,https://www.da.gov.ph/wp-content/uploads/2024/11/Price-Monitoring-November-7-2024.pdf
2024-11-07,Cartimar,red_onion_local,120,120,120,https://www.da.gov.ph/wp-content/uploads/2024/11/Price-Monitoring-November-7-2024.pdf
2024-11-07,Cartimar,tilapia,180,180,180,https://www.da.gov.ph/wp-content/uploads/2024/11/Price-Monitoring-November-7-2024.pdf
2024-11-07,Cartimar,tomato,160,180,170,https://www.da.gov.ph/wp-content/uploads/2024/11/Price-Monitoring-November-7-2024.pdf
2024-11-08,Cartimar,ampalaya,140,160,150,https://www.da.gov.ph/wp-content/uploads/2024/11/Price-Monitoring-November-8-2024.pdf
2024-11-08,Cartimar,cabbage_rareball,65,90,77.5,https://www.da.gov.ph/wp-content/uploads/2024/11/Price-Monitoring-November-8-2024.pdf
2024-11-08,Cartimar,pechay_baguio,80,100,90,https://www.da.gov.ph/wp-content/uploads/2024/11/Price-Monitoring-November-8-2024.pdf
2024-11-08,Cartimar,red_onion_local,120,120,120,https://www.da.gov.ph/wp-content/uploads/2024/11/Price-Monitoring-November-8-2024.pdf
2024-11-08,Cartimar,tilapia,170,180,175,https://www.da.gov.ph/wp-content/uploads/2024/11/Price-Monitoring-November-8-2024.pdf
2024-11-08,Cartimar,tomato,160,190,175,https://www.da.gov.ph/wp-content/uploads/2024/11/Price-Monitoring-November-8-2024.pdf
2024-11-09,Cartimar,ampalaya,140,160,150,https://www.da.gov.ph/wp-content/uploads/2024/11/Price-Monitoring-November-9-2024.pdf
2024-11-09,Cartimar,cabbage_rareball,65,90,77.5,https://www.da.gov.ph/wp-content/uploads/2024/11/Price-Monitoring-November-9-2024.pdf
2024-11-09,Cartimar,pechay_baguio,80,100,90,https://www.da.gov.ph/wp-content/uploads/2024/11/Price-Monitoring-November-9-2024.pdf
2024-11-09,Cartimar,red_onion_local,120,120,120,https://www.da.gov.ph/wp-content/uploads/2024/11/Price-Monitoring-November-9-2024.pdf
2024-11-09,Cartimar,tilapia,170,180,175,https://www.da.gov.ph/wp-content/uploads/2024/11/Price-Monitoring-November-9-2024.pdf
2024-11-09,Cartimar,tomato,160,190,175,https://www.da.gov.ph/wp-content/uploads/2024/11/Price-Monitoring-November-9-2024.pdf
2024-11-11,Cartimar,ampalaya,150,170,160,https://www.da.gov.ph/wp-content/uploads/2024/11/Price-Monitoring-November-11-2024.pdf
2024-11-11,Cartimar,cabbage_rareball,80,90,85,https://www.da.gov.ph/wp-content/uploads/2024/11/Price-Monitoring-November-11-2024.pdf
2024-11-11,Cartimar,pechay_baguio,60,90,75,https://www.da.gov.ph/wp-content/uploads/2024/11/Price-Monitoring-November-11-2024.pdf
2024-11-11,Cartimar,red_onion_local,120,120,120,https://www.da.gov.ph/wp-content/uploads/2024/11/Price-Monitoring-November-11-2024.pdf
2024-11-11,Cartimar,tilapia,170,180,175,https://www.da.gov.ph/wp-content/uploads/2024/11/Price-Monitoring-November-11-2024.pdf
2024-11-11,Cartimar,tomato,150,190,170,https://www.da.gov.ph/wp-content/uploads/2024/11/Price-Monitoring-November-11-2024.pdf
2024-11-12,Cartimar,ampalaya,150,170,160,https://www.da.gov.ph/wp-content/uploads/2024/11/Price-Monitoring-November-12-2024.pdf
2024-11-12,Cartimar,cabbage_rareball,80,90,85,https://www.da.gov.ph/wp-content/uploads/2024/11/Price-Monitoring-November-12-2024.pdf
2024-11-12,Cartimar,pechay_baguio,60,90,75,https://www.da.gov.ph/wp-content/uploads/2024/11/Price-Monitoring-November-12-2024.pdf
2024-11-12,Cartimar,red_onion_local,120,120,120,https://www.da.gov.ph/wp-content/uploads/2024/11/Price-Monitoring-November-12-2024.pdf
2024-11-12,Cartimar,tilapia,170,180,175,https://www.da.gov.ph/wp-content/uploads/2024/11/Price-Monitoring-November-12-2024.pdf
2024-11-12,Cartimar,tomato,150,190,170,https://www.da.gov.ph/wp-content/uploads/2024/11/Price-Monitoring-November-12-2024.pdf
2024-11-13,Cartimar,ampalaya,160,180,170,https://www.da.gov.ph/wp-content/uploads/2024/11/Price-Monitoring-November-13-2024.pdf
2024-11-13,Cartimar,cabbage_rareball,80,90,85,https://www.da.gov.ph/wp-content/uploads/2024/11/Price-Monitoring-November-13-2024.pdf
2024-11-13,Cartimar,pechay_baguio,60,90,75,https://www.da.gov.ph/wp-content/uploads/2024/11/Price-Monitoring-November-13-2024.pdf
2024-11-13,Cartimar,red_onion_local,120,120,120,https://www.da.gov.ph/wp-content/uploads/2024/11/Price-Monitoring-November-13-2024.pdf
2024-11-13,Cartimar,tilapia,170,180,175,https://www.da.gov.ph/wp-content/uploads/2024/11/Price-Monitoring-November-13-2024.pdf
2024-11-13,Cartimar,tomato,170,190,180,https://www.da.gov.ph/wp-content/uploads/2024/11/Price-Monitoring-November-13-2024.pdf
2024-11-14,Cartimar,ampalaya,160,180,170,https://www.da.gov.ph/wp-content/uploads/2024/11/Price-Monitoring-November-14-2024.pdf
2024-11-14,Cartimar,cabbage_rareball,80,90,85,https://www.da.gov.ph/wp-content/uploads/2024/11/Price-Monitoring-November-14-2024.pdf
2024-11-14,Cartimar,pechay_baguio,60,90,75,https://www.da.gov.ph/wp-content/uploads/2024/11/Price-Monitoring-November-14-2024.pdf
2024-11-14,Cartimar,red_onion_local,120,120,120,https://www.da.gov.ph/wp-content/uploads/2024/11/Price-Monitoring-November-14-2024.pdf
2024-11-14,Cartimar,tilapia,170,180,175,https://www.da.gov.ph/wp-content/uploads/2024/11/Price-Monitoring-November-14-2024.pdf
2024-11-14,Cartimar,tomato,170,190,180,https://www.da.gov.ph/wp-content/uploads/2024/11/Price-Monitoring-November-14-2024.pdf
2024-11-16,Cartimar,ampalaya,160,200,180,https://www.da.gov.ph/wp-content/uploads/2024/11/Price-Monitoring-November-16-2024.pdf
2024-11-16,Cartimar,cabbage_rareball,80,80,80,https://www.da.gov.ph/wp-content/uploads/2024/11/Price-Monitoring-November-16-2024.pdf
2024-11-16,Cartimar,cabbage_scorpio,95,95,95,https://www.da.gov.ph/wp-content/uploads/2024/11/Price-Monitoring-November-16-2024.pdf
2024-11-16,Cartimar,pechay_baguio,65,100,82.5,https://www.da.gov.ph/wp-content/uploads/2024/11/Price-Monitoring-November-16-2024.pdf
2024-11-16,Cartimar,red_onion_local,120,120,120,https://www.da.gov.ph/wp-content/uploads/2024/11/Price-Monitoring-November-16-2024.pdf
2024-11-16,Cartimar,tilapia,170,180,175,https://www.da.gov.ph/wp-content/uploads/2024/11/Price-Monitoring-November-16-2024.pdf
2024-11-16,Cartimar,tomato,170,230,200,https://www.da.gov.ph/wp-content/uploads/2024/11/Price-Monitoring-November-16-2024.pdf
2024-11-18,Cartimar,ampalaya,150,200,175,https://www.da.gov.ph/wp-content/uploads/2024/11/Price-Monitoring-November-18-2024.pdf
2024-11-18,Cartimar,cabbage_rareball,60,80,70,https://www.da.gov.ph/wp-content/uploads/2024/11/Price-Monitoring-November-18-2024.pdf
2024-11-18,Cartimar,cabbage_scorpio,95,95,95,https://www.da.gov.ph/wp-content/uploads/2024/11/Price-Monitoring-November-18-2024.pdf
2024-11-18,Cartimar,pechay_baguio,55,80,67.5,https://www.da.gov.ph/wp-content/uploads/2024/11/Price-Monitoring-November-18-2024.pdf
2024-11-18,Cartimar,red_onion_local,120,120,120,https://www.da.gov.ph/wp-content/uploads/2024/11/Price-Monitoring-November-18-2024.pdf
2024-11-18,Cartimar,tilapia,170,180,175,https://www.da.gov.ph/wp-content/uploads/2024/11/Price-Monitoring-November-18-2024.pdf
2024-11-18,Cartimar,tomato,180,230,205,https://www.da.gov.ph/wp-content/uploads/2024/11/Price-Monitoring-November-18-2024.pdf
2024-11-19,Cartimar,ampalaya,150,200,175,https://www.da.gov.ph/wp-content/uploads/2024/11/Price-Monitoring-November-19-2024.pdf
2024-11-19,Cartimar,cabbage_scorpio,95,95,95,https://www.da.gov.ph/wp-content/uploads/2024/11/Price-Monitoring-November-19-2024.pdf
2024-11-19,Cartimar,pechay_baguio,55,80,67.5,https://www.da.gov.ph/wp-content/uploads/2024/11/Price-Monitoring-November-19-2024.pdf
2024-11-19,Cartimar,red_onion_local,120,120,120,https://www.da.gov.ph/wp-content/uploads/2024/11/Price-Monitoring-November-19-2024.pdf
2024-11-19,Cartimar,tilapia,170,180,175,https://www.da.gov.ph/wp-content/uploads/2024/11/Price-Monitoring-November-19-2024.pdf
2024-11-19,Cartimar,tomato,180,230,205,https://www.da.gov.ph/wp-content/uploads/2024/11/Price-Monitoring-November-19-2024.pdf
2024-11-20,Cartimar,ampalaya,170,200,185,https://www.da.gov.ph/wp-content/uploads/2024/11/Price-Monitoring-November-20-2024.pdf
2024-11-20,Cartimar,cabbage_rareball,75,90,82.5,https://www.da.gov.ph/wp-content/uploads/2024/11/Price-Monitoring-November-20-2024.pdf
2024-11-20,Cartimar,pechay_baguio,55,80,67.5,https://www.da.gov.ph/wp-content/uploads/2024/11/Price-Monitoring-November-20-2024.pdf
2024-11-20,Cartimar,red_onion_local,120,120,120,https://www.da.gov.ph/wp-content/uploads/2024/11/Price-Monitoring-November-20-2024.pdf
2024-11-20,Cartimar,tilapia,170,180,175,https://www.da.gov.ph/wp-content/uploads/2024/11/Price-Monitoring-November-20-2024.pdf
2024-11-20,Cartimar,tomato,180,240,210,https://www.da.gov.ph/wp-content/uploads/2024/11/Price-Monitoring-November-20-2024.pdf
2024-11-21,Cartimar,ampalaya,170,200,185,https://www.da.gov.ph/wp-content/uploads/2024/11/Price-Monitoring-November-21-2024.pdf
2024-11-21,Cartimar,cabbage_rareball,75,90,82.5,https://www.da.gov.ph/wp-content/uploads/2024/11/Price-Monitoring-November-21-2024.pdf
2024-11-21,Cartimar,pechay_baguio,55,80,67.5,https://www.da.gov.ph/wp-content/uploads/2024/11/Price-Monitoring-November-21-2024.pdf
2024-11-21,Cartimar,red_onion_local,120,120,120,https://www.da.gov.ph/wp-content/uploads/2024/11/Price-Monitoring-November-21-2024.pdf
2024-11-21,Cartimar,tilapia,170,180,175,https://www.da.gov.ph/wp-content/uploads/2024/11/Price-Monitoring-November-21-2024.pdf
2024-11-21,Cartimar,tomato,180,240,210,https://www.da.gov.ph/wp-content/uploads/2024/11/Price-Monitoring-November-21-2024.pdf
2024-11-22,Cartimar,ampalaya,170,200,185,https://www.da.gov.ph/wp-content/uploads/2024/11/Price-Monitoring-November-22-2024.pdf
2024-11-22,Cartimar,cabbage_rareball,75,90,82.5,https://www.da.gov.ph/wp-content/uploads/2024/11/Price-Monitoring-November-22-2024.pdf
2024-11-22,Cartimar,pechay_baguio,55,80,67.5,https://www.da.gov.ph/wp-content/uploads/2024/11/Price-Monitoring-November-22-2024.pdf
2024-11-22,Cartimar,red_onion_local,120,120,120,https://www.da.gov.ph/wp-content/uploads/2024/11/Price-Monitoring-November-22-2024.pdf
2024-11-22,Cartimar,tilapia,170,180,175,https://www.da.gov.ph/wp-content/uploads/2024/11/Price-Monitoring-November-22-2024.pdf
2024-11-22,Cartimar,tomato,180,240,210,https://www.da.gov.ph/wp-content/uploads/2024/11/Price-Monitoring-November-22-2024.pdf
2024-11-25,Cartimar,ampalaya,170,200,185,https://www.da.gov.ph/wp-content/uploads/2024/11/Price-Monitoring-November-25-2024.pdf
2024-11-25,Cartimar,cabbage_rareball,80,100,90,https://www.da.gov.ph/wp-content/uploads/2024/11/Price-Monitoring-November-25-2024.pdf
2024-11-25,Cartimar,pechay_baguio,70,90,80,https://www.da.gov.ph/wp-content/uploads/2024/11/Price-Monitoring-November-25-2024.pdf
2024-11-25,Cartimar,red_onion_local,120,120,120,https://www.da.gov.ph/wp-content/uploads/2024/11/Price-Monitoring-November-25-2024.pdf
2024-11-25,Cartimar,tilapia,170,180,175,https://www.da.gov.ph/wp-content/uploads/2024/11/Price-Monitoring-November-25-2024.pdf
2024-11-25,Cartimar,tomato,180,220,200,https://www.da.gov.ph/wp-content/uploads/2024/11/Price-Monitoring-November-25-2024.pdf
2024-11-26,Cartimar,ampalaya,170,200,185,https://www.da.gov.ph/wp-content/uploads/2024/11/Price-Monitoring-November-26-2024.pdf
2024-11-26,Cartimar,cabbage_rareball,90,100,95,https://www.da.gov.ph/wp-content/uploads/2024/11/Price-Monitoring-November-26-2024.pdf
2024-11-26,Cartimar,pechay_baguio,80,90,85,https://www.da.gov.ph/wp-content/uploads/2024/11/Price-Monitoring-November-26-2024.pdf
2024-11-26,Cartimar,red_onion_local,120,120,120,https://www.da.gov.ph/wp-content/uploads/2024/11/Price-Monitoring-November-26-2024.pdf
2024-11-26,Cartimar,tilapia,170,180,175,https://www.da.gov.ph/wp-content/uploads/2024/11/Price-Monitoring-November-26-2024.pdf
2024-11-26,Cartimar,tomato,180,220,200,https://www.da.gov.ph/wp-content/uploads/2024/11/Price-Monitoring-November-26-2024.pdf
2024-11-27,Cartimar,ampalaya,170,200,185,https://www.da.gov.ph/wp-content/uploads/2024/11/Price-Monitoring-November-27-2024.pdf
2024-11-27,Cartimar,cabbage_rareball,85,100,92.5,https://www.da.gov.ph/wp-content/uploads/2024/11/Price-Monitoring-November-27-2024.pdf
2024-11-27,Cartimar,pechay_baguio,55,90,72.5,https://www.da.gov.ph/wp-content/uploads/2024/11/Price-Monitoring-November-27-2024.pdf
2024-11-27,Cartimar,red_onion_local,120,120,120,https://www.da.gov.ph/wp-content/uploads/2024/11/Price-Monitoring-November-27-2024.pdf
2024-11-27,Cartimar,tilapia,170,180,175,https://www.da.gov.ph/wp-content/uploads/2024/11/Price-Monitoring-November-27-2024.pdf
2024-11-27,Cartimar,tomato,170,220,195,https://www.da.gov.ph/wp-content/uploads/2024/11/Price-Monitoring-November-27-2024.pdf
2024-11-28,Cartimar,ampalaya,170,200,185,https://www.da.gov.ph/wp-content/uploads/2024/12/Price-Monitoring-November-28-2024.pdf
2024-11-28,Cartimar,cabbage_rareball,85,100,92.5,https://www.da.gov.ph/wp-content/uploads/2024/12/Price-Monitoring-November-28-2024.pdf
2024-11-28,Cartimar,pechay_baguio,55,90,72.5,https://www.da.gov.ph/wp-content/uploads/2024/12/Price-Monitoring-November-28-2024.pdf
2024-11-28,Cartimar,red_onion_local,120,120,120,https://www.da.gov.ph/wp-content/uploads/2024/12/Price-Monitoring-November-28-2024.pdf
2024-11-28,Cartimar,tilapia,170,180,175,https://www.da.gov.ph/wp-content/uploads/2024/12/Price-Monitoring-November-28-2024.pdf
2024-11-28,Cartimar,tomato,170,200,185,https://www.da.gov.ph/wp-content/uploads/2024/12/Price-Monitoring-November-28-2024.pdf
2024-11-29,Cartimar,ampalaya,140,200,170,https://www.da.gov.ph/wp-content/uploads/2024/12/Price-Monitoring-November-29-2024.pdf
2024-11-29,Cartimar,cabbage_rareball,90,95,92.5,https://www.da.gov.ph/wp-content/uploads/2024/12/Price-Monitoring-November-29-2024.pdf
2024-11-29,Cartimar,pechay_baguio,65,90,77.5,https://www.da.gov.ph/wp-content/uploads/2024/12/Price-Monitoring-November-29-2024.pdf
2024-11-29,Cartimar,red_onion_local,100,120,110,https://www.da.gov.ph/wp-content/uploads/2024/12/Price-Monitoring-November-29-2024.pdf
2024-11-29,Cartimar,tilapia,170,180,175,https://www.da.gov.ph/wp-content/uploads/2024/12/Price-Monitoring-November-29-2024.pdf
2024-11-29,Cartimar,tomato,170,220,195,https://www.da.gov.ph/wp-content/uploads/2024/12/Price-Monitoring-November-29-2024.pdf
2024-11-30,Cartimar,ampalaya,140,200,170,https://www.da.gov.ph/wp-content/uploads/2024/12/Price-Monitoring-November-30-2024.pdf
2024-11-30,Cartimar,cabbage_rareball,90,95,92.5,https://www.da.gov.ph/wp-content/uploads/2024/12/Price-Monitoring-November-30-2024.pdf
2024-11-30,Cartimar,pechay_baguio,65,90,77.5,https://www.da.gov.ph/wp-content/uploads/2024/12/Price-Monitoring-November-30-2024.pdf
2024-11-30,Cartimar,red_onion_local,100,120,110,https://www.da.gov.ph/wp-content/uploads/2024/12/Price-Monitoring-November-30-2024.pdf
2024-11-30,Cartimar,tilapia,170,180,175,https://www.da.gov.ph/wp-content/uploads/2024/12/Price-Monitoring-November-30-2024.pdf
2024-11-30,Cartimar,tomato,170,220,195,https://www.da.gov.ph/wp-content/uploads/2024/12/Price-Monitoring-November-30-2024.pdf
2024-12-02,Cartimar,ampalaya,140,180,160,https://www.da.gov.ph/wp-content/uploads/2024/12/Price-Monitoring-December-2-2024.pdf
2024-12-02,Cartimar,cabbage_rareball,95,120,107.5,https://www.da.gov.ph/wp-content/uploads/2024/12/Price-Monitoring-December-2-2024.pdf
2024-12-02,Cartimar,pechay_baguio,60,90,75,https://www.da.gov.ph/wp-content/uploads/2024/12/Price-Monitoring-December-2-2024.pdf
2024-12-02,Cartimar,red_onion_local,100,120,110,https://www.da.gov.ph/wp-content/uploads/2024/12/Price-Monitoring-December-2-2024.pdf
2024-12-02,Cartimar,tilapia,170,180,175,https://www.da.gov.ph/wp-content/uploads/2024/12/Price-Monitoring-December-2-2024.pdf
2024-12-02,Cartimar,tomato,160,220,190,https://www.da.gov.ph/wp-content/uploads/2024/12/Price-Monitoring-December-2-2024.pdf
2024-12-03,Cartimar,ampalaya,140,180,160,https://www.da.gov.ph/wp-content/uploads/2024/12/Price-Monitoring-December-3-2024.pdf
2024-12-03,Cartimar,cabbage_rareball,95,120,107.5,https://www.da.gov.ph/wp-content/uploads/2024/12/Price-Monitoring-December-3-2024.pdf
2024-12-03,Cartimar,galunggong_local,320,320,320,https://www.da.gov.ph/wp-content/uploads/2024/12/Price-Monitoring-December-3-2024.pdf
2024-12-03,Cartimar,pechay_baguio,60,90,75,https://www.da.gov.ph/wp-content/uploads/2024/12/Price-Monitoring-December-3-2024.pdf
2024-12-03,Cartimar,red_onion_local,100,120,110,https://www.da.gov.ph/wp-content/uploads/2024/12/Price-Monitoring-December-3-2024.pdf
2024-12-03,Cartimar,tilapia,170,180,175,https://www.da.gov.ph/wp-content/uploads/2024/12/Price-Monitoring-December-3-2024.pdf
2024-12-03,Cartimar,tomato,160,220,190,https://www.da.gov.ph/wp-content/uploads/2024/12/Price-Monitoring-December-3-2024.pdf
2024-12-04,Cartimar,ampalaya,140,170,155,https://www.da.gov.ph/wp-content/uploads/2024/12/Price-Monitoring-December-4-2024.pdf
2024-12-04,Cartimar,cabbage_rareball,85,100,92.5,https://www.da.gov.ph/wp-content/uploads/2024/12/Price-Monitoring-December-4-2024.pdf
2024-12-04,Cartimar,galunggong_local,320,320,320,https://www.da.gov.ph/wp-content/uploads/2024/12/Price-Monitoring-December-4-2024.pdf
2024-12-04,Cartimar,pechay_baguio,70,100,85,https://www.da.gov.ph/wp-content/uploads/2024/12/Price-Monitoring-December-4-2024.pdf
2024-12-04,Cartimar,red_onion_local,100,120,110,https://www.da.gov.ph/wp-content/uploads/2024/12/Price-Monitoring-December-4-2024.pdf
2024-12-04,Cartimar,tilapia,170,180,175,https://www.da.gov.ph/wp-content/uploads/2024/12/Price-Monitoring-December-4-2024.pdf
2024-12-04,Cartimar,tomato,180,220,200,https://www.da.gov.ph/wp-content/uploads/2024/12/Price-Monitoring-December-4-2024.pdf
2024-12-07,Cartimar,ampalaya,130,170,150,https://www.da.gov.ph/wp-content/uploads/2024/12/Price-Monitoring-December-7-2024.pdf
2024-12-07,Cartimar,cabbage_rareball,85,100,92.5,https://www.da.gov.ph/wp-content/uploads/2024/12/Price-Monitoring-December-7-2024.pdf
2024-12-07,Cartimar,galunggong_local,320,320,320,https://www.da.gov.ph/wp-content/uploads/2024/12/Price-Monitoring-December-7-2024.pdf
2024-12-07,Cartimar,pechay_baguio,55,90,72.5,https://www.da.gov.ph/wp-content/uploads/2024/12/Price-Monitoring-December-7-2024.pdf
2024-12-07,Cartimar,red_onion_local,100,120,110,https://www.da.gov.ph/wp-content/uploads/2024/12/Price-Monitoring-December-7-2024.pdf
2024-12-07,Cartimar,tilapia,170,180,175,https://www.da.gov.ph/wp-content/uploads/2024/12/Price-Monitoring-December-7-2024.pdf
2024-12-07,Cartimar,tomato,200,240,220,https://www.da.gov.ph/wp-content/uploads/2024/12/Price-Monitoring-December-7-2024.pdf
2024-12-09,Cartimar,ampalaya,160,180,170,https://www.da.gov.ph/wp-content/uploads/2024/12/Price-Monitoring-December-9-2024.pdf
2024-12-09,Cartimar,cabbage_rareball,80,95,87.5,https://www.da.gov.ph/wp-content/uploads/2024/12/Price-Monitoring-December-9-2024.pdf
2024-12-09,Cartimar,galunggong_local,320,320,320,https://www.da.gov.ph/wp-content/uploads/2024/12/Price-Monitoring-December-9-2024.pdf
2024-12-09,Cartimar,pechay_baguio,60,90,75,https://www.da.gov.ph/wp-content/uploads/2024/12/Price-Monitoring-December-9-2024.pdf
2024-12-09,Cartimar,red_onion_local,100,120,110,https://www.da.gov.ph/wp-content/uploads/2024/12/Price-Monitoring-December-9-2024.pdf
2024-12-09,Cartimar,tilapia,170,180,175,https://www.da.gov.ph/wp-content/uploads/2024/12/Price-Monitoring-December-9-2024.pdf
2024-12-09,Cartimar,tomato,230,260,245,https://www.da.gov.ph/wp-content/uploads/2024/12/Price-Monitoring-December-9-2024.pdf
2024-12-10,Cartimar,ampalaya,160,180,170,https://www.da.gov.ph/wp-content/uploads/2024/12/Price-Monitoring-December-10-2024.pdf
2024-12-10,Cartimar,cabbage_rareball,80,95,87.5,https://www.da.gov.ph/wp-content/uploads/2024/12/Price-Monitoring-December-10-2024.pdf
2024-12-10,Cartimar,galunggong_local,320,320,320,https://www.da.gov.ph/wp-content/uploads/2024/12/Price-Monitoring-December-10-2024.pdf
2024-12-10,Cartimar,pechay_baguio,60,90,75,https://www.da.gov.ph/wp-content/uploads/2024/12/Price-Monitoring-December-10-2024.pdf
2024-12-10,Cartimar,red_onion_local,100,120,110,https://www.da.gov.ph/wp-content/uploads/2024/12/Price-Monitoring-December-10-2024.pdf
2024-12-10,Cartimar,tilapia,170,180,175,https://www.da.gov.ph/wp-content/uploads/2024/12/Price-Monitoring-December-10-2024.pdf
2024-12-10,Cartimar,tomato,230,260,245,https://www.da.gov.ph/wp-content/uploads/2024/12/Price-Monitoring-December-10-2024.pdf
2024-12-12,Cartimar,ampalaya,150,180,165,https://www.da.gov.ph/wp-content/uploads/2024/12/Price-Monitoring-December-12-2024.pdf
2024-12-12,Cartimar,cabbage_rareball,75,80,77.5,https://www.da.gov.ph/wp-content/uploads/2024/12/Price-Monitoring-December-12-2024.pdf
2024-12-12,Cartimar,galunggong_local,320,320,320,https://www.da.gov.ph/wp-content/uploads/2024/12/Price-Monitoring-December-12-2024.pdf
2024-12-12,Cartimar,pechay_baguio,50,80,65,https://www.da.gov.ph/wp-content/uploads/2024/12/Price-Monitoring-December-12-2024.pdf
2024-12-12,Cartimar,red_onion_local,100,120,110,https://www.da.gov.ph/wp-content/uploads/2024/12/Price-Monitoring-December-12-2024.pdf
2024-12-12,Cartimar,tilapia,170,180,175,https://www.da.gov.ph/wp-content/uploads/2024/12/Price-Monitoring-December-12-2024.pdf
2024-12-12,Cartimar,tomato,230,240,235,https://www.da.gov.ph/wp-content/uploads/2024/12/Price-Monitoring-December-12-2024.pdf
2024-12-13,Cartimar,ampalaya,150,180,165,https://www.da.gov.ph/wp-content/uploads/2024/12/Price-Monitoring-December-13-2024.pdf
2024-12-13,Cartimar,cabbage_rareball,75,80,77.5,https://www.da.gov.ph/wp-content/uploads/2024/12/Price-Monitoring-December-13-2024.pdf
2024-12-13,Cartimar,galunggong_local,320,320,320,https://www.da.gov.ph/wp-content/uploads/2024/12/Price-Monitoring-December-13-2024.pdf
2024-12-13,Cartimar,pechay_baguio,50,80,65,https://www.da.gov.ph/wp-content/uploads/2024/12/Price-Monitoring-December-13-2024.pdf
2024-12-13,Cartimar,red_onion_local,100,120,110,https://www.da.gov.ph/wp-content/uploads/2024/12/Price-Monitoring-December-13-2024.pdf
2024-12-13,Cartimar,tilapia,170,180,175,https://www.da.gov.ph/wp-content/uploads/2024/12/Price-Monitoring-December-13-2024.pdf
2024-12-13,Cartimar,tomato,230,240,235,https://www.da.gov.ph/wp-content/uploads/2024/12/Price-Monitoring-December-13-2024.pdf
2024-12-14,Cartimar,ampalaya,140,190,165,https://www.da.gov.ph/wp-content/uploads/2024/12/Price-Monitoring-December-14-2024.pdf
2024-12-14,Cartimar,cabbage_rareball,75,80,77.5,https://www.da.gov.ph/wp-content/uploads/2024/12/Price-Monitoring-December-14-2024.pdf
2024-12-14,Cartimar,galunggong_local,320,320,320,https://www.da.gov.ph/wp-content/uploads/2024/12/Price-Monitoring-December-14-2024.pdf
2024-12-14,Cartimar,pechay_baguio,65,70,67.5,https://www.da.gov.ph/wp-content/uploads/2024/12/Price-Monitoring-December-14-2024.pdf
2024-12-14,Cartimar,red_onion_local,100,120,110,https://www.da.gov.ph/wp-content/uploads/2024/12/Price-Monitoring-December-14-2024.pdf
2024-12-14,Cartimar,tilapia,170,180,175,https://www.da.gov.ph/wp-content/uploads/2024/12/Price-Monitoring-December-14-2024.pdf
2024-12-14,Cartimar,tomato,200,240,220,https://www.da.gov.ph/wp-content/uploads/2024/12/Price-Monitoring-December-14-2024.pdf
2024-12-16,Cartimar,ampalaya,120,180,150,https://www.da.gov.ph/wp-content/uploads/2024/12/Price-Monitoring-December-16-2024.pdf
2024-12-16,Cartimar,cabbage_rareball,70,80,75,https://www.da.gov.ph/wp-content/uploads/2024/12/Price-Monitoring-December-16-2024.pdf
2024-12-16,Cartimar,galunggong_local,320,320,320,https://www.da.gov.ph/wp-content/uploads/2024/12/Price-Monitoring-December-16-2024.pdf
2024-12-16,Cartimar,pechay_baguio,60,70,65,https://www.da.gov.ph/wp-content/uploads/2024/12/Price-Monitoring-December-16-2024.pdf
2024-12-16,Cartimar,red_onion_local,100,120,110,https://www.da.gov.ph/wp-content/uploads/2024/12/Price-Monitoring-December-16-2024.pdf
2024-12-16,Cartimar,tilapia,170,180,175,https://www.da.gov.ph/wp-content/uploads/2024/12/Price-Monitoring-December-16-2024.pdf
2024-12-16,Cartimar,tomato,200,240,220,https://www.da.gov.ph/wp-content/uploads/2024/12/Price-Monitoring-December-16-2024.pdf
2024-12-17,Cartimar,ampalaya,120,180,150,https://www.da.gov.ph/wp-content/uploads/2024/12/Price-Monitoring-December-17-2024.pdf
2024-12-17,Cartimar,cabbage_rareball,70,80,75,https://www.da.gov.ph/wp-content/uploads/2024/12/Price-Monitoring-December-17-2024.pdf
2024-12-17,Cartimar,galunggong_local,320,320,320,https://www.da.gov.ph/wp-content/uploads/2024/12/Price-Monitoring-December-17-2024.pdf
2024-12-17,Cartimar,pechay_baguio,60,70,65,https://www.da.gov.ph/wp-content/uploads/2024/12/Price-Monitoring-December-17-2024.pdf
2024-12-17,Cartimar,red_onion_local,100,120,110,https://www.da.gov.ph/wp-content/uploads/2024/12/Price-Monitoring-December-17-2024.pdf
2024-12-17,Cartimar,tilapia,170,180,175,https://www.da.gov.ph/wp-content/uploads/2024/12/Price-Monitoring-December-17-2024.pdf
2024-12-17,Cartimar,tomato,200,240,220,https://www.da.gov.ph/wp-content/uploads/2024/12/Price-Monitoring-December-17-2024.pdf
2024-12-19,Cartimar,ampalaya,150,180,165,https://www.da.gov.ph/wp-content/uploads/2024/12/Price-Monitoring-December-19-2024.pdf
2024-12-19,Cartimar,cabbage_rareball,70,80,75,https://www.da.gov.ph/wp-content/uploads/2024/12/Price-Monitoring-December-19-2024.pdf
2024-12-19,Cartimar,pechay_baguio,50,70,60,https://www.da.gov.ph/wp-content/uploads/2024/12/Price-Monitoring-December-19-2024.pdf
2024-12-19,Cartimar,red_onion_local,100,120,110,https://www.da.gov.ph/wp-content/uploads/2024/12/Price-Monitoring-December-19-2024.pdf
2024-12-19,Cartimar,tilapia,170,180,175,https://www.da.gov.ph/wp-content/uploads/2024/12/Price-Monitoring-December-19-2024.pdf
2024-12-19,Cartimar,tomato,200,260,230,https://www.da.gov.ph/wp-content/uploads/2024/12/Price-Monitoring-December-19-2024.pdf
2024-12-20,Cartimar,ampalaya,110,180,145,https://www.da.gov.ph/wp-content/uploads/2024/12/Price-Monitoring-December-20-2024.pdf
2024-12-20,Cartimar,cabbage_rareball,70,85,77.5,https://www.da.gov.ph/wp-content/uploads/2024/12/Price-Monitoring-December-20-2024.pdf
2024-12-20,Cartimar,pechay_baguio,60,70,65,https://www.da.gov.ph/wp-content/uploads/2024/12/Price-Monitoring-December-20-2024.pdf
2024-12-20,Cartimar,red_onion_local,100,120,110,https://www.da.gov.ph/wp-content/uploads/2024/12/Price-Monitoring-December-20-2024.pdf
2024-12-20,Cartimar,tilapia,170,180,175,https://www.da.gov.ph/wp-content/uploads/2024/12/Price-Monitoring-December-20-2024.pdf
2024-12-20,Cartimar,tomato,200,260,230,https://www.da.gov.ph/wp-content/uploads/2024/12/Price-Monitoring-December-20-2024.pdf
2024-12-21,Cartimar,ampalaya,110,180,145,https://www.da.gov.ph/wp-content/uploads/2024/12/Price-Monitoring-December-21-2024.pdf
2024-12-21,Cartimar,cabbage_rareball,70,85,77.5,https://www.da.gov.ph/wp-content/uploads/2024/12/Price-Monitoring-December-21-2024.pdf
2024-12-21,Cartimar,pechay_baguio,60,70,65,https://www.da.gov.ph/wp-content/uploads/2024/12/Price-Monitoring-December-21-2024.pdf
2024-12-21,Cartimar,red_onion_local,100,120,110,https://www.da.gov.ph/wp-content/uploads/2024/12/Price-Monitoring-December-21-2024.pdf
2024-12-21,Cartimar,tilapia,170,180,175,https://www.da.gov.ph/wp-content/uploads/2024/12/Price-Monitoring-December-21-2024.pdf
2024-12-21,Cartimar,tomato,200,260,230,https://www.da.gov.ph/wp-content/uploads/2024/12/Price-Monitoring-December-21-2024.pdf
2024-12-23,Cartimar,ampalaya,110,160,135,https://www.da.gov.ph/wp-content/uploads/2024/12/Price-Monitoring-December-23-2024.pdf
2024-12-23,Cartimar,cabbage_rareball,85,100,92.5,https://www.da.gov.ph/wp-content/uploads/2024/12/Price-Monitoring-December-23-2024.pdf
2024-12-23,Cartimar,pechay_baguio,60,70,65,https://www.da.gov.ph/wp-content/uploads/2024/12/Price-Monitoring-December-23-2024.pdf
2024-12-23,Cartimar,red_onion_local,100,120,110,https://www.da.gov.ph/wp-content/uploads/2024/12/Price-Monitoring-December-23-2024.pdf
2024-12-23,Cartimar,tilapia,170,180,175,https://www.da.gov.ph/wp-content/uploads/2024/12/Price-Monitoring-December-23-2024.pdf
2024-12-23,Cartimar,tomato,220,260,240,https://www.da.gov.ph/wp-content/uploads/2024/12/Price-Monitoring-December-23-2024.pdf
2024-12-24,Cartimar,ampalaya,110,160,135,https://www.da.gov.ph/wp-content/uploads/2025/01/Price-Monitoring-December-24-2024.pdf
2024-12-24,Cartimar,cabbage_rareball,95,120,107.5,https://www.da.gov.ph/wp-content/uploads/2025/01/Price-Monitoring-December-24-2024.pdf
2024-12-24,Cartimar,pechay_baguio,60,70,65,https://www.da.gov.ph/wp-content/uploads/2025/01/Price-Monitoring-December-24-2024.pdf
2024-12-24,Cartimar,red_onion_local,100,120,110,https://www.da.gov.ph/wp-content/uploads/2025/01/Price-Monitoring-December-24-2024.pdf
2024-12-24,Cartimar,tilapia,170,180,175,https://www.da.gov.ph/wp-content/uploads/2025/01/Price-Monitoring-December-24-2024.pdf
2024-12-24,Cartimar,tomato,230,260,245,https://www.da.gov.ph/wp-content/uploads/2025/01/Price-Monitoring-December-24-2024.pdf
2024-12-26,Cartimar,ampalaya,110,140,125,https://www.da.gov.ph/wp-content/uploads/2025/01/Price-Monitoring-December-26-2024.pdf
2024-12-26,Cartimar,cabbage_rareball,90,100,95,https://www.da.gov.ph/wp-content/uploads/2025/01/Price-Monitoring-December-26-2024.pdf
2024-12-26,Cartimar,pechay_baguio,60,70,65,https://www.da.gov.ph/wp-content/uploads/2025/01/Price-Monitoring-December-26-2024.pdf
2024-12-26,Cartimar,red_onion_local,100,120,110,https://www.da.gov.ph/wp-content/uploads/2025/01/Price-Monitoring-December-26-2024.pdf
2024-12-26,Cartimar,tilapia,170,180,175,https://www.da.gov.ph/wp-content/uploads/2025/01/Price-Monitoring-December-26-2024.pdf
2024-12-26,Cartimar,tomato,230,270,250,https://www.da.gov.ph/wp-content/uploads/2025/01/Price-Monitoring-December-26-2024.pdf
2024-12-27,Cartimar,ampalaya,110,140,125,https://www.da.gov.ph/wp-content/uploads/2025/01/Price-Monitoring-December-27-2024.pdf
2024-12-27,Cartimar,cabbage_rareball,90,100,95,https://www.da.gov.ph/wp-content/uploads/2025/01/Price-Monitoring-December-27-2024.pdf
2024-12-27,Cartimar,pechay_baguio,60,70,65,https://www.da.gov.ph/wp-content/uploads/2025/01/Price-Monitoring-December-27-2024.pdf
2024-12-27,Cartimar,red_onion_local,100,120,110,https://www.da.gov.ph/wp-content/uploads/2025/01/Price-Monitoring-December-27-2024.pdf
2024-12-27,Cartimar,tilapia,170,180,175,https://www.da.gov.ph/wp-content/uploads/2025/01/Price-Monitoring-December-27-2024.pdf
2024-12-27,Cartimar,tomato,230,270,250,https://www.da.gov.ph/wp-content/uploads/2025/01/Price-Monitoring-December-27-2024.pdf
2024-12-28,Cartimar,ampalaya,110,140,125,https://www.da.gov.ph/wp-content/uploads/2025/01/Price-Monitoring-December-28-2024.pdf
2024-12-28,Cartimar,cabbage_rareball,90,90,90,https://www.da.gov.ph/wp-content/uploads/2025/01/Price-Monitoring-December-28-2024.pdf
2024-12-28,Cartimar,pechay_baguio,60,70,65,https://www.da.gov.ph/wp-content/uploads/2025/01/Price-Monitoring-December-28-2024.pdf
2024-12-28,Cartimar,red_onion_local,100,120,110,https://www.da.gov.ph/wp-content/uploads/2025/01/Price-Monitoring-December-28-2024.pdf
2024-12-28,Cartimar,tilapia,170,180,175,https://www.da.gov.ph/wp-content/uploads/2025/01/Price-Monitoring-December-28-2024.pdf
2024-12-28,Cartimar,tomato,230,270,250,https://www.da.gov.ph/wp-content/uploads/2025/01/Price-Monitoring-December-28-2024.pdf
2024-12-31,Cartimar,ampalaya,100,130,115,https://www.da.gov.ph/wp-content/uploads/2025/01/Price-Monitoring-December-31-2024.pdf
2024-12-31,Cartimar,cabbage_rareball,70,75,72.5,https://www.da.gov.ph/wp-content/uploads/2025/01/Price-Monitoring-December-31-2024.pdf
2024-12-31,Cartimar,pechay_baguio,50,60,55,https://www.da.gov.ph/wp-content/uploads/2025/01/Price-Monitoring-December-31-2024.pdf
2024-12-31,Cartimar,red_onion_local,100,120,110,https://www.da.gov.ph/wp-content/uploads/2025/01/Price-Monitoring-December-31-2024.pdf
2024-12-31,Cartimar,tilapia,170,180,175,https://www.da.gov.ph/wp-content/uploads/2025/01/Price-Monitoring-December-31-2024.pdf
2024-12-31,Cartimar,tomato,260,280,270,https://www.da.gov.ph/wp-content/uploads/2025/01/Price-Monitoring-December-31-2024.pdf
2025-01-02,Cartimar,ampalaya,120,120,120,https://www.da.gov.ph/wp-content/uploads/2025/01/Price-Monitoring-January-2-2025.pdf
2025-01-02,Cartimar,cabbage_rareball,90,100,95,https://www.da.gov.ph/wp-content/uploads/2025/01/Price-Monitoring-January-2-2025.pdf
2025-01-02,Cartimar,pechay_baguio,90,90,90,https://www.da.gov.ph/wp-content/uploads/2025/01/Price-Monitoring-January-2-2025.pdf
2025-01-02,Cartimar,red_onion_local,100,120,110,https://www.da.gov.ph/wp-content/uploads/2025/01/Price-Monitoring-January-2-2025.pdf
2025-01-02,Cartimar,tilapia,170,180,175,https://www.da.gov.ph/wp-content/uploads/2025/01/Price-Monitoring-January-2-2025.pdf
2025-01-02,Cartimar,tomato,270,300,285,https://www.da.gov.ph/wp-content/uploads/2025/01/Price-Monitoring-January-2-2025.pdf
2025-01-04,Cartimar,ampalaya,110,120,115,https://www.da.gov.ph/wp-content/uploads/2025/01/Price-Monitoring-January-4-2025.pdf
2025-01-04,Cartimar,cabbage_rareball,90,100,95,https://www.da.gov.ph/wp-content/uploads/2025/01/Price-Monitoring-January-4-2025.pdf
2025-01-04,Cartimar,pechay_baguio,90,90,90,https://www.da.gov.ph/wp-content/uploads/2025/01/Price-Monitoring-January-4-2025.pdf
2025-01-04,Cartimar,red_onion_local,100,120,110,https://www.da.gov.ph/wp-content/uploads/2025/01/Price-Monitoring-January-4-2025.pdf
2025-01-04,Cartimar,tilapia,170,180,175,https://www.da.gov.ph/wp-content/uploads/2025/01/Price-Monitoring-January-4-2025.pdf
2025-01-04,Cartimar,tomato,270,320,295,https://www.da.gov.ph/wp-content/uploads/2025/01/Price-Monitoring-January-4-2025.pdf
2025-01-06,Cartimar,ampalaya,120,160,140,https://www.da.gov.ph/wp-content/uploads/2025/01/Price-Monitoring-January-6-2025.pdf
2025-01-06,Cartimar,cabbage_rareball,50,80,65,https://www.da.gov.ph/wp-content/uploads/2025/01/Price-Monitoring-January-6-2025.pdf
2025-01-06,Cartimar,pechay_baguio,45,60,52.5,https://www.da.gov.ph/wp-content/uploads/2025/01/Price-Monitoring-January-6-2025.pdf
2025-01-06,Cartimar,red_onion_local,100,120,110,https://www.da.gov.ph/wp-content/uploads/2025/01/Price-Monitoring-January-6-2025.pdf
2025-01-06,Cartimar,tilapia,170,180,175,https://www.da.gov.ph/wp-content/uploads/2025/01/Price-Monitoring-January-6-2025.pdf
2025-01-06,Cartimar,tomato,230,300,265,https://www.da.gov.ph/wp-content/uploads/2025/01/Price-Monitoring-January-6-2025.pdf
2025-01-07,Cartimar,ampalaya,120,160,140,https://www.da.gov.ph/wp-content/uploads/2025/01/Price-Monitoring-January-7-2025.pdf
2025-01-07,Cartimar,cabbage_rareball,60,80,70,https://www.da.gov.ph/wp-content/uploads/2025/01/Price-Monitoring-January-7-2025.pdf
2025-01-07,Cartimar,pechay_baguio,45,60,52.5,https://www.da.gov.ph/wp-content/uploads/2025/01/Price-Monitoring-January-7-2025.pdf
2025-01-07,Cartimar,red_onion_local,100,120,110,https://www.da.gov.ph/wp-content/uploads/2025/01/Price-Monitoring-January-7-2025.pdf
2025-01-07,Cartimar,tilapia,150,180,165,https://www.da.gov.ph/wp-content/uploads/2025/01/Price-Monitoring-January-7-2025.pdf
2025-01-07,Cartimar,tomato,230,300,265,https://www.da.gov.ph/wp-content/uploads/2025/01/Price-Monitoring-January-7-2025.pdf
2025-01-08,Cartimar,ampalaya,140,160,150,https://www.da.gov.ph/wp-content/uploads/2025/01/Price-Monitoring-January-8-2025.pdf
2025-01-08,Cartimar,cabbage_rareball,60,80,70,https://www.da.gov.ph/wp-content/uploads/2025/01/Price-Monitoring-January-8-2025.pdf
2025-01-08,Cartimar,pechay_baguio,40,70,55,https://www.da.gov.ph/wp-content/uploads/2025/01/Price-Monitoring-January-8-2025.pdf
2025-01-08,Cartimar,red_onion_local,100,120,110,https://www.da.gov.ph/wp-content/uploads/2025/01/Price-Monitoring-January-8-2025.pdf
2025-01-08,Cartimar,tilapia,170,180,175,https://www.da.gov.ph/wp-content/uploads/2025/01/Price-Monitoring-January-8-2025.pdf
2025-01-08,Cartimar,tomato,230,280,255,https://www.da.gov.ph/wp-content/uploads/2025/01/Price-Monitoring-January-8-2025.pdf
2025-01-09,Cartimar,ampalaya,140,160,150,https://www.da.gov.ph/wp-content/uploads/2025/01/Price-Monitoring-January-9-2025.pdf
2025-01-09,Cartimar,cabbage_rareball,60,80,70,https://www.da.gov.ph/wp-content/uploads/2025/01/Price-Monitoring-January-9-2025.pdf
2025-01-09,Cartimar,pechay_baguio,40,70,55,https://www.da.gov.ph/wp-content/uploads/2025/01/Price-Monitoring-January-9-2025.pdf
2025-01-09,Cartimar,red_onion_local,100,120,110,https://www.da.gov.ph/wp-content/uploads/2025/01/Price-Monitoring-January-9-2025.pdf
2025-01-09,Cartimar,tilapia,170,180,175,https://www.da.gov.ph/wp-content/uploads/2025/01/Price-Monitoring-January-9-2025.pdf
2025-01-09,Cartimar,tomato,230,280,255,https://www.da.gov.ph/wp-content/uploads/2025/01/Price-Monitoring-January-9-2025.pdf
2025-01-11,Cartimar,ampalaya,140,160,150,https://www.da.gov.ph/wp-content/uploads/2025/01/Price-Monitoring-January-11-2025.pdf
2025-01-11,Cartimar,cabbage_rareball,65,80,72.5,https://www.da.gov.ph/wp-content/uploads/2025/01/Price-Monitoring-January-11-2025.pdf
2025-01-11,Cartimar,galunggong_local,350,350,350,https://www.da.gov.ph/wp-content/uploads/2025/01/Price-Monitoring-January-11-2025.pdf
2025-01-11,Cartimar,pechay_baguio,35,60,47.5,https://www.da.gov.ph/wp-content/uploads/2025/01/Price-Monitoring-January-11-2025.pdf
2025-01-11,Cartimar,red_onion_local,100,120,110,https://www.da.gov.ph/wp-content/uploads/2025/01/Price-Monitoring-January-11-2025.pdf
2025-01-11,Cartimar,tilapia,170,180,175,https://www.da.gov.ph/wp-content/uploads/2025/01/Price-Monitoring-January-11-2025.pdf
2025-01-11,Cartimar,tomato,220,280,250,https://www.da.gov.ph/wp-content/uploads/2025/01/Price-Monitoring-January-11-2025.pdf
2025-01-13,Cartimar,ampalaya,150,180,165,https://www.da.gov.ph/wp-content/uploads/2025/01/Price-Monitoring-January-13-2025.pdf
2025-01-13,Cartimar,cabbage_rareball,58,80,69,https://www.da.gov.ph/wp-content/uploads/2025/01/Price-Monitoring-January-13-2025.pdf
2025-01-13,Cartimar,galunggong_local,350,350,350,https://www.da.gov.ph/wp-content/uploads/2025/01/Price-Monitoring-January-13-2025.pdf
2025-01-13,Cartimar,pechay_baguio,45,70,57.5,https://www.da.gov.ph/wp-content/uploads/2025/01/Price-Monitoring-January-13-2025.pdf
2025-01-13,Cartimar,red_onion_local,120,130,125,https://www.da.gov.ph/wp-content/uploads/2025/01/Price-Monitoring-January-13-2025.pdf
2025-01-13,Cartimar,tilapia,170,180,175,https://www.da.gov.ph/wp-content/uploads/2025/01/Price-Monitoring-January-13-2025.pdf
2025-01-13,Cartimar,tomato,190,230,210,https://www.da.gov.ph/wp-content/uploads/2025/01/Price-Monitoring-January-13-2025.pdf
2025-01-14,Cartimar,ampalaya,150,180,165,https://www.da.gov.ph/wp-content/uploads/2025/01/Price-Monitoring-January-14-2025.pdf
2025-01-14,Cartimar,cabbage_rareball,58,80,69,https://www.da.gov.ph/wp-content/uploads/2025/01/Price-Monitoring-January-14-2025.pdf
2025-01-14,Cartimar,galunggong_local,350,350,350,https://www.da.gov.ph/wp-content/uploads/2025/01/Price-Monitoring-January-14-2025.pdf
2025-01-14,Cartimar,pechay_baguio,45,70,57.5,https://www.da.gov.ph/wp-content/uploads/2025/01/Price-Monitoring-January-14-2025.pdf
2025-01-14,Cartimar,red_onion_local,120,130,125,https://www.da.gov.ph/wp-content/uploads/2025/01/Price-Monitoring-January-14-2025.pdf
2025-01-14,Cartimar,tilapia,170,180,175,https://www.da.gov.ph/wp-content/uploads/2025/01/Price-Monitoring-January-14-2025.pdf
2025-01-14,Cartimar,tomato,190,230,210,https://www.da.gov.ph/wp-content/uploads/2025/01/Price-Monitoring-January-14-2025.pdf
2025-01-15,Cartimar,ampalaya,150,180,165,https://www.da.gov.ph/wp-content/uploads/2025/01/Price-Monitoring-January-15-2025.pdf
2025-01-15,Cartimar,cabbage_rareball,50,60,55,https://www.da.gov.ph/wp-content/uploads/2025/01/Price-Monitoring-January-15-2025.pdf
2025-01-15,Cartimar,galunggong_local,350,350,350,https://www.da.gov.ph/wp-content/uploads/2025/01/Price-Monitoring-January-15-2025.pdf
2025-01-15,Cartimar,pechay_baguio,50,350,200,https://www.da.gov.ph/wp-content/uploads/2025/01/Price-Monitoring-January-15-2025.pdf
2025-01-15,Cartimar,red_onion_local,120,130,125,https://www.da.gov.ph/wp-content/uploads/2025/01/Price-Monitoring-January-15-2025.pdf
2025-01-15,Cartimar,tilapia,170,180,175,https://www.da.gov.ph/wp-content/uploads/2025/01/Price-Monitoring-January-15-2025.pdf
2025-01-15,Cartimar,tomato,200,230,215,https://www.da.gov.ph/wp-content/uploads/2025/01/Price-Monitoring-January-15-2025.pdf
2025-01-16,Cartimar,ampalaya,150,180,165,https://www.da.gov.ph/wp-content/uploads/2025/01/Price-Monitoring-January-16-2025.pdf
2025-01-16,Cartimar,cabbage_rareball,50,60,55,https://www.da.gov.ph/wp-content/uploads/2025/01/Price-Monitoring-January-16-2025.pdf
2025-01-16,Cartimar,galunggong_local,350,350,350,https://www.da.gov.ph/wp-content/uploads/2025/01/Price-Monitoring-January-16-2025.pdf
2025-01-16,Cartimar,pechay_baguio,35,50,42.5,https://www.da.gov.ph/wp-content/uploads/2025/01/Price-Monitoring-January-16-2025.pdf
2025-01-16,Cartimar,red_onion_local,120,130,125,https://www.da.gov.ph/wp-content/uploads/2025/01/Price-Monitoring-January-16-2025.pdf
2025-01-16,Cartimar,tilapia,170,180,175,https://www.da.gov.ph/wp-content/uploads/2025/01/Price-Monitoring-January-16-2025.pdf
2025-01-16,Cartimar,tomato,180,200,190,https://www.da.gov.ph/wp-content/uploads/2025/01/Price-Monitoring-January-16-2025.pdf
2025-01-17,Cartimar,ampalaya,150,180,165,https://www.da.gov.ph/wp-content/uploads/2025/01/Revised-Price-Monitoring-January-17-2025.pdf
2025-01-17,Cartimar,cabbage_rareball,50,60,55,https://www.da.gov.ph/wp-content/uploads/2025/01/Revised-Price-Monitoring-January-17-2025.pdf
2025-01-17,Cartimar,galunggong_local,350,350,350,https://www.da.gov.ph/wp-content/uploads/2025/01/Revised-Price-Monitoring-January-17-2025.pdf
2025-01-17,Cartimar,pechay_baguio,35,50,42.5,https://www.da.gov.ph/wp-content/uploads/2025/01/Revised-Price-Monitoring-January-17-2025.pdf
2025-01-17,Cartimar,red_onion_local,120,130,125,https://www.da.gov.ph/wp-content/uploads/2025/01/Revised-Price-Monitoring-January-17-2025.pdf
2025-01-17,Cartimar,tilapia,170,180,175,https://www.da.gov.ph/wp-content/uploads/2025/01/Revised-Price-Monitoring-January-17-2025.pdf
2025-01-17,Cartimar,tomato,180,200,190,https://www.da.gov.ph/wp-content/uploads/2025/01/Revised-Price-Monitoring-January-17-2025.pdf
2025-01-21,Cartimar,ampalaya,120,160,140,https://www.da.gov.ph/wp-content/uploads/2025/01/Revised-Price-Monitoring-January-21-2025.pdf
2025-01-21,Cartimar,cabbage_rareball,50,70,60,https://www.da.gov.ph/wp-content/uploads/2025/01/Revised-Price-Monitoring-January-21-2025.pdf
2025-01-21,Cartimar,cabbage_scorpio,70,80,75,https://www.da.gov.ph/wp-content/uploads/2025/01/Revised-Price-Monitoring-January-21-2025.pdf
2025-01-21,Cartimar,pechay_baguio,40,70,55,https://www.da.gov.ph/wp-content/uploads/2025/01/Revised-Price-Monitoring-January-21-2025.pdf
2025-01-21,Cartimar,red_onion_local,110,120,115,https://www.da.gov.ph/wp-content/uploads/2025/01/Revised-Price-Monitoring-January-21-2025.pdf
2025-01-21,Cartimar,tilapia,135,140,137.5,https://www.da.gov.ph/wp-content/uploads/2025/01/Revised-Price-Monitoring-January-21-2025.pdf
2025-01-21,Cartimar,tomato,90,150,120,https://www.da.gov.ph/wp-content/uploads/2025/01/Revised-Price-Monitoring-January-21-2025.pdf
2025-01-22,Cartimar,ampalaya,120,160,140,https://www.da.gov.ph/wp-content/uploads/2025/01/Revised-Price-Monitoring-January-22-2025.pdf
2025-01-22,Cartimar,cabbage_rareball,50,60,55,https://www.da.gov.ph/wp-content/uploads/2025/01/Revised-Price-Monitoring-January-22-2025.pdf
2025-01-22,Cartimar,cabbage_scorpio,70,80,75,https://www.da.gov.ph/wp-content/uploads/2025/01/Revised-Price-Monitoring-January-22-2025.pdf
2025-01-22,Cartimar,pechay_baguio,50,70,60,https://www.da.gov.ph/wp-content/uploads/2025/01/Revised-Price-Monitoring-January-22-2025.pdf
2025-01-22,Cartimar,red_onion_local,110,120,115,https://www.da.gov.ph/wp-content/uploads/2025/01/Revised-Price-Monitoring-January-22-2025.pdf
2025-01-22,Cartimar,tilapia,135,140,137.5,https://www.da.gov.ph/wp-content/uploads/2025/01/Revised-Price-Monitoring-January-22-2025.pdf
2025-01-22,Cartimar,tomato,90,140,115,https://www.da.gov.ph/wp-content/uploads/2025/01/Revised-Price-Monitoring-January-22-2025.pdf
2025-01-23,Cartimar,ampalaya,120,160,140,https://www.da.gov.ph/wp-content/uploads/2025/01/Price-Monitoring-January-23-2025.pdf
2025-01-23,Cartimar,cabbage_rareball,50,60,55,https://www.da.gov.ph/wp-content/uploads/2025/01/Price-Monitoring-January-23-2025.pdf
2025-01-23,Cartimar,cabbage_scorpio,60,80,70,https://www.da.gov.ph/wp-content/uploads/2025/01/Price-Monitoring-January-23-2025.pdf
2025-01-23,Cartimar,cabbage_wonderball,50,50,50,https://www.da.gov.ph/wp-content/uploads/2025/01/Price-Monitoring-January-23-2025.pdf
2025-01-23,Cartimar,pechay_baguio,40,70,55,https://www.da.gov.ph/wp-content/uploads/2025/01/Price-Monitoring-January-23-2025.pdf
2025-01-23,Cartimar,red_onion_local,100,120,110,https://www.da.gov.ph/wp-content/uploads/2025/01/Price-Monitoring-January-23-2025.pdf
2025-01-23,Cartimar,tilapia,135,140,137.5,https://www.da.gov.ph/wp-content/uploads/2025/01/Price-Monitoring-January-23-2025.pdf
2025-01-23,Cartimar,tomato,100,100,100,https://www.da.gov.ph/wp-content/uploads/2025/01/Price-Monitoring-January-23-2025.pdf
2025-01-24,Cartimar,ampalaya,130,160,145,https://www.da.gov.ph/wp-content/uploads/2025/01/Price-Monitoring-January-24-2025.pdf
2025-01-24,Cartimar,cabbage_rareball,60,65,62.5,https://www.da.gov.ph/wp-content/uploads/2025/01/Price-Monitoring-January-24-2025.pdf
2025-01-24,Cartimar,cabbage_scorpio,75,80,77.5,https://www.da.gov.ph/wp-content/uploads/2025/01/Price-Monitoring-January-24-2025.pdf
2025-01-24,Cartimar,cabbage_wonderball,65,65,65,https://www.da.gov.ph/wp-content/uploads/2025/01/Price-Monitoring-January-24-2025.pdf
2025-01-24,Cartimar,pechay_baguio,40,70,55,https://www.da.gov.ph/wp-content/uploads/2025/01/Price-Monitoring-January-24-2025.pdf
2025-01-24,Cartimar,red_onion_local,80,120,100,https://www.da.gov.ph/wp-content/uploads/2025/01/Price-Monitoring-January-24-2025.pdf
2025-01-24,Cartimar,tilapia,135,140,137.5,https://www.da.gov.ph/wp-content/uploads/2025/01/Price-Monitoring-January-24-2025.pdf
2025-01-24,Cartimar,tomato,70,100,85,https://www.da.gov.ph/wp-content/uploads/2025/01/Price-Monitoring-January-24-2025.pdf
2025-01-27,Cartimar,ampalaya,110,150,130,https://www.da.gov.ph/wp-content/uploads/2025/01/Price-Monitoring-January-27-2025.pdf
2025-01-27,Cartimar,cabbage_rareball,50,60,55,https://www.da.gov.ph/wp-content/uploads/2025/01/Price-Monitoring-January-27-2025.pdf
2025-01-27,Cartimar,cabbage_scorpio,65,80,72.5,https://www.da.gov.ph/wp-content/uploads/2025/01/Price-Monitoring-January-27-2025.pdf
2025-01-27,Cartimar,cabbage_wonderball,50,50,50,https://www.da.gov.ph/wp-content/uploads/2025/01/Price-Monitoring-January-27-2025.pdf
2025-01-27,Cartimar,pechay_baguio,45,70,57.5,https://www.da.gov.ph/wp-content/uploads/2025/01/Price-Monitoring-January-27-2025.pdf
2025-01-27,Cartimar,red_onion_local,100,130,115,https://www.da.gov.ph/wp-content/uploads/2025/01/Price-Monitoring-January-27-2025.pdf
2025-01-27,Cartimar,tilapia,130,140,135,https://www.da.gov.ph/wp-content/uploads/2025/01/Price-Monitoring-January-27-2025.pdf
2025-01-27,Cartimar,tomato,70,100,85,https://www.da.gov.ph/wp-content/uploads/2025/01/Price-Monitoring-January-27-2025.pdf
2025-01-28,Cartimar,ampalaya,120,150,135,https://www.da.gov.ph/wp-content/uploads/2025/01/Price-Monitoring-January-28-2025.pdf
2025-01-28,Cartimar,cabbage_rareball,50,60,55,https://www.da.gov.ph/wp-content/uploads/2025/01/Price-Monitoring-January-28-2025.pdf
2025-01-28,Cartimar,cabbage_scorpio,70,80,75,https://www.da.gov.ph/wp-content/uploads/2025/01/Price-Monitoring-January-28-2025.pdf
2025-01-28,Cartimar,cabbage_wonderball,60,60,60,https://www.da.gov.ph/wp-content/uploads/2025/01/Price-Monitoring-January-28-2025.pdf
2025-01-28,Cartimar,pechay_baguio,40,70,55,https://www.da.gov.ph/wp-content/uploads/2025/01/Price-Monitoring-January-28-2025.pdf
2025-01-28,Cartimar,red_onion_local,110,130,120,https://www.da.gov.ph/wp-content/uploads/2025/01/Price-Monitoring-January-28-2025.pdf
2025-01-28,Cartimar,tilapia,135,140,137.5,https://www.da.gov.ph/wp-content/uploads/2025/01/Price-Monitoring-January-28-2025.pdf
2025-01-28,Cartimar,tomato,70,90,80,https://www.da.gov.ph/wp-content/uploads/2025/01/Price-Monitoring-January-28-2025.pdf
2025-01-29,Cartimar,ampalaya,120,150,135,https://www.da.gov.ph/wp-content/uploads/2025/01/Price-Monitoring-January-29-2025.pdf
2025-01-29,Cartimar,cabbage_rareball,50,60,55,https://www.da.gov.ph/wp-content/uploads/2025/01/Price-Monitoring-January-29-2025.pdf
2025-01-29,Cartimar,cabbage_scorpio,70,80,75,https://www.da.gov.ph/wp-content/uploads/2025/01/Price-Monitoring-January-29-2025.pdf
2025-01-29,Cartimar,cabbage_wonderball,60,60,60,https://www.da.gov.ph/wp-content/uploads/2025/01/Price-Monitoring-January-29-2025.pdf
2025-01-29,Cartimar,pechay_baguio,40,70,55,https://www.da.gov.ph/wp-content/uploads/2025/01/Price-Monitoring-January-29-2025.pdf
2025-01-29,Cartimar,red_onion_local,110,130,120,https://www.da.gov.ph/wp-content/uploads/2025/01/Price-Monitoring-January-29-2025.pdf
2025-01-29,Cartimar,tilapia,135,140,137.5,https://www.da.gov.ph/wp-content/uploads/2025/01/Price-Monitoring-January-29-2025.pdf
2025-01-29,Cartimar,tomato,70,90,80,https://www.da.gov.ph/wp-content/uploads/2025/01/Price-Monitoring-January-29-2025.pdf
2025-01-31,Cartimar,ampalaya,100,140,120,https://www.da.gov.ph/wp-content/uploads/2025/02/Price-Monitoring-January-31-2025.pdf
2025-01-31,Cartimar,cabbage_rareball,65,80,72.5,https://www.da.gov.ph/wp-content/uploads/2025/02/Price-Monitoring-January-31-2025.pdf
2025-01-31,Cartimar,cabbage_scorpio,70,100,85,https://www.da.gov.ph/wp-content/uploads/2025/02/Price-Monitoring-January-31-2025.pdf
2025-01-31,Cartimar,cabbage_wonderball,65,65,65,https://www.da.gov.ph/wp-content/uploads/2025/02/Price-Monitoring-January-31-2025.pdf
2025-01-31,Cartimar,pechay_baguio,40,60,50,https://www.da.gov.ph/wp-content/uploads/2025/02/Price-Monitoring-January-31-2025.pdf
2025-01-31,Cartimar,red_onion_local,110,130,120,https://www.da.gov.ph/wp-content/uploads/2025/02/Price-Monitoring-January-31-2025.pdf
2025-01-31,Cartimar,tilapia,135,140,137.5,https://www.da.gov.ph/wp-content/uploads/2025/02/Price-Monitoring-January-31-2025.pdf
2025-01-31,Cartimar,tomato,50,80,65,https://www.da.gov.ph/wp-content/uploads/2025/02/Price-Monitoring-January-31-2025.pdf
2025-02-01,Cartimar,ampalaya,120,130,125,https://www.da.gov.ph/wp-content/uploads/2025/02/Price-Monitoring-February-1-2025.pdf
2025-02-01,Cartimar,cabbage_rareball,65,80,72.5,https://www.da.gov.ph/wp-content/uploads/2025/02/Price-Monitoring-February-1-2025.pdf
2025-02-01,Cartimar,cabbage_scorpio,70,80,75,https://www.da.gov.ph/wp-content/uploads/2025/02/Price-Monitoring-February-1-2025.pdf
2025-02-01,Cartimar,pechay_baguio,40,60,50,https://www.da.gov.ph/wp-content/uploads/2025/02/Price-Monitoring-February-1-2025.pdf
2025-02-01,Cartimar,red_onion_local,110,130,120,https://www.da.gov.ph/wp-content/uploads/2025/02/Price-Monitoring-February-1-2025.pdf
2025-02-01,Cartimar,tilapia,135,140,137.5,https://www.da.gov.ph/wp-content/uploads/2025/02/Price-Monitoring-February-1-2025.pdf
2025-02-01,Cartimar,tomato,50,70,60,https://www.da.gov.ph/wp-content/uploads/2025/02/Price-Monitoring-February-1-2025.pdf
2025-02-03,Cartimar,ampalaya,120,130,125,https://www.da.gov.ph/wp-content/uploads/2025/02/Price-Monitoring-February-3-2025.pdf
2025-02-03,Cartimar,cabbage_rareball,60,75,67.5,https://www.da.gov.ph/wp-content/uploads/2025/02/Price-Monitoring-February-3-2025.pdf
2025-02-03,Cartimar,cabbage_scorpio,80,100,90,https://www.da.gov.ph/wp-content/uploads/2025/02/Price-Monitoring-February-3-2025.pdf
2025-02-03,Cartimar,cabbage_wonderball,75,75,75,https://www.da.gov.ph/wp-content/uploads/2025/02/Price-Monitoring-February-3-2025.pdf
2025-02-03,Cartimar,pechay_baguio,45,70,57.5,https://www.da.gov.ph/wp-content/uploads/2025/02/Price-Monitoring-February-3-2025.pdf
2025-02-03,Cartimar,red_onion_local,110,140,125,https://www.da.gov.ph/wp-content/uploads/2025/02/Price-Monitoring-February-3-2025.pdf
2025-02-03,Cartimar,tilapia,135,140,137.5,https://www.da.gov.ph/wp-content/uploads/2025/02/Price-Monitoring-February-3-2025.pdf
2025-02-03,Cartimar,tomato,40,70,55,https://www.da.gov.ph/wp-content/uploads/2025/02/Price-Monitoring-February-3-2025.pdf
2025-02-04,Cartimar,ampalaya,120,130,125,https://www.da.gov.ph/wp-content/uploads/2025/02/Price-Monitoring-February-4-2025.pdf
2025-02-04,Cartimar,cabbage_rareball,60,75,67.5,https://www.da.gov.ph/wp-content/uploads/2025/02/Price-Monitoring-February-4-2025.pdf
2025-02-04,Cartimar,cabbage_scorpio,80,100,90,https://www.da.gov.ph/wp-content/uploads/2025/02/Price-Monitoring-February-4-2025.pdf
2025-02-04,Cartimar,pechay_baguio,45,70,57.5,https://www.da.gov.ph/wp-content/uploads/2025/02/Price-Monitoring-February-4-2025.pdf
2025-02-04,Cartimar,red_onion_local,110,150,130,https://www.da.gov.ph/wp-content/uploads/2025/02/Price-Monitoring-February-4-2025.pdf
2025-02-04,Cartimar,tilapia,130,140,135,https://www.da.gov.ph/wp-content/uploads/2025/02/Price-Monitoring-February-4-2025.pdf
2025-02-04,Cartimar,tomato,40,70,55,https://www.da.gov.ph/wp-content/uploads/2025/02/Price-Monitoring-February-4-2025.pdf
2025-02-05,Cartimar,ampalaya,100,130,115,https://www.da.gov.ph/wp-content/uploads/2025/02/Price-Monitoring-February-5-2025.pdf
2025-02-05,Cartimar,cabbage_rareball,65,70,67.5,https://www.da.gov.ph/wp-content/uploads/2025/02/Price-Monitoring-February-5-2025.pdf
2025-02-05,Cartimar,cabbage_scorpio,80,90,85,https://www.da.gov.ph/wp-content/uploads/2025/02/Price-Monitoring-February-5-2025.pdf
2025-02-05,Cartimar,cabbage_wonderball,70,70,70,https://www.da.gov.ph/wp-content/uploads/2025/02/Price-Monitoring-February-5-2025.pdf
2025-02-05,Cartimar,galunggong_local,260,280,270,https://www.da.gov.ph/wp-content/uploads/2025/02/Price-Monitoring-February-5-2025.pdf
2025-02-05,Cartimar,pechay_baguio,45,70,57.5,https://www.da.gov.ph/wp-content/uploads/2025/02/Price-Monitoring-February-5-2025.pdf
2025-02-05,Cartimar,red_onion_local,160,170,165,https://www.da.gov.ph/wp-content/uploads/2025/02/Price-Monitoring-February-5-2025.pdf
2025-02-05,Cartimar,tilapia,130,140,135,https://www.da.gov.ph/wp-content/uploads/2025/02/Price-Monitoring-February-5-2025.pdf
2025-02-05,Cartimar,tomato,40,60,50,https://www.da.gov.ph/wp-content/uploads/2025/02/Price-Monitoring-February-5-2025.pdf
2025-02-06,Cartimar,ampalaya,100,130,115,https://www.da.gov.ph/wp-content/uploads/2025/02/Price-Monitoring-February-6-2025.pdf
2025-02-06,Cartimar,cabbage_rareball,60,70,65,https://www.da.gov.ph/wp-content/uploads/2025/02/Price-Monitoring-February-6-2025.pdf
2025-02-06,Cartimar,cabbage_scorpio,80,90,85,https://www.da.gov.ph/wp-content/uploads/2025/02/Price-Monitoring-February-6-2025.pdf
2025-02-06,Cartimar,cabbage_wonderball,70,70,70,https://www.da.gov.ph/wp-content/uploads/2025/02/Price-Monitoring-February-6-2025.pdf
2025-02-06,Cartimar,galunggong_local,260,280,270,https://www.da.gov.ph/wp-content/uploads/2025/02/Price-Monitoring-February-6-2025.pdf
2025-02-06,Cartimar,pechay_baguio,45,70,57.5,https://www.da.gov.ph/wp-content/uploads/2025/02/Price-Monitoring-February-6-2025.pdf
2025-02-06,Cartimar,red_onion_local,160,170,165,https://www.da.gov.ph/wp-content/uploads/2025/02/Price-Monitoring-February-6-2025.pdf
2025-02-06,Cartimar,tilapia,135,140,137.5,https://www.da.gov.ph/wp-content/uploads/2025/02/Price-Monitoring-February-6-2025.pdf
2025-02-06,Cartimar,tomato,40,50,45,https://www.da.gov.ph/wp-content/uploads/2025/02/Price-Monitoring-February-6-2025.pdf
2025-02-07,Cartimar,ampalaya,100,120,110,https://www.da.gov.ph/wp-content/uploads/2025/02/Price-Monitoring-February-7-2025.pdf
2025-02-07,Cartimar,cabbage,60,85,72.5,https://www.da.gov.ph/wp-content/uploads/2025/02/Price-Monitoring-February-7-2025.pdf
2025-02-07,Cartimar,pechay_baguio,45,60,52.5,https://www.da.gov.ph/wp-content/uploads/2025/02/Price-Monitoring-February-7-2025.pdf
2025-02-07,Cartimar,red_onion_local,160,180,170,https://www.da.gov.ph/wp-content/uploads/2025/02/Price-Monitoring-February-7-2025.pdf
2025-02-07,Cartimar,tilapia,130,140,135,https://www.da.gov.ph/wp-content/uploads/2025/02/Price-Monitoring-February-7-2025.pdf
2025-02-07,Cartimar,tomato,40,50,45,https://www.da.gov.ph/wp-content/uploads/2025/02/Price-Monitoring-February-7-2025.pdf
2025-02-08,Cartimar,ampalaya,110,140,125,https://www.da.gov.ph/wp-content/uploads/2025/02/Price-Monitoring-February-8-2025.pdf
2025-02-08,Cartimar,cabbage,60,85,72.5,https://www.da.gov.ph/wp-content/uploads/2025/02/Price-Monitoring-February-8-2025.pdf
2025-02-08,Cartimar,eggplant,100,140,120,https://www.da.gov.ph/wp-content/uploads/2025/02/Price-Monitoring-February-8-2025.pdf
2025-02-08,Cartimar,galunggong_local,350,350,350,https://www.da.gov.ph/wp-content/uploads/2025/02/Price-Monitoring-February-8-2025.pdf
2025-02-08,Cartimar,red_onion_local,120,120,120,https://www.da.gov.ph/wp-content/uploads/2025/02/Price-Monitoring-February-8-2025.pdf
2025-02-08,Cartimar,tilapia,170,180,175,https://www.da.gov.ph/wp-content/uploads/2025/02/Price-Monitoring-February-8-2025.pdf
2025-02-08,Cartimar,tomato,70,100,85,https://www.da.gov.ph/wp-content/uploads/2025/02/Price-Monitoring-February-8-2025.pdf
2025-02-10,Cartimar,ampalaya,120,130,125,https://www.da.gov.ph/wp-content/uploads/2025/02/Price-Monitoring-February-10-2025.pdf
2025-02-10,Cartimar,cabbage,60,70,65,https://www.da.gov.ph/wp-content/uploads/2025/02/Price-Monitoring-February-10-2025.pdf
2025-02-10,Cartimar,eggplant,80,120,100,https://www.da.gov.ph/wp-content/uploads/2025/02/Price-Monitoring-February-10-2025.pdf
2025-02-10,Cartimar,galunggong_local,350,350,350,https://www.da.gov.ph/wp-content/uploads/2025/02/Price-Monitoring-February-10-2025.pdf
2025-02-10,Cartimar,red_onion_local,120,120,120,https://www.da.gov.ph/wp-content/uploads/2025/02/Price-Monitoring-February-10-2025.pdf
2025-02-10,Cartimar,tilapia,170,180,175,https://www.da.gov.ph/wp-content/uploads/2025/02/Price-Monitoring-February-10-2025.pdf
2025-02-10,Cartimar,tomato,60,90,75,https://www.da.gov.ph/wp-content/uploads/2025/02/Price-Monitoring-February-10-2025.pdf
2025-02-11,Cartimar,ampalaya,120,130,125,https://www.da.gov.ph/wp-content/uploads/2025/02/Price-Monitoring-February-11-2025.pdf
2025-02-11,Cartimar,cabbage,60,80,70,https://www.da.gov.ph/wp-content/uploads/2025/02/Price-Monitoring-February-11-2025.pdf
2025-02-11,Cartimar,eggplant,100,120,110,https://www.da.gov.ph/wp-content/uploads/2025/02/Price-Monitoring-February-11-2025.pdf
2025-02-11,Cartimar,galunggong_local,350,350,350,https://www.da.gov.ph/wp-content/uploads/2025/02/Price-Monitoring-February-11-2025.pdf
2025-02-11,Cartimar,red_onion_local,120,120,120,https://www.da.gov.ph/wp-content/uploads/2025/02/Price-Monitoring-February-11-2025.pdf
2025-02-11,Cartimar,tilapia,170,180,175,https://www.da.gov.ph/wp-content/uploads/2025/02/Price-Monitoring-February-11-2025.pdf
2025-02-11,Cartimar,tomato,80,90,85,https://www.da.gov.ph/wp-content/uploads/2025/02/Price-Monitoring-February-11-2025.pdf
2025-02-12,Cartimar,ampalaya,120,130,125,https://www.da.gov.ph/wp-content/uploads/2025/02/Price-Monitoring-February-12-2025.pdf
2025-02-12,Cartimar,cabbage,60,80,70,https://www.da.gov.ph/wp-content/uploads/2025/02/Price-Monitoring-February-12-2025.pdf
2025-02-12,Cartimar,eggplant,100,120,110,https://www.da.gov.ph/wp-content/uploads/2025/02/Price-Monitoring-February-12-2025.pdf
2025-02-12,Cartimar,galunggong_local,350,350,350,https://www.da.gov.ph/wp-content/uploads/2025/02/Price-Monitoring-February-12-2025.pdf
2025-02-12,Cartimar,red_onion_local,120,120,120,https://www.da.gov.ph/wp-content/uploads/2025/02/Price-Monitoring-February-12-2025.pdf
2025-02-12,Cartimar,tilapia,170,180,175,https://www.da.gov.ph/wp-content/uploads/2025/02/Price-Monitoring-February-12-2025.pdf
2025-02-12,Cartimar,tomato,80,90,85,https://www.da.gov.ph/wp-content/uploads/2025/02/Price-Monitoring-February-12-2025.pdf
2025-02-17,Cartimar,ampalaya,120,140,130,https://www.da.gov.ph/wp-content/uploads/2025/02/Price-Monitoring-February-17-2025.pdf
2025-02-17,Cartimar,cabbage,45,50,47.5,https://www.da.gov.ph/wp-content/uploads/2025/02/Price-Monitoring-February-17-2025.pdf
2025-02-17,Cartimar,eggplant,85,100,92.5,https://www.da.gov.ph/wp-content/uploads/2025/02/Price-Monitoring-February-17-2025.pdf
2025-02-17,Cartimar,galunggong_local,350,350,350,https://www.da.gov.ph/wp-content/uploads/2025/02/Price-Monitoring-February-17-2025.pdf
2025-02-17,Cartimar,red_onion_local,120,120,120,https://www.da.gov.ph/wp-content/uploads/2025/02/Price-Monitoring-February-17-2025.pdf
2025-02-17,Cartimar,tilapia,170,180,175,https://www.da.gov.ph/wp-content/uploads/2025/02/Price-Monitoring-February-17-2025.pdf
2025-02-17,Cartimar,tomato,55,60,57.5,https://www.da.gov.ph/wp-content/uploads/2025/02/Price-Monitoring-February-17-2025.pdf
2025-02-18,Cartimar,ampalaya,120,140,130,https://www.da.gov.ph/wp-content/uploads/2025/02/Price-Monitoring-February-18-2025.pdf
2025-02-18,Cartimar,cabbage,45,50,47.5,https://www.da.gov.ph/wp-content/uploads/2025/02/Price-Monitoring-February-18-2025.pdf
2025-02-18,Cartimar,eggplant,85,100,92.5,https://www.da.gov.ph/wp-content/uploads/2025/02/Price-Monitoring-February-18-2025.pdf
2025-02-18,Cartimar,galunggong_local,350,350,350,https://www.da.gov.ph/wp-content/uploads/2025/02/Price-Monitoring-February-18-2025.pdf
2025-02-18,Cartimar,red_onion_local,120,120,120,https://www.da.gov.ph/wp-content/uploads/2025/02/Price-Monitoring-February-18-2025.pdf
2025-02-18,Cartimar,tilapia,170,180,175,https://www.da.gov.ph/wp-content/uploads/2025/02/Price-Monitoring-February-18-2025.pdf
2025-02-18,Cartimar,tomato,55,60,57.5,https://www.da.gov.ph/wp-content/uploads/2025/02/Price-Monitoring-February-18-2025.pdf
2025-02-19,Cartimar,ampalaya,110,140,125,https://www.da.gov.ph/wp-content/uploads/2025/02/Price-Monitoring-February-19-2025.pdf
2025-02-19,Cartimar,cabbage,35,50,42.5,https://www.da.gov.ph/wp-content/uploads/2025/02/Price-Monitoring-February-19-2025.pdf
2025-02-19,Cartimar,eggplant,80,110,95,https://www.da.gov.ph/wp-content/uploads/2025/02/Price-Monitoring-February-19-2025.pdf
2025-02-19,Cartimar,galunggong_local,350,350,350,https://www.da.gov.ph/wp-content/uploads/2025/02/Price-Monitoring-February-19-2025.pdf
2025-02-19,Cartimar,red_onion_local,120,120,120,https://www.da.gov.ph/wp-content/uploads/2025/02/Price-Monitoring-February-19-2025.pdf
2025-02-19,Cartimar,tilapia,170,180,175,https://www.da.gov.ph/wp-content/uploads/2025/02/Price-Monitoring-February-19-2025.pdf
2025-02-19,Cartimar,tomato,55,80,67.5,https://www.da.gov.ph/wp-content/uploads/2025/02/Price-Monitoring-February-19-2025.pdf
2025-02-20,Cartimar,ampalaya,110,140,125,https://www.da.gov.ph/wp-content/uploads/2025/02/Price-Monitoring-February-20-2025.pdf
2025-02-20,Cartimar,cabbage,35,50,42.5,https://www.da.gov.ph/wp-content/uploads/2025/02/Price-Monitoring-February-20-2025.pdf
2025-02-20,Cartimar,eggplant,80,110,95,https://www.da.gov.ph/wp-content/uploads/2025/02/Price-Monitoring-February-20-2025.pdf
2025-02-20,Cartimar,galunggong_local,350,350,350,https://www.da.gov.ph/wp-content/uploads/2025/02/Price-Monitoring-February-20-2025.pdf
2025-02-20,Cartimar,red_onion_local,150,190,170,https://www.da.gov.ph/wp-content/uploads/2025/02/Price-Monitoring-February-20-2025.pdf
2025-02-20,Cartimar,tilapia,170,180,175,https://www.da.gov.ph/wp-content/uploads/2025/02/Price-Monitoring-February-20-2025.pdf
2025-02-20,Cartimar,tomato,55,80,67.5,https://www.da.gov.ph/wp-content/uploads/2025/02/Price-Monitoring-February-20-2025.pdf
2025-02-21,Cartimar,ampalaya,110,140,125,https://www.da.gov.ph/wp-content/uploads/2025/02/Price-Monitoring-February-21-2025.pdf
2025-02-21,Cartimar,cabbage,35,50,42.5,https://www.da.gov.ph/wp-content/uploads/2025/02/Price-Monitoring-February-21-2025.pdf
2025-02-21,Cartimar,eggplant,80,110,95,https://www.da.gov.ph/wp-content/uploads/2025/02/Price-Monitoring-February-21-2025.pdf
2025-02-21,Cartimar,galunggong_local,350,350,350,https://www.da.gov.ph/wp-content/uploads/2025/02/Price-Monitoring-February-21-2025.pdf
2025-02-21,Cartimar,red_onion_local,170,190,180,https://www.da.gov.ph/wp-content/uploads/2025/02/Price-Monitoring-February-21-2025.pdf
2025-02-21,Cartimar,tilapia,170,180,175,https://www.da.gov.ph/wp-content/uploads/2025/02/Price-Monitoring-February-21-2025.pdf
2025-02-21,Cartimar,tomato,60,80,70,https://www.da.gov.ph/wp-content/uploads/2025/02/Price-Monitoring-February-21-2025.pdf
2025-02-22,Cartimar,ampalaya,110,140,125,https://www.da.gov.ph/wp-content/uploads/2025/02/Price-Monitoring-February-22-2025.pdf
2025-02-22,Cartimar,cabbage,35,50,42.5,https://www.da.gov.ph/wp-content/uploads/2025/02/Price-Monitoring-February-22-2025.pdf
2025-02-22,Cartimar,eggplant,80,110,95,https://www.da.gov.ph/wp-content/uploads/2025/02/Price-Monitoring-February-22-2025.pdf
2025-02-22,Cartimar,galunggong_local,350,350,350,https://www.da.gov.ph/wp-content/uploads/2025/02/Price-Monitoring-February-22-2025.pdf
2025-02-22,Cartimar,red_onion_local,170,190,180,https://www.da.gov.ph/wp-content/uploads/2025/02/Price-Monitoring-February-22-2025.pdf
2025-02-22,Cartimar,tilapia,170,180,175,https://www.da.gov.ph/wp-content/uploads/2025/02/Price-Monitoring-February-22-2025.pdf
2025-02-22,Cartimar,tomato,60,80,70,https://www.da.gov.ph/wp-content/uploads/2025/02/Price-Monitoring-February-22-2025.pdf
2025-02-24,Cartimar,ampalaya,110,140,125,https://www.da.gov.ph/wp-content/uploads/2025/02/Price-Monitoring-February-24-2025.pdf
2025-02-24,Cartimar,cabbage,30,45,37.5,https://www.da.gov.ph/wp-content/uploads/2025/02/Price-Monitoring-February-24-2025.pdf
2025-02-24,Cartimar,eggplant,85,110,97.5,https://www.da.gov.ph/wp-content/uploads/2025/02/Price-Monitoring-February-24-2025.pdf
2025-02-24,Cartimar,galunggong_local,350,350,350,https://www.da.gov.ph/wp-content/uploads/2025/02/Price-Monitoring-February-24-2025.pdf
2025-02-24,Cartimar,red_onion_local,170,190,180,https://www.da.gov.ph/wp-content/uploads/2025/02/Price-Monitoring-February-24-2025.pdf
2025-02-24,Cartimar,tilapia,170,180,175,https://www.da.gov.ph/wp-content/uploads/2025/02/Price-Monitoring-February-24-2025.pdf
2025-02-24,Cartimar,tomato,60,60,60,https://www.da.gov.ph/wp-content/uploads/2025/02/Price-Monitoring-February-24-2025.pdf
2025-02-25,Cartimar,ampalaya,110,140,125,https://www.da.gov.ph/wp-content/uploads/2025/02/Price-Monitoring-February-25-2025.pdf
2025-02-25,Cartimar,cabbage,30,45,37.5,https://www.da.gov.ph/wp-content/uploads/2025/02/Price-Monitoring-February-25-2025.pdf
2025-02-25,Cartimar,eggplant,90,110,100,https://www.da.gov.ph/wp-content/uploads/2025/02/Price-Monitoring-February-25-2025.pdf
2025-02-25,Cartimar,galunggong_local,350,350,350,https://www.da.gov.ph/wp-content/uploads/2025/02/Price-Monitoring-February-25-2025.pdf
2025-02-25,Cartimar,red_onion_local,130,190,160,https://www.da.gov.ph/wp-content/uploads/2025/02/Price-Monitoring-February-25-2025.pdf
2025-02-25,Cartimar,tilapia,170,180,175,https://www.da.gov.ph/wp-content/uploads/2025/02/Price-Monitoring-February-25-2025.pdf
2025-02-25,Cartimar,tomato,55,65,60,https://www.da.gov.ph/wp-content/uploads/2025/02/Price-Monitoring-February-25-2025.pdf
2025-02-26,Cartimar,ampalaya,120,140,130,https://www.da.gov.ph/wp-content/uploads/2025/02/Price-Monitoring-February-26-2025.pdf
2025-02-26,Cartimar,cabbage,40,45,42.5,https://www.da.gov.ph/wp-content/uploads/2025/02/Price-Monitoring-February-26-2025.pdf
2025-02-26,Cartimar,eggplant,100,110,105,https://www.da.gov.ph/wp-content/uploads/2025/02/Price-Monitoring-February-26-2025.pdf
2025-02-26,Cartimar,galunggong_local,350,350,350,https://www.da.gov.ph/wp-content/uploads/2025/02/Price-Monitoring-February-26-2025.pdf
2025-02-26,Cartimar,red_onion_local,130,190,160,https://www.da.gov.ph/wp-content/uploads/2025/02/Price-Monitoring-February-26-2025.pdf
2025-02-26,Cartimar,tilapia,170,180,175,https://www.da.gov.ph/wp-content/uploads/2025/02/Price-Monitoring-February-26-2025.pdf
2025-02-26,Cartimar,tomato,60,65,62.5,https://www.da.gov.ph/wp-content/uploads/2025/02/Price-Monitoring-February-26-2025.pdf
2025-02-27,Cartimar,ampalaya,100,140,120,https://www.da.gov.ph/wp-content/uploads/2025/02/Price-Monitoring-February-27-2025.pdf
2025-02-27,Cartimar,cabbage,30,40,35,https://www.da.gov.ph/wp-content/uploads/2025/02/Price-Monitoring-February-27-2025.pdf
2025-02-27,Cartimar,eggplant,90,120,105,https://www.da.gov.ph/wp-content/uploads/2025/02/Price-Monitoring-February-27-2025.pdf
2025-02-27,Cartimar,galunggong_local,350,350,350,https://www.da.gov.ph/wp-content/uploads/2025/02/Price-Monitoring-February-27-2025.pdf
2025-02-27,Cartimar,red_onion_local,130,180,155,https://www.da.gov.ph/wp-content/uploads/2025/02/Price-Monitoring-February-27-2025.pdf
2025-02-27,Cartimar,tilapia,170,180,175,https://www.da.gov.ph/wp-content/uploads/2025/02/Price-Monitoring-February-27-2025.pdf
2025-02-27,Cartimar,tomato,50,70,60,https://www.da.gov.ph/wp-content/uploads/2025/02/Price-Monitoring-February-27-2025.pdf
2025-02-28,Cartimar,ampalaya,100,140,120,https://www.da.gov.ph/wp-content/uploads/2025/03/Price-Monitoring-February-28-2025.pdf
2025-02-28,Cartimar,cabbage,30,40,35,https://www.da.gov.ph/wp-content/uploads/2025/03/Price-Monitoring-February-28-2025.pdf
2025-02-28,Cartimar,eggplant,90,120,105,https://www.da.gov.ph/wp-content/uploads/2025/03/Price-Monitoring-February-28-2025.pdf
2025-02-28,Cartimar,galunggong_local,350,350,350,https://www.da.gov.ph/wp-content/uploads/2025/03/Price-Monitoring-February-28-2025.pdf
2025-02-28,Cartimar,red_onion_local,130,180,155,https://www.da.gov.ph/wp-content/uploads/2025/03/Price-Monitoring-February-28-2025.pdf
2025-02-28,Cartimar,tilapia,170,180,175,https://www.da.gov.ph/wp-content/uploads/2025/03/Price-Monitoring-February-28-2025.pdf
2025-02-28,Cartimar,tomato,50,70,60,https://www.da.gov.ph/wp-content/uploads/2025/03/Price-Monitoring-February-28-2025.pdf
2025-03-03,Cartimar,ampalaya,120,150,135,https://www.da.gov.ph/wp-content/uploads/2025/03/Price-Monitoring-March-3-2025.pdf
2025-03-03,Cartimar,cabbage,30,50,40,https://www.da.gov.ph/wp-content/uploads/2025/03/Price-Monitoring-March-3-2025.pdf
2025-03-03,Cartimar,eggplant,120,150,135,https://www.da.gov.ph/wp-content/uploads/2025/03/Price-Monitoring-March-3-2025.pdf
2025-03-03,Cartimar,galunggong_local,350,350,350,https://www.da.gov.ph/wp-content/uploads/2025/03/Price-Monitoring-March-3-2025.pdf
2025-03-03,Cartimar,red_onion_local,130,180,155,https://www.da.gov.ph/wp-content/uploads/2025/03/Price-Monitoring-March-3-2025.pdf
2025-03-03,Cartimar,tilapia,170,180,175,https://www.da.gov.ph/wp-content/uploads/2025/03/Price-Monitoring-March-3-2025.pdf
2025-03-03,Cartimar,tomato,45,60,52.5,https://www.da.gov.ph/wp-content/uploads/2025/03/Price-Monitoring-March-3-2025.pdf
2025-03-04,Cartimar,ampalaya,120,150,135,https://www.da.gov.ph/wp-content/uploads/2025/03/Price-Monitoring-March-4-2025.pdf
2025-03-04,Cartimar,cabbage,30,50,40,https://www.da.gov.ph/wp-content/uploads/2025/03/Price-Monitoring-March-4-2025.pdf
2025-03-04,Cartimar,eggplant,120,150,135,https://www.da.gov.ph/wp-content/uploads/2025/03/Price-Monitoring-March-4-2025.pdf
2025-03-04,Cartimar,galunggong_local,350,350,350,https://www.da.gov.ph/wp-content/uploads/2025/03/Price-Monitoring-March-4-2025.pdf
2025-03-04,Cartimar,red_onion_local,130,180,155,https://www.da.gov.ph/wp-content/uploads/2025/03/Price-Monitoring-March-4-2025.pdf
2025-03-04,Cartimar,tilapia,170,180,175,https://www.da.gov.ph/wp-content/uploads/2025/03/Price-Monitoring-March-4-2025.pdf
2025-03-04,Cartimar,tomato,45,60,52.5,https://www.da.gov.ph/wp-content/uploads/2025/03/Price-Monitoring-March-4-2025.pdf
2025-03-05,Cartimar,ampalaya,120,150,135,https://www.da.gov.ph/wp-content/uploads/2025/03/Price-Monitoring-March-5-2025.pdf
2025-03-05,Cartimar,cabbage,30,40,35,https://www.da.gov.ph/wp-content/uploads/2025/03/Price-Monitoring-March-5-2025.pdf
2025-03-05,Cartimar,eggplant,120,150,135,https://www.da.gov.ph/wp-content/uploads/2025/03/Price-Monitoring-March-5-2025.pdf
2025-03-05,Cartimar,galunggong_local,350,350,350,https://www.da.gov.ph/wp-content/uploads/2025/03/Price-Monitoring-March-5-2025.pdf
2025-03-05,Cartimar,red_onion_local,130,180,155,https://www.da.gov.ph/wp-content/uploads/2025/03/Price-Monitoring-March-5-2025.pdf
2025-03-05,Cartimar,tilapia,170,180,175,https://www.da.gov.ph/wp-content/uploads/2025/03/Price-Monitoring-March-5-2025.pdf
2025-03-05,Cartimar,tomato,45,60,52.5,https://www.da.gov.ph/wp-content/uploads/2025/03/Price-Monitoring-March-5-2025.pdf
2025-03-06,Cartimar,ampalaya,120,150,135,https://www.da.gov.ph/wp-content/uploads/2025/03/Price-Monitoring-March-6-2025.pdf
2025-03-06,Cartimar,cabbage,30,40,35,https://www.da.gov.ph/wp-content/uploads/2025/03/Price-Monitoring-March-6-2025.pdf
2025-03-06,Cartimar,eggplant,120,150,135,https://www.da.gov.ph/wp-content/uploads/2025/03/Price-Monitoring-March-6-2025.pdf
2025-03-06,Cartimar,galunggong_local,350,350,350,https://www.da.gov.ph/wp-content/uploads/2025/03/Price-Monitoring-March-6-2025.pdf
2025-03-06,Cartimar,red_onion_local,130,180,155,https://www.da.gov.ph/wp-content/uploads/2025/03/Price-Monitoring-March-6-2025.pdf
2025-03-06,Cartimar,tilapia,170,180,175,https://www.da.gov.ph/wp-content/uploads/2025/03/Price-Monitoring-March-6-2025.pdf
2025-03-06,Cartimar,tomato,45,60,52.5,https://www.da.gov.ph/wp-content/uploads/2025/03/Price-Monitoring-March-6-2025.pdf
2025-03-07,Cartimar,ampalaya,120,150,135,https://www.da.gov.ph/wp-content/uploads/2025/03/Price-Monitoring-March-7-2025.pdf
2025-03-07,Cartimar,cabbage,30,40,35,https://www.da.gov.ph/wp-content/uploads/2025/03/Price-Monitoring-March-7-2025.pdf
2025-03-07,Cartimar,eggplant,110,150,130,https://www.da.gov.ph/wp-content/uploads/2025/03/Price-Monitoring-March-7-2025.pdf
2025-03-07,Cartimar,galunggong_local,350,350,350,https://www.da.gov.ph/wp-content/uploads/2025/03/Price-Monitoring-March-7-2025.pdf
2025-03-07,Cartimar,red_onion_local,130,180,155,https://www.da.gov.ph/wp-content/uploads/2025/03/Price-Monitoring-March-7-2025.pdf
2025-03-07,Cartimar,tilapia,170,180,175,https://www.da.gov.ph/wp-content/uploads/2025/03/Price-Monitoring-March-7-2025.pdf
2025-03-07,Cartimar,tomato,55,60,57.5,https://www.da.gov.ph/wp-content/uploads/2025/03/Price-Monitoring-March-7-2025.pdf
2025-03-08,Cartimar,ampalaya,120,150,135,https://www.da.gov.ph/wp-content/uploads/2025/03/Price-Monitoring-March-8-2025.pdf
2025-03-08,Cartimar,cabbage,30,40,35,https://www.da.gov.ph/wp-content/uploads/2025/03/Price-Monitoring-March-8-2025.pdf
2025-03-08,Cartimar,eggplant,110,150,130,https://www.da.gov.ph/wp-content/uploads/2025/03/Price-Monitoring-March-8-2025.pdf
2025-03-08,Cartimar,galunggong_local,350,350,350,https://www.da.gov.ph/wp-content/uploads/2025/03/Price-Monitoring-March-8-2025.pdf
2025-03-08,Cartimar,red_onion_local,130,180,155,https://www.da.gov.ph/wp-content/uploads/2025/03/Price-Monitoring-March-8-2025.pdf
2025-03-08,Cartimar,tilapia,170,180,175,https://www.da.gov.ph/wp-content/uploads/2025/03/Price-Monitoring-March-8-2025.pdf
2025-03-08,Cartimar,tomato,55,60,57.5,https://www.da.gov.ph/wp-content/uploads/2025/03/Price-Monitoring-March-8-2025.pdf
2025-03-10,Cartimar,ampalaya,110,140,125,https://www.da.gov.ph/wp-content/uploads/2025/03/Price-Monitoring-March-10-2025.pdf
2025-03-10,Cartimar,cabbage,40,40,40,https://www.da.gov.ph/wp-content/uploads/2025/03/Price-Monitoring-March-10-2025.pdf
2025-03-10,Cartimar,eggplant,110,150,130,https://www.da.gov.ph/wp-content/uploads/2025/03/Price-Monitoring-March-10-2025.pdf
2025-03-10,Cartimar,galunggong_local,350,350,350,https://www.da.gov.ph/wp-content/uploads/2025/03/Price-Monitoring-March-10-2025.pdf
2025-03-10,Cartimar,red_onion_local,130,180,155,https://www.da.gov.ph/wp-content/uploads/2025/03/Price-Monitoring-March-10-2025.pdf
2025-03-10,Cartimar,tilapia,170,180,175,https://www.da.gov.ph/wp-content/uploads/2025/03/Price-Monitoring-March-10-2025.pdf
2025-03-10,Cartimar,tomato,50,60,55,https://www.da.gov.ph/wp-content/uploads/2025/03/Price-Monitoring-March-10-2025.pdf
2025-03-11,Cartimar,ampalaya,110,140,125,https://www.da.gov.ph/wp-content/uploads/2025/03/Price-Monitoring-March-11-2025.pdf
2025-03-11,Cartimar,cabbage,40,40,40,https://www.da.gov.ph/wp-content/uploads/2025/03/Price-Monitoring-March-11-2025.pdf
2025-03-11,Cartimar,eggplant,110,150,130,https://www.da.gov.ph/wp-content/uploads/2025/03/Price-Monitoring-March-11-2025.pdf
2025-03-11,Cartimar,galunggong_local,350,350,350,https://www.da.gov.ph/wp-content/uploads/2025/03/Price-Monitoring-March-11-2025.pdf
2025-03-11,Cartimar,red_onion_local,130,180,155,https://www.da.gov.ph/wp-content/uploads/2025/03/Price-Monitoring-March-11-2025.pdf
2025-03-11,Cartimar,tilapia,170,180,175,https://www.da.gov.ph/wp-content/uploads/2025/03/Price-Monitoring-March-11-2025.pdf
2025-03-11,Cartimar,tomato,50,60,55,https://www.da.gov.ph/wp-content/uploads/2025/03/Price-Monitoring-March-11-2025.pdf
2025-03-12,Cartimar,ampalaya,110,140,125,https://www.da.gov.ph/wp-content/uploads/2025/03/Price-Monitoring-March-12-2025.pdf
2025-03-12,Cartimar,cabbage,35,40,37.5,https://www.da.gov.ph/wp-content/uploads/2025/03/Price-Monitoring-March-12-2025.pdf
2025-03-12,Cartimar,eggplant,110,150,130,https://www.da.gov.ph/wp-content/uploads/2025/03/Price-Monitoring-March-12-2025.pdf
2025-03-12,Cartimar,galunggong_local,350,350,350,https://www.da.gov.ph/wp-content/uploads/2025/03/Price-Monitoring-March-12-2025.pdf
2025-03-12,Cartimar,red_onion_local,120,140,130,https://www.da.gov.ph/wp-content/uploads/2025/03/Price-Monitoring-March-12-2025.pdf
2025-03-12,Cartimar,tilapia,170,180,175,https://www.da.gov.ph/wp-content/uploads/2025/03/Price-Monitoring-March-12-2025.pdf
2025-03-12,Cartimar,tomato,55,70,62.5,https://www.da.gov.ph/wp-content/uploads/2025/03/Price-Monitoring-March-12-2025.pdf
2025-03-13,Cartimar,ampalaya,110,140,125,https://www.da.gov.ph/wp-content/uploads/2025/03/Price-Monitoring-March-13-2025.pdf
2025-03-13,Cartimar,cabbage,35,40,37.5,https://www.da.gov.ph/wp-content/uploads/2025/03/Price-Monitoring-March-13-2025.pdf
2025-03-13,Cartimar,eggplant,110,150,130,https://www.da.gov.ph/wp-content/uploads/2025/03/Price-Monitoring-March-13-2025.pdf
2025-03-13,Cartimar,galunggong_local,350,350,350,https://www.da.gov.ph/wp-content/uploads/2025/03/Price-Monitoring-March-13-2025.pdf
2025-03-13,Cartimar,red_onion_local,120,140,130,https://www.da.gov.ph/wp-content/uploads/2025/03/Price-Monitoring-March-13-2025.pdf
2025-03-13,Cartimar,tilapia,170,180,175,https://www.da.gov.ph/wp-content/uploads/2025/03/Price-Monitoring-March-13-2025.pdf
2025-03-13,Cartimar,tomato,55,70,62.5,https://www.da.gov.ph/wp-content/uploads/2025/03/Price-Monitoring-March-13-2025.pdf
2025-03-14,Cartimar,ampalaya,110,140,125,https://www.da.gov.ph/wp-content/uploads/2025/03/Price-Monitoring-March-14-2025.pdf
2025-03-14,Cartimar,cabbage,35,40,37.5,https://www.da.gov.ph/wp-content/uploads/2025/03/Price-Monitoring-March-14-2025.pdf
2025-03-14,Cartimar,eggplant,110,140,125,https://www.da.gov.ph/wp-content/uploads/2025/03/Price-Monitoring-March-14-2025.pdf
2025-03-14,Cartimar,galunggong_local,350,350,350,https://www.da.gov.ph/wp-content/uploads/2025/03/Price-Monitoring-March-14-2025.pdf
2025-03-14,Cartimar,red_onion_local,120,140,130,https://www.da.gov.ph/wp-content/uploads/2025/03/Price-Monitoring-March-14-2025.pdf
2025-03-14,Cartimar,tilapia,170,180,175,https://www.da.gov.ph/wp-content/uploads/2025/03/Price-Monitoring-March-14-2025.pdf
2025-03-14,Cartimar,tomato,50,60,55,https://www.da.gov.ph/wp-content/uploads/2025/03/Price-Monitoring-March-14-2025.pdf
2025-03-15,Cartimar,ampalaya,110,140,125,https://www.da.gov.ph/wp-content/uploads/2025/03/Price-Monitoring-March-15-2025.pdf
2025-03-15,Cartimar,cabbage,35,40,37.5,https://www.da.gov.ph/wp-content/uploads/2025/03/Price-Monitoring-March-15-2025.pdf
2025-03-15,Cartimar,eggplant,110,140,125,https://www.da.gov.ph/wp-content/uploads/2025/03/Price-Monitoring-March-15-2025.pdf
2025-03-15,Cartimar,galunggong_local,350,350,350,https://www.da.gov.ph/wp-content/uploads/2025/03/Price-Monitoring-March-15-2025.pdf
2025-03-15,Cartimar,red_onion_local,120,140,130,https://www.da.gov.ph/wp-content/uploads/2025/03/Price-Monitoring-March-15-2025.pdf
2025-03-15,Cartimar,tilapia,170,180,175,https://www.da.gov.ph/wp-content/uploads/2025/03/Price-Monitoring-March-15-2025.pdf
2025-03-15,Cartimar,tomato,50,60,55,https://www.da.gov.ph/wp-content/uploads/2025/03/Price-Monitoring-March-15-2025.pdf
2025-03-17,Cartimar,ampalaya,110,140,125,https://www.da.gov.ph/wp-content/uploads/2025/03/Price-Monitoring-March-17-2025.pdf
2025-03-17,Cartimar,cabbage,35,40,37.5,https://www.da.gov.ph/wp-content/uploads/2025/03/Price-Monitoring-March-17-2025.pdf
2025-03-17,Cartimar,eggplant,100,130,115,https://www.da.gov.ph/wp-content/uploads/2025/03/Price-Monitoring-March-17-2025.pdf
2025-03-17,Cartimar,galunggong_local,350,350,350,https://www.da.gov.ph/wp-content/uploads/2025/03/Price-Monitoring-March-17-2025.pdf
2025-03-17,Cartimar,red_onion_local,85,100,92.5,https://www.da.gov.ph/wp-content/uploads/2025/03/Price-Monitoring-March-17-2025.pdf
2025-03-17,Cartimar,tilapia,170,180,175,https://www.da.gov.ph/wp-content/uploads/2025/03/Price-Monitoring-March-17-2025.pdf
2025-03-17,Cartimar,tomato,50,65,57.5,https://www.da.gov.ph/wp-content/uploads/2025/03/Price-Monitoring-March-17-2025.pdf
2025-03-18,Cartimar,ampalaya,100,140,120,https://www.da.gov.ph/wp-content/uploads/2025/03/Price-Monitoring-March-18-2025.pdf
2025-03-18,Cartimar,cabbage,35,40,37.5,https://www.da.gov.ph/wp-content/uploads/2025/03/Price-Monitoring-March-18-2025.pdf
2025-03-18,Cartimar,eggplant,100,130,115,https://www.da.gov.ph/wp-content/uploads/2025/03/Price-Monitoring-March-18-2025.pdf
2025-03-18,Cartimar,galunggong_local,350,350,350,https://www.da.gov.ph/wp-content/uploads/2025/03/Price-Monitoring-March-18-2025.pdf
2025-03-18,Cartimar,red_onion_local,85,100,92.5,https://www.da.gov.ph/wp-content/uploads/2025/03/Price-Monitoring-March-18-2025.pdf
2025-03-18,Cartimar,tilapia,170,180,175,https://www.da.gov.ph/wp-content/uploads/2025/03/Price-Monitoring-March-18-2025.pdf
2025-03-18,Cartimar,tomato,50,65,57.5,https://www.da.gov.ph/wp-content/uploads/2025/03/Price-Monitoring-March-18-2025.pdf
2025-03-19,Cartimar,ampalaya,100,150,125,https://www.da.gov.ph/wp-content/uploads/2025/03/Price-Monitoring-March-19-2025.pdf
2025-03-19,Cartimar,cabbage,40,60,50,https://www.da.gov.ph/wp-content/uploads/2025/03/Price-Monitoring-March-19-2025.pdf
2025-03-19,Cartimar,eggplant,100,130,115,https://www.da.gov.ph/wp-content/uploads/2025/03/Price-Monitoring-March-19-2025.pdf
2025-03-19,Cartimar,galunggong_local,350,350,350,https://www.da.gov.ph/wp-content/uploads/2025/03/Price-Monitoring-March-19-2025.pdf
2025-03-19,Cartimar,red_onion_local,85,100,92.5,https://www.da.gov.ph/wp-content/uploads/2025/03/Price-Monitoring-March-19-2025.pdf
2025-03-19,Cartimar,tilapia,170,180,175,https://www.da.gov.ph/wp-content/uploads/2025/03/Price-Monitoring-March-19-2025.pdf
2025-03-19,Cartimar,tomato,50,65,57.5,https://www.da.gov.ph/wp-content/uploads/2025/03/Price-Monitoring-March-19-2025.pdf
2025-03-20,Cartimar,ampalaya,100,130,115,https://www.da.gov.ph/wp-content/uploads/2025/03/Price-Monitoring-March-20-2025.pdf
2025-03-20,Cartimar,cabbage,50,60,55,https://www.da.gov.ph/wp-content/uploads/2025/03/Price-Monitoring-March-20-2025.pdf
2025-03-20,Cartimar,eggplant,100,130,115,https://www.da.gov.ph/wp-content/uploads/2025/03/Price-Monitoring-March-20-2025.pdf
2025-03-20,Cartimar,galunggong_local,350,350,350,https://www.da.gov.ph/wp-content/uploads/2025/03/Price-Monitoring-March-20-2025.pdf
2025-03-20,Cartimar,red_onion_local,85,100,92.5,https://www.da.gov.ph/wp-content/uploads/2025/03/Price-Monitoring-March-20-2025.pdf
2025-03-20,Cartimar,tilapia,170,180,175,https://www.da.gov.ph/wp-content/uploads/2025/03/Price-Monitoring-March-20-2025.pdf
2025-03-20,Cartimar,tomato,50,65,57.5,https://www.da.gov.ph/wp-content/uploads/2025/03/Price-Monitoring-March-20-2025.pdf
2025-03-21,Cartimar,ampalaya,100,130,115,https://www.da.gov.ph/wp-content/uploads/2025/03/Price-Monitoring-March-21-2025.pdf
2025-03-21,Cartimar,cabbage,50,60,55,https://www.da.gov.ph/wp-content/uploads/2025/03/Price-Monitoring-March-21-2025.pdf
2025-03-21,Cartimar,eggplant,100,120,110,https://www.da.gov.ph/wp-content/uploads/2025/03/Price-Monitoring-March-21-2025.pdf
2025-03-21,Cartimar,galunggong_local,350,350,350,https://www.da.gov.ph/wp-content/uploads/2025/03/Price-Monitoring-March-21-2025.pdf
2025-03-21,Cartimar,red_onion_local,85,100,92.5,https://www.da.gov.ph/wp-content/uploads/2025/03/Price-Monitoring-March-21-2025.pdf
2025-03-21,Cartimar,tilapia,170,180,175,https://www.da.gov.ph/wp-content/uploads/2025/03/Price-Monitoring-March-21-2025.pdf
2025-03-21,Cartimar,tomato,50,65,57.5,https://www.da.gov.ph/wp-content/uploads/2025/03/Price-Monitoring-March-21-2025.pdf
2025-03-22,Cartimar,ampalaya,100,130,115,https://www.da.gov.ph/wp-content/uploads/2025/03/Price-Monitoring-March-22-2025.pdf
2025-03-22,Cartimar,cabbage,50,60,55,https://www.da.gov.ph/wp-content/uploads/2025/03/Price-Monitoring-March-22-2025.pdf
2025-03-22,Cartimar,eggplant,100,120,110,https://www.da.gov.ph/wp-content/uploads/2025/03/Price-Monitoring-March-22-2025.pdf
2025-03-22,Cartimar,galunggong_local,350,350,350,https://www.da.gov.ph/wp-content/uploads/2025/03/Price-Monitoring-March-22-2025.pdf
2025-03-22,Cartimar,red_onion_local,85,100,92.5,https://www.da.gov.ph/wp-content/uploads/2025/03/Price-Monitoring-March-22-2025.pdf
2025-03-22,Cartimar,tilapia,170,180,175,https://www.da.gov.ph/wp-content/uploads/2025/03/Price-Monitoring-March-22-2025.pdf
2025-03-22,Cartimar,tomato,50,65,57.5,https://www.da.gov.ph/wp-content/uploads/2025/03/Price-Monitoring-March-22-2025.pdf
2025-03-24,Cartimar,ampalaya,100,130,115,https://www.da.gov.ph/wp-content/uploads/2025/03/Price-Monitoring-March-24-2025.pdf
2025-03-24,Cartimar,cabbage,50,50,50,https://www.da.gov.ph/wp-content/uploads/2025/03/Price-Monitoring-March-24-2025.pdf
2025-03-24,Cartimar,eggplant,90,110,100,https://www.da.gov.ph/wp-content/uploads/2025/03/Price-Monitoring-March-24-2025.pdf
2025-03-24,Cartimar,galunggong_local,350,350,350,https://www.da.gov.ph/wp-content/uploads/2025/03/Price-Monitoring-March-24-2025.pdf
2025-03-24,Cartimar,red_onion_local,85,130,107.5,https://www.da.gov.ph/wp-content/uploads/2025/03/Price-Monitoring-March-24-2025.pdf
2025-03-24,Cartimar,tilapia,170,180,175,https://www.da.gov.ph/wp-content/uploads/2025/03/Price-Monitoring-March-24-2025.pdf
2025-03-24,Cartimar,tomato,50,65,57.5,https://www.da.gov.ph/wp-content/uploads/2025/03/Price-Monitoring-March-24-2025.pdf
2025-03-25,Cartimar,ampalaya,110,120,115,https://www.da.gov.ph/wp-content/uploads/2025/03/Price-Monitoring-March-25-2025.pdf
2025-03-25,Cartimar,cabbage,50,50,50,https://www.da.gov.ph/wp-content/uploads/2025/03/Price-Monitoring-March-25-2025.pdf
2025-03-25,Cartimar,eggplant,90,110,100,https://www.da.gov.ph/wp-content/uploads/2025/03/Price-Monitoring-March-25-2025.pdf
2025-03-25,Cartimar,galunggong_local,350,350,350,https://www.da.gov.ph/wp-content/uploads/2025/03/Price-Monitoring-March-25-2025.pdf
2025-03-25,Cartimar,red_onion_local,85,130,107.5,https://www.da.gov.ph/wp-content/uploads/2025/03/Price-Monitoring-March-25-2025.pdf
2025-03-25,Cartimar,tilapia,170,180,175,https://www.da.gov.ph/wp-content/uploads/2025/03/Price-Monitoring-March-25-2025.pdf
2025-03-25,Cartimar,tomato,50,65,57.5,https://www.da.gov.ph/wp-content/uploads/2025/03/Price-Monitoring-March-25-2025.pdf
2025-03-26,Cartimar,ampalaya,110,120,115,https://www.da.gov.ph/wp-content/uploads/2025/03/Price-Monitoring-March-26-2025.pdf
2025-03-26,Cartimar,cabbage,60,65,62.5,https://www.da.gov.ph/wp-content/uploads/2025/03/Price-Monitoring-March-26-2025.pdf
2025-03-26,Cartimar,eggplant,90,110,100,https://www.da.gov.ph/wp-content/uploads/2025/03/Price-Monitoring-March-26-2025.pdf
2025-03-26,Cartimar,galunggong_local,350,350,350,https://www.da.gov.ph/wp-content/uploads/2025/03/Price-Monitoring-March-26-2025.pdf
2025-03-26,Cartimar,red_onion_local,85,130,107.5,https://www.da.gov.ph/wp-content/uploads/2025/03/Price-Monitoring-March-26-2025.pdf
2025-03-26,Cartimar,tilapia,170,180,175,https://www.da.gov.ph/wp-content/uploads/2025/03/Price-Monitoring-March-26-2025.pdf
2025-03-26,Cartimar,tomato,50,65,57.5,https://www.da.gov.ph/wp-content/uploads/2025/03/Price-Monitoring-March-26-2025.pdf
2025-03-27,Cartimar,ampalaya,110,140,125,https://www.da.gov.ph/wp-content/uploads/2025/03/Price-Monitoring-March-27-2025.pdf
2025-03-27,Cartimar,cabbage,55,65,60,https://www.da.gov.ph/wp-content/uploads/2025/03/Price-Monitoring-March-27-2025.pdf
2025-03-27,Cartimar,eggplant,80,110,95,https://www.da.gov.ph/wp-content/uploads/2025/03/Price-Monitoring-March-27-2025.pdf
2025-03-27,Cartimar,red_onion_local,85,130,107.5,https://www.da.gov.ph/wp-content/uploads/2025/03/Price-Monitoring-March-27-2025.pdf
2025-03-27,Cartimar,tilapia,170,180,175,https://www.da.gov.ph/wp-content/uploads/2025/03/Price-Monitoring-March-27-2025.pdf
2025-03-27,Cartimar,tomato,50,65,57.5,https://www.da.gov.ph/wp-content/uploads/2025/03/Price-Monitoring-March-27-2025.pdf
2025-03-28,Cartimar,ampalaya,120,140,130,https://www.da.gov.ph/wp-content/uploads/2025/04/Price-Monitoring-March-28-2025.pdf
2025-03-28,Cartimar,cabbage,55,65,60,https://www.da.gov.ph/wp-content/uploads/2025/04/Price-Monitoring-March-28-2025.pdf
2025-03-28,Cartimar,eggplant,80,110,95,https://www.da.gov.ph/wp-content/uploads/2025/04/Price-Monitoring-March-28-2025.pdf
2025-03-28,Cartimar,red_onion_local,85,130,107.5,https://www.da.gov.ph/wp-content/uploads/2025/04/Price-Monitoring-March-28-2025.pdf
2025-03-28,Cartimar,tilapia,170,180,175,https://www.da.gov.ph/wp-content/uploads/2025/04/Price-Monitoring-March-28-2025.pdf
2025-03-28,Cartimar,tomato,50,65,57.5,https://www.da.gov.ph/wp-content/uploads/2025/04/Price-Monitoring-March-28-2025.pdf
2025-03-29,Cartimar,ampalaya,110,140,125,https://www.da.gov.ph/wp-content/uploads/2025/04/Price-Monitoring-March-29-2025.pdf
2025-03-29,Cartimar,cabbage,60,65,62.5,https://www.da.gov.ph/wp-content/uploads/2025/04/Price-Monitoring-March-29-2025.pdf
2025-03-29,Cartimar,eggplant,90,110,100,https://www.da.gov.ph/wp-content/uploads/2025/04/Price-Monitoring-March-29-2025.pdf
2025-03-29,Cartimar,red_onion_local,85,130,107.5,https://www.da.gov.ph/wp-content/uploads/2025/04/Price-Monitoring-March-29-2025.pdf
2025-03-29,Cartimar,tilapia,170,180,175,https://www.da.gov.ph/wp-content/uploads/2025/04/Price-Monitoring-March-29-2025.pdf
2025-03-29,Cartimar,tomato,50,65,57.5,https://www.da.gov.ph/wp-content/uploads/2025/04/Price-Monitoring-March-29-2025.pdf
2025-04-01,Cartimar,ampalaya,110,140,125,https://www.da.gov.ph/wp-content/uploads/2025/04/Price-Monitoring-April-1-2025.pdf
2025-04-01,Cartimar,cabbage,60,70,65,https://www.da.gov.ph/wp-content/uploads/2025/04/Price-Monitoring-April-1-2025.pdf
2025-04-01,Cartimar,eggplant,90,100,95,https://www.da.gov.ph/wp-content/uploads/2025/04/Price-Monitoring-April-1-2025.pdf
2025-04-01,Cartimar,red_onion_local,85,130,107.5,https://www.da.gov.ph/wp-content/uploads/2025/04/Price-Monitoring-April-1-2025.pdf
2025-04-01,Cartimar,tilapia,170,180,175,https://www.da.gov.ph/wp-content/uploads/2025/04/Price-Monitoring-April-1-2025.pdf
2025-04-01,Cartimar,tomato,60,70,65,https://www.da.gov.ph/wp-content/uploads/2025/04/Price-Monitoring-April-1-2025.pdf
2025-04-02,Cartimar,ampalaya,110,140,125,https://www.da.gov.ph/wp-content/uploads/2025/04/Price-Monitoring-April-2-2025.pdf
2025-04-02,Cartimar,cabbage,60,70,65,https://www.da.gov.ph/wp-content/uploads/2025/04/Price-Monitoring-April-2-2025.pdf
2025-04-02,Cartimar,eggplant,90,100,95,https://www.da.gov.ph/wp-content/uploads/2025/04/Price-Monitoring-April-2-2025.pdf
2025-04-02,Cartimar,red_onion_local,85,130,107.5,https://www.da.gov.ph/wp-content/uploads/2025/04/Price-Monitoring-April-2-2025.pdf
2025-04-02,Cartimar,tilapia,170,180,175,https://www.da.gov.ph/wp-content/uploads/2025/04/Price-Monitoring-April-2-2025.pdf
2025-04-02,Cartimar,tomato,60,70,65,https://www.da.gov.ph/wp-content/uploads/2025/04/Price-Monitoring-April-2-2025.pdf
2025-04-03,Cartimar,ampalaya,100,150,125,https://www.da.gov.ph/wp-content/uploads/2025/04/Price-Monitoring-April-3-2025.pdf
2025-04-03,Cartimar,cabbage,60,65,62.5,https://www.da.gov.ph/wp-content/uploads/2025/04/Price-Monitoring-April-3-2025.pdf
2025-04-03,Cartimar,eggplant,80,100,90,https://www.da.gov.ph/wp-content/uploads/2025/04/Price-Monitoring-April-3-2025.pdf
2025-04-03,Cartimar,red_onion_local,85,130,107.5,https://www.da.gov.ph/wp-content/uploads/2025/04/Price-Monitoring-April-3-2025.pdf
2025-04-03,Cartimar,tilapia,170,180,175,https://www.da.gov.ph/wp-content/uploads/2025/04/Price-Monitoring-April-3-2025.pdf
2025-04-03,Cartimar,tomato,60,70,65,https://www.da.gov.ph/wp-content/uploads/2025/04/Price-Monitoring-April-3-2025.pdf
2025-04-04,Cartimar,ampalaya,100,150,125,https://www.da.gov.ph/wp-content/uploads/2025/04/Price-Monitoring-April-4-2025.pdf
2025-04-04,Cartimar,cabbage,50,65,57.5,https://www.da.gov.ph/wp-content/uploads/2025/04/Price-Monitoring-April-4-2025.pdf
2025-04-04,Cartimar,eggplant,80,100,90,https://www.da.gov.ph/wp-content/uploads/2025/04/Price-Monitoring-April-4-2025.pdf
2025-04-04,Cartimar,red_onion_local,85,130,107.5,https://www.da.gov.ph/wp-content/uploads/2025/04/Price-Monitoring-April-4-2025.pdf
2025-04-04,Cartimar,tilapia,170,180,175,https://www.da.gov.ph/wp-content/uploads/2025/04/Price-Monitoring-April-4-2025.pdf
2025-04-04,Cartimar,tomato,60,70,65,https://www.da.gov.ph/wp-content/uploads/2025/04/Price-Monitoring-April-4-2025.pdf
2025-04-07,Cartimar,ampalaya,100,120,110,https://www.da.gov.ph/wp-content/uploads/2025/04/Price-Monitoring-April-7-2025.pdf
2025-04-07,Cartimar,cabbage,65,70,67.5,https://www.da.gov.ph/wp-content/uploads/2025/04/Price-Monitoring-April-7-2025.pdf
2025-04-07,Cartimar,eggplant,75,100,87.5,https://www.da.gov.ph/wp-content/uploads/2025/04/Price-Monitoring-April-7-2025.pdf
2025-04-07,Cartimar,galunggong_local,280,280,280,https://www.da.gov.ph/wp-content/uploads/2025/04/Price-Monitoring-April-7-2025.pdf
2025-04-07,Cartimar,red_onion_local,85,130,107.5,https://www.da.gov.ph/wp-content/uploads/2025/04/Price-Monitoring-April-7-2025.pdf
2025-04-07,Cartimar,tilapia,170,180,175,https://www.da.gov.ph/wp-content/uploads/2025/04/Price-Monitoring-April-7-2025.pdf
2025-04-07,Cartimar,tomato,60,70,65,https://www.da.gov.ph/wp-content/uploads/2025/04/Price-Monitoring-April-7-2025.pdf
2025-04-08,Cartimar,ampalaya,100,120,110,https://www.da.gov.ph/wp-content/uploads/2025/04/Price-Monitoring-April-8-2025.pdf
2025-04-08,Cartimar,cabbage,65,70,67.5,https://www.da.gov.ph/wp-content/uploads/2025/04/Price-Monitoring-April-8-2025.pdf
2025-04-08,Cartimar,eggplant,75,100,87.5,https://www.da.gov.ph/wp-content/uploads/2025/04/Price-Monitoring-April-8-2025.pdf
2025-04-08,Cartimar,galunggong_local,280,280,280,https://www.da.gov.ph/wp-content/uploads/2025/04/Price-Monitoring-April-8-2025.pdf
2025-04-08,Cartimar,red_onion_local,85,130,107.5,https://www.da.gov.ph/wp-content/uploads/2025/04/Price-Monitoring-April-8-2025.pdf
2025-04-08,Cartimar,tilapia,170,180,175,https://www.da.gov.ph/wp-content/uploads/2025/04/Price-Monitoring-April-8-2025.pdf
2025-04-08,Cartimar,tomato,60,70,65,https://www.da.gov.ph/wp-content/uploads/2025/04/Price-Monitoring-April-8-2025.pdf
2025-04-09,Cartimar,ampalaya,90,120,105,https://www.da.gov.ph/wp-content/uploads/2025/04/Price-Monitoring-April-9-2025.pdf
2025-04-09,Cartimar,cabbage,55,70,62.5,https://www.da.gov.ph/wp-content/uploads/2025/04/Price-Monitoring-April-9-2025.pdf
2025-04-09,Cartimar,eggplant,70,90,80,https://www.da.gov.ph/wp-content/uploads/2025/04/Price-Monitoring-April-9-2025.pdf
2025-04-09,Cartimar,galunggong_local,280,280,280,https://www.da.gov.ph/wp-content/uploads/2025/04/Price-Monitoring-April-9-2025.pdf
2025-04-09,Cartimar,red_onion_local,90,130,110,https://www.da.gov.ph/wp-content/uploads/2025/04/Price-Monitoring-April-9-2025.pdf
2025-04-09,Cartimar,tilapia,170,180,175,https://www.da.gov.ph/wp-content/uploads/2025/04/Price-Monitoring-April-9-2025.pdf
2025-04-09,Cartimar,tomato,60,70,65,https://www.da.gov.ph/wp-content/uploads/2025/04/Price-Monitoring-April-9-2025.pdf
2025-04-10,Cartimar,ampalaya,90,120,105,https://www.da.gov.ph/wp-content/uploads/2025/04/Price-Monitoring-April-10-2025.pdf
2025-04-10,Cartimar,cabbage,55,70,62.5,https://www.da.gov.ph/wp-content/uploads/2025/04/Price-Monitoring-April-10-2025.pdf
2025-04-10,Cartimar,eggplant,70,90,80,https://www.da.gov.ph/wp-content/uploads/2025/04/Price-Monitoring-April-10-2025.pdf
2025-04-10,Cartimar,galunggong_local,280,280,280,https://www.da.gov.ph/wp-content/uploads/2025/04/Price-Monitoring-April-10-2025.pdf
2025-04-10,Cartimar,red_onion_local,90,130,110,https://www.da.gov.ph/wp-content/uploads/2025/04/Price-Monitoring-April-10-2025.pdf
2025-04-10,Cartimar,tilapia,170,180,175,https://www.da.gov.ph/wp-content/uploads/2025/04/Price-Monitoring-April-10-2025.pdf
2025-04-10,Cartimar,tomato,60,70,65,https://www.da.gov.ph/wp-content/uploads/2025/04/Price-Monitoring-April-10-2025.pdf
2025-04-11,Cartimar,ampalaya,95,110,102.5,https://www.da.gov.ph/wp-content/uploads/2025/04/Price-Monitoring-April-11-2025.pdf
2025-04-11,Cartimar,cabbage,65,65,65,https://www.da.gov.ph/wp-content/uploads/2025/04/Price-Monitoring-April-11-2025.pdf
2025-04-11,Cartimar,eggplant,75,90,82.5,https://www.da.gov.ph/wp-content/uploads/2025/04/Price-Monitoring-April-11-2025.pdf
2025-04-11,Cartimar,galunggong_local,280,280,280,https://www.da.gov.ph/wp-content/uploads/2025/04/Price-Monitoring-April-11-2025.pdf
2025-04-11,Cartimar,red_onion_local,90,130,110,https://www.da.gov.ph/wp-content/uploads/2025/04/Price-Monitoring-April-11-2025.pdf
2025-04-11,Cartimar,tilapia,170,180,175,https://www.da.gov.ph/wp-content/uploads/2025/04/Price-Monitoring-April-11-2025.pdf
2025-04-11,Cartimar,tomato,60,70,65,https://www.da.gov.ph/wp-content/uploads/2025/04/Price-Monitoring-April-11-2025.pdf
2025-04-14,Cartimar,ampalaya,100,110,105,https://www.da.gov.ph/wp-content/uploads/2025/04/Price-Monitoring-April-14-2025.pdf
2025-04-14,Cartimar,cabbage,75,80,77.5,https://www.da.gov.ph/wp-content/uploads/2025/04/Price-Monitoring-April-14-2025.pdf
2025-04-14,Cartimar,eggplant,80,90,85,https://www.da.gov.ph/wp-content/uploads/2025/04/Price-Monitoring-April-14-2025.pdf
2025-04-14,Cartimar,galunggong_local,280,280,280,https://www.da.gov.ph/wp-content/uploads/2025/04/Price-Monitoring-April-14-2025.pdf
2025-04-14,Cartimar,red_onion_local,90,130,110,https://www.da.gov.ph/wp-content/uploads/2025/04/Price-Monitoring-April-14-2025.pdf
2025-04-14,Cartimar,tilapia,170,180,175,https://www.da.gov.ph/wp-content/uploads/2025/04/Price-Monitoring-April-14-2025.pdf
2025-04-14,Cartimar,tomato,60,65,62.5,https://www.da.gov.ph/wp-content/uploads/2025/04/Price-Monitoring-April-14-2025.pdf
2025-04-15,Cartimar,ampalaya,80,110,95,https://www.da.gov.ph/wp-content/uploads/2025/04/Price-Monitoring-April-15-2025.pdf
2025-04-15,Cartimar,cabbage,70,85,77.5,https://www.da.gov.ph/wp-content/uploads/2025/04/Price-Monitoring-April-15-2025.pdf
2025-04-15,Cartimar,eggplant,80,100,90,https://www.da.gov.ph/wp-content/uploads/2025/04/Price-Monitoring-April-15-2025.pdf
2025-04-15,Cartimar,red_onion_local,90,130,110,https://www.da.gov.ph/wp-content/uploads/2025/04/Price-Monitoring-April-15-2025.pdf
2025-04-15,Cartimar,tilapia,170,180,175,https://www.da.gov.ph/wp-content/uploads/2025/04/Price-Monitoring-April-15-2025.pdf
2025-04-15,Cartimar,tomato,60,65,62.5,https://www.da.gov.ph/wp-content/uploads/2025/04/Price-Monitoring-April-15-2025.pdf
2025-04-16,Cartimar,ampalaya,100,110,105,https://www.da.gov.ph/wp-content/uploads/2025/04/Price-Monitoring-April-16-2025.pdf
2025-04-16,Cartimar,cabbage,70,80,75,https://www.da.gov.ph/wp-content/uploads/2025/04/Price-Monitoring-April-16-2025.pdf
2025-04-16,Cartimar,eggplant,80,100,90,https://www.da.gov.ph/wp-content/uploads/2025/04/Price-Monitoring-April-16-2025.pdf
2025-04-16,Cartimar,red_onion_local,90,130,110,https://www.da.gov.ph/wp-content/uploads/2025/04/Price-Monitoring-April-16-2025.pdf
2025-04-16,Cartimar,tilapia,170,180,175,https://www.da.gov.ph/wp-content/uploads/2025/04/Price-Monitoring-April-16-2025.pdf
2025-04-16,Cartimar,tomato,60,65,62.5,https://www.da.gov.ph/wp-content/uploads/2025/04/Price-Monitoring-April-16-2025.pdf
2025-04-21,Cartimar,ampalaya,100,140,120,https://www.da.gov.ph/wp-content/uploads/2025/04/Price-Monitoring-April-21-2025.pdf
2025-04-21,Cartimar,cabbage,80,120,100,https://www.da.gov.ph/wp-content/uploads/2025/04/Price-Monitoring-April-21-2025.pdf
2025-04-21,Cartimar,eggplant,110,140,125,https://www.da.gov.ph/wp-content/uploads/2025/04/Price-Monitoring-April-21-2025.pdf
2025-04-21,Cartimar,red_onion_local,90,120,105,https://www.da.gov.ph/wp-content/uploads/2025/04/Price-Monitoring-April-21-2025.pdf
2025-04-21,Cartimar,tilapia,170,180,175,https://www.da.gov.ph/wp-content/uploads/2025/04/Price-Monitoring-April-21-2025.pdf
2025-04-21,Cartimar,tomato,70,75,72.5,https://www.da.gov.ph/wp-content/uploads/2025/04/Price-Monitoring-April-21-2025.pdf
2025-04-22,Cartimar,ampalaya,100,140,120,https://www.da.gov.ph/wp-content/uploads/2025/04/Price-Monitoring-April-22-2025.pdf
2025-04-22,Cartimar,cabbage,80,120,100,https://www.da.gov.ph/wp-content/uploads/2025/04/Price-Monitoring-April-22-2025.pdf
2025-04-22,Cartimar,eggplant,110,140,125,https://www.da.gov.ph/wp-content/uploads/2025/04/Price-Monitoring-April-22-2025.pdf
2025-04-22,Cartimar,red_onion_local,90,120,105,https://www.da.gov.ph/wp-content/uploads/2025/04/Price-Monitoring-April-22-2025.pdf
2025-04-22,Cartimar,tilapia,170,180,175,https://www.da.gov.ph/wp-content/uploads/2025/04/Price-Monitoring-April-22-2025.pdf
2025-04-22,Cartimar,tomato,70,75,72.5,https://www.da.gov.ph/wp-content/uploads/2025/04/Price-Monitoring-April-22-2025.pdf
2025-04-23,Cartimar,ampalaya,100,110,105,https://www.da.gov.ph/wp-content/uploads/2025/04/Price-Monitoring-April-23-2025.pdf
2025-04-23,Cartimar,cabbage,85,110,97.5,https://www.da.gov.ph/wp-content/uploads/2025/04/Price-Monitoring-April-23-2025.pdf
2025-04-23,Cartimar,eggplant,100,130,115,https://www.da.gov.ph/wp-content/uploads/2025/04/Price-Monitoring-April-23-2025.pdf
2025-04-23,Cartimar,red_onion_local,90,120,105,https://www.da.gov.ph/wp-content/uploads/2025/04/Price-Monitoring-April-23-2025.pdf
2025-04-23,Cartimar,tilapia,170,180,175,https://www.da.gov.ph/wp-content/uploads/2025/04/Price-Monitoring-April-23-2025.pdf
2025-04-23,Cartimar,tomato,70,75,72.5,https://www.da.gov.ph/wp-content/uploads/2025/04/Price-Monitoring-April-23-2025.pdf
2025-04-24,Cartimar,ampalaya,100,110,105,https://www.da.gov.ph/wp-content/uploads/2025/04/Price-Monitoring-April-24-2025.pdf
2025-04-24,Cartimar,cabbage,85,110,97.5,https://www.da.gov.ph/wp-content/uploads/2025/04/Price-Monitoring-April-24-2025.pdf
2025-04-24,Cartimar,eggplant,100,130,115,https://www.da.gov.ph/wp-content/uploads/2025/04/Price-Monitoring-April-24-2025.pdf
2025-04-24,Cartimar,red_onion_local,90,120,105,https://www.da.gov.ph/wp-content/uploads/2025/04/Price-Monitoring-April-24-2025.pdf
2025-04-24,Cartimar,tilapia,170,180,175,https://www.da.gov.ph/wp-content/uploads/2025/04/Price-Monitoring-April-24-2025.pdf
2025-04-24,Cartimar,tomato,70,75,72.5,https://www.da.gov.ph/wp-content/uploads/2025/04/Price-Monitoring-April-24-2025.pdf
2025-04-25,Cartimar,ampalaya,100,110,105,https://www.da.gov.ph/wp-content/uploads/2025/04/Price-Monitoring-April-25-2025.pdf
2025-04-25,Cartimar,cabbage,100,110,105,https://www.da.gov.ph/wp-content/uploads/2025/04/Price-Monitoring-April-25-2025.pdf
2025-04-25,Cartimar,eggplant,100,120,110,https://www.da.gov.ph/wp-content/uploads/2025/04/Price-Monitoring-April-25-2025.pdf
2025-04-25,Cartimar,red_onion_local,90,120,105,https://www.da.gov.ph/wp-content/uploads/2025/04/Price-Monitoring-April-25-2025.pdf
2025-04-25,Cartimar,tilapia,170,180,175,https://www.da.gov.ph/wp-content/uploads/2025/04/Price-Monitoring-April-25-2025.pdf
2025-04-25,Cartimar,tomato,70,75,72.5,https://www.da.gov.ph/wp-content/uploads/2025/04/Price-Monitoring-April-25-2025.pdf
2025-04-26,Cartimar,ampalaya,90,120,105,https://www.da.gov.ph/wp-content/uploads/2025/04/Price-Monitoring-April-26-2025.pdf
2025-04-26,Cartimar,cabbage,90,100,95,https://www.da.gov.ph/wp-content/uploads/2025/04/Price-Monitoring-April-26-2025.pdf
2025-04-26,Cartimar,eggplant,90,130,110,https://www.da.gov.ph/wp-content/uploads/2025/04/Price-Monitoring-April-26-2025.pdf
2025-04-26,Cartimar,red_onion_local,90,120,105,https://www.da.gov.ph/wp-content/uploads/2025/04/Price-Monitoring-April-26-2025.pdf
2025-04-26,Cartimar,tilapia,170,180,175,https://www.da.gov.ph/wp-content/uploads/2025/04/Price-Monitoring-April-26-2025.pdf
2025-04-26,Cartimar,tomato,75,80,77.5,https://www.da.gov.ph/wp-content/uploads/2025/04/Price-Monitoring-April-26-2025.pdf
2025-04-28,Cartimar,ampalaya,90,120,105,https://www.da.gov.ph/wp-content/uploads/2025/04/Price-Monitoring-April-28-2025.pdf
2025-04-28,Cartimar,cabbage,90,120,105,https://www.da.gov.ph/wp-content/uploads/2025/04/Price-Monitoring-April-28-2025.pdf
2025-04-28,Cartimar,eggplant,90,130,110,https://www.da.gov.ph/wp-content/uploads/2025/04/Price-Monitoring-April-28-2025.pdf
2025-04-28,Cartimar,red_onion_local,90,120,105,https://www.da.gov.ph/wp-content/uploads/2025/04/Price-Monitoring-April-28-2025.pdf
2025-04-28,Cartimar,tilapia,170,180,175,https://www.da.gov.ph/wp-content/uploads/2025/04/Price-Monitoring-April-28-2025.pdf
2025-04-28,Cartimar,tomato,75,80,77.5,https://www.da.gov.ph/wp-content/uploads/2025/04/Price-Monitoring-April-28-2025.pdf
2025-04-29,Cartimar,ampalaya,90,120,105,https://www.da.gov.ph/wp-content/uploads/2025/04/Price-Monitoring-April-29-2025.pdf
2025-04-29,Cartimar,cabbage,90,120,105,https://www.da.gov.ph/wp-content/uploads/2025/04/Price-Monitoring-April-29-2025.pdf
2025-04-29,Cartimar,eggplant,90,130,110,https://www.da.gov.ph/wp-content/uploads/2025/04/Price-Monitoring-April-29-2025.pdf
2025-04-29,Cartimar,red_onion_local,90,120,105,https://www.da.gov.ph/wp-content/uploads/2025/04/Price-Monitoring-April-29-2025.pdf
2025-04-29,Cartimar,tilapia,170,180,175,https://www.da.gov.ph/wp-content/uploads/2025/04/Price-Monitoring-April-29-2025.pdf
2025-04-29,Cartimar,tomato,75,80,77.5,https://www.da.gov.ph/wp-content/uploads/2025/04/Price-Monitoring-April-29-2025.pdf
2025-04-30,Cartimar,ampalaya,100,130,115,https://www.da.gov.ph/wp-content/uploads/2025/05/Price-Monitoring-April-30-2025.pdf
2025-04-30,Cartimar,cabbage,90,100,95,https://www.da.gov.ph/wp-content/uploads/2025/05/Price-Monitoring-April-30-2025.pdf
2025-04-30,Cartimar,eggplant,120,130,125,https://www.da.gov.ph/wp-content/uploads/2025/05/Price-Monitoring-April-30-2025.pdf
2025-04-30,Cartimar,red_onion_local,90,120,105,https://www.da.gov.ph/wp-content/uploads/2025/05/Price-Monitoring-April-30-2025.pdf
2025-04-30,Cartimar,tilapia,170,180,175,https://www.da.gov.ph/wp-content/uploads/2025/05/Price-Monitoring-April-30-2025.pdf
2025-04-30,Cartimar,tomato,60,80,70,https://www.da.gov.ph/wp-content/uploads/2025/05/Price-Monitoring-April-30-2025.pdf
2025-05-02,Cartimar,ampalaya,100,120,110,https://www.da.gov.ph/wp-content/uploads/2025/05/Price-Monitoring-May-2-2025.pdf
2025-05-02,Cartimar,cabbage,85,100,92.5,https://www.da.gov.ph/wp-content/uploads/2025/05/Price-Monitoring-May-2-2025.pdf
2025-05-02,Cartimar,eggplant,100,130,115,https://www.da.gov.ph/wp-content/uploads/2025/05/Price-Monitoring-May-2-2025.pdf
2025-05-02,Cartimar,red_onion_local,100,120,110,https://www.da.gov.ph/wp-content/uploads/2025/05/Price-Monitoring-May-2-2025.pdf
2025-05-02,Cartimar,tilapia,170,180,175,https://www.da.gov.ph/wp-content/uploads/2025/05/Price-Monitoring-May-2-2025.pdf
2025-05-02,Cartimar,tomato,60,80,70,https://www.da.gov.ph/wp-content/uploads/2025/05/Price-Monitoring-May-2-2025.pdf
2025-05-03,Cartimar,ampalaya,100,120,110,https://www.da.gov.ph/wp-content/uploads/2025/05/Price-Monitoring-May-3-2025.pdf
2025-05-03,Cartimar,cabbage,85,100,92.5,https://www.da.gov.ph/wp-content/uploads/2025/05/Price-Monitoring-May-3-2025.pdf
2025-05-03,Cartimar,eggplant,100,130,115,https://www.da.gov.ph/wp-content/uploads/2025/05/Price-Monitoring-May-3-2025.pdf
2025-05-03,Cartimar,red_onion_local,100,120,110,https://www.da.gov.ph/wp-content/uploads/2025/05/Price-Monitoring-May-3-2025.pdf
2025-05-03,Cartimar,tilapia,170,180,175,https://www.da.gov.ph/wp-content/uploads/2025/05/Price-Monitoring-May-3-2025.pdf
2025-05-03,Cartimar,tomato,60,80,70,https://www.da.gov.ph/wp-content/uploads/2025/05/Price-Monitoring-May-3-2025.pdf
2025-05-05,Cartimar,ampalaya,100,120,110,https://www.da.gov.ph/wp-content/uploads/2025/05/Price-Monitoring-May-5-2025.pdf
2025-05-05,Cartimar,cabbage,85,100,92.5,https://www.da.gov.ph/wp-content/uploads/2025/05/Price-Monitoring-May-5-2025.pdf
2025-05-05,Cartimar,eggplant,100,130,115,https://www.da.gov.ph/wp-content/uploads/2025/05/Price-Monitoring-May-5-2025.pdf
2025-05-05,Cartimar,red_onion_local,100,120,110,https://www.da.gov.ph/wp-content/uploads/2025/05/Price-Monitoring-May-5-2025.pdf
2025-05-05,Cartimar,tilapia,170,180,175,https://www.da.gov.ph/wp-content/uploads/2025/05/Price-Monitoring-May-5-2025.pdf
2025-05-05,Cartimar,tomato,60,80,70,https://www.da.gov.ph/wp-content/uploads/2025/05/Price-Monitoring-May-5-2025.pdf
2025-05-06,Cartimar,ampalaya,100,120,110,https://www.da.gov.ph/wp-content/uploads/2025/05/Price-Monitoring-May-6-2025.pdf
2025-05-06,Cartimar,cabbage,80,95,87.5,https://www.da.gov.ph/wp-content/uploads/2025/05/Price-Monitoring-May-6-2025.pdf
2025-05-06,Cartimar,eggplant,100,130,115,https://www.da.gov.ph/wp-content/uploads/2025/05/Price-Monitoring-May-6-2025.pdf
2025-05-06,Cartimar,red_onion_local,100,120,110,https://www.da.gov.ph/wp-content/uploads/2025/05/Price-Monitoring-May-6-2025.pdf
2025-05-06,Cartimar,tilapia,170,180,175,https://www.da.gov.ph/wp-content/uploads/2025/05/Price-Monitoring-May-6-2025.pdf
2025-05-06,Cartimar,tomato,60,80,70,https://www.da.gov.ph/wp-content/uploads/2025/05/Price-Monitoring-May-6-2025.pdf
2025-05-07,Cartimar,ampalaya,100,120,110,https://www.da.gov.ph/wp-content/uploads/2025/05/Price-Monitoring-May-7-2025.pdf
2025-05-07,Cartimar,cabbage,80,95,87.5,https://www.da.gov.ph/wp-content/uploads/2025/05/Price-Monitoring-May-7-2025.pdf
2025-05-07,Cartimar,eggplant,100,130,115,https://www.da.gov.ph/wp-content/uploads/2025/05/Price-Monitoring-May-7-2025.pdf
2025-05-07,Cartimar,red_onion_local,100,120,110,https://www.da.gov.ph/wp-content/uploads/2025/05/Price-Monitoring-May-7-2025.pdf
2025-05-07,Cartimar,tilapia,170,180,175,https://www.da.gov.ph/wp-content/uploads/2025/05/Price-Monitoring-May-7-2025.pdf
2025-05-07,Cartimar,tomato,70,80,75,https://www.da.gov.ph/wp-content/uploads/2025/05/Price-Monitoring-May-7-2025.pdf
2025-05-08,Cartimar,ampalaya,95,130,112.5,https://www.da.gov.ph/wp-content/uploads/2025/05/Price-Monitoring-May-8-2025.pdf
2025-05-08,Cartimar,cabbage,70,75,72.5,https://www.da.gov.ph/wp-content/uploads/2025/05/Price-Monitoring-May-8-2025.pdf
2025-05-08,Cartimar,eggplant,95,130,112.5,https://www.da.gov.ph/wp-content/uploads/2025/05/Price-Monitoring-May-8-2025.pdf
2025-05-08,Cartimar,red_onion_local,100,120,110,https://www.da.gov.ph/wp-content/uploads/2025/05/Price-Monitoring-May-8-2025.pdf
2025-05-08,Cartimar,tilapia,170,180,175,https://www.da.gov.ph/wp-content/uploads/2025/05/Price-Monitoring-May-8-2025.pdf
2025-05-08,Cartimar,tomato,60,80,70,https://www.da.gov.ph/wp-content/uploads/2025/05/Price-Monitoring-May-8-2025.pdf
2025-05-09,Cartimar,ampalaya,95,130,112.5,https://www.da.gov.ph/wp-content/uploads/2025/05/Price-Monitoring-May-9-2025.pdf
2025-05-09,Cartimar,cabbage,70,75,72.5,https://www.da.gov.ph/wp-content/uploads/2025/05/Price-Monitoring-May-9-2025.pdf
2025-05-09,Cartimar,eggplant,95,130,112.5,https://www.da.gov.ph/wp-content/uploads/2025/05/Price-Monitoring-May-9-2025.pdf
2025-05-09,Cartimar,red_onion_local,100,120,110,https://www.da.gov.ph/wp-content/uploads/2025/05/Price-Monitoring-May-9-2025.pdf
2025-05-09,Cartimar,tilapia,170,180,175,https://www.da.gov.ph/wp-content/uploads/2025/05/Price-Monitoring-May-9-2025.pdf
2025-05-09,Cartimar,tomato,60,80,70,https://www.da.gov.ph/wp-content/uploads/2025/05/Price-Monitoring-May-9-2025.pdf
2025-05-10,Cartimar,ampalaya,95,140,117.5,https://www.da.gov.ph/wp-content/uploads/2025/05/Price-Monitoring-May-10-2025.pdf
2025-05-10,Cartimar,cabbage,65,70,67.5,https://www.da.gov.ph/wp-content/uploads/2025/05/Price-Monitoring-May-10-2025.pdf
2025-05-10,Cartimar,eggplant,95,110,102.5,https://www.da.gov.ph/wp-content/uploads/2025/05/Price-Monitoring-May-10-2025.pdf
2025-05-10,Cartimar,red_onion_local,100,120,110,https://www.da.gov.ph/wp-content/uploads/2025/05/Price-Monitoring-May-10-2025.pdf
2025-05-10,Cartimar,tilapia,170,180,175,https://www.da.gov.ph/wp-content/uploads/2025/05/Price-Monitoring-May-10-2025.pdf
2025-05-10,Cartimar,tomato,60,70,65,https://www.da.gov.ph/wp-content/uploads/2025/05/Price-Monitoring-May-10-2025.pdf
2025-05-13,Cartimar,ampalaya,100,130,115,https://www.da.gov.ph/wp-content/uploads/2025/05/Price-Monitoring-May-13-2025.pdf
2025-05-13,Cartimar,cabbage,70,75,72.5,https://www.da.gov.ph/wp-content/uploads/2025/05/Price-Monitoring-May-13-2025.pdf
2025-05-13,Cartimar,eggplant,100,110,105,https://www.da.gov.ph/wp-content/uploads/2025/05/Price-Monitoring-May-13-2025.pdf
2025-05-13,Cartimar,red_onion_local,100,120,110,https://www.da.gov.ph/wp-content/uploads/2025/05/Price-Monitoring-May-13-2025.pdf
2025-05-13,Cartimar,tilapia,170,180,175,https://www.da.gov.ph/wp-content/uploads/2025/05/Price-Monitoring-May-13-2025.pdf
2025-05-13,Cartimar,tomato,60,80,70,https://www.da.gov.ph/wp-content/uploads/2025/05/Price-Monitoring-May-13-2025.pdf
2025-05-14,Cartimar,ampalaya,100,130,115,https://www.da.gov.ph/wp-content/uploads/2025/05/Price-Monitoring-May-14-2025.pdf
2025-05-14,Cartimar,cabbage,70,75,72.5,https://www.da.gov.ph/wp-content/uploads/2025/05/Price-Monitoring-May-14-2025.pdf
2025-05-14,Cartimar,eggplant,100,110,105,https://www.da.gov.ph/wp-content/uploads/2025/05/Price-Monitoring-May-14-2025.pdf
2025-05-14,Cartimar,red_onion_local,100,120,110,https://www.da.gov.ph/wp-content/uploads/2025/05/Price-Monitoring-May-14-2025.pdf
2025-05-14,Cartimar,tilapia,170,180,175,https://www.da.gov.ph/wp-content/uploads/2025/05/Price-Monitoring-May-14-2025.pdf
2025-05-14,Cartimar,tomato,60,80,70,https://www.da.gov.ph/wp-content/uploads/2025/05/Price-Monitoring-May-14-2025.pdf
2025-05-15,Cartimar,ampalaya,100,130,115,https://www.da.gov.ph/wp-content/uploads/2025/05/Price-Monitoring-May-15-2025.pdf
2025-05-15,Cartimar,cabbage,70,95,82.5,https://www.da.gov.ph/wp-content/uploads/2025/05/Price-Monitoring-May-15-2025.pdf
2025-05-15,Cartimar,eggplant,90,110,100,https://www.da.gov.ph/wp-content/uploads/2025/05/Price-Monitoring-May-15-2025.pdf
2025-05-15,Cartimar,red_onion_local,100,120,110,https://www.da.gov.ph/wp-content/uploads/2025/05/Price-Monitoring-May-15-2025.pdf
2025-05-15,Cartimar,tilapia,170,180,175,https://www.da.gov.ph/wp-content/uploads/2025/05/Price-Monitoring-May-15-2025.pdf
2025-05-15,Cartimar,tomato,60,80,70,https://www.da.gov.ph/wp-content/uploads/2025/05/Price-Monitoring-May-15-2025.pdf
2025-05-16,Cartimar,ampalaya,100,130,115,https://www.da.gov.ph/wp-content/uploads/2025/05/Price-Monitoring-May-16-2025.pdf
2025-05-16,Cartimar,cabbage,70,95,82.5,https://www.da.gov.ph/wp-content/uploads/2025/05/Price-Monitoring-May-16-2025.pdf
2025-05-16,Cartimar,eggplant,90,110,100,https://www.da.gov.ph/wp-content/uploads/2025/05/Price-Monitoring-May-16-2025.pdf
2025-05-16,Cartimar,red_onion_local,100,120,110,https://www.da.gov.ph/wp-content/uploads/2025/05/Price-Monitoring-May-16-2025.pdf
2025-05-16,Cartimar,tilapia,170,180,175,https://www.da.gov.ph/wp-content/uploads/2025/05/Price-Monitoring-May-16-2025.pdf
2025-05-16,Cartimar,tomato,60,80,70,https://www.da.gov.ph/wp-content/uploads/2025/05/Price-Monitoring-May-16-2025.pdf
2025-05-17,Cartimar,ampalaya,100,130,115,https://www.da.gov.ph/wp-content/uploads/2025/05/Price-Monitoring-May-17-2025.pdf
2025-05-17,Cartimar,cabbage,70,95,82.5,https://www.da.gov.ph/wp-content/uploads/2025/05/Price-Monitoring-May-17-2025.pdf
2025-05-17,Cartimar,eggplant,100,100,100,https://www.da.gov.ph/wp-content/uploads/2025/05/Price-Monitoring-May-17-2025.pdf
2025-05-17,Cartimar,red_onion_local,100,120,110,https://www.da.gov.ph/wp-content/uploads/2025/05/Price-Monitoring-May-17-2025.pdf
2025-05-17,Cartimar,tilapia,170,180,175,https://www.da.gov.ph/wp-content/uploads/2025/05/Price-Monitoring-May-17-2025.pdf
2025-05-17,Cartimar,tomato,60,80,70,https://www.da.gov.ph/wp-content/uploads/2025/05/Price-Monitoring-May-17-2025.pdf
2025-05-19,Cartimar,ampalaya,100,130,115,https://www.da.gov.ph/wp-content/uploads/2025/05/Price-Monitoring-May-19-2025.pdf
2025-05-19,Cartimar,cabbage,70,80,75,https://www.da.gov.ph/wp-content/uploads/2025/05/Price-Monitoring-May-19-2025.pdf
2025-05-19,Cartimar,eggplant,100,100,100,https://www.da.gov.ph/wp-content/uploads/2025/05/Price-Monitoring-May-19-2025.pdf
2025-05-19,Cartimar,red_onion_local,100,120,110,https://www.da.gov.ph/wp-content/uploads/2025/05/Price-Monitoring-May-19-2025.pdf
2025-05-19,Cartimar,tilapia,170,180,175,https://www.da.gov.ph/wp-content/uploads/2025/05/Price-Monitoring-May-19-2025.pdf
2025-05-19,Cartimar,tomato,80,80,80,https://www.da.gov.ph/wp-content/uploads/2025/05/Price-Monitoring-May-19-2025.pdf
2025-05-20,Cartimar,ampalaya,100,130,115,https://www.da.gov.ph/wp-content/uploads/2025/05/Price-Monitoring-May-20-2025.pdf
2025-05-20,Cartimar,cabbage,65,75,70,https://www.da.gov.ph/wp-content/uploads/2025/05/Price-Monitoring-May-20-2025.pdf
2025-05-20,Cartimar,eggplant,100,100,100,https://www.da.gov.ph/wp-content/uploads/2025/05/Price-Monitoring-May-20-2025.pdf
2025-05-20,Cartimar,red_onion_local,100,120,110,https://www.da.gov.ph/wp-content/uploads/2025/05/Price-Monitoring-May-20-2025.pdf
2025-05-20,Cartimar,tilapia,170,180,175,https://www.da.gov.ph/wp-content/uploads/2025/05/Price-Monitoring-May-20-2025.pdf
2025-05-20,Cartimar,tomato,80,100,90,https://www.da.gov.ph/wp-content/uploads/2025/05/Price-Monitoring-May-20-2025.pdf
2025-05-21,Cartimar,ampalaya,110,130,120,https://www.da.gov.ph/wp-content/uploads/2025/05/Revised-Price-Monitoring-May-21-2025.pdf
2025-05-21,Cartimar,cabbage,70,80,75,https://www.da.gov.ph/wp-content/uploads/2025/05/Revised-Price-Monitoring-May-21-2025.pdf
2025-05-21,Cartimar,eggplant,100,110,105,https://www.da.gov.ph/wp-content/uploads/2025/05/Revised-Price-Monitoring-May-21-2025.pdf
2025-05-21,Cartimar,red_onion_local,100,120,110,https://www.da.gov.ph/wp-content/uploads/2025/05/Revised-Price-Monitoring-May-21-2025.pdf
2025-05-21,Cartimar,tilapia,170,180,175,https://www.da.gov.ph/wp-content/uploads/2025/05/Revised-Price-Monitoring-May-21-2025.pdf
2025-05-21,Cartimar,tomato,80,100,90,https://www.da.gov.ph/wp-content/uploads/2025/05/Revised-Price-Monitoring-May-21-2025.pdf
2025-05-22,Cartimar,ampalaya,110,120,115,https://www.da.gov.ph/wp-content/uploads/2025/05/Price-Monitoring-May-22-2025.pdf
2025-05-22,Cartimar,cabbage,70,80,75,https://www.da.gov.ph/wp-content/uploads/2025/05/Price-Monitoring-May-22-2025.pdf
2025-05-22,Cartimar,eggplant,100,110,105,https://www.da.gov.ph/wp-content/uploads/2025/05/Price-Monitoring-May-22-2025.pdf
2025-05-22,Cartimar,red_onion_local,100,120,110,https://www.da.gov.ph/wp-content/uploads/2025/05/Price-Monitoring-May-22-2025.pdf
2025-05-22,Cartimar,tilapia,170,180,175,https://www.da.gov.ph/wp-content/uploads/2025/05/Price-Monitoring-May-22-2025.pdf
2025-05-22,Cartimar,tomato,80,100,90,https://www.da.gov.ph/wp-content/uploads/2025/05/Price-Monitoring-May-22-2025.pdf
2025-05-24,Cartimar,ampalaya,110,130,120,https://www.da.gov.ph/wp-content/uploads/2025/05/Price-Monitoring-May-24-2025.pdf
2025-05-24,Cartimar,cabbage,65,70,67.5,https://www.da.gov.ph/wp-content/uploads/2025/05/Price-Monitoring-May-24-2025.pdf
2025-05-24,Cartimar,eggplant,100,110,105,https://www.da.gov.ph/wp-content/uploads/2025/05/Price-Monitoring-May-24-2025.pdf
2025-05-24,Cartimar,red_onion_local,100,120,110,https://www.da.gov.ph/wp-content/uploads/2025/05/Price-Monitoring-May-24-2025.pdf
2025-05-24,Cartimar,tilapia,170,180,175,https://www.da.gov.ph/wp-content/uploads/2025/05/Price-Monitoring-May-24-2025.pdf
2025-05-24,Cartimar,tomato,80,90,85,https://www.da.gov.ph/wp-content/uploads/2025/05/Price-Monitoring-May-24-2025.pdf
2025-05-26,Cartimar,ampalaya,110,120,115,https://www.da.gov.ph/wp-content/uploads/2025/05/Price-Monitoring-May-26-2025.pdf
2025-05-26,Cartimar,cabbage,60,80,70,https://www.da.gov.ph/wp-content/uploads/2025/05/Price-Monitoring-May-26-2025.pdf
2025-05-26,Cartimar,eggplant,110,130,120,https://www.da.gov.ph/wp-content/uploads/2025/05/Price-Monitoring-May-26-2025.pdf
2025-05-26,Cartimar,red_onion_local,120,130,125,https://www.da.gov.ph/wp-content/uploads/2025/05/Price-Monitoring-May-26-2025.pdf
2025-05-26,Cartimar,tilapia,170,180,175,https://www.da.gov.ph/wp-content/uploads/2025/05/Price-Monitoring-May-26-2025.pdf
2025-05-26,Cartimar,tomato,80,90,85,https://www.da.gov.ph/wp-content/uploads/2025/05/Price-Monitoring-May-26-2025.pdf
2025-05-27,Cartimar,ampalaya,110,120,115,https://www.da.gov.ph/wp-content/uploads/2025/05/Price-Monitoring-May-27-2025.pdf
2025-05-27,Cartimar,cabbage,60,80,70,https://www.da.gov.ph/wp-content/uploads/2025/05/Price-Monitoring-May-27-2025.pdf
2025-05-27,Cartimar,eggplant,110,130,120,https://www.da.gov.ph/wp-content/uploads/2025/05/Price-Monitoring-May-27-2025.pdf
2025-05-27,Cartimar,red_onion_local,120,130,125,https://www.da.gov.ph/wp-content/uploads/2025/05/Price-Monitoring-May-27-2025.pdf
2025-05-27,Cartimar,tilapia,170,180,175,https://www.da.gov.ph/wp-content/uploads/2025/05/Price-Monitoring-May-27-2025.pdf
2025-05-27,Cartimar,tomato,80,90,85,https://www.da.gov.ph/wp-content/uploads/2025/05/Price-Monitoring-May-27-2025.pdf
2025-05-28,Cartimar,ampalaya,100,120,110,https://www.da.gov.ph/wp-content/uploads/2025/05/Price-Monitoring-May-28-2025.pdf
2025-05-28,Cartimar,cabbage,55,75,65,https://www.da.gov.ph/wp-content/uploads/2025/05/Price-Monitoring-May-28-2025.pdf
2025-05-28,Cartimar,eggplant,100,130,115,https://www.da.gov.ph/wp-content/uploads/2025/05/Price-Monitoring-May-28-2025.pdf
2025-05-28,Cartimar,red_onion_local,120,130,125,https://www.da.gov.ph/wp-content/uploads/2025/05/Price-Monitoring-May-28-2025.pdf
2025-05-28,Cartimar,tilapia,170,180,175,https://www.da.gov.ph/wp-content/uploads/2025/05/Price-Monitoring-May-28-2025.pdf
2025-05-28,Cartimar,tomato,70,80,75,https://www.da.gov.ph/wp-content/uploads/2025/05/Price-Monitoring-May-28-2025.pdf
2025-05-29,Cartimar,ampalaya,100,120,110,https://www.da.gov.ph/wp-content/uploads/2025/05/Price-Monitoring-May-29-2025.pdf
2025-05-29,Cartimar,cabbage,55,75,65,https://www.da.gov.ph/wp-content/uploads/2025/05/Price-Monitoring-May-29-2025.pdf
2025-05-29,Cartimar,eggplant,100,130,115,https://www.da.gov.ph/wp-content/uploads/2025/05/Price-Monitoring-May-29-2025.pdf
2025-05-29,Cartimar,red_onion_local,120,130,125,https://www.da.gov.ph/wp-content/uploads/2025/05/Price-Monitoring-May-29-2025.pdf
2025-05-29,Cartimar,tilapia,170,180,175,https://www.da.gov.ph/wp-content/uploads/2025/05/Price-Monitoring-May-29-2025.pdf
2025-05-29,Cartimar,tomato,70,80,75,https://www.da.gov.ph/wp-content/uploads/2025/05/Price-Monitoring-May-29-2025.pdf
2025-05-30,Cartimar,ampalaya,100,120,110,https://www.da.gov.ph/wp-content/uploads/2025/06/Price-Monitoring-May-30-2025.pdf
2025-05-30,Cartimar,cabbage,65,78,71.5,https://www.da.gov.ph/wp-content/uploads/2025/06/Price-Monitoring-May-30-2025.pdf
2025-05-30,Cartimar,eggplant,100,130,115,https://www.da.gov.ph/wp-content/uploads/2025/06/Price-Monitoring-May-30-2025.pdf
2025-05-30,Cartimar,red_onion_local,120,130,125,https://www.da.gov.ph/wp-content/uploads/2025/06/Price-Monitoring-May-30-2025.pdf
2025-05-30,Cartimar,tilapia,170,180,175,https://www.da.gov.ph/wp-content/uploads/2025/06/Price-Monitoring-May-30-2025.pdf
2025-05-30,Cartimar,tomato,70,80,75,https://www.da.gov.ph/wp-content/uploads/2025/06/Price-Monitoring-May-30-2025.pdf
2025-05-31,Cartimar,ampalaya,100,120,110,https://www.da.gov.ph/wp-content/uploads/2025/06/Price-Monitoring-May-31-2025.pdf
2025-05-31,Cartimar,cabbage,65,78,71.5,https://www.da.gov.ph/wp-content/uploads/2025/06/Price-Monitoring-May-31-2025.pdf
2025-05-31,Cartimar,eggplant,100,130,115,https://www.da.gov.ph/wp-content/uploads/2025/06/Price-Monitoring-May-31-2025.pdf
2025-05-31,Cartimar,galunggong_local,300,300,300,https://www.da.gov.ph/wp-content/uploads/2025/06/Price-Monitoring-May-31-2025.pdf
2025-05-31,Cartimar,red_onion_local,120,130,125,https://www.da.gov.ph/wp-content/uploads/2025/06/Price-Monitoring-May-31-2025.pdf
2025-05-31,Cartimar,tilapia,170,180,175,https://www.da.gov.ph/wp-content/uploads/2025/06/Price-Monitoring-May-31-2025.pdf
2025-05-31,Cartimar,tomato,70,80,75,https://www.da.gov.ph/wp-content/uploads/2025/06/Price-Monitoring-May-31-2025.pdf
2025-06-02,Cartimar,ampalaya,80,110,95,https://www.da.gov.ph/wp-content/uploads/2025/06/Price-Monitoring-June-2-2025.pdf
2025-06-02,Cartimar,cabbage,70,80,75,https://www.da.gov.ph/wp-content/uploads/2025/06/Price-Monitoring-June-2-2025.pdf
2025-06-02,Cartimar,eggplant,100,120,110,https://www.da.gov.ph/wp-content/uploads/2025/06/Price-Monitoring-June-2-2025.pdf
2025-06-02,Cartimar,galunggong_local,300,300,300,https://www.da.gov.ph/wp-content/uploads/2025/06/Price-Monitoring-June-2-2025.pdf
2025-06-02,Cartimar,red_onion_local,120,130,125,https://www.da.gov.ph/wp-content/uploads/2025/06/Price-Monitoring-June-2-2025.pdf
2025-06-02,Cartimar,tilapia,170,180,175,https://www.da.gov.ph/wp-content/uploads/2025/06/Price-Monitoring-June-2-2025.pdf
2025-06-02,Cartimar,tomato,70,80,75,https://www.da.gov.ph/wp-content/uploads/2025/06/Price-Monitoring-June-2-2025.pdf
2025-06-03,Cartimar,ampalaya,80,110,95,https://www.da.gov.ph/wp-content/uploads/2025/06/Price-Monitoring-June-3-2025.pdf
2025-06-03,Cartimar,cabbage,70,80,75,https://www.da.gov.ph/wp-content/uploads/2025/06/Price-Monitoring-June-3-2025.pdf
2025-06-03,Cartimar,eggplant,100,120,110,https://www.da.gov.ph/wp-content/uploads/2025/06/Price-Monitoring-June-3-2025.pdf
2025-06-03,Cartimar,galunggong_local,300,300,300,https://www.da.gov.ph/wp-content/uploads/2025/06/Price-Monitoring-June-3-2025.pdf
2025-06-03,Cartimar,red_onion_local,120,130,125,https://www.da.gov.ph/wp-content/uploads/2025/06/Price-Monitoring-June-3-2025.pdf
2025-06-03,Cartimar,tilapia,170,180,175,https://www.da.gov.ph/wp-content/uploads/2025/06/Price-Monitoring-June-3-2025.pdf
2025-06-03,Cartimar,tomato,70,80,75,https://www.da.gov.ph/wp-content/uploads/2025/06/Price-Monitoring-June-3-2025.pdf
2025-06-04,Cartimar,ampalaya,80,110,95,https://www.da.gov.ph/wp-content/uploads/2025/06/Price-Monitoring-June-4-2025.pdf
2025-06-04,Cartimar,cabbage,70,80,75,https://www.da.gov.ph/wp-content/uploads/2025/06/Price-Monitoring-June-4-2025.pdf
2025-06-04,Cartimar,eggplant,100,120,110,https://www.da.gov.ph/wp-content/uploads/2025/06/Price-Monitoring-June-4-2025.pdf
2025-06-04,Cartimar,galunggong_local,300,300,300,https://www.da.gov.ph/wp-content/uploads/2025/06/Price-Monitoring-June-4-2025.pdf
2025-06-04,Cartimar,red_onion_local,120,130,125,https://www.da.gov.ph/wp-content/uploads/2025/06/Price-Monitoring-June-4-2025.pdf
2025-06-04,Cartimar,tilapia,170,180,175,https://www.da.gov.ph/wp-content/uploads/2025/06/Price-Monitoring-June-4-2025.pdf
2025-06-04,Cartimar,tomato,70,80,75,https://www.da.gov.ph/wp-content/uploads/2025/06/Price-Monitoring-June-4-2025.pdf
2025-06-05,Cartimar,ampalaya,90,110,100,https://www.da.gov.ph/wp-content/uploads/2025/06/Price-Monitoring-June-5-2025.pdf
2025-06-05,Cartimar,cabbage,60,70,65,https://www.da.gov.ph/wp-content/uploads/2025/06/Price-Monitoring-June-5-2025.pdf
2025-06-05,Cartimar,eggplant,90,110,100,https://www.da.gov.ph/wp-content/uploads/2025/06/Price-Monitoring-June-5-2025.pdf
2025-06-05,Cartimar,galunggong_local,300,300,300,https://www.da.gov.ph/wp-content/uploads/2025/06/Price-Monitoring-June-5-2025.pdf
2025-06-05,Cartimar,red_onion_local,120,130,125,https://www.da.gov.ph/wp-content/uploads/2025/06/Price-Monitoring-June-5-2025.pdf
2025-06-05,Cartimar,tilapia,170,180,175,https://www.da.gov.ph/wp-content/uploads/2025/06/Price-Monitoring-June-5-2025.pdf
2025-06-05,Cartimar,tomato,70,70,70,https://www.da.gov.ph/wp-content/uploads/2025/06/Price-Monitoring-June-5-2025.pdf
2025-06-07,Cartimar,ampalaya,90,110,100,https://www.da.gov.ph/wp-content/uploads/2025/06/Price-Monitoring-June-7-2025.pdf
2025-06-07,Cartimar,cabbage,60,70,65,https://www.da.gov.ph/wp-content/uploads/2025/06/Price-Monitoring-June-7-2025.pdf
2025-06-07,Cartimar,eggplant,90,110,100,https://www.da.gov.ph/wp-content/uploads/2025/06/Price-Monitoring-June-7-2025.pdf
2025-06-07,Cartimar,galunggong_local,300,300,300,https://www.da.gov.ph/wp-content/uploads/2025/06/Price-Monitoring-June-7-2025.pdf
2025-06-07,Cartimar,red_onion_local,120,130,125,https://www.da.gov.ph/wp-content/uploads/2025/06/Price-Monitoring-June-7-2025.pdf
2025-06-07,Cartimar,tilapia,170,180,175,https://www.da.gov.ph/wp-content/uploads/2025/06/Price-Monitoring-June-7-2025.pdf
2025-06-07,Cartimar,tomato,70,70,70,https://www.da.gov.ph/wp-content/uploads/2025/06/Price-Monitoring-June-7-2025.pdf
2025-06-09,Cartimar,ampalaya,90,110,100,https://www.da.gov.ph/wp-content/uploads/2025/06/Price-Monitoring-June-9-2025.pdf
2025-06-09,Cartimar,cabbage,60,70,65,https://www.da.gov.ph/wp-content/uploads/2025/06/Price-Monitoring-June-9-2025.pdf
2025-06-09,Cartimar,eggplant,90,110,100,https://www.da.gov.ph/wp-content/uploads/2025/06/Price-Monitoring-June-9-2025.pdf
2025-06-09,Cartimar,galunggong_local,300,300,300,https://www.da.gov.ph/wp-content/uploads/2025/06/Price-Monitoring-June-9-2025.pdf
2025-06-09,Cartimar,red_onion_local,120,130,125,https://www.da.gov.ph/wp-content/uploads/2025/06/Price-Monitoring-June-9-2025.pdf
2025-06-09,Cartimar,tilapia,170,180,175,https://www.da.gov.ph/wp-content/uploads/2025/06/Price-Monitoring-June-9-2025.pdf
2025-06-09,Cartimar,tomato,70,70,70,https://www.da.gov.ph/wp-content/uploads/2025/06/Price-Monitoring-June-9-2025.pdf
2025-06-10,Cartimar,ampalaya,90,130,110,https://www.da.gov.ph/wp-content/uploads/2025/06/Price-Monitoring-June-10-2025.pdf
2025-06-10,Cartimar,cabbage,55,70,62.5,https://www.da.gov.ph/wp-content/uploads/2025/06/Price-Monitoring-June-10-2025.pdf
2025-06-10,Cartimar,eggplant,90,110,100,https://www.da.gov.ph/wp-content/uploads/2025/06/Price-Monitoring-June-10-2025.pdf
2025-06-10,Cartimar,galunggong_local,300,300,300,https://www.da.gov.ph/wp-content/uploads/2025/06/Price-Monitoring-June-10-2025.pdf
2025-06-10,Cartimar,red_onion_local,120,130,125,https://www.da.gov.ph/wp-content/uploads/2025/06/Price-Monitoring-June-10-2025.pdf
2025-06-10,Cartimar,tilapia,170,180,175,https://www.da.gov.ph/wp-content/uploads/2025/06/Price-Monitoring-June-10-2025.pdf
2025-06-10,Cartimar,tomato,65,80,72.5,https://www.da.gov.ph/wp-content/uploads/2025/06/Price-Monitoring-June-10-2025.pdf
2025-06-11,Cartimar,ampalaya,90,130,110,https://www.da.gov.ph/wp-content/uploads/2025/06/Price-Monitoring-June-11-2025.pdf
2025-06-11,Cartimar,cabbage,55,70,62.5,https://www.da.gov.ph/wp-content/uploads/2025/06/Price-Monitoring-June-11-2025.pdf
2025-06-11,Cartimar,eggplant,90,110,100,https://www.da.gov.ph/wp-content/uploads/2025/06/Price-Monitoring-June-11-2025.pdf
2025-06-11,Cartimar,galunggong_local,300,300,300,https://www.da.gov.ph/wp-content/uploads/2025/06/Price-Monitoring-June-11-2025.pdf
2025-06-11,Cartimar,red_onion_local,120,130,125,https://www.da.gov.ph/wp-content/uploads/2025/06/Price-Monitoring-June-11-2025.pdf
2025-06-11,Cartimar,tilapia,170,180,175,https://www.da.gov.ph/wp-content/uploads/2025/06/Price-Monitoring-June-11-2025.pdf
2025-06-11,Cartimar,tomato,65,80,72.5,https://www.da.gov.ph/wp-content/uploads/2025/06/Price-Monitoring-June-11-2025.pdf
2025-06-12,Cartimar,ampalaya,90,130,110,https://www.da.gov.ph/wp-content/uploads/2025/06/Price-Monitoring-June-12-2025.pdf
2025-06-12,Cartimar,cabbage,55,70,62.5,https://www.da.gov.ph/wp-content/uploads/2025/06/Price-Monitoring-June-12-2025.pdf
2025-06-12,Cartimar,eggplant,90,110,100,https://www.da.gov.ph/wp-content/uploads/2025/06/Price-Monitoring-June-12-2025.pdf
2025-06-12,Cartimar,galunggong_local,300,300,300,https://www.da.gov.ph/wp-content/uploads/2025/06/Price-Monitoring-June-12-2025.pdf
2025-06-12,Cartimar,red_onion_local,120,130,125,https://www.da.gov.ph/wp-content/uploads/2025/06/Price-Monitoring-June-12-2025.pdf
2025-06-12,Cartimar,tilapia,170,180,175,https://www.da.gov.ph/wp-content/uploads/2025/06/Price-Monitoring-June-12-2025.pdf
2025-06-12,Cartimar,tomato,65,80,72.5,https://www.da.gov.ph/wp-content/uploads/2025/06/Price-Monitoring-June-12-2025.pdf
2025-06-13,Cartimar,ampalaya,100,120,110,https://www.da.gov.ph/wp-content/uploads/2025/06/Price-Monitoring-June-13-2025.pdf
2025-06-13,Cartimar,cabbage,50,60,55,https://www.da.gov.ph/wp-content/uploads/2025/06/Price-Monitoring-June-13-2025.pdf
2025-06-13,Cartimar,eggplant,90,110,100,https://www.da.gov.ph/wp-content/uploads/2025/06/Price-Monitoring-June-13-2025.pdf
2025-06-13,Cartimar,galunggong_local,300,300,300,https://www.da.gov.ph/wp-content/uploads/2025/06/Price-Monitoring-June-13-2025.pdf
2025-06-13,Cartimar,red_onion_local,120,130,125,https://www.da.gov.ph/wp-content/uploads/2025/06/Price-Monitoring-June-13-2025.pdf
2025-06-13,Cartimar,tilapia,170,180,175,https://www.da.gov.ph/wp-content/uploads/2025/06/Price-Monitoring-June-13-2025.pdf
2025-06-13,Cartimar,tomato,70,70,70,https://www.da.gov.ph/wp-content/uploads/2025/06/Price-Monitoring-June-13-2025.pdf
2025-06-14,Cartimar,ampalaya,100,120,110,https://www.da.gov.ph/wp-content/uploads/2025/06/Price-Monitoring-June-14-2025.pdf
2025-06-14,Cartimar,cabbage,50,60,55,https://www.da.gov.ph/wp-content/uploads/2025/06/Price-Monitoring-June-14-2025.pdf
2025-06-14,Cartimar,eggplant,90,110,100,https://www.da.gov.ph/wp-content/uploads/2025/06/Price-Monitoring-June-14-2025.pdf
2025-06-14,Cartimar,galunggong_local,300,300,300,https://www.da.gov.ph/wp-content/uploads/2025/06/Price-Monitoring-June-14-2025.pdf
2025-06-14,Cartimar,red_onion_local,120,130,125,https://www.da.gov.ph/wp-content/uploads/2025/06/Price-Monitoring-June-14-2025.pdf
2025-06-14,Cartimar,tilapia,170,180,175,https://www.da.gov.ph/wp-content/uploads/2025/06/Price-Monitoring-June-14-2025.pdf
2025-06-14,Cartimar,tomato,70,70,70,https://www.da.gov.ph/wp-content/uploads/2025/06/Price-Monitoring-June-14-2025.pdf
2025-06-16,Cartimar,ampalaya,100,120,110,https://www.da.gov.ph/wp-content/uploads/2025/06/Price-Monitoring-June-16-2025.pdf
2025-06-16,Cartimar,cabbage,60,65,62.5,https://www.da.gov.ph/wp-content/uploads/2025/06/Price-Monitoring-June-16-2025.pdf
2025-06-16,Cartimar,eggplant,120,130,125,https://www.da.gov.ph/wp-content/uploads/2025/06/Price-Monitoring-June-16-2025.pdf
2025-06-16,Cartimar,galunggong_local,300,300,300,https://www.da.gov.ph/wp-content/uploads/2025/06/Price-Monitoring-June-16-2025.pdf
2025-06-16,Cartimar,red_onion_local,120,130,125,https://www.da.gov.ph/wp-content/uploads/2025/06/Price-Monitoring-June-16-2025.pdf
2025-06-16,Cartimar,tilapia,170,180,175,https://www.da.gov.ph/wp-content/uploads/2025/06/Price-Monitoring-June-16-2025.pdf
2025-06-16,Cartimar,tomato,70,70,70,https://www.da.gov.ph/wp-content/uploads/2025/06/Price-Monitoring-June-16-2025.pdf
2025-06-17,Cartimar,ampalaya,110,140,125,https://www.da.gov.ph/wp-content/uploads/2025/06/Price-Monitoring-June-17-2025.pdf
2025-06-17,Cartimar,cabbage,50,60,55,https://www.da.gov.ph/wp-content/uploads/2025/06/Price-Monitoring-June-17-2025.pdf
2025-06-17,Cartimar,eggplant,120,130,125,https://www.da.gov.ph/wp-content/uploads/2025/06/Price-Monitoring-June-17-2025.pdf
2025-06-17,Cartimar,galunggong_local,250,280,265,https://www.da.gov.ph/wp-content/uploads/2025/06/Price-Monitoring-June-17-2025.pdf
2025-06-17,Cartimar,red_onion_local,120,180,150,https://www.da.gov.ph/wp-content/uploads/2025/06/Price-Monitoring-June-17-2025.pdf
2025-06-17,Cartimar,tilapia,170,180,175,https://www.da.gov.ph/wp-content/uploads/2025/06/Price-Monitoring-June-17-2025.pdf
2025-06-17,Cartimar,tomato,70,70,70,https://www.da.gov.ph/wp-content/uploads/2025/06/Price-Monitoring-June-17-2025.pdf
2025-06-18,Cartimar,ampalaya,110,140,125,https://www.da.gov.ph/wp-content/uploads/2025/06/Price-Monitoring-June-18-2025.pdf
2025-06-18,Cartimar,cabbage,50,60,55,https://www.da.gov.ph/wp-content/uploads/2025/06/Price-Monitoring-June-18-2025.pdf
2025-06-18,Cartimar,eggplant,120,130,125,https://www.da.gov.ph/wp-content/uploads/2025/06/Price-Monitoring-June-18-2025.pdf
2025-06-18,Cartimar,galunggong_local,250,280,265,https://www.da.gov.ph/wp-content/uploads/2025/06/Price-Monitoring-June-18-2025.pdf
2025-06-18,Cartimar,red_onion_local,120,130,125,https://www.da.gov.ph/wp-content/uploads/2025/06/Price-Monitoring-June-18-2025.pdf
2025-06-18,Cartimar,tilapia,170,180,175,https://www.da.gov.ph/wp-content/uploads/2025/06/Price-Monitoring-June-18-2025.pdf
2025-06-18,Cartimar,tomato,70,70,70,https://www.da.gov.ph/wp-content/uploads/2025/06/Price-Monitoring-June-18-2025.pdf
2025-06-19,Cartimar,ampalaya,110,150,130,https://www.da.gov.ph/wp-content/uploads/2025/06/Price-Monitoring-June-19-2025.pdf
2025-06-19,Cartimar,cabbage,50,60,55,https://www.da.gov.ph/wp-content/uploads/2025/06/Price-Monitoring-June-19-2025.pdf
2025-06-19,Cartimar,eggplant,110,140,125,https://www.da.gov.ph/wp-content/uploads/2025/06/Price-Monitoring-June-19-2025.pdf
2025-06-19,Cartimar,galunggong_local,250,280,265,https://www.da.gov.ph/wp-content/uploads/2025/06/Price-Monitoring-June-19-2025.pdf
2025-06-19,Cartimar,red_onion_local,120,130,125,https://www.da.gov.ph/wp-content/uploads/2025/06/Price-Monitoring-June-19-2025.pdf
2025-06-19,Cartimar,tilapia,170,180,175,https://www.da.gov.ph/wp-content/uploads/2025/06/Price-Monitoring-June-19-2025.pdf
2025-06-19,Cartimar,tomato,70,70,70,https://www.da.gov.ph/wp-content/uploads/2025/06/Price-Monitoring-June-19-2025.pdf
2025-06-23,Cartimar,ampalaya,110,140,125,https://www.da.gov.ph/wp-content/uploads/2025/06/Price-Monitoring-June-23-2025.pdf
2025-06-23,Cartimar,cabbage,50,60,55,https://www.da.gov.ph/wp-content/uploads/2025/06/Price-Monitoring-June-23-2025.pdf
2025-06-23,Cartimar,eggplant,110,140,125,https://www.da.gov.ph/wp-content/uploads/2025/06/Price-Monitoring-June-23-2025.pdf
2025-06-23,Cartimar,galunggong_local,250,280,265,https://www.da.gov.ph/wp-content/uploads/2025/06/Price-Monitoring-June-23-2025.pdf
2025-06-23,Cartimar,red_onion_local,120,130,125,https://www.da.gov.ph/wp-content/uploads/2025/06/Price-Monitoring-June-23-2025.pdf
2025-06-23,Cartimar,tilapia,170,180,175,https://www.da.gov.ph/wp-content/uploads/2025/06/Price-Monitoring-June-23-2025.pdf
2025-06-23,Cartimar,tomato,70,70,70,https://www.da.gov.ph/wp-content/uploads/2025/06/Price-Monitoring-June-23-2025.pdf
2025-06-24,Cartimar,ampalaya,110,140,125,https://www.da.gov.ph/wp-content/uploads/2025/06/Price-Monitoring-June-24-2025.pdf
2025-06-24,Cartimar,cabbage,50,60,55,https://www.da.gov.ph/wp-content/uploads/2025/06/Price-Monitoring-June-24-2025.pdf
2025-06-24,Cartimar,eggplant,110,150,130,https://www.da.gov.ph/wp-content/uploads/2025/06/Price-Monitoring-June-24-2025.pdf
2025-06-24,Cartimar,galunggong_local,250,280,265,https://www.da.gov.ph/wp-content/uploads/2025/06/Price-Monitoring-June-24-2025.pdf
2025-06-24,Cartimar,red_onion_local,120,130,125,https://www.da.gov.ph/wp-content/uploads/2025/06/Price-Monitoring-June-24-2025.pdf
2025-06-24,Cartimar,tilapia,170,180,175,https://www.da.gov.ph/wp-content/uploads/2025/06/Price-Monitoring-June-24-2025.pdf
2025-06-24,Cartimar,tomato,70,70,70,https://www.da.gov.ph/wp-content/uploads/2025/06/Price-Monitoring-June-24-2025.pdf
2025-06-25,Cartimar,ampalaya,110,140,125,https://www.da.gov.ph/wp-content/uploads/2025/06/Price-Monitoring-June-25-2025.pdf
2025-06-25,Cartimar,cabbage,50,60,55,https://www.da.gov.ph/wp-content/uploads/2025/06/Price-Monitoring-June-25-2025.pdf
2025-06-25,Cartimar,eggplant,110,150,130,https://www.da.gov.ph/wp-content/uploads/2025/06/Price-Monitoring-June-25-2025.pdf
2025-06-25,Cartimar,galunggong_local,250,280,265,https://www.da.gov.ph/wp-content/uploads/2025/06/Price-Monitoring-June-25-2025.pdf
2025-06-25,Cartimar,red_onion_local,120,130,125,https://www.da.gov.ph/wp-content/uploads/2025/06/Price-Monitoring-June-25-2025.pdf
2025-06-25,Cartimar,tilapia,170,180,175,https://www.da.gov.ph/wp-content/uploads/2025/06/Price-Monitoring-June-25-2025.pdf
2025-06-25,Cartimar,tomato,70,70,70,https://www.da.gov.ph/wp-content/uploads/2025/06/Price-Monitoring-June-25-2025.pdf
2025-06-26,Cartimar,ampalaya,120,140,130,https://www.da.gov.ph/wp-content/uploads/2025/06/Price-Monitoring-June-26-2025.pdf
2025-06-26,Cartimar,cabbage,50,60,55,https://www.da.gov.ph/wp-content/uploads/2025/06/Price-Monitoring-June-26-2025.pdf
2025-06-26,Cartimar,eggplant,120,150,135,https://www.da.gov.ph/wp-content/uploads/2025/06/Price-Monitoring-June-26-2025.pdf
2025-06-26,Cartimar,galunggong_local,250,280,265,https://www.da.gov.ph/wp-content/uploads/2025/06/Price-Monitoring-June-26-2025.pdf
2025-06-26,Cartimar,red_onion_local,120,130,125,https://www.da.gov.ph/wp-content/uploads/2025/06/Price-Monitoring-June-26-2025.pdf
2025-06-26,Cartimar,tilapia,170,180,175,https://www.da.gov.ph/wp-content/uploads/2025/06/Price-Monitoring-June-26-2025.pdf
2025-06-26,Cartimar,tomato,70,70,70,https://www.da.gov.ph/wp-content/uploads/2025/06/Price-Monitoring-June-26-2025.pdf
2025-06-27,Cartimar,ampalaya,120,140,130,https://www.da.gov.ph/wp-content/uploads/2025/06/Price-Monitoring-June-27-2025.pdf
2025-06-27,Cartimar,cabbage,55,60,57.5,https://www.da.gov.ph/wp-content/uploads/2025/06/Price-Monitoring-June-27-2025.pdf
2025-06-27,Cartimar,eggplant,120,150,135,https://www.da.gov.ph/wp-content/uploads/2025/06/Price-Monitoring-June-27-2025.pdf
2025-06-27,Cartimar,galunggong_local,250,280,265,https://www.da.gov.ph/wp-content/uploads/2025/06/Price-Monitoring-June-27-2025.pdf
2025-06-27,Cartimar,red_onion_local,120,130,125,https://www.da.gov.ph/wp-content/uploads/2025/06/Price-Monitoring-June-27-2025.pdf
2025-06-27,Cartimar,tilapia,170,180,175,https://www.da.gov.ph/wp-content/uploads/2025/06/Price-Monitoring-June-27-2025.pdf
2025-06-27,Cartimar,tomato,70,70,70,https://www.da.gov.ph/wp-content/uploads/2025/06/Price-Monitoring-June-27-2025.pdf
2025-06-28,Cartimar,ampalaya,120,140,130,https://www.da.gov.ph/wp-content/uploads/2025/07/Price-Monitoring-June-28-2025.pdf
2025-06-28,Cartimar,cabbage,50,60,55,https://www.da.gov.ph/wp-content/uploads/2025/07/Price-Monitoring-June-28-2025.pdf
2025-06-28,Cartimar,eggplant,120,150,135,https://www.da.gov.ph/wp-content/uploads/2025/07/Price-Monitoring-June-28-2025.pdf
2025-06-28,Cartimar,galunggong_local,250,280,265,https://www.da.gov.ph/wp-content/uploads/2025/07/Price-Monitoring-June-28-2025.pdf
2025-06-28,Cartimar,red_onion_local,120,130,125,https://www.da.gov.ph/wp-content/uploads/2025/07/Price-Monitoring-June-28-2025.pdf
2025-06-28,Cartimar,tilapia,170,180,175,https://www.da.gov.ph/wp-content/uploads/2025/07/Price-Monitoring-June-28-2025.pdf
2025-06-28,Cartimar,tomato,70,70,70,https://www.da.gov.ph/wp-content/uploads/2025/07/Price-Monitoring-June-28-2025.pdf
2025-06-30,Cartimar,ampalaya,120,160,140,https://www.da.gov.ph/wp-content/uploads/2025/07/Price-Monitoring-June-30-2025.pdf
2025-06-30,Cartimar,cabbage,50,60,55,https://www.da.gov.ph/wp-content/uploads/2025/07/Price-Monitoring-June-30-2025.pdf
2025-06-30,Cartimar,eggplant,110,150,130,https://www.da.gov.ph/wp-content/uploads/2025/07/Price-Monitoring-June-30-2025.pdf
2025-06-30,Cartimar,galunggong_local,250,280,265,https://www.da.gov.ph/wp-content/uploads/2025/07/Price-Monitoring-June-30-2025.pdf
2025-06-30,Cartimar,red_onion_local,120,130,125,https://www.da.gov.ph/wp-content/uploads/2025/07/Price-Monitoring-June-30-2025.pdf
2025-06-30,Cartimar,tilapia,170,180,175,https://www.da.gov.ph/wp-content/uploads/2025/07/Price-Monitoring-June-30-2025.pdf
2025-06-30,Cartimar,tomato,70,70,70,https://www.da.gov.ph/wp-content/uploads/2025/07/Price-Monitoring-June-30-2025.pdf
2025-07-01,Cartimar,ampalaya,120,160,140,https://www.da.gov.ph/wp-content/uploads/2025/07/Price-Monitoring-July-1-2025.pdf
2025-07-01,Cartimar,cabbage,50,60,55,https://www.da.gov.ph/wp-content/uploads/2025/07/Price-Monitoring-July-1-2025.pdf
2025-07-01,Cartimar,eggplant,120,150,135,https://www.da.gov.ph/wp-content/uploads/2025/07/Price-Monitoring-July-1-2025.pdf
2025-07-01,Cartimar,galunggong_local,250,260,255,https://www.da.gov.ph/wp-content/uploads/2025/07/Price-Monitoring-July-1-2025.pdf
2025-07-01,Cartimar,red_onion_local,120,130,125,https://www.da.gov.ph/wp-content/uploads/2025/07/Price-Monitoring-July-1-2025.pdf
2025-07-01,Cartimar,tilapia,160,170,165,https://www.da.gov.ph/wp-content/uploads/2025/07/Price-Monitoring-July-1-2025.pdf
2025-07-01,Cartimar,tomato,65,70,67.5,https://www.da.gov.ph/wp-content/uploads/2025/07/Price-Monitoring-July-1-2025.pdf
2025-07-02,Cartimar,ampalaya,120,160,140,https://www.da.gov.ph/wp-content/uploads/2025/07/Price-Monitoring-July-2-2025.pdf
2025-07-02,Cartimar,cabbage,50,60,55,https://www.da.gov.ph/wp-content/uploads/2025/07/Price-Monitoring-July-2-2025.pdf
2025-07-02,Cartimar,eggplant,120,130,125,https://www.da.gov.ph/wp-content/uploads/2025/07/Price-Monitoring-July-2-2025.pdf
2025-07-02,Cartimar,galunggong_local,250,260,255,https://www.da.gov.ph/wp-content/uploads/2025/07/Price-Monitoring-July-2-2025.pdf
2025-07-02,Cartimar,red_onion_local,120,130,125,https://www.da.gov.ph/wp-content/uploads/2025/07/Price-Monitoring-July-2-2025.pdf
2025-07-02,Cartimar,tilapia,160,170,165,https://www.da.gov.ph/wp-content/uploads/2025/07/Price-Monitoring-July-2-2025.pdf
2025-07-02,Cartimar,tomato,65,70,67.5,https://www.da.gov.ph/wp-content/uploads/2025/07/Price-Monitoring-July-2-2025.pdf
2025-07-03,Cartimar,ampalaya,120,160,140,https://www.da.gov.ph/wp-content/uploads/2025/07/Price-Monitoring-July-3-2025.pdf
2025-07-03,Cartimar,cabbage,50,60,55,https://www.da.gov.ph/wp-content/uploads/2025/07/Price-Monitoring-July-3-2025.pdf
2025-07-03,Cartimar,eggplant,120,140,130,https://www.da.gov.ph/wp-content/uploads/2025/07/Price-Monitoring-July-3-2025.pdf
2025-07-03,Cartimar,galunggong_local,250,260,255,https://www.da.gov.ph/wp-content/uploads/2025/07/Price-Monitoring-July-3-2025.pdf
2025-07-03,Cartimar,red_onion_local,120,130,125,https://www.da.gov.ph/wp-content/uploads/2025/07/Price-Monitoring-July-3-2025.pdf
2025-07-03,Cartimar,tilapia,160,170,165,https://www.da.gov.ph/wp-content/uploads/2025/07/Price-Monitoring-July-3-2025.pdf
2025-07-03,Cartimar,tomato,65,70,67.5,https://www.da.gov.ph/wp-content/uploads/2025/07/Price-Monitoring-July-3-2025.pdf
2025-07-04,Cartimar,ampalaya,110,180,145,https://www.da.gov.ph/wp-content/uploads/2025/07/Price-Monitoring-July-4-2025.pdf
2025-07-04,Cartimar,cabbage,45,60,52.5,https://www.da.gov.ph/wp-content/uploads/2025/07/Price-Monitoring-July-4-2025.pdf
2025-07-04,Cartimar,eggplant,100,140,120,https://www.da.gov.ph/wp-content/uploads/2025/07/Price-Monitoring-July-4-2025.pdf
2025-07-04,Cartimar,galunggong_local,250,280,265,https://www.da.gov.ph/wp-content/uploads/2025/07/Price-Monitoring-July-4-2025.pdf
2025-07-04,Cartimar,red_onion_local,120,130,125,https://www.da.gov.ph/wp-content/uploads/2025/07/Price-Monitoring-July-4-2025.pdf
2025-07-04,Cartimar,tilapia,160,170,165,https://www.da.gov.ph/wp-content/uploads/2025/07/Price-Monitoring-July-4-2025.pdf
2025-07-04,Cartimar,tomato,65,70,67.5,https://www.da.gov.ph/wp-content/uploads/2025/07/Price-Monitoring-July-4-2025.pdf
2025-07-05,Cartimar,ampalaya,110,160,135,https://www.da.gov.ph/wp-content/uploads/2025/07/Price-Monitoring-July-5-2025.pdf
2025-07-05,Cartimar,cabbage,45,60,52.5,https://www.da.gov.ph/wp-content/uploads/2025/07/Price-Monitoring-July-5-2025.pdf
2025-07-05,Cartimar,eggplant,100,140,120,https://www.da.gov.ph/wp-content/uploads/2025/07/Price-Monitoring-July-5-2025.pdf
2025-07-05,Cartimar,galunggong_local,250,260,255,https://www.da.gov.ph/wp-content/uploads/2025/07/Price-Monitoring-July-5-2025.pdf
2025-07-05,Cartimar,red_onion_local,120,130,125,https://www.da.gov.ph/wp-content/uploads/2025/07/Price-Monitoring-July-5-2025.pdf
2025-07-05,Cartimar,tilapia,160,170,165,https://www.da.gov.ph/wp-content/uploads/2025/07/Price-Monitoring-July-5-2025.pdf
2025-07-05,Cartimar,tomato,65,70,67.5,https://www.da.gov.ph/wp-content/uploads/2025/07/Price-Monitoring-July-5-2025.pdf
2025-07-07,Cartimar,ampalaya,120,160,140,https://www.da.gov.ph/wp-content/uploads/2025/07/Price-Monitoring-July-7-2025.pdf
2025-07-07,Cartimar,cabbage,45,60,52.5,https://www.da.gov.ph/wp-content/uploads/2025/07/Price-Monitoring-July-7-2025.pdf
2025-07-07,Cartimar,eggplant,120,130,125,https://www.da.gov.ph/wp-content/uploads/2025/07/Price-Monitoring-July-7-2025.pdf
2025-07-07,Cartimar,galunggong_local,250,260,255,https://www.da.gov.ph/wp-content/uploads/2025/07/Price-Monitoring-July-7-2025.pdf
2025-07-07,Cartimar,red_onion_local,120,130,125,https://www.da.gov.ph/wp-content/uploads/2025/07/Price-Monitoring-July-7-2025.pdf
2025-07-07,Cartimar,tilapia,160,170,165,https://www.da.gov.ph/wp-content/uploads/2025/07/Price-Monitoring-July-7-2025.pdf
2025-07-07,Cartimar,tomato,65,70,67.5,https://www.da.gov.ph/wp-content/uploads/2025/07/Price-Monitoring-July-7-2025.pdf
2025-07-08,Cartimar,ampalaya,120,160,140,https://www.da.gov.ph/wp-content/uploads/2025/07/Price-Monitoring-July-8-2025.pdf
2025-07-08,Cartimar,cabbage,60,60,60,https://www.da.gov.ph/wp-content/uploads/2025/07/Price-Monitoring-July-8-2025.pdf
2025-07-08,Cartimar,eggplant,110,140,125,https://www.da.gov.ph/wp-content/uploads/2025/07/Price-Monitoring-July-8-2025.pdf
2025-07-08,Cartimar,galunggong_local,250,260,255,https://www.da.gov.ph/wp-content/uploads/2025/07/Price-Monitoring-July-8-2025.pdf
2025-07-08,Cartimar,red_onion_local,120,130,125,https://www.da.gov.ph/wp-content/uploads/2025/07/Price-Monitoring-July-8-2025.pdf
2025-07-08,Cartimar,tilapia,160,170,165,https://www.da.gov.ph/wp-content/uploads/2025/07/Price-Monitoring-July-8-2025.pdf
2025-07-08,Cartimar,tomato,70,70,70,https://www.da.gov.ph/wp-content/uploads/2025/07/Price-Monitoring-July-8-2025.pdf
2025-07-09,Cartimar,ampalaya,120,160,140,https://www.da.gov.ph/wp-content/uploads/2025/07/Price-Monitoring-July-9-2025.pdf
2025-07-09,Cartimar,cabbage,60,60,60,https://www.da.gov.ph/wp-content/uploads/2025/07/Price-Monitoring-July-9-2025.pdf
2025-07-09,Cartimar,eggplant,110,140,125,https://www.da.gov.ph/wp-content/uploads/2025/07/Price-Monitoring-July-9-2025.pdf
2025-07-09,Cartimar,galunggong_local,250,260,255,https://www.da.gov.ph/wp-content/uploads/2025/07/Price-Monitoring-July-9-2025.pdf
2025-07-09,Cartimar,red_onion_local,120,130,125,https://www.da.gov.ph/wp-content/uploads/2025/07/Price-Monitoring-July-9-2025.pdf
2025-07-09,Cartimar,tilapia,160,170,165,https://www.da.gov.ph/wp-content/uploads/2025/07/Price-Monitoring-July-9-2025.pdf
2025-07-09,Cartimar,tomato,70,70,70,https://www.da.gov.ph/wp-content/uploads/2025/07/Price-Monitoring-July-9-2025.pdf
2025-07-10,Cartimar,ampalaya,120,160,140,https://www.da.gov.ph/wp-content/uploads/2025/07/Price-Monitoring-July-10-2025.pdf
2025-07-10,Cartimar,cabbage,45,60,52.5,https://www.da.gov.ph/wp-content/uploads/2025/07/Price-Monitoring-July-10-2025.pdf
2025-07-10,Cartimar,eggplant,110,140,125,https://www.da.gov.ph/wp-content/uploads/2025/07/Price-Monitoring-July-10-2025.pdf
2025-07-10,Cartimar,galunggong_local,250,260,255,https://www.da.gov.ph/wp-content/uploads/2025/07/Price-Monitoring-July-10-2025.pdf
2025-07-10,Cartimar,red_onion_local,120,130,125,https://www.da.gov.ph/wp-content/uploads/2025/07/Price-Monitoring-July-10-2025.pdf
2025-07-10,Cartimar,tilapia,160,170,165,https://www.da.gov.ph/wp-content/uploads/2025/07/Price-Monitoring-July-10-2025.pdf
2025-07-10,Cartimar,tomato,70,70,70,https://www.da.gov.ph/wp-content/uploads/2025/07/Price-Monitoring-July-10-2025.pdf
2025-07-11,Cartimar,ampalaya,120,160,140,https://www.da.gov.ph/wp-content/uploads/2025/07/Price-Monitoring-July-11-2025.pdf
2025-07-11,Cartimar,cabbage,45,60,52.5,https://www.da.gov.ph/wp-content/uploads/2025/07/Price-Monitoring-July-11-2025.pdf
2025-07-11,Cartimar,eggplant,110,140,125,https://www.da.gov.ph/wp-content/uploads/2025/07/Price-Monitoring-July-11-2025.pdf
2025-07-11,Cartimar,galunggong_local,250,260,255,https://www.da.gov.ph/wp-content/uploads/2025/07/Price-Monitoring-July-11-2025.pdf
2025-07-11,Cartimar,red_onion_local,120,130,125,https://www.da.gov.ph/wp-content/uploads/2025/07/Price-Monitoring-July-11-2025.pdf
2025-07-11,Cartimar,tilapia,160,170,165,https://www.da.gov.ph/wp-content/uploads/2025/07/Price-Monitoring-July-11-2025.pdf
2025-07-11,Cartimar,tomato,70,70,70,https://www.da.gov.ph/wp-content/uploads/2025/07/Price-Monitoring-July-11-2025.pdf
2025-07-12,Cartimar,ampalaya,120,160,140,https://www.da.gov.ph/wp-content/uploads/2025/07/Price-Monitoring-July-12-2025.pdf
2025-07-12,Cartimar,cabbage,45,50,47.5,https://www.da.gov.ph/wp-content/uploads/2025/07/Price-Monitoring-July-12-2025.pdf
2025-07-12,Cartimar,eggplant,110,140,125,https://www.da.gov.ph/wp-content/uploads/2025/07/Price-Monitoring-July-12-2025.pdf
2025-07-12,Cartimar,galunggong_local,250,260,255,https://www.da.gov.ph/wp-content/uploads/2025/07/Price-Monitoring-July-12-2025.pdf
2025-07-12,Cartimar,red_onion_local,120,130,125,https://www.da.gov.ph/wp-content/uploads/2025/07/Price-Monitoring-July-12-2025.pdf
2025-07-12,Cartimar,tilapia,160,170,165,https://www.da.gov.ph/wp-content/uploads/2025/07/Price-Monitoring-July-12-2025.pdf
2025-07-12,Cartimar,tomato,70,70,70,https://www.da.gov.ph/wp-content/uploads/2025/07/Price-Monitoring-July-12-2025.pdf
2025-07-14,Cartimar,ampalaya,140,160,150,https://www.da.gov.ph/wp-content/uploads/2025/07/Price-Monitoring-July-14-2025.pdf
2025-07-14,Cartimar,cabbage,40,60,50,https://www.da.gov.ph/wp-content/uploads/2025/07/Price-Monitoring-July-14-2025.pdf
2025-07-14,Cartimar,eggplant,110,140,125,https://www.da.gov.ph/wp-content/uploads/2025/07/Price-Monitoring-July-14-2025.pdf
2025-07-14,Cartimar,galunggong_local,250,260,255,https://www.da.gov.ph/wp-content/uploads/2025/07/Price-Monitoring-July-14-2025.pdf
2025-07-14,Cartimar,red_onion_local,140,150,145,https://www.da.gov.ph/wp-content/uploads/2025/07/Price-Monitoring-July-14-2025.pdf
2025-07-14,Cartimar,tilapia,160,170,165,https://www.da.gov.ph/wp-content/uploads/2025/07/Price-Monitoring-July-14-2025.pdf
2025-07-14,Cartimar,tomato,70,70,70,https://www.da.gov.ph/wp-content/uploads/2025/07/Price-Monitoring-July-14-2025.pdf
2025-07-15,Cartimar,ampalaya,140,160,150,https://www.da.gov.ph/wp-content/uploads/2025/07/Price-Monitoring-July-15-2025.pdf
2025-07-15,Cartimar,cabbage,40,60,50,https://www.da.gov.ph/wp-content/uploads/2025/07/Price-Monitoring-July-15-2025.pdf
2025-07-15,Cartimar,eggplant,110,130,120,https://www.da.gov.ph/wp-content/uploads/2025/07/Price-Monitoring-July-15-2025.pdf
2025-07-15,Cartimar,galunggong_local,250,260,255,https://www.da.gov.ph/wp-content/uploads/2025/07/Price-Monitoring-July-15-2025.pdf
2025-07-15,Cartimar,red_onion_local,140,150,145,https://www.da.gov.ph/wp-content/uploads/2025/07/Price-Monitoring-July-15-2025.pdf
2025-07-15,Cartimar,tilapia,160,170,165,https://www.da.gov.ph/wp-content/uploads/2025/07/Price-Monitoring-July-15-2025.pdf
2025-07-15,Cartimar,tomato,70,70,70,https://www.da.gov.ph/wp-content/uploads/2025/07/Price-Monitoring-July-15-2025.pdf
2025-07-16,Cartimar,ampalaya,130,160,145,https://www.da.gov.ph/wp-content/uploads/2025/07/Price-Monitoring-July-16-2025.pdf
2025-07-16,Cartimar,cabbage,42,50,46,https://www.da.gov.ph/wp-content/uploads/2025/07/Price-Monitoring-July-16-2025.pdf
2025-07-16,Cartimar,eggplant,110,140,125,https://www.da.gov.ph/wp-content/uploads/2025/07/Price-Monitoring-July-16-2025.pdf
2025-07-16,Cartimar,galunggong_local,250,260,255,https://www.da.gov.ph/wp-content/uploads/2025/07/Price-Monitoring-July-16-2025.pdf
2025-07-16,Cartimar,red_onion_local,140,150,145,https://www.da.gov.ph/wp-content/uploads/2025/07/Price-Monitoring-July-16-2025.pdf
2025-07-16,Cartimar,tilapia,160,170,165,https://www.da.gov.ph/wp-content/uploads/2025/07/Price-Monitoring-July-16-2025.pdf
2025-07-16,Cartimar,tomato,70,70,70,https://www.da.gov.ph/wp-content/uploads/2025/07/Price-Monitoring-July-16-2025.pdf
2025-07-17,Cartimar,ampalaya,130,160,145,https://www.da.gov.ph/wp-content/uploads/2025/07/Price-Monitoring-July-17-2025.pdf
2025-07-17,Cartimar,cabbage,42,50,46,https://www.da.gov.ph/wp-content/uploads/2025/07/Price-Monitoring-July-17-2025.pdf
2025-07-17,Cartimar,eggplant,110,140,125,https://www.da.gov.ph/wp-content/uploads/2025/07/Price-Monitoring-July-17-2025.pdf
2025-07-17,Cartimar,galunggong_local,250,260,255,https://www.da.gov.ph/wp-content/uploads/2025/07/Price-Monitoring-July-17-2025.pdf
2025-07-17,Cartimar,red_onion_local,140,150,145,https://www.da.gov.ph/wp-content/uploads/2025/07/Price-Monitoring-July-17-2025.pdf
2025-07-17,Cartimar,tilapia,160,170,165,https://www.da.gov.ph/wp-content/uploads/2025/07/Price-Monitoring-July-17-2025.pdf
2025-07-17,Cartimar,tomato,70,70,70,https://www.da.gov.ph/wp-content/uploads/2025/07/Price-Monitoring-July-17-2025.pdf
2025-07-18,Cartimar,ampalaya,130,160,145,https://www.da.gov.ph/wp-content/uploads/2025/07/Price-Monitoring-July-18-2025.pdf
2025-07-18,Cartimar,cabbage,45,50,47.5,https://www.da.gov.ph/wp-content/uploads/2025/07/Price-Monitoring-July-18-2025.pdf
2025-07-18,Cartimar,eggplant,120,140,130,https://www.da.gov.ph/wp-content/uploads/2025/07/Price-Monitoring-July-18-2025.pdf
2025-07-18,Cartimar,galunggong_local,250,260,255,https://www.da.gov.ph/wp-content/uploads/2025/07/Price-Monitoring-July-18-2025.pdf
2025-07-18,Cartimar,red_onion_local,140,150,145,https://www.da.gov.ph/wp-content/uploads/2025/07/Price-Monitoring-July-18-2025.pdf
2025-07-18,Cartimar,tilapia,160,170,165,https://www.da.gov.ph/wp-content/uploads/2025/07/Price-Monitoring-July-18-2025.pdf
2025-07-18,Cartimar,tomato,65,70,67.5,https://www.da.gov.ph/wp-content/uploads/2025/07/Price-Monitoring-July-18-2025.pdf
2025-07-21,Cartimar,ampalaya,130,150,140,https://www.da.gov.ph/wp-content/uploads/2025/07/Price-Monitoring-July-21-2025.pdf
2025-07-21,Cartimar,cabbage,50,60,55,https://www.da.gov.ph/wp-content/uploads/2025/07/Price-Monitoring-July-21-2025.pdf
2025-07-21,Cartimar,eggplant,120,150,135,https://www.da.gov.ph/wp-content/uploads/2025/07/Price-Monitoring-July-21-2025.pdf
2025-07-21,Cartimar,galunggong_local,250,260,255,https://www.da.gov.ph/wp-content/uploads/2025/07/Price-Monitoring-July-21-2025.pdf
2025-07-21,Cartimar,red_onion_local,140,150,145,https://www.da.gov.ph/wp-content/uploads/2025/07/Price-Monitoring-July-21-2025.pdf
2025-07-21,Cartimar,tilapia,160,170,165,https://www.da.gov.ph/wp-content/uploads/2025/07/Price-Monitoring-July-21-2025.pdf
2025-07-21,Cartimar,tomato,70,80,75,https://www.da.gov.ph/wp-content/uploads/2025/07/Price-Monitoring-July-21-2025.pdf
2025-07-24,Cartimar,ampalaya,130,160,145,https://www.da.gov.ph/wp-content/uploads/2025/07/Price-Monitoring-July-24-2025.pdf
2025-07-24,Cartimar,cabbage,55,60,57.5,https://www.da.gov.ph/wp-content/uploads/2025/07/Price-Monitoring-July-24-2025.pdf
2025-07-24,Cartimar,eggplant,150,170,160,https://www.da.gov.ph/wp-content/uploads/2025/07/Price-Monitoring-July-24-2025.pdf
2025-07-24,Cartimar,galunggong_local,250,260,255,https://www.da.gov.ph/wp-content/uploads/2025/07/Price-Monitoring-July-24-2025.pdf
2025-07-24,Cartimar,red_onion_local,140,150,145,https://www.da.gov.ph/wp-content/uploads/2025/07/Price-Monitoring-July-24-2025.pdf
2025-07-24,Cartimar,tilapia,160,170,165,https://www.da.gov.ph/wp-content/uploads/2025/07/Price-Monitoring-July-24-2025.pdf
2025-07-24,Cartimar,tomato,70,70,70,https://www.da.gov.ph/wp-content/uploads/2025/07/Price-Monitoring-July-24-2025.pdf
2025-07-26,Cartimar,ampalaya,140,160,150,https://www.da.gov.ph/wp-content/uploads/2025/07/Price-Monitoring-July-26-2025.pdf
2025-07-26,Cartimar,cabbage,55,60,57.5,https://www.da.gov.ph/wp-content/uploads/2025/07/Price-Monitoring-July-26-2025.pdf
2025-07-26,Cartimar,eggplant,150,170,160,https://www.da.gov.ph/wp-content/uploads/2025/07/Price-Monitoring-July-26-2025.pdf
2025-07-26,Cartimar,galunggong_local,300,320,310,https://www.da.gov.ph/wp-content/uploads/2025/07/Price-Monitoring-July-26-2025.pdf
2025-07-26,Cartimar,red_onion_local,140,150,145,https://www.da.gov.ph/wp-content/uploads/2025/07/Price-Monitoring-July-26-2025.pdf
2025-07-26,Cartimar,tilapia,160,170,165,https://www.da.gov.ph/wp-content/uploads/2025/07/Price-Monitoring-July-26-2025.pdf
2025-07-26,Cartimar,tomato,70,70,70,https://www.da.gov.ph/wp-content/uploads/2025/07/Price-Monitoring-July-26-2025.pdf
2025-07-29,Cartimar,ampalaya,170,190,180,https://www.da.gov.ph/wp-content/uploads/2025/07/Price-Monitoring-July-29-2025.pdf
2025-07-29,Cartimar,cabbage,60,65,62.5,https://www.da.gov.ph/wp-content/uploads/2025/07/Price-Monitoring-July-29-2025.pdf
2025-07-29,Cartimar,eggplant,150,170,160,https://www.da.gov.ph/wp-content/uploads/2025/07/Price-Monitoring-July-29-2025.pdf
2025-07-29,Cartimar,red_onion_local,140,150,145,https://www.da.gov.ph/wp-content/uploads/2025/07/Price-Monitoring-July-29-2025.pdf
2025-07-29,Cartimar,tilapia,160,170,165,https://www.da.gov.ph/wp-content/uploads/2025/07/Price-Monitoring-July-29-2025.pdf
2025-07-29,Cartimar,tomato,80,90,85,https://www.da.gov.ph/wp-content/uploads/2025/07/Price-Monitoring-July-29-2025.pdf
2025-07-30,Cartimar,ampalaya,170,180,175,https://www.da.gov.ph/wp-content/uploads/2025/08/Price-Monitoring-July-30-2025.pdf
2025-07-30,Cartimar,cabbage,90,100,95,https://www.da.gov.ph/wp-content/uploads/2025/08/Price-Monitoring-July-30-2025.pdf
2025-07-30,Cartimar,eggplant,150,170,160,https://www.da.gov.ph/wp-content/uploads/2025/08/Price-Monitoring-July-30-2025.pdf
2025-07-30,Cartimar,red_onion_local,140,150,145,https://www.da.gov.ph/wp-content/uploads/2025/08/Price-Monitoring-July-30-2025.pdf
2025-07-30,Cartimar,tilapia,160,170,165,https://www.da.gov.ph/wp-content/uploads/2025/08/Price-Monitoring-July-30-2025.pdf
2025-07-30,Cartimar,tomato,80,80,80,https://www.da.gov.ph/wp-content/uploads/2025/08/Price-Monitoring-July-30-2025.pdf
2025-07-31,Cartimar,ampalaya,170,190,180,https://www.da.gov.ph/wp-content/uploads/2025/08/Price-Monitoring-July-31-2025.pdf
2025-07-31,Cartimar,cabbage,90,100,95,https://www.da.gov.ph/wp-content/uploads/2025/08/Price-Monitoring-July-31-2025.pdf
2025-07-31,Cartimar,eggplant,150,170,160,https://www.da.gov.ph/wp-content/uploads/2025/08/Price-Monitoring-July-31-2025.pdf
2025-07-31,Cartimar,red_onion_local,140,150,145,https://www.da.gov.ph/wp-content/uploads/2025/08/Price-Monitoring-July-31-2025.pdf
2025-07-31,Cartimar,tilapia,160,170,165,https://www.da.gov.ph/wp-content/uploads/2025/08/Price-Monitoring-July-31-2025.pdf
2025-07-31,Cartimar,tomato,80,80,80,https://www.da.gov.ph/wp-content/uploads/2025/08/Price-Monitoring-July-31-2025.pdf
2025-08-01,Cartimar,ampalaya,180,200,190,https://www.da.gov.ph/wp-content/uploads/2025/08/Price-Monitoring-August-1-2025.pdf
2025-08-01,Cartimar,cabbage,90,110,100,https://www.da.gov.ph/wp-content/uploads/2025/08/Price-Monitoring-August-1-2025.pdf
2025-08-01,Cartimar,eggplant,140,220,180,https://www.da.gov.ph/wp-content/uploads/2025/08/Price-Monitoring-August-1-2025.pdf
2025-08-01,Cartimar,red_onion_local,140,150,145,https://www.da.gov.ph/wp-content/uploads/2025/08/Price-Monitoring-August-1-2025.pdf
2025-08-01,Cartimar,tilapia,160,170,165,https://www.da.gov.ph/wp-content/uploads/2025/08/Price-Monitoring-August-1-2025.pdf
2025-08-01,Cartimar,tomato,80,95,87.5,https://www.da.gov.ph/wp-content/uploads/2025/08/Price-Monitoring-August-1-2025.pdf
2025-08-02,Cartimar,ampalaya,180,200,190,https://www.da.gov.ph/wp-content/uploads/2025/08/Price-Monitoring-August-2-2025.pdf
2025-08-02,Cartimar,cabbage,90,110,100,https://www.da.gov.ph/wp-content/uploads/2025/08/Price-Monitoring-August-2-2025.pdf
2025-08-02,Cartimar,eggplant,140,220,180,https://www.da.gov.ph/wp-content/uploads/2025/08/Price-Monitoring-August-2-2025.pdf
2025-08-02,Cartimar,red_onion_local,140,150,145,https://www.da.gov.ph/wp-content/uploads/2025/08/Price-Monitoring-August-2-2025.pdf
2025-08-02,Cartimar,tilapia,160,170,165,https://www.da.gov.ph/wp-content/uploads/2025/08/Price-Monitoring-August-2-2025.pdf
2025-08-02,Cartimar,tomato,80,95,87.5,https://www.da.gov.ph/wp-content/uploads/2025/08/Price-Monitoring-August-2-2025.pdf
2025-08-04,Cartimar,ampalaya,180,200,190,https://www.da.gov.ph/wp-content/uploads/2025/08/Price-Monitoring-August-4-2025.pdf
2025-08-04,Cartimar,cabbage,90,110,100,https://www.da.gov.ph/wp-content/uploads/2025/08/Price-Monitoring-August-4-2025.pdf
2025-08-04,Cartimar,eggplant,140,180,160,https://www.da.gov.ph/wp-content/uploads/2025/08/Price-Monitoring-August-4-2025.pdf
2025-08-04,Cartimar,red_onion_local,140,150,145,https://www.da.gov.ph/wp-content/uploads/2025/08/Price-Monitoring-August-4-2025.pdf
2025-08-04,Cartimar,tilapia,160,170,165,https://www.da.gov.ph/wp-content/uploads/2025/08/Price-Monitoring-August-4-2025.pdf
2025-08-04,Cartimar,tomato,80,95,87.5,https://www.da.gov.ph/wp-content/uploads/2025/08/Price-Monitoring-August-4-2025.pdf
2025-08-05,Cartimar,ampalaya,170,200,185,https://www.da.gov.ph/wp-content/uploads/2025/08/Price-Monitoring-August-5-2025.pdf
2025-08-05,Cartimar,cabbage,110,130,120,https://www.da.gov.ph/wp-content/uploads/2025/08/Price-Monitoring-August-5-2025.pdf
2025-08-05,Cartimar,eggplant,170,200,185,https://www.da.gov.ph/wp-content/uploads/2025/08/Price-Monitoring-August-5-2025.pdf
2025-08-05,Cartimar,galunggong_local,300,300,300,https://www.da.gov.ph/wp-content/uploads/2025/08/Price-Monitoring-August-5-2025.pdf
2025-08-05,Cartimar,red_onion_local,140,150,145,https://www.da.gov.ph/wp-content/uploads/2025/08/Price-Monitoring-August-5-2025.pdf
2025-08-05,Cartimar,tilapia,150,160,155,https://www.da.gov.ph/wp-content/uploads/2025/08/Price-Monitoring-August-5-2025.pdf
2025-08-05,Cartimar,tomato,70,90,80,https://www.da.gov.ph/wp-content/uploads/2025/08/Price-Monitoring-August-5-2025.pdf
2025-08-06,Cartimar,ampalaya,200,240,220,https://www.da.gov.ph/wp-content/uploads/2025/08/Price-Monitoring-August-6-2025.pdf
2025-08-06,Cartimar,cabbage,110,130,120,https://www.da.gov.ph/wp-content/uploads/2025/08/Price-Monitoring-August-6-2025.pdf
2025-08-06,Cartimar,eggplant,170,200,185,https://www.da.gov.ph/wp-content/uploads/2025/08/Price-Monitoring-August-6-2025.pdf
2025-08-06,Cartimar,galunggong_local,300,300,300,https://www.da.gov.ph/wp-content/uploads/2025/08/Price-Monitoring-August-6-2025.pdf
2025-08-06,Cartimar,red_onion_local,140,150,145,https://www.da.gov.ph/wp-content/uploads/2025/08/Price-Monitoring-August-6-2025.pdf
2025-08-06,Cartimar,tilapia,150,160,155,https://www.da.gov.ph/wp-content/uploads/2025/08/Price-Monitoring-August-6-2025.pdf
2025-08-06,Cartimar,tomato,70,90,80,https://www.da.gov.ph/wp-content/uploads/2025/08/Price-Monitoring-August-6-2025.pdf
2025-08-07,Cartimar,ampalaya,180,220,200,https://www.da.gov.ph/wp-content/uploads/2025/08/Price-Monitoring-August-7-2025.pdf
2025-08-07,Cartimar,cabbage,120,160,140,https://www.da.gov.ph/wp-content/uploads/2025/08/Price-Monitoring-August-7-2025.pdf
2025-08-07,Cartimar,eggplant,180,210,195,https://www.da.gov.ph/wp-content/uploads/2025/08/Price-Monitoring-August-7-2025.pdf
2025-08-07,Cartimar,galunggong_local,300,300,300,https://www.da.gov.ph/wp-content/uploads/2025/08/Price-Monitoring-August-7-2025.pdf
2025-08-07,Cartimar,red_onion_local,140,150,145,https://www.da.gov.ph/wp-content/uploads/2025/08/Price-Monitoring-August-7-2025.pdf
2025-08-07,Cartimar,tilapia,150,160,155,https://www.da.gov.ph/wp-content/uploads/2025/08/Price-Monitoring-August-7-2025.pdf
2025-08-07,Cartimar,tomato,80,80,80,https://www.da.gov.ph/wp-content/uploads/2025/08/Price-Monitoring-August-7-2025.pdf
2025-08-08,Cartimar,ampalaya,200,220,210,https://www.da.gov.ph/wp-content/uploads/2025/08/Price-Monitoring-August-8-2025.pdf
2025-08-08,Cartimar,cabbage,150,180,165,https://www.da.gov.ph/wp-content/uploads/2025/08/Price-Monitoring-August-8-2025.pdf
2025-08-08,Cartimar,eggplant,180,210,195,https://www.da.gov.ph/wp-content/uploads/2025/08/Price-Monitoring-August-8-2025.pdf
2025-08-08,Cartimar,galunggong_local,300,300,300,https://www.da.gov.ph/wp-content/uploads/2025/08/Price-Monitoring-August-8-2025.pdf
2025-08-08,Cartimar,red_onion_local,140,150,145,https://www.da.gov.ph/wp-content/uploads/2025/08/Price-Monitoring-August-8-2025.pdf
2025-08-08,Cartimar,tilapia,150,160,155,https://www.da.gov.ph/wp-content/uploads/2025/08/Price-Monitoring-August-8-2025.pdf
2025-08-08,Cartimar,tomato,80,80,80,https://www.da.gov.ph/wp-content/uploads/2025/08/Price-Monitoring-August-8-2025.pdf
2025-08-09,Cartimar,ampalaya,200,220,210,https://www.da.gov.ph/wp-content/uploads/2025/08/Price-Monitoring-August-9-2025.pdf
2025-08-09,Cartimar,cabbage,150,180,165,https://www.da.gov.ph/wp-content/uploads/2025/08/Price-Monitoring-August-9-2025.pdf
2025-08-09,Cartimar,eggplant,180,210,195,https://www.da.gov.ph/wp-content/uploads/2025/08/Price-Monitoring-August-9-2025.pdf
2025-08-09,Cartimar,galunggong_local,300,300,300,https://www.da.gov.ph/wp-content/uploads/2025/08/Price-Monitoring-August-9-2025.pdf
2025-08-09,Cartimar,red_onion_local,140,150,145,https://www.da.gov.ph/wp-content/uploads/2025/08/Price-Monitoring-August-9-2025.pdf
2025-08-09,Cartimar,tilapia,150,160,155,https://www.da.gov.ph/wp-content/uploads/2025/08/Price-Monitoring-August-9-2025.pdf
2025-08-09,Cartimar,tomato,80,80,80,https://www.da.gov.ph/wp-content/uploads/2025/08/Price-Monitoring-August-9-2025.pdf
2025-08-11,Cartimar,ampalaya,180,200,190,https://www.da.gov.ph/wp-content/uploads/2025/08/Price-Monitoring-August-11-2025.pdf
2025-08-11,Cartimar,cabbage,140,170,155,https://www.da.gov.ph/wp-content/uploads/2025/08/Price-Monitoring-August-11-2025.pdf
2025-08-11,Cartimar,eggplant,180,210,195,https://www.da.gov.ph/wp-content/uploads/2025/08/Price-Monitoring-August-11-2025.pdf
2025-08-11,Cartimar,galunggong_local,300,300,300,https://www.da.gov.ph/wp-content/uploads/2025/08/Price-Monitoring-August-11-2025.pdf
2025-08-11,Cartimar,red_onion_local,140,150,145,https://www.da.gov.ph/wp-content/uploads/2025/08/Price-Monitoring-August-11-2025.pdf
2025-08-11,Cartimar,tilapia,150,160,155,https://www.da.gov.ph/wp-content/uploads/2025/08/Price-Monitoring-August-11-2025.pdf
2025-08-11,Cartimar,tomato,80,80,80,https://www.da.gov.ph/wp-content/uploads/2025/08/Price-Monitoring-August-11-2025.pdf
2025-08-12,Cartimar,ampalaya,180,200,190,https://www.da.gov.ph/wp-content/uploads/2025/08/Price-Monitoring-August-12-2025.pdf
2025-08-12,Cartimar,cabbage,140,170,155,https://www.da.gov.ph/wp-content/uploads/2025/08/Price-Monitoring-August-12-2025.pdf
2025-08-12,Cartimar,eggplant,180,210,195,https://www.da.gov.ph/wp-content/uploads/2025/08/Price-Monitoring-August-12-2025.pdf
2025-08-12,Cartimar,galunggong_local,300,300,300,https://www.da.gov.ph/wp-content/uploads/2025/08/Price-Monitoring-August-12-2025.pdf
2025-08-12,Cartimar,red_onion_local,140,150,145,https://www.da.gov.ph/wp-content/uploads/2025/08/Price-Monitoring-August-12-2025.pdf
2025-08-12,Cartimar,tilapia,150,160,155,https://www.da.gov.ph/wp-content/uploads/2025/08/Price-Monitoring-August-12-2025.pdf
2025-08-12,Cartimar,tomato,80,80,80,https://www.da.gov.ph/wp-content/uploads/2025/08/Price-Monitoring-August-12-2025.pdf
2025-08-13,Cartimar,ampalaya,180,200,190,https://www.da.gov.ph/wp-content/uploads/2025/08/Price-Monitoring-August-13-2025.pdf
2025-08-13,Cartimar,cabbage,140,170,155,https://www.da.gov.ph/wp-content/uploads/2025/08/Price-Monitoring-August-13-2025.pdf
2025-08-13,Cartimar,eggplant,180,200,190,https://www.da.gov.ph/wp-content/uploads/2025/08/Price-Monitoring-August-13-2025.pdf
2025-08-13,Cartimar,galunggong_local,300,300,300,https://www.da.gov.ph/wp-content/uploads/2025/08/Price-Monitoring-August-13-2025.pdf
2025-08-13,Cartimar,red_onion_local,140,150,145,https://www.da.gov.ph/wp-content/uploads/2025/08/Price-Monitoring-August-13-2025.pdf
2025-08-13,Cartimar,tilapia,150,160,155,https://www.da.gov.ph/wp-content/uploads/2025/08/Price-Monitoring-August-13-2025.pdf
2025-08-13,Cartimar,tomato,80,80,80,https://www.da.gov.ph/wp-content/uploads/2025/08/Price-Monitoring-August-13-2025.pdf
2025-08-14,Cartimar,ampalaya,140,190,165,https://www.da.gov.ph/wp-content/uploads/2025/08/Price-Monitoring-August-14-2025.pdf
2025-08-14,Cartimar,cabbage,120,170,145,https://www.da.gov.ph/wp-content/uploads/2025/08/Price-Monitoring-August-14-2025.pdf
2025-08-14,Cartimar,eggplant,140,190,165,https://www.da.gov.ph/wp-content/uploads/2025/08/Price-Monitoring-August-14-2025.pdf
2025-08-14,Cartimar,galunggong_local,320,320,320,https://www.da.gov.ph/wp-content/uploads/2025/08/Price-Monitoring-August-14-2025.pdf
2025-08-14,Cartimar,red_onion_local,140,150,145,https://www.da.gov.ph/wp-content/uploads/2025/08/Price-Monitoring-August-14-2025.pdf
2025-08-14,Cartimar,tilapia,150,160,155,https://www.da.gov.ph/wp-content/uploads/2025/08/Price-Monitoring-August-14-2025.pdf
2025-08-14,Cartimar,tomato,70,80,75,https://www.da.gov.ph/wp-content/uploads/2025/08/Price-Monitoring-August-14-2025.pdf
2025-08-15,Cartimar,ampalaya,140,190,165,https://www.da.gov.ph/wp-content/uploads/2025/08/Price-Monitoring-August-15-2025.pdf
2025-08-15,Cartimar,cabbage,120,170,145,https://www.da.gov.ph/wp-content/uploads/2025/08/Price-Monitoring-August-15-2025.pdf
2025-08-15,Cartimar,eggplant,140,190,165,https://www.da.gov.ph/wp-content/uploads/2025/08/Price-Monitoring-August-15-2025.pdf
2025-08-15,Cartimar,galunggong_local,320,320,320,https://www.da.gov.ph/wp-content/uploads/2025/08/Price-Monitoring-August-15-2025.pdf
2025-08-15,Cartimar,red_onion_local,140,150,145,https://www.da.gov.ph/wp-content/uploads/2025/08/Price-Monitoring-August-15-2025.pdf
2025-08-15,Cartimar,tilapia,150,160,155,https://www.da.gov.ph/wp-content/uploads/2025/08/Price-Monitoring-August-15-2025.pdf
2025-08-15,Cartimar,tomato,70,80,75,https://www.da.gov.ph/wp-content/uploads/2025/08/Price-Monitoring-August-15-2025.pdf
2025-08-16,Cartimar,ampalaya,140,180,160,https://www.da.gov.ph/wp-content/uploads/2025/08/Price-Monitoring-August-16-2025.pdf
2025-08-16,Cartimar,cabbage,120,170,145,https://www.da.gov.ph/wp-content/uploads/2025/08/Price-Monitoring-August-16-2025.pdf
2025-08-16,Cartimar,eggplant,140,170,155,https://www.da.gov.ph/wp-content/uploads/2025/08/Price-Monitoring-August-16-2025.pdf
2025-08-16,Cartimar,galunggong_local,320,320,320,https://www.da.gov.ph/wp-content/uploads/2025/08/Price-Monitoring-August-16-2025.pdf
2025-08-16,Cartimar,red_onion_local,140,150,145,https://www.da.gov.ph/wp-content/uploads/2025/08/Price-Monitoring-August-16-2025.pdf
2025-08-16,Cartimar,tilapia,150,160,155,https://www.da.gov.ph/wp-content/uploads/2025/08/Price-Monitoring-August-16-2025.pdf
2025-08-16,Cartimar,tomato,70,80,75,https://www.da.gov.ph/wp-content/uploads/2025/08/Price-Monitoring-August-16-2025.pdf
2025-08-19,Cartimar,ampalaya,120,140,130,https://www.da.gov.ph/wp-content/uploads/2025/08/Price-Monitoring-August-19-2025.pdf
2025-08-19,Cartimar,cabbage,130,160,145,https://www.da.gov.ph/wp-content/uploads/2025/08/Price-Monitoring-August-19-2025.pdf
2025-08-19,Cartimar,eggplant,130,140,135,https://www.da.gov.ph/wp-content/uploads/2025/08/Price-Monitoring-August-19-2025.pdf
2025-08-19,Cartimar,galunggong_local,320,320,320,https://www.da.gov.ph/wp-content/uploads/2025/08/Price-Monitoring-August-19-2025.pdf
2025-08-19,Cartimar,red_onion_local,140,150,145,https://www.da.gov.ph/wp-content/uploads/2025/08/Price-Monitoring-August-19-2025.pdf
2025-08-19,Cartimar,tilapia,150,160,155,https://www.da.gov.ph/wp-content/uploads/2025/08/Price-Monitoring-August-19-2025.pdf
2025-08-19,Cartimar,tomato,80,110,95,https://www.da.gov.ph/wp-content/uploads/2025/08/Price-Monitoring-August-19-2025.pdf
2025-08-20,Cartimar,ampalaya,110,140,125,https://www.da.gov.ph/wp-content/uploads/2025/08/Price-Monitoring-August-20-2025.pdf
2025-08-20,Cartimar,cabbage,140,160,150,https://www.da.gov.ph/wp-content/uploads/2025/08/Price-Monitoring-August-20-2025.pdf
2025-08-20,Cartimar,eggplant,100,140,120,https://www.da.gov.ph/wp-content/uploads/2025/08/Price-Monitoring-August-20-2025.pdf
2025-08-20,Cartimar,galunggong_local,320,320,320,https://www.da.gov.ph/wp-content/uploads/2025/08/Price-Monitoring-August-20-2025.pdf
2025-08-20,Cartimar,red_onion_local,150,160,155,https://www.da.gov.ph/wp-content/uploads/2025/08/Price-Monitoring-August-20-2025.pdf
2025-08-20,Cartimar,tilapia,150,160,155,https://www.da.gov.ph/wp-content/uploads/2025/08/Price-Monitoring-August-20-2025.pdf
2025-08-20,Cartimar,tomato,100,120,110,https://www.da.gov.ph/wp-content/uploads/2025/08/Price-Monitoring-August-20-2025.pdf
2025-08-21,Cartimar,ampalaya,110,140,125,https://www.da.gov.ph/wp-content/uploads/2025/08/Price-Monitoring-August-21-2025.pdf
2025-08-21,Cartimar,cabbage,140,160,150,https://www.da.gov.ph/wp-content/uploads/2025/08/Price-Monitoring-August-21-2025.pdf
2025-08-21,Cartimar,eggplant,100,140,120,https://www.da.gov.ph/wp-content/uploads/2025/08/Price-Monitoring-August-21-2025.pdf
2025-08-21,Cartimar,galunggong_local,320,320,320,https://www.da.gov.ph/wp-content/uploads/2025/08/Price-Monitoring-August-21-2025.pdf
2025-08-21,Cartimar,red_onion_local,150,160,155,https://www.da.gov.ph/wp-content/uploads/2025/08/Price-Monitoring-August-21-2025.pdf
2025-08-21,Cartimar,tilapia,150,160,155,https://www.da.gov.ph/wp-content/uploads/2025/08/Price-Monitoring-August-21-2025.pdf
2025-08-21,Cartimar,tomato,100,120,110,https://www.da.gov.ph/wp-content/uploads/2025/08/Price-Monitoring-August-21-2025.pdf
2025-08-22,Cartimar,ampalaya,110,130,120,https://www.da.gov.ph/wp-content/uploads/2025/08/Price-Monitoring-August-22-2025.pdf
2025-08-22,Cartimar,cabbage,140,160,150,https://www.da.gov.ph/wp-content/uploads/2025/08/Price-Monitoring-August-22-2025.pdf
2025-08-22,Cartimar,eggplant,100,110,105,https://www.da.gov.ph/wp-content/uploads/2025/08/Price-Monitoring-August-22-2025.pdf
2025-08-22,Cartimar,galunggong_local,320,320,320,https://www.da.gov.ph/wp-content/uploads/2025/08/Price-Monitoring-August-22-2025.pdf
2025-08-22,Cartimar,red_onion_local,150,160,155,https://www.da.gov.ph/wp-content/uploads/2025/08/Price-Monitoring-August-22-2025.pdf
2025-08-22,Cartimar,tilapia,150,160,155,https://www.da.gov.ph/wp-content/uploads/2025/08/Price-Monitoring-August-22-2025.pdf
2025-08-22,Cartimar,tomato,100,120,110,https://www.da.gov.ph/wp-content/uploads/2025/08/Price-Monitoring-August-22-2025.pdf
2025-08-23,Cartimar,ampalaya,100,120,110,https://www.da.gov.ph/wp-content/uploads/2025/08/Price-Monitoring-August-23-2025.pdf
2025-08-23,Cartimar,cabbage,120,150,135,https://www.da.gov.ph/wp-content/uploads/2025/08/Price-Monitoring-August-23-2025.pdf
2025-08-23,Cartimar,eggplant,90,110,100,https://www.da.gov.ph/wp-content/uploads/2025/08/Price-Monitoring-August-23-2025.pdf
2025-08-23,Cartimar,galunggong_local,320,320,320,https://www.da.gov.ph/wp-content/uploads/2025/08/Price-Monitoring-August-23-2025.pdf
2025-08-23,Cartimar,red_onion_local,150,160,155,https://www.da.gov.ph/wp-content/uploads/2025/08/Price-Monitoring-August-23-2025.pdf
2025-08-23,Cartimar,tilapia,150,160,155,https://www.da.gov.ph/wp-content/uploads/2025/08/Price-Monitoring-August-23-2025.pdf
2025-08-23,Cartimar,tomato,100,120,110,https://www.da.gov.ph/wp-content/uploads/2025/08/Price-Monitoring-August-23-2025.pdf
2025-08-26,Cartimar,ampalaya,90,120,105,https://www.da.gov.ph/wp-content/uploads/2025/08/Price-Monitoring-August-26-2025.pdf
2025-08-26,Cartimar,cabbage,90,120,105,https://www.da.gov.ph/wp-content/uploads/2025/08/Price-Monitoring-August-26-2025.pdf
2025-08-26,Cartimar,eggplant,80,110,95,https://www.da.gov.ph/wp-content/uploads/2025/08/Price-Monitoring-August-26-2025.pdf
2025-08-26,Cartimar,galunggong_local,300,300,300,https://www.da.gov.ph/wp-content/uploads/2025/08/Price-Monitoring-August-26-2025.pdf
2025-08-26,Cartimar,red_onion_local,150,160,155,https://www.da.gov.ph/wp-content/uploads/2025/08/Price-Monitoring-August-26-2025.pdf
2025-08-26,Cartimar,tilapia,150,160,155,https://www.da.gov.ph/wp-content/uploads/2025/08/Price-Monitoring-August-26-2025.pdf
2025-08-26,Cartimar,tomato,110,120,115,https://www.da.gov.ph/wp-content/uploads/2025/08/Price-Monitoring-August-26-2025.pdf
2025-08-27,Cartimar,ampalaya,90,120,105,https://www.da.gov.ph/wp-content/uploads/2025/08/Price-Monitoring-August-27-2025.pdf
2025-08-27,Cartimar,cabbage,90,120,105,https://www.da.gov.ph/wp-content/uploads/2025/08/Price-Monitoring-August-27-2025.pdf
2025-08-27,Cartimar,eggplant,80,110,95,https://www.da.gov.ph/wp-content/uploads/2025/08/Price-Monitoring-August-27-2025.pdf
2025-08-27,Cartimar,galunggong_local,300,300,300,https://www.da.gov.ph/wp-content/uploads/2025/08/Price-Monitoring-August-27-2025.pdf
2025-08-27,Cartimar,red_onion_local,150,160,155,https://www.da.gov.ph/wp-content/uploads/2025/08/Price-Monitoring-August-27-2025.pdf
2025-08-27,Cartimar,tilapia,150,160,155,https://www.da.gov.ph/wp-content/uploads/2025/08/Price-Monitoring-August-27-2025.pdf
2025-08-27,Cartimar,tomato,100,120,110,https://www.da.gov.ph/wp-content/uploads/2025/08/Price-Monitoring-August-27-2025.pdf
2025-08-28,Cartimar,ampalaya,90,120,105,https://www.da.gov.ph/wp-content/uploads/2025/08/Price-Monitoring-August-28-2025.pdf
2025-08-28,Cartimar,cabbage,90,120,105,https://www.da.gov.ph/wp-content/uploads/2025/08/Price-Monitoring-August-28-2025.pdf
2025-08-28,Cartimar,eggplant,80,110,95,https://www.da.gov.ph/wp-content/uploads/2025/08/Price-Monitoring-August-28-2025.pdf
2025-08-28,Cartimar,galunggong_local,300,300,300,https://www.da.gov.ph/wp-content/uploads/2025/08/Price-Monitoring-August-28-2025.pdf
2025-08-28,Cartimar,red_onion_local,150,160,155,https://www.da.gov.ph/wp-content/uploads/2025/08/Price-Monitoring-August-28-2025.pdf
2025-08-28,Cartimar,tilapia,150,160,155,https://www.da.gov.ph/wp-content/uploads/2025/08/Price-Monitoring-August-28-2025.pdf
2025-08-28,Cartimar,tomato,100,120,110,https://www.da.gov.ph/wp-content/uploads/2025/08/Price-Monitoring-August-28-2025.pdf
2025-08-29,Cartimar,ampalaya,90,120,105,https://www.da.gov.ph/wp-content/uploads/2025/09/Price-Monitoring-August-29-2025.pdf
2025-08-29,Cartimar,cabbage,90,120,105,https://www.da.gov.ph/wp-content/uploads/2025/09/Price-Monitoring-August-29-2025.pdf
2025-08-29,Cartimar,eggplant,80,110,95,https://www.da.gov.ph/wp-content/uploads/2025/09/Price-Monitoring-August-29-2025.pdf
2025-08-29,Cartimar,galunggong_local,300,300,300,https://www.da.gov.ph/wp-content/uploads/2025/09/Price-Monitoring-August-29-2025.pdf
2025-08-29,Cartimar,red_onion_local,150,160,155,https://www.da.gov.ph/wp-content/uploads/2025/09/Price-Monitoring-August-29-2025.pdf
2025-08-29,Cartimar,tilapia,150,160,155,https://www.da.gov.ph/wp-content/uploads/2025/09/Price-Monitoring-August-29-2025.pdf
2025-08-29,Cartimar,tomato,110,120,115,https://www.da.gov.ph/wp-content/uploads/2025/09/Price-Monitoring-August-29-2025.pdf
2025-09-02,Cartimar,ampalaya,90,120,105,https://www.da.gov.ph/wp-content/uploads/2025/09/Price-Monitoring-September-2-2025.pdf
2025-09-02,Cartimar,cabbage,70,100,85,https://www.da.gov.ph/wp-content/uploads/2025/09/Price-Monitoring-September-2-2025.pdf
2025-09-02,Cartimar,eggplant,80,100,90,https://www.da.gov.ph/wp-content/uploads/2025/09/Price-Monitoring-September-2-2025.pdf
2025-09-02,Cartimar,galunggong_local,300,300,300,https://www.da.gov.ph/wp-content/uploads/2025/09/Price-Monitoring-September-2-2025.pdf
2025-09-02,Cartimar,red_onion_local,150,160,155,https://www.da.gov.ph/wp-content/uploads/2025/09/Price-Monitoring-September-2-2025.pdf
2025-09-02,Cartimar,tilapia,150,160,155,https://www.da.gov.ph/wp-content/uploads/2025/09/Price-Monitoring-September-2-2025.pdf
2025-09-02,Cartimar,tomato,120,150,135,https://www.da.gov.ph/wp-content/uploads/2025/09/Price-Monitoring-September-2-2025.pdf
2025-09-03,Cartimar,ampalaya,90,120,105,https://www.da.gov.ph/wp-content/uploads/2025/09/Price-Monitoring-September-3-2025.pdf
2025-09-03,Cartimar,cabbage,90,100,95,https://www.da.gov.ph/wp-content/uploads/2025/09/Price-Monitoring-September-3-2025.pdf
2025-09-03,Cartimar,eggplant,80,100,90,https://www.da.gov.ph/wp-content/uploads/2025/09/Price-Monitoring-September-3-2025.pdf
2025-09-03,Cartimar,galunggong_local,300,300,300,https://www.da.gov.ph/wp-content/uploads/2025/09/Price-Monitoring-September-3-2025.pdf
2025-09-03,Cartimar,red_onion_local,150,160,155,https://www.da.gov.ph/wp-content/uploads/2025/09/Price-Monitoring-September-3-2025.pdf
2025-09-03,Cartimar,tilapia,150,160,155,https://www.da.gov.ph/wp-content/uploads/2025/09/Price-Monitoring-September-3-2025.pdf
2025-09-03,Cartimar,tomato,140,160,150,https://www.da.gov.ph/wp-content/uploads/2025/09/Price-Monitoring-September-3-2025.pdf
2025-09-04,Cartimar,ampalaya,90,120,105,https://www.da.gov.ph/wp-content/uploads/2025/09/Price-Monitoring-September-4-2025.pdf
2025-09-04,Cartimar,cabbage,80,100,90,https://www.da.gov.ph/wp-content/uploads/2025/09/Price-Monitoring-September-4-2025.pdf
2025-09-04,Cartimar,eggplant,80,100,90,https://www.da.gov.ph/wp-content/uploads/2025/09/Price-Monitoring-September-4-2025.pdf
2025-09-04,Cartimar,galunggong_local,300,300,300,https://www.da.gov.ph/wp-content/uploads/2025/09/Price-Monitoring-September-4-2025.pdf
2025-09-04,Cartimar,red_onion_local,150,160,155,https://www.da.gov.ph/wp-content/uploads/2025/09/Price-Monitoring-September-4-2025.pdf
2025-09-04,Cartimar,tilapia,150,160,155,https://www.da.gov.ph/wp-content/uploads/2025/09/Price-Monitoring-September-4-2025.pdf
2025-09-04,Cartimar,tomato,150,160,155,https://www.da.gov.ph/wp-content/uploads/2025/09/Price-Monitoring-September-4-2025.pdf
2025-09-05,Cartimar,ampalaya,90,120,105,https://www.da.gov.ph/wp-content/uploads/2025/09/Price-Monitoring-September-5-2025.pdf
2025-09-05,Cartimar,cabbage,80,100,90,https://www.da.gov.ph/wp-content/uploads/2025/09/Price-Monitoring-September-5-2025.pdf
2025-09-05,Cartimar,eggplant,80,100,90,https://www.da.gov.ph/wp-content/uploads/2025/09/Price-Monitoring-September-5-2025.pdf
2025-09-05,Cartimar,galunggong_local,300,300,300,https://www.da.gov.ph/wp-content/uploads/2025/09/Price-Monitoring-September-5-2025.pdf
2025-09-05,Cartimar,red_onion_local,150,160,155,https://www.da.gov.ph/wp-content/uploads/2025/09/Price-Monitoring-September-5-2025.pdf
2025-09-05,Cartimar,tilapia,150,160,155,https://www.da.gov.ph/wp-content/uploads/2025/09/Price-Monitoring-September-5-2025.pdf
2025-09-05,Cartimar,tomato,150,160,155,https://www.da.gov.ph/wp-content/uploads/2025/09/Price-Monitoring-September-5-2025.pdf
2025-09-06,Cartimar,ampalaya,110,120,115,https://www.da.gov.ph/wp-content/uploads/2025/09/Price-Monitoring-September-6-2025.pdf
2025-09-06,Cartimar,cabbage,80,100,90,https://www.da.gov.ph/wp-content/uploads/2025/09/Price-Monitoring-September-6-2025.pdf
2025-09-06,Cartimar,eggplant,80,100,90,https://www.da.gov.ph/wp-content/uploads/2025/09/Price-Monitoring-September-6-2025.pdf
2025-09-06,Cartimar,galunggong_local,300,300,300,https://www.da.gov.ph/wp-content/uploads/2025/09/Price-Monitoring-September-6-2025.pdf
2025-09-06,Cartimar,red_onion_local,150,160,155,https://www.da.gov.ph/wp-content/uploads/2025/09/Price-Monitoring-September-6-2025.pdf
2025-09-06,Cartimar,tilapia,150,160,155,https://www.da.gov.ph/wp-content/uploads/2025/09/Price-Monitoring-September-6-2025.pdf
2025-09-06,Cartimar,tomato,150,160,155,https://www.da.gov.ph/wp-content/uploads/2025/09/Price-Monitoring-September-6-2025.pdf
2025-09-08,Cartimar,ampalaya,110,140,125,https://www.da.gov.ph/wp-content/uploads/2025/09/Price-Monitoring-September-8-2025.pdf
2025-09-08,Cartimar,cabbage,70,100,85,https://www.da.gov.ph/wp-content/uploads/2025/09/Price-Monitoring-September-8-2025.pdf
2025-09-08,Cartimar,eggplant,80,110,95,https://www.da.gov.ph/wp-content/uploads/2025/09/Price-Monitoring-September-8-2025.pdf
2025-09-08,Cartimar,red_onion_local,150,160,155,https://www.da.gov.ph/wp-content/uploads/2025/09/Price-Monitoring-September-8-2025.pdf
2025-09-08,Cartimar,tilapia,150,160,155,https://www.da.gov.ph/wp-content/uploads/2025/09/Price-Monitoring-September-8-2025.pdf
2025-09-08,Cartimar,tomato,130,160,145,https://www.da.gov.ph/wp-content/uploads/2025/09/Price-Monitoring-September-8-2025.pdf
2025-09-09,Cartimar,ampalaya,110,140,125,https://www.da.gov.ph/wp-content/uploads/2025/09/Price-Monitoring-September-9-2025.pdf
2025-09-09,Cartimar,cabbage,70,100,85,https://www.da.gov.ph/wp-content/uploads/2025/09/Price-Monitoring-September-9-2025.pdf
2025-09-09,Cartimar,eggplant,80,110,95,https://www.da.gov.ph/wp-content/uploads/2025/09/Price-Monitoring-September-9-2025.pdf
2025-09-09,Cartimar,red_onion_local,150,160,155,https://www.da.gov.ph/wp-content/uploads/2025/09/Price-Monitoring-September-9-2025.pdf
2025-09-09,Cartimar,tilapia,150,160,155,https://www.da.gov.ph/wp-content/uploads/2025/09/Price-Monitoring-September-9-2025.pdf
2025-09-09,Cartimar,tomato,130,160,145,https://www.da.gov.ph/wp-content/uploads/2025/09/Price-Monitoring-September-9-2025.pdf
2025-09-10,Cartimar,ampalaya,110,140,125,https://www.da.gov.ph/wp-content/uploads/2025/09/Price-Monitoring-September-10-2025.pdf
2025-09-10,Cartimar,cabbage,55,70,62.5,https://www.da.gov.ph/wp-content/uploads/2025/09/Price-Monitoring-September-10-2025.pdf
2025-09-10,Cartimar,eggplant,80,90,85,https://www.da.gov.ph/wp-content/uploads/2025/09/Price-Monitoring-September-10-2025.pdf
2025-09-10,Cartimar,red_onion_local,150,160,155,https://www.da.gov.ph/wp-content/uploads/2025/09/Price-Monitoring-September-10-2025.pdf
2025-09-10,Cartimar,tilapia,150,160,155,https://www.da.gov.ph/wp-content/uploads/2025/09/Price-Monitoring-September-10-2025.pdf
2025-09-10,Cartimar,tomato,120,160,140,https://www.da.gov.ph/wp-content/uploads/2025/09/Price-Monitoring-September-10-2025.pdf
2025-09-11,Cartimar,ampalaya,110,140,125,https://www.da.gov.ph/wp-content/uploads/2025/09/Price-Monitoring-September-11-2025.pdf
2025-09-11,Cartimar,cabbage,60,70,65,https://www.da.gov.ph/wp-content/uploads/2025/09/Price-Monitoring-September-11-2025.pdf
2025-09-11,Cartimar,eggplant,80,100,90,https://www.da.gov.ph/wp-content/uploads/2025/09/Price-Monitoring-September-11-2025.pdf
2025-09-11,Cartimar,red_onion_local,150,160,155,https://www.da.gov.ph/wp-content/uploads/2025/09/Price-Monitoring-September-11-2025.pdf
2025-09-11,Cartimar,tilapia,150,160,155,https://www.da.gov.ph/wp-content/uploads/2025/09/Price-Monitoring-September-11-2025.pdf
2025-09-11,Cartimar,tomato,130,150,140,https://www.da.gov.ph/wp-content/uploads/2025/09/Price-Monitoring-September-11-2025.pdf
2025-09-12,Cartimar,ampalaya,110,140,125,https://www.da.gov.ph/wp-content/uploads/2025/09/Price-Monitoring-September-12-2025.pdf
2025-09-12,Cartimar,cabbage,60,75,67.5,https://www.da.gov.ph/wp-content/uploads/2025/09/Price-Monitoring-September-12-2025.pdf
2025-09-12,Cartimar,eggplant,80,100,90,https://www.da.gov.ph/wp-content/uploads/2025/09/Price-Monitoring-September-12-2025.pdf
2025-09-12,Cartimar,red_onion_local,150,160,155,https://www.da.gov.ph/wp-content/uploads/2025/09/Price-Monitoring-September-12-2025.pdf
2025-09-12,Cartimar,tilapia,150,160,155,https://www.da.gov.ph/wp-content/uploads/2025/09/Price-Monitoring-September-12-2025.pdf
2025-09-12,Cartimar,tomato,120,150,135,https://www.da.gov.ph/wp-content/uploads/2025/09/Price-Monitoring-September-12-2025.pdf
2025-09-13,Cartimar,ampalaya,110,140,125,https://www.da.gov.ph/wp-content/uploads/2025/09/Price-Monitoring-September-13-2025.pdf
2025-09-13,Cartimar,cabbage,60,75,67.5,https://www.da.gov.ph/wp-content/uploads/2025/09/Price-Monitoring-September-13-2025.pdf
2025-09-13,Cartimar,eggplant,80,100,90,https://www.da.gov.ph/wp-content/uploads/2025/09/Price-Monitoring-September-13-2025.pdf
2025-09-13,Cartimar,red_onion_local,150,160,155,https://www.da.gov.ph/wp-content/uploads/2025/09/Price-Monitoring-September-13-2025.pdf
2025-09-13,Cartimar,tilapia,150,160,155,https://www.da.gov.ph/wp-content/uploads/2025/09/Price-Monitoring-September-13-2025.pdf
2025-09-13,Cartimar,tomato,120,150,135,https://www.da.gov.ph/wp-content/uploads/2025/09/Price-Monitoring-September-13-2025.pdf
2025-09-15,Cartimar,ampalaya,110,150,130,https://www.da.gov.ph/wp-content/uploads/2025/09/Price-Monitoring-September-15-2025.pdf
2025-09-15,Cartimar,cabbage,65,70,67.5,https://www.da.gov.ph/wp-content/uploads/2025/09/Price-Monitoring-September-15-2025.pdf
2025-09-15,Cartimar,eggplant,90,130,110,https://www.da.gov.ph/wp-content/uploads/2025/09/Price-Monitoring-September-15-2025.pdf
2025-09-15,Cartimar,red_onion_local,150,160,155,https://www.da.gov.ph/wp-content/uploads/2025/09/Price-Monitoring-September-15-2025.pdf
2025-09-15,Cartimar,tilapia,150,160,155,https://www.da.gov.ph/wp-content/uploads/2025/09/Price-Monitoring-September-15-2025.pdf
2025-09-15,Cartimar,tomato,120,140,130,https://www.da.gov.ph/wp-content/uploads/2025/09/Price-Monitoring-September-15-2025.pdf
2025-09-16,Cartimar,ampalaya,110,150,130,https://www.da.gov.ph/wp-content/uploads/2025/09/Price-Monitoring-September-16-2025.pdf
2025-09-16,Cartimar,cabbage,65,70,67.5,https://www.da.gov.ph/wp-content/uploads/2025/09/Price-Monitoring-September-16-2025.pdf
2025-09-16,Cartimar,eggplant,90,130,110,https://www.da.gov.ph/wp-content/uploads/2025/09/Price-Monitoring-September-16-2025.pdf
2025-09-16,Cartimar,red_onion_local,150,160,155,https://www.da.gov.ph/wp-content/uploads/2025/09/Price-Monitoring-September-16-2025.pdf
2025-09-16,Cartimar,tilapia,150,160,155,https://www.da.gov.ph/wp-content/uploads/2025/09/Price-Monitoring-September-16-2025.pdf
2025-09-16,Cartimar,tomato,120,140,130,https://www.da.gov.ph/wp-content/uploads/2025/09/Price-Monitoring-September-16-2025.pdf
2025-09-17,Cartimar,ampalaya,100,150,125,https://www.da.gov.ph/wp-content/uploads/2025/09/Price-Monitoring-September-17-2025.pdf
2025-09-17,Cartimar,cabbage,60,70,65,https://www.da.gov.ph/wp-content/uploads/2025/09/Price-Monitoring-September-17-2025.pdf
2025-09-17,Cartimar,eggplant,100,130,115,https://www.da.gov.ph/wp-content/uploads/2025/09/Price-Monitoring-September-17-2025.pdf
2025-09-17,Cartimar,red_onion_local,150,160,155,https://www.da.gov.ph/wp-content/uploads/2025/09/Price-Monitoring-September-17-2025.pdf
2025-09-17,Cartimar,tilapia,160,170,165,https://www.da.gov.ph/wp-content/uploads/2025/09/Price-Monitoring-September-17-2025.pdf
2025-09-17,Cartimar,tomato,120,140,130,https://www.da.gov.ph/wp-content/uploads/2025/09/Price-Monitoring-September-17-2025.pdf
2025-09-18,Cartimar,ampalaya,130,150,140,https://www.da.gov.ph/wp-content/uploads/2025/09/Price-Monitoring-September-18-2025.pdf
2025-09-18,Cartimar,cabbage,60,70,65,https://www.da.gov.ph/wp-content/uploads/2025/09/Price-Monitoring-September-18-2025.pdf
2025-09-18,Cartimar,eggplant,100,130,115,https://www.da.gov.ph/wp-content/uploads/2025/09/Price-Monitoring-September-18-2025.pdf
2025-09-18,Cartimar,red_onion_local,150,160,155,https://www.da.gov.ph/wp-content/uploads/2025/09/Price-Monitoring-September-18-2025.pdf
2025-09-18,Cartimar,tilapia,160,170,165,https://www.da.gov.ph/wp-content/uploads/2025/09/Price-Monitoring-September-18-2025.pdf
2025-09-18,Cartimar,tomato,120,150,135,https://www.da.gov.ph/wp-content/uploads/2025/09/Price-Monitoring-September-18-2025.pdf
2025-09-19,Cartimar,ampalaya,120,150,135,https://www.da.gov.ph/wp-content/uploads/2025/09/Price-Monitoring-September-19-2025.pdf
2025-09-19,Cartimar,cabbage,60,70,65,https://www.da.gov.ph/wp-content/uploads/2025/09/Price-Monitoring-September-19-2025.pdf
2025-09-19,Cartimar,eggplant,100,130,115,https://www.da.gov.ph/wp-content/uploads/2025/09/Price-Monitoring-September-19-2025.pdf
2025-09-19,Cartimar,red_onion_local,150,160,155,https://www.da.gov.ph/wp-content/uploads/2025/09/Price-Monitoring-September-19-2025.pdf
2025-09-19,Cartimar,tilapia,160,170,165,https://www.da.gov.ph/wp-content/uploads/2025/09/Price-Monitoring-September-19-2025.pdf
2025-09-19,Cartimar,tomato,110,150,130,https://www.da.gov.ph/wp-content/uploads/2025/09/Price-Monitoring-September-19-2025.pdf
2025-09-20,Cartimar,ampalaya,120,150,135,https://www.da.gov.ph/wp-content/uploads/2025/09/Price-Monitoring-September-20-2025.pdf
2025-09-20,Cartimar,cabbage,60,70,65,https://www.da.gov.ph/wp-content/uploads/2025/09/Price-Monitoring-September-20-2025.pdf
2025-09-20,Cartimar,eggplant,100,130,115,https://www.da.gov.ph/wp-content/uploads/2025/09/Price-Monitoring-September-20-2025.pdf
2025-09-20,Cartimar,red_onion_local,150,160,155,https://www.da.gov.ph/wp-content/uploads/2025/09/Price-Monitoring-September-20-2025.pdf
2025-09-20,Cartimar,tilapia,160,170,165,https://www.da.gov.ph/wp-content/uploads/2025/09/Price-Monitoring-September-20-2025.pdf
2025-09-20,Cartimar,tomato,110,150,130,https://www.da.gov.ph/wp-content/uploads/2025/09/Price-Monitoring-September-20-2025.pdf
2025-09-22,Cartimar,ampalaya,140,160,150,https://www.da.gov.ph/wp-content/uploads/2025/09/Price-Monitoring-September-22-2025.pdf
2025-09-22,Cartimar,cabbage,50,70,60,https://www.da.gov.ph/wp-content/uploads/2025/09/Price-Monitoring-September-22-2025.pdf
2025-09-22,Cartimar,eggplant,100,130,115,https://www.da.gov.ph/wp-content/uploads/2025/09/Price-Monitoring-September-22-2025.pdf
2025-09-22,Cartimar,red_onion_local,140,160,150,https://www.da.gov.ph/wp-content/uploads/2025/09/Price-Monitoring-September-22-2025.pdf
2025-09-22,Cartimar,tilapia,160,170,165,https://www.da.gov.ph/wp-content/uploads/2025/09/Price-Monitoring-September-22-2025.pdf
2025-09-22,Cartimar,tomato,130,160,145,https://www.da.gov.ph/wp-content/uploads/2025/09/Price-Monitoring-September-22-2025.pdf
2025-09-23,Cartimar,ampalaya,140,160,150,https://www.da.gov.ph/wp-content/uploads/2025/09/Price-Monitoring-September-23-2025.pdf
2025-09-23,Cartimar,cabbage,60,70,65,https://www.da.gov.ph/wp-content/uploads/2025/09/Price-Monitoring-September-23-2025.pdf
2025-09-23,Cartimar,eggplant,130,150,140,https://www.da.gov.ph/wp-content/uploads/2025/09/Price-Monitoring-September-23-2025.pdf
2025-09-23,Cartimar,galunggong_local,360,360,360,https://www.da.gov.ph/wp-content/uploads/2025/09/Price-Monitoring-September-23-2025.pdf
2025-09-23,Cartimar,red_onion_local,140,160,150,https://www.da.gov.ph/wp-content/uploads/2025/09/Price-Monitoring-September-23-2025.pdf
2025-09-23,Cartimar,tilapia,160,170,165,https://www.da.gov.ph/wp-content/uploads/2025/09/Price-Monitoring-September-23-2025.pdf
2025-09-23,Cartimar,tomato,140,160,150,https://www.da.gov.ph/wp-content/uploads/2025/09/Price-Monitoring-September-23-2025.pdf
2025-09-24,Cartimar,ampalaya,140,160,150,https://www.da.gov.ph/wp-content/uploads/2025/09/Price-Monitoring-September-24-2025.pdf
2025-09-24,Cartimar,cabbage,100,120,110,https://www.da.gov.ph/wp-content/uploads/2025/09/Price-Monitoring-September-24-2025.pdf
2025-09-24,Cartimar,eggplant,110,150,130,https://www.da.gov.ph/wp-content/uploads/2025/09/Price-Monitoring-September-24-2025.pdf
2025-09-24,Cartimar,galunggong_local,360,360,360,https://www.da.gov.ph/wp-content/uploads/2025/09/Price-Monitoring-September-24-2025.pdf
2025-09-24,Cartimar,red_onion_local,140,160,150,https://www.da.gov.ph/wp-content/uploads/2025/09/Price-Monitoring-September-24-2025.pdf
2025-09-24,Cartimar,tilapia,160,170,165,https://www.da.gov.ph/wp-content/uploads/2025/09/Price-Monitoring-September-24-2025.pdf
2025-09-24,Cartimar,tomato,170,190,180,https://www.da.gov.ph/wp-content/uploads/2025/09/Price-Monitoring-September-24-2025.pdf
2025-09-25,Cartimar,ampalaya,140,160,150,https://www.da.gov.ph/wp-content/uploads/2025/09/Price-Monitoring-September-25-2025.pdf
2025-09-25,Cartimar,cabbage,80,100,90,https://www.da.gov.ph/wp-content/uploads/2025/09/Price-Monitoring-September-25-2025.pdf
2025-09-25,Cartimar,eggplant,130,150,140,https://www.da.gov.ph/wp-content/uploads/2025/09/Price-Monitoring-September-25-2025.pdf
2025-09-25,Cartimar,galunggong_local,360,360,360,https://www.da.gov.ph/wp-content/uploads/2025/09/Price-Monitoring-September-25-2025.pdf
2025-09-25,Cartimar,red_onion_local,140,160,150,https://www.da.gov.ph/wp-content/uploads/2025/09/Price-Monitoring-September-25-2025.pdf
2025-09-25,Cartimar,tilapia,160,170,165,https://www.da.gov.ph/wp-content/uploads/2025/09/Price-Monitoring-September-25-2025.pdf
2025-09-25,Cartimar,tomato,170,190,180,https://www.da.gov.ph/wp-content/uploads/2025/09/Price-Monitoring-September-25-2025.pdf
2025-09-26,Cartimar,ampalaya,8.3,8.5,8.4,https://www.da.gov.ph/wp-content/uploads/2025/09/Price-Monitoring-September-26-2025.pdf
2025-09-26,Cartimar,eggplant,140,160,150,https://www.da.gov.ph/wp-content/uploads/2025/09/Price-Monitoring-September-26-2025.pdf
2025-09-26,Cartimar,galunggong_local,160,170,165,https://www.da.gov.ph/wp-content/uploads/2025/09/Price-Monitoring-September-26-2025.pdf
2025-09-26,Cartimar,red_onion_local,110,120,115,https://www.da.gov.ph/wp-content/uploads/2025/09/Price-Monitoring-September-26-2025.pdf
2025-09-26,Cartimar,tilapia,280,280,280,https://www.da.gov.ph/wp-content/uploads/2025/09/Price-Monitoring-September-26-2025.pdf
2025-09-26,Cartimar,tomato,100,150,125,https://www.da.gov.ph/wp-content/uploads/2025/09/Price-Monitoring-September-26-2025.pdf
2025-09-29,Cartimar,ampalaya,140,160,150,https://www.da.gov.ph/wp-content/uploads/2025/09/Price-Monitoring-September-29-2025.pdf
2025-09-29,Cartimar,cabbage,60,80,70,https://www.da.gov.ph/wp-content/uploads/2025/09/Price-Monitoring-September-29-2025.pdf
2025-09-29,Cartimar,eggplant,120,150,135,https://www.da.gov.ph/wp-content/uploads/2025/09/Price-Monitoring-September-29-2025.pdf
2025-09-29,Cartimar,galunggong_local,360,360,360,https://www.da.gov.ph/wp-content/uploads/2025/09/Price-Monitoring-September-29-2025.pdf
2025-09-29,Cartimar,red_onion_local,140,160,150,https://www.da.gov.ph/wp-content/uploads/2025/09/Price-Monitoring-September-29-2025.pdf
2025-09-29,Cartimar,tilapia,160,170,165,https://www.da.gov.ph/wp-content/uploads/2025/09/Price-Monitoring-September-29-2025.pdf
2025-09-29,Cartimar,tomato,170,200,185,https://www.da.gov.ph/wp-content/uploads/2025/09/Price-Monitoring-September-29-2025.pdf
2025-09-30,Cartimar,ampalaya,140,160,150,https://www.da.gov.ph/wp-content/uploads/2025/10/Price-Monitoring-September-30-2025.pdf
2025-09-30,Cartimar,cabbage,60,70,65,https://www.da.gov.ph/wp-content/uploads/2025/10/Price-Monitoring-September-30-2025.pdf
2025-09-30,Cartimar,eggplant,120,150,135,https://www.da.gov.ph/wp-content/uploads/2025/10/Price-Monitoring-September-30-2025.pdf
2025-09-30,Cartimar,galunggong_local,360,360,360,https://www.da.gov.ph/wp-content/uploads/2025/10/Price-Monitoring-September-30-2025.pdf
2025-09-30,Cartimar,red_onion_local,140,160,150,https://www.da.gov.ph/wp-content/uploads/2025/10/Price-Monitoring-September-30-2025.pdf
2025-09-30,Cartimar,tilapia,160,170,165,https://www.da.gov.ph/wp-content/uploads/2025/10/Price-Monitoring-September-30-2025.pdf
2025-09-30,Cartimar,tomato,170,200,185,https://www.da.gov.ph/wp-content/uploads/2025/10/Price-Monitoring-September-30-2025.pdf
2025-10-01,Cartimar,ampalaya,140,160,150,https://www.da.gov.ph/wp-content/uploads/2025/10/Price-Monitoring-October-1-2025.pdf
2025-10-01,Cartimar,cabbage,65,85,75,https://www.da.gov.ph/wp-content/uploads/2025/10/Price-Monitoring-October-1-2025.pdf
2025-10-01,Cartimar,eggplant,120,160,140,https://www.da.gov.ph/wp-content/uploads/2025/10/Price-Monitoring-October-1-2025.pdf
2025-10-01,Cartimar,galunggong_local,360,360,360,https://www.da.gov.ph/wp-content/uploads/2025/10/Price-Monitoring-October-1-2025.pdf
2025-10-01,Cartimar,red_onion_local,140,160,150,https://www.da.gov.ph/wp-content/uploads/2025/10/Price-Monitoring-October-1-2025.pdf
2025-10-01,Cartimar,tilapia,160,170,165,https://www.da.gov.ph/wp-content/uploads/2025/10/Price-Monitoring-October-1-2025.pdf
2025-10-01,Cartimar,tomato,180,220,200,https://www.da.gov.ph/wp-content/uploads/2025/10/Price-Monitoring-October-1-2025.pdf
2025-10-02,Cartimar,ampalaya,140,160,150,https://www.da.gov.ph/wp-content/uploads/2025/10/Price-Monitoring-October-2-2025.pdf
2025-10-02,Cartimar,cabbage,65,85,75,https://www.da.gov.ph/wp-content/uploads/2025/10/Price-Monitoring-October-2-2025.pdf
2025-10-02,Cartimar,eggplant,120,160,140,https://www.da.gov.ph/wp-content/uploads/2025/10/Price-Monitoring-October-2-2025.pdf
2025-10-02,Cartimar,galunggong_local,360,360,360,https://www.da.gov.ph/wp-content/uploads/2025/10/Price-Monitoring-October-2-2025.pdf
2025-10-02,Cartimar,red_onion_local,140,160,150,https://www.da.gov.ph/wp-content/uploads/2025/10/Price-Monitoring-October-2-2025.pdf
2025-10-02,Cartimar,tilapia,160,170,165,https://www.da.gov.ph/wp-content/uploads/2025/10/Price-Monitoring-October-2-2025.pdf
2025-10-02,Cartimar,tomato,180,220,200,https://www.da.gov.ph/wp-content/uploads/2025/10/Price-Monitoring-October-2-2025.pdf
2025-10-06,Cartimar,ampalaya,150,160,155,https://www.da.gov.ph/wp-content/uploads/2025/10/Price-Monitoring-October-6-2025.pdf
2025-10-06,Cartimar,cabbage,70,75,72.5,https://www.da.gov.ph/wp-content/uploads/2025/10/Price-Monitoring-October-6-2025.pdf
2025-10-06,Cartimar,eggplant,150,160,155,https://www.da.gov.ph/wp-content/uploads/2025/10/Price-Monitoring-October-6-2025.pdf
2025-10-06,Cartimar,galunggong_local,360,360,360,https://www.da.gov.ph/wp-content/uploads/2025/10/Price-Monitoring-October-6-2025.pdf
2025-10-06,Cartimar,red_onion_local,140,160,150,https://www.da.gov.ph/wp-content/uploads/2025/10/Price-Monitoring-October-6-2025.pdf
2025-10-06,Cartimar,tilapia,160,170,165,https://www.da.gov.ph/wp-content/uploads/2025/10/Price-Monitoring-October-6-2025.pdf
2025-10-06,Cartimar,tomato,160,180,170,https://www.da.gov.ph/wp-content/uploads/2025/10/Price-Monitoring-October-6-2025.pdf
2025-10-07,Cartimar,ampalaya,160,160,160,https://www.da.gov.ph/wp-content/uploads/2025/10/Price-Monitoring-October-7-2025.pdf
2025-10-07,Cartimar,cabbage,70,75,72.5,https://www.da.gov.ph/wp-content/uploads/2025/10/Price-Monitoring-October-7-2025.pdf
2025-10-07,Cartimar,eggplant,160,160,160,https://www.da.gov.ph/wp-content/uploads/2025/10/Price-Monitoring-October-7-2025.pdf
2025-10-07,Cartimar,galunggong_local,360,360,360,https://www.da.gov.ph/wp-content/uploads/2025/10/Price-Monitoring-October-7-2025.pdf
2025-10-07,Cartimar,red_onion_local,140,160,150,https://www.da.gov.ph/wp-content/uploads/2025/10/Price-Monitoring-October-7-2025.pdf
2025-10-07,Cartimar,tilapia,160,170,165,https://www.da.gov.ph/wp-content/uploads/2025/10/Price-Monitoring-October-7-2025.pdf
2025-10-07,Cartimar,tomato,160,180,170,https://www.da.gov.ph/wp-content/uploads/2025/10/Price-Monitoring-October-7-2025.pdf
2025-10-08,Cartimar,ampalaya,160,160,160,https://www.da.gov.ph/wp-content/uploads/2025/10/Price-Monitoring-October-8-2025.pdf
2025-10-08,Cartimar,cabbage,70,75,72.5,https://www.da.gov.ph/wp-content/uploads/2025/10/Price-Monitoring-October-8-2025.pdf
2025-10-08,Cartimar,eggplant,160,160,160,https://www.da.gov.ph/wp-content/uploads/2025/10/Price-Monitoring-October-8-2025.pdf
2025-10-08,Cartimar,galunggong_local,360,360,360,https://www.da.gov.ph/wp-content/uploads/2025/10/Price-Monitoring-October-8-2025.pdf
2025-10-08,Cartimar,red_onion_local,140,160,150,https://www.da.gov.ph/wp-content/uploads/2025/10/Price-Monitoring-October-8-2025.pdf
2025-10-08,Cartimar,tilapia,160,170,165,https://www.da.gov.ph/wp-content/uploads/2025/10/Price-Monitoring-October-8-2025.pdf
2025-10-08,Cartimar,tomato,160,160,160,https://www.da.gov.ph/wp-content/uploads/2025/10/Price-Monitoring-October-8-2025.pdf
2025-10-09,Cartimar,ampalaya,150,160,155,https://www.da.gov.ph/wp-content/uploads/2025/10/Price-Monitoring-October-9-2025.pdf
2025-10-09,Cartimar,cabbage,90,90,90,https://www.da.gov.ph/wp-content/uploads/2025/10/Price-Monitoring-October-9-2025.pdf
2025-10-09,Cartimar,eggplant,150,160,155,https://www.da.gov.ph/wp-content/uploads/2025/10/Price-Monitoring-October-9-2025.pdf
2025-10-09,Cartimar,galunggong_local,360,360,360,https://www.da.gov.ph/wp-content/uploads/2025/10/Price-Monitoring-October-9-2025.pdf
2025-10-09,Cartimar,red_onion_local,140,160,150,https://www.da.gov.ph/wp-content/uploads/2025/10/Price-Monitoring-October-9-2025.pdf
2025-10-09,Cartimar,tilapia,160,170,165,https://www.da.gov.ph/wp-content/uploads/2025/10/Price-Monitoring-October-9-2025.pdf
2025-10-09,Cartimar,tomato,160,160,160,https://www.da.gov.ph/wp-content/uploads/2025/10/Price-Monitoring-October-9-2025.pdf
2025-10-10,Cartimar,ampalaya,150,160,155,https://www.da.gov.ph/wp-content/uploads/2025/10/Price-Monitoring-October-10-2025.pdf
2025-10-10,Cartimar,cabbage,90,90,90,https://www.da.gov.ph/wp-content/uploads/2025/10/Price-Monitoring-October-10-2025.pdf
2025-10-10,Cartimar,eggplant,150,160,155,https://www.da.gov.ph/wp-content/uploads/2025/10/Price-Monitoring-October-10-2025.pdf
2025-10-10,Cartimar,galunggong_local,360,360,360,https://www.da.gov.ph/wp-content/uploads/2025/10/Price-Monitoring-October-10-2025.pdf
2025-10-10,Cartimar,red_onion_local,140,160,150,https://www.da.gov.ph/wp-content/uploads/2025/10/Price-Monitoring-October-10-2025.pdf
2025-10-10,Cartimar,tilapia,160,170,165,https://www.da.gov.ph/wp-content/uploads/2025/10/Price-Monitoring-October-10-2025.pdf
2025-10-10,Cartimar,tomato,150,150,150,https://www.da.gov.ph/wp-content/uploads/2025/10/Price-Monitoring-October-10-2025.pdf
2025-10-11,Cartimar,ampalaya,150,160,155,https://www.da.gov.ph/wp-content/uploads/2025/10/Price-Monitoring-October-11-2025.pdf
2025-10-11,Cartimar,cabbage,90,90,90,https://www.da.gov.ph/wp-content/uploads/2025/10/Price-Monitoring-October-11-2025.pdf
2025-10-11,Cartimar,eggplant,150,150,150,https://www.da.gov.ph/wp-content/uploads/2025/10/Price-Monitoring-October-11-2025.pdf
2025-10-11,Cartimar,galunggong_local,360,360,360,https://www.da.gov.ph/wp-content/uploads/2025/10/Price-Monitoring-October-11-2025.pdf
2025-10-11,Cartimar,red_onion_local,140,160,150,https://www.da.gov.ph/wp-content/uploads/2025/10/Price-Monitoring-October-11-2025.pdf
2025-10-11,Cartimar,tilapia,160,170,165,https://www.da.gov.ph/wp-content/uploads/2025/10/Price-Monitoring-October-11-2025.pdf
2025-10-11,Cartimar,tomato,140,140,140,https://www.da.gov.ph/wp-content/uploads/2025/10/Price-Monitoring-October-11-2025.pdf
2025-10-13,Cartimar,ampalaya,140,140,140,https://www.da.gov.ph/wp-content/uploads/2025/10/Price-Monitoring-October-13-2025.pdf
2025-10-13,Cartimar,cabbage,90,90,90,https://www.da.gov.ph/wp-content/uploads/2025/10/Price-Monitoring-October-13-2025.pdf
2025-10-13,Cartimar,eggplant,130,140,135,https://www.da.gov.ph/wp-content/uploads/2025/10/Price-Monitoring-October-13-2025.pdf
2025-10-13,Cartimar,galunggong_local,360,360,360,https://www.da.gov.ph/wp-content/uploads/2025/10/Price-Monitoring-October-13-2025.pdf
2025-10-13,Cartimar,red_onion_local,140,160,150,https://www.da.gov.ph/wp-content/uploads/2025/10/Price-Monitoring-October-13-2025.pdf
2025-10-13,Cartimar,tilapia,160,170,165,https://www.da.gov.ph/wp-content/uploads/2025/10/Price-Monitoring-October-13-2025.pdf
2025-10-13,Cartimar,tomato,120,120,120,https://www.da.gov.ph/wp-content/uploads/2025/10/Price-Monitoring-October-13-2025.pdf
2025-10-14,Cartimar,ampalaya,140,150,145,https://www.da.gov.ph/wp-content/uploads/2025/10/Price-Monitoring-October-14-2025.pdf
2025-10-14,Cartimar,cabbage,90,90,90,https://www.da.gov.ph/wp-content/uploads/2025/10/Price-Monitoring-October-14-2025.pdf
2025-10-14,Cartimar,eggplant,140,150,145,https://www.da.gov.ph/wp-content/uploads/2025/10/Price-Monitoring-October-14-2025.pdf
2025-10-14,Cartimar,galunggong_local,360,360,360,https://www.da.gov.ph/wp-content/uploads/2025/10/Price-Monitoring-October-14-2025.pdf
2025-10-14,Cartimar,red_onion_local,140,160,150,https://www.da.gov.ph/wp-content/uploads/2025/10/Price-Monitoring-October-14-2025.pdf
2025-10-14,Cartimar,tilapia,160,170,165,https://www.da.gov.ph/wp-content/uploads/2025/10/Price-Monitoring-October-14-2025.pdf
2025-10-14,Cartimar,tomato,120,120,120,https://www.da.gov.ph/wp-content/uploads/2025/10/Price-Monitoring-October-14-2025.pdf
2025-10-15,Cartimar,ampalaya,140,140,140,https://www.da.gov.ph/wp-content/uploads/2025/10/Price-Monitoring-October-15-2025.pdf
2025-10-15,Cartimar,cabbage,90,90,90,https://www.da.gov.ph/wp-content/uploads/2025/10/Price-Monitoring-October-15-2025.pdf
2025-10-15,Cartimar,eggplant,140,140,140,https://www.da.gov.ph/wp-content/uploads/2025/10/Price-Monitoring-October-15-2025.pdf
2025-10-15,Cartimar,galunggong_local,360,360,360,https://www.da.gov.ph/wp-content/uploads/2025/10/Price-Monitoring-October-15-2025.pdf
2025-10-15,Cartimar,red_onion_local,140,160,150,https://www.da.gov.ph/wp-content/uploads/2025/10/Price-Monitoring-October-15-2025.pdf
2025-10-15,Cartimar,tilapia,160,170,165,https://www.da.gov.ph/wp-content/uploads/2025/10/Price-Monitoring-October-15-2025.pdf
2025-10-15,Cartimar,tomato,120,120,120,https://www.da.gov.ph/wp-content/uploads/2025/10/Price-Monitoring-October-15-2025.pdf
2025-10-16,Cartimar,ampalaya,120,120,120,https://www.da.gov.ph/wp-content/uploads/2025/10/Price-Monitoring-October-16-2025.pdf
2025-10-16,Cartimar,cabbage,90,90,90,https://www.da.gov.ph/wp-content/uploads/2025/10/Price-Monitoring-October-16-2025.pdf
2025-10-16,Cartimar,eggplant,120,120,120,https://www.da.gov.ph/wp-content/uploads/2025/10/Price-Monitoring-October-16-2025.pdf
2025-10-16,Cartimar,galunggong_local,360,360,360,https://www.da.gov.ph/wp-content/uploads/2025/10/Price-Monitoring-October-16-2025.pdf
2025-10-16,Cartimar,red_onion_local,140,160,150,https://www.da.gov.ph/wp-content/uploads/2025/10/Price-Monitoring-October-16-2025.pdf
2025-10-16,Cartimar,tilapia,160,170,165,https://www.da.gov.ph/wp-content/uploads/2025/10/Price-Monitoring-October-16-2025.pdf
2025-10-16,Cartimar,tomato,120,120,120,https://www.da.gov.ph/wp-content/uploads/2025/10/Price-Monitoring-October-16-2025.pdf
2025-10-17,Cartimar,ampalaya,110,120,115,https://www.da.gov.ph/wp-content/uploads/2025/10/Price-Monitoring-October-17-2025.pdf
2025-10-17,Cartimar,cabbage,90,90,90,https://www.da.gov.ph/wp-content/uploads/2025/10/Price-Monitoring-October-17-2025.pdf
2025-10-17,Cartimar,eggplant,120,120,120,https://www.da.gov.ph/wp-content/uploads/2025/10/Price-Monitoring-October-17-2025.pdf
2025-10-17,Cartimar,galunggong_local,360,360,360,https://www.da.gov.ph/wp-content/uploads/2025/10/Price-Monitoring-October-17-2025.pdf
2025-10-17,Cartimar,red_onion_local,140,160,150,https://www.da.gov.ph/wp-content/uploads/2025/10/Price-Monitoring-October-17-2025.pdf
2025-10-17,Cartimar,tilapia,160,170,165,https://www.da.gov.ph/wp-content/uploads/2025/10/Price-Monitoring-October-17-2025.pdf
2025-10-17,Cartimar,tomato,120,120,120,https://www.da.gov.ph/wp-content/uploads/2025/10/Price-Monitoring-October-17-2025.pdf
2025-10-18,Cartimar,ampalaya,120,120,120,https://www.da.gov.ph/wp-content/uploads/2025/10/Price-Monitoring-October-18-2025.pdf
2025-10-18,Cartimar,cabbage,90,90,90,https://www.da.gov.ph/wp-content/uploads/2025/10/Price-Monitoring-October-18-2025.pdf
2025-10-18,Cartimar,eggplant,120,120,120,https://www.da.gov.ph/wp-content/uploads/2025/10/Price-Monitoring-October-18-2025.pdf
2025-10-18,Cartimar,galunggong_local,360,360,360,https://www.da.gov.ph/wp-content/uploads/2025/10/Price-Monitoring-October-18-2025.pdf
2025-10-18,Cartimar,red_onion_local,140,160,150,https://www.da.gov.ph/wp-content/uploads/2025/10/Price-Monitoring-October-18-2025.pdf
2025-10-18,Cartimar,tilapia,160,170,165,https://www.da.gov.ph/wp-content/uploads/2025/10/Price-Monitoring-October-18-2025.pdf
2025-10-18,Cartimar,tomato,120,130,125,https://www.da.gov.ph/wp-content/uploads/2025/10/Price-Monitoring-October-18-2025.pdf
2025-10-20,Cartimar,ampalaya,110,120,115,https://www.da.gov.ph/wp-content/uploads/2025/10/Price-Monitoring-October-20-2025.pdf
2025-10-20,Cartimar,cabbage,90,90,90,https://www.da.gov.ph/wp-content/uploads/2025/10/Price-Monitoring-October-20-2025.pdf
2025-10-20,Cartimar,eggplant,110,120,115,https://www.da.gov.ph/wp-content/uploads/2025/10/Price-Monitoring-October-20-2025.pdf
2025-10-20,Cartimar,galunggong_local,360,360,360,https://www.da.gov.ph/wp-content/uploads/2025/10/Price-Monitoring-October-20-2025.pdf
2025-10-20,Cartimar,red_onion_local,140,160,150,https://www.da.gov.ph/wp-content/uploads/2025/10/Price-Monitoring-October-20-2025.pdf
2025-10-20,Cartimar,tilapia,160,170,165,https://www.da.gov.ph/wp-content/uploads/2025/10/Price-Monitoring-October-20-2025.pdf
2025-10-20,Cartimar,tomato,120,130,125,https://www.da.gov.ph/wp-content/uploads/2025/10/Price-Monitoring-October-20-2025.pdf
2025-10-21,Cartimar,ampalaya,110,120,115,https://www.da.gov.ph/wp-content/uploads/2025/10/Price-Monitoring-October-21-2025.pdf
2025-10-21,Cartimar,cabbage,90,90,90,https://www.da.gov.ph/wp-content/uploads/2025/10/Price-Monitoring-October-21-2025.pdf
2025-10-21,Cartimar,eggplant,110,120,115,https://www.da.gov.ph/wp-content/uploads/2025/10/Price-Monitoring-October-21-2025.pdf
2025-10-21,Cartimar,galunggong_local,360,360,360,https://www.da.gov.ph/wp-content/uploads/2025/10/Price-Monitoring-October-21-2025.pdf
2025-10-21,Cartimar,red_onion_local,140,160,150,https://www.da.gov.ph/wp-content/uploads/2025/10/Price-Monitoring-October-21-2025.pdf
2025-10-21,Cartimar,tilapia,160,170,165,https://www.da.gov.ph/wp-content/uploads/2025/10/Price-Monitoring-October-21-2025.pdf
2025-10-21,Cartimar,tomato,120,130,125,https://www.da.gov.ph/wp-content/uploads/2025/10/Price-Monitoring-October-21-2025.pdf
2025-10-22,Cartimar,ampalaya,110,120,115,https://www.da.gov.ph/wp-content/uploads/2025/10/Price-Monitoring-October-22-2025.pdf
2025-10-22,Cartimar,cabbage,90,90,90,https://www.da.gov.ph/wp-content/uploads/2025/10/Price-Monitoring-October-22-2025.pdf
2025-10-22,Cartimar,eggplant,110,120,115,https://www.da.gov.ph/wp-content/uploads/2025/10/Price-Monitoring-October-22-2025.pdf
2025-10-22,Cartimar,galunggong_local,360,360,360,https://www.da.gov.ph/wp-content/uploads/2025/10/Price-Monitoring-October-22-2025.pdf
2025-10-22,Cartimar,red_onion_local,140,160,150,https://www.da.gov.ph/wp-content/uploads/2025/10/Price-Monitoring-October-22-2025.pdf
2025-10-22,Cartimar,tilapia,160,170,165,https://www.da.gov.ph/wp-content/uploads/2025/10/Price-Monitoring-October-22-2025.pdf
2025-10-22,Cartimar,tomato,120,130,125,https://www.da.gov.ph/wp-content/uploads/2025/10/Price-Monitoring-October-22-2025.pdf
2025-10-23,Cartimar,ampalaya,110,120,115,https://www.da.gov.ph/wp-content/uploads/2025/10/Price-Monitoring-October-23-2025.pdf
2025-10-23,Cartimar,cabbage,90,90,90,https://www.da.gov.ph/wp-content/uploads/2025/10/Price-Monitoring-October-23-2025.pdf
2025-10-23,Cartimar,eggplant,110,120,115,https://www.da.gov.ph/wp-content/uploads/2025/10/Price-Monitoring-October-23-2025.pdf
2025-10-23,Cartimar,galunggong_local,360,360,360,https://www.da.gov.ph/wp-content/uploads/2025/10/Price-Monitoring-October-23-2025.pdf
2025-10-23,Cartimar,red_onion_local,140,160,150,https://www.da.gov.ph/wp-content/uploads/2025/10/Price-Monitoring-October-23-2025.pdf
2025-10-23,Cartimar,tilapia,160,170,165,https://www.da.gov.ph/wp-content/uploads/2025/10/Price-Monitoring-October-23-2025.pdf
2025-10-23,Cartimar,tomato,120,130,125,https://www.da.gov.ph/wp-content/uploads/2025/10/Price-Monitoring-October-23-2025.pdf
2025-10-24,Cartimar,ampalaya,110,120,115,https://www.da.gov.ph/wp-content/uploads/2025/10/Price-Monitoring-October-24-2025.pdf
2025-10-24,Cartimar,cabbage,90,90,90,https://www.da.gov.ph/wp-content/uploads/2025/10/Price-Monitoring-October-24-2025.pdf
2025-10-24,Cartimar,eggplant,110,120,115,https://www.da.gov.ph/wp-content/uploads/2025/10/Price-Monitoring-October-24-2025.pdf
2025-10-24,Cartimar,galunggong_local,360,360,360,https://www.da.gov.ph/wp-content/uploads/2025/10/Price-Monitoring-October-24-2025.pdf
2025-10-24,Cartimar,red_onion_local,140,160,150,https://www.da.gov.ph/wp-content/uploads/2025/10/Price-Monitoring-October-24-2025.pdf
2025-10-24,Cartimar,tilapia,160,170,165,https://www.da.gov.ph/wp-content/uploads/2025/10/Price-Monitoring-October-24-2025.pdf
2025-10-24,Cartimar,tomato,120,130,125,https://www.da.gov.ph/wp-content/uploads/2025/10/Price-Monitoring-October-24-2025.pdf
2025-10-25,Cartimar,ampalaya,110,120,115,https://www.da.gov.ph/wp-content/uploads/2025/10/Price-Monitoring-October-25-2025.pdf
2025-10-25,Cartimar,cabbage,90,90,90,https://www.da.gov.ph/wp-content/uploads/2025/10/Price-Monitoring-October-25-2025.pdf
2025-10-25,Cartimar,eggplant,110,120,115,https://www.da.gov.ph/wp-content/uploads/2025/10/Price-Monitoring-October-25-2025.pdf
2025-10-25,Cartimar,galunggong_local,360,360,360,https://www.da.gov.ph/wp-content/uploads/2025/10/Price-Monitoring-October-25-2025.pdf
2025-10-25,Cartimar,red_onion_local,140,160,150,https://www.da.gov.ph/wp-content/uploads/2025/10/Price-Monitoring-October-25-2025.pdf
2025-10-25,Cartimar,tilapia,160,170,165,https://www.da.gov.ph/wp-content/uploads/2025/10/Price-Monitoring-October-25-2025.pdf
2025-10-25,Cartimar,tomato,120,130,125,https://www.da.gov.ph/wp-content/uploads/2025/10/Price-Monitoring-October-25-2025.pdf
2025-10-27,Cartimar,ampalaya,140,150,145,https://www.da.gov.ph/wp-content/uploads/2025/10/Price-Monitoring-October-27-2025.pdf
2025-10-27,Cartimar,cabbage,90,90,90,https://www.da.gov.ph/wp-content/uploads/2025/10/Price-Monitoring-October-27-2025.pdf
2025-10-27,Cartimar,eggplant,150,150,150,https://www.da.gov.ph/wp-content/uploads/2025/10/Price-Monitoring-October-27-2025.pdf
2025-10-27,Cartimar,galunggong_local,360,360,360,https://www.da.gov.ph/wp-content/uploads/2025/10/Price-Monitoring-October-27-2025.pdf
2025-10-27,Cartimar,red_onion_local,140,160,150,https://www.da.gov.ph/wp-content/uploads/2025/10/Price-Monitoring-October-27-2025.pdf
2025-10-27,Cartimar,tilapia,160,170,165,https://www.da.gov.ph/wp-content/uploads/2025/10/Price-Monitoring-October-27-2025.pdf
2025-10-27,Cartimar,tomato,120,130,125,https://www.da.gov.ph/wp-content/uploads/2025/10/Price-Monitoring-October-27-2025.pdf
2025-10-28,Cartimar,ampalaya,110,120,115,https://www.da.gov.ph/wp-content/uploads/2025/10/Price-Monitoring-October-28-2025.pdf
2025-10-28,Cartimar,cabbage,90,90,90,https://www.da.gov.ph/wp-content/uploads/2025/10/Price-Monitoring-October-28-2025.pdf
2025-10-28,Cartimar,eggplant,120,120,120,https://www.da.gov.ph/wp-content/uploads/2025/10/Price-Monitoring-October-28-2025.pdf
2025-10-28,Cartimar,galunggong_local,360,360,360,https://www.da.gov.ph/wp-content/uploads/2025/10/Price-Monitoring-October-28-2025.pdf
2025-10-28,Cartimar,red_onion_local,140,160,150,https://www.da.gov.ph/wp-content/uploads/2025/10/Price-Monitoring-October-28-2025.pdf
2025-10-28,Cartimar,tilapia,160,170,165,https://www.da.gov.ph/wp-content/uploads/2025/10/Price-Monitoring-October-28-2025.pdf
2025-10-28,Cartimar,tomato,130,130,130,https://www.da.gov.ph/wp-content/uploads/2025/10/Price-Monitoring-October-28-2025.pdf
2025-10-29,Cartimar,ampalaya,110,120,115,https://www.da.gov.ph/wp-content/uploads/2025/10/Price-Monitoring-October-29-2025.pdf
2025-10-29,Cartimar,cabbage,90,90,90,https://www.da.gov.ph/wp-content/uploads/2025/10/Price-Monitoring-October-29-2025.pdf
2025-10-29,Cartimar,eggplant,120,120,120,https://www.da.gov.ph/wp-content/uploads/2025/10/Price-Monitoring-October-29-2025.pdf
2025-10-29,Cartimar,galunggong_local,360,360,360,https://www.da.gov.ph/wp-content/uploads/2025/10/Price-Monitoring-October-29-2025.pdf
2025-10-29,Cartimar,red_onion_local,140,160,150,https://www.da.gov.ph/wp-content/uploads/2025/10/Price-Monitoring-October-29-2025.pdf
2025-10-29,Cartimar,tilapia,160,170,165,https://www.da.gov.ph/wp-content/uploads/2025/10/Price-Monitoring-October-29-2025.pdf
2025-10-29,Cartimar,tomato,130,130,130,https://www.da.gov.ph/wp-content/uploads/2025/10/Price-Monitoring-October-29-2025.pdf
2025-10-30,Cartimar,ampalaya,110,120,115,https://www.da.gov.ph/wp-content/uploads/2025/11/Price-Monitoring-October-30-2025.pdf
2025-10-30,Cartimar,cabbage,80,80,80,https://www.da.gov.ph/wp-content/uploads/2025/11/Price-Monitoring-October-30-2025.pdf
2025-10-30,Cartimar,eggplant,120,120,120,https://www.da.gov.ph/wp-content/uploads/2025/11/Price-Monitoring-October-30-2025.pdf
2025-10-30,Cartimar,galunggong_local,360,360,360,https://www.da.gov.ph/wp-content/uploads/2025/11/Price-Monitoring-October-30-2025.pdf
2025-10-30,Cartimar,red_onion_local,140,160,150,https://www.da.gov.ph/wp-content/uploads/2025/11/Price-Monitoring-October-30-2025.pdf
2025-10-30,Cartimar,tilapia,160,170,165,https://www.da.gov.ph/wp-content/uploads/2025/11/Price-Monitoring-October-30-2025.pdf
2025-10-30,Cartimar,tomato,130,130,130,https://www.da.gov.ph/wp-content/uploads/2025/11/Price-Monitoring-October-30-2025.pdf
2025-10-31,Cartimar,ampalaya,110,120,115,https://www.da.gov.ph/wp-content/uploads/2025/11/Price-Monitoring-October-31-2025.pdf
2025-10-31,Cartimar,cabbage,80,80,80,https://www.da.gov.ph/wp-content/uploads/2025/11/Price-Monitoring-October-31-2025.pdf
2025-10-31,Cartimar,eggplant,120,120,120,https://www.da.gov.ph/wp-content/uploads/2025/11/Price-Monitoring-October-31-2025.pdf
2025-10-31,Cartimar,galunggong_local,360,360,360,https://www.da.gov.ph/wp-content/uploads/2025/11/Price-Monitoring-October-31-2025.pdf
2025-10-31,Cartimar,red_onion_local,140,160,150,https://www.da.gov.ph/wp-content/uploads/2025/11/Price-Monitoring-October-31-2025.pdf
2025-10-31,Cartimar,tilapia,160,170,165,https://www.da.gov.ph/wp-content/uploads/2025/11/Price-Monitoring-October-31-2025.pdf
2025-10-31,Cartimar,tomato,120,120,120,https://www.da.gov.ph/wp-content/uploads/2025/11/Price-Monitoring-October-31-2025.pdf
2025-11-01,Cartimar,ampalaya,120,130,125,https://www.da.gov.ph/wp-content/uploads/2025/11/Price-Monitoring-November-1-2025.pdf
2025-11-01,Cartimar,cabbage,80,80,80,https://www.da.gov.ph/wp-content/uploads/2025/11/Price-Monitoring-November-1-2025.pdf
2025-11-01,Cartimar,eggplant,120,130,125,https://www.da.gov.ph/wp-content/uploads/2025/11/Price-Monitoring-November-1-2025.pdf
2025-11-01,Cartimar,galunggong_local,360,360,360,https://www.da.gov.ph/wp-content/uploads/2025/11/Price-Monitoring-November-1-2025.pdf
2025-11-01,Cartimar,red_onion_local,140,160,150,https://www.da.gov.ph/wp-content/uploads/2025/11/Price-Monitoring-November-1-2025.pdf
2025-11-01,Cartimar,tilapia,160,170,165,https://www.da.gov.ph/wp-content/uploads/2025/11/Price-Monitoring-November-1-2025.pdf
2025-11-01,Cartimar,tomato,120,120,120,https://www.da.gov.ph/wp-content/uploads/2025/11/Price-Monitoring-November-1-2025.pdf
2025-11-03,Cartimar,ampalaya,110,120,115,https://www.da.gov.ph/wp-content/uploads/2025/11/Price-Monitoring-November-3-2025.pdf
2025-11-03,Cartimar,cabbage,80,80,80,https://www.da.gov.ph/wp-content/uploads/2025/11/Price-Monitoring-November-3-2025.pdf
2025-11-03,Cartimar,eggplant,120,120,120,https://www.da.gov.ph/wp-content/uploads/2025/11/Price-Monitoring-November-3-2025.pdf
2025-11-03,Cartimar,galunggong_local,360,360,360,https://www.da.gov.ph/wp-content/uploads/2025/11/Price-Monitoring-November-3-2025.pdf
2025-11-03,Cartimar,red_onion_local,140,160,150,https://www.da.gov.ph/wp-content/uploads/2025/11/Price-Monitoring-November-3-2025.pdf
2025-11-03,Cartimar,tilapia,160,170,165,https://www.da.gov.ph/wp-content/uploads/2025/11/Price-Monitoring-November-3-2025.pdf
2025-11-03,Cartimar,tomato,120,120,120,https://www.da.gov.ph/wp-content/uploads/2025/11/Price-Monitoring-November-3-2025.pdf
2025-11-04,Cartimar,ampalaya,8.3,8.5,8.4,https://www.da.gov.ph/wp-content/uploads/2025/11/Price-Monitoring-November-4-2025.pdf
2025-11-04,Cartimar,cabbage,80,80,80,https://www.da.gov.ph/wp-content/uploads/2025/11/Price-Monitoring-November-4-2025.pdf
2025-11-04,Cartimar,eggplant,110,120,115,https://www.da.gov.ph/wp-content/uploads/2025/11/Price-Monitoring-November-4-2025.pdf
2025-11-04,Cartimar,galunggong_local,160,170,165,https://www.da.gov.ph/wp-content/uploads/2025/11/Price-Monitoring-November-4-2025.pdf
2025-11-04,Cartimar,red_onion_local,150,150,150,https://www.da.gov.ph/wp-content/uploads/2025/11/Price-Monitoring-November-4-2025.pdf
2025-11-04,Cartimar,tilapia,280,280,280,https://www.da.gov.ph/wp-content/uploads/2025/11/Price-Monitoring-November-4-2025.pdf
2025-11-04,Cartimar,tomato,120,120,120,https://www.da.gov.ph/wp-content/uploads/2025/11/Price-Monitoring-November-4-2025.pdf
2025-11-05,Cartimar,ampalaya,110,120,115,https://www.da.gov.ph/wp-content/uploads/2025/11/Revised-Price-Monitoring-November-5-2025.pdf
2025-11-05,Cartimar,cabbage,80,80,80,https://www.da.gov.ph/wp-content/uploads/2025/11/Revised-Price-Monitoring-November-5-2025.pdf
2025-11-05,Cartimar,eggplant,120,120,120,https://www.da.gov.ph/wp-content/uploads/2025/11/Revised-Price-Monitoring-November-5-2025.pdf
2025-11-05,Cartimar,galunggong_local,360,360,360,https://www.da.gov.ph/wp-content/uploads/2025/11/Revised-Price-Monitoring-November-5-2025.pdf
2025-11-05,Cartimar,red_onion_local,140,160,150,https://www.da.gov.ph/wp-content/uploads/2025/11/Revised-Price-Monitoring-November-5-2025.pdf
2025-11-05,Cartimar,tilapia,160,170,165,https://www.da.gov.ph/wp-content/uploads/2025/11/Revised-Price-Monitoring-November-5-2025.pdf
2025-11-05,Cartimar,tomato,120,120,120,https://www.da.gov.ph/wp-content/uploads/2025/11/Revised-Price-Monitoring-November-5-2025.pdf
2025-11-07,Cartimar,ampalaya,100,110,105,https://www.da.gov.ph/wp-content/uploads/2025/11/Price-Monitoring-November-7-2025.pdf
2025-11-07,Cartimar,cabbage,80,80,80,https://www.da.gov.ph/wp-content/uploads/2025/11/Price-Monitoring-November-7-2025.pdf
2025-11-07,Cartimar,eggplant,100,100,100,https://www.da.gov.ph/wp-content/uploads/2025/11/Price-Monitoring-November-7-2025.pdf
2025-11-07,Cartimar,galunggong_local,360,360,360,https://www.da.gov.ph/wp-content/uploads/2025/11/Price-Monitoring-November-7-2025.pdf
2025-11-07,Cartimar,red_onion_local,200,200,200,https://www.da.gov.ph/wp-content/uploads/2025/11/Price-Monitoring-November-7-2025.pdf
2025-11-07,Cartimar,tilapia,160,170,165,https://www.da.gov.ph/wp-content/uploads/2025/11/Price-Monitoring-November-7-2025.pdf
2025-11-07,Cartimar,tomato,120,120,120,https://www.da.gov.ph/wp-content/uploads/2025/11/Price-Monitoring-November-7-2025.pdf
2025-11-08,Cartimar,ampalaya,100,110,105,https://www.da.gov.ph/wp-content/uploads/2025/11/Price-Monitoring-November-8-2025.pdf
2025-11-08,Cartimar,cabbage,80,80,80,https://www.da.gov.ph/wp-content/uploads/2025/11/Price-Monitoring-November-8-2025.pdf
2025-11-08,Cartimar,eggplant,100,100,100,https://www.da.gov.ph/wp-content/uploads/2025/11/Price-Monitoring-November-8-2025.pdf
2025-11-08,Cartimar,galunggong_local,360,360,360,https://www.da.gov.ph/wp-content/uploads/2025/11/Price-Monitoring-November-8-2025.pdf
2025-11-08,Cartimar,red_onion_local,200,200,200,https://www.da.gov.ph/wp-content/uploads/2025/11/Price-Monitoring-November-8-2025.pdf
2025-11-08,Cartimar,tilapia,160,170,165,https://www.da.gov.ph/wp-content/uploads/2025/11/Price-Monitoring-November-8-2025.pdf
2025-11-08,Cartimar,tomato,120,120,120,https://www.da.gov.ph/wp-content/uploads/2025/11/Price-Monitoring-November-8-2025.pdf
2025-11-11,Cartimar,ampalaya,120,120,120,https://www.da.gov.ph/wp-content/uploads/2025/11/Price-Monitoring-November-11-2025.pdf
2025-11-11,Cartimar,cabbage,80,80,80,https://www.da.gov.ph/wp-content/uploads/2025/11/Price-Monitoring-November-11-2025.pdf
2025-11-11,Cartimar,eggplant,120,120,120,https://www.da.gov.ph/wp-content/uploads/2025/11/Price-Monitoring-November-11-2025.pdf
2025-11-11,Cartimar,galunggong_local,360,360,360,https://www.da.gov.ph/wp-content/uploads/2025/11/Price-Monitoring-November-11-2025.pdf
2025-11-11,Cartimar,red_onion_local,200,200,200,https://www.da.gov.ph/wp-content/uploads/2025/11/Price-Monitoring-November-11-2025.pdf
2025-11-11,Cartimar,tilapia,160,170,165,https://www.da.gov.ph/wp-content/uploads/2025/11/Price-Monitoring-November-11-2025.pdf
2025-11-11,Cartimar,tomato,120,120,120,https://www.da.gov.ph/wp-content/uploads/2025/11/Price-Monitoring-November-11-2025.pdf
2025-11-12,Cartimar,ampalaya,150,150,150,https://www.da.gov.ph/wp-content/uploads/2025/11/Price-Monitoring-November-12-2025.pdf
2025-11-12,Cartimar,cabbage,80,80,80,https://www.da.gov.ph/wp-content/uploads/2025/11/Price-Monitoring-November-12-2025.pdf
2025-11-12,Cartimar,eggplant,140,150,145,https://www.da.gov.ph/wp-content/uploads/2025/11/Price-Monitoring-November-12-2025.pdf
2025-11-12,Cartimar,galunggong_local,360,360,360,https://www.da.gov.ph/wp-content/uploads/2025/11/Price-Monitoring-November-12-2025.pdf
2025-11-12,Cartimar,red_onion_local,200,200,200,https://www.da.gov.ph/wp-content/uploads/2025/11/Price-Monitoring-November-12-2025.pdf
2025-11-12,Cartimar,tilapia,160,170,165,https://www.da.gov.ph/wp-content/uploads/2025/11/Price-Monitoring-November-12-2025.pdf
2025-11-12,Cartimar,tomato,160,170,165,https://www.da.gov.ph/wp-content/uploads/2025/11/Price-Monitoring-November-12-2025.pdf
2025-11-13,Cartimar,ampalaya,150,150,150,https://www.da.gov.ph/wp-content/uploads/2025/11/Price-Monitoring-November-13-2025.pdf
2025-11-13,Cartimar,cabbage,80,80,80,https://www.da.gov.ph/wp-content/uploads/2025/11/Price-Monitoring-November-13-2025.pdf
2025-11-13,Cartimar,eggplant,140,150,145,https://www.da.gov.ph/wp-content/uploads/2025/11/Price-Monitoring-November-13-2025.pdf
2025-11-13,Cartimar,galunggong_local,360,360,360,https://www.da.gov.ph/wp-content/uploads/2025/11/Price-Monitoring-November-13-2025.pdf
2025-11-13,Cartimar,red_onion_local,200,200,200,https://www.da.gov.ph/wp-content/uploads/2025/11/Price-Monitoring-November-13-2025.pdf
2025-11-13,Cartimar,tilapia,160,170,165,https://www.da.gov.ph/wp-content/uploads/2025/11/Price-Monitoring-November-13-2025.pdf
2025-11-13,Cartimar,tomato,160,170,165,https://www.da.gov.ph/wp-content/uploads/2025/11/Price-Monitoring-November-13-2025.pdf
2025-11-14,Cartimar,ampalaya,180,180,180,https://www.da.gov.ph/wp-content/uploads/2025/11/Price-Monitoring-November-14-2025.pdf
2025-11-14,Cartimar,cabbage,70,70,70,https://www.da.gov.ph/wp-content/uploads/2025/11/Price-Monitoring-November-14-2025.pdf
2025-11-14,Cartimar,eggplant,150,160,155,https://www.da.gov.ph/wp-content/uploads/2025/11/Price-Monitoring-November-14-2025.pdf
2025-11-14,Cartimar,galunggong_local,360,360,360,https://www.da.gov.ph/wp-content/uploads/2025/11/Price-Monitoring-November-14-2025.pdf
2025-11-14,Cartimar,red_onion_local,200,200,200,https://www.da.gov.ph/wp-content/uploads/2025/11/Price-Monitoring-November-14-2025.pdf
2025-11-14,Cartimar,tilapia,160,170,165,https://www.da.gov.ph/wp-content/uploads/2025/11/Price-Monitoring-November-14-2025.pdf
2025-11-14,Cartimar,tomato,160,170,165,https://www.da.gov.ph/wp-content/uploads/2025/11/Price-Monitoring-November-14-2025.pdf
2025-11-15,Cartimar,ampalaya,150,160,155,https://www.da.gov.ph/wp-content/uploads/2025/11/Price-Monitoring-November-15-2025.pdf
2025-11-15,Cartimar,cabbage,70,70,70,https://www.da.gov.ph/wp-content/uploads/2025/11/Price-Monitoring-November-15-2025.pdf
2025-11-15,Cartimar,eggplant,140,150,145,https://www.da.gov.ph/wp-content/uploads/2025/11/Price-Monitoring-November-15-2025.pdf
2025-11-15,Cartimar,galunggong_local,360,360,360,https://www.da.gov.ph/wp-content/uploads/2025/11/Price-Monitoring-November-15-2025.pdf
2025-11-15,Cartimar,red_onion_local,200,200,200,https://www.da.gov.ph/wp-content/uploads/2025/11/Price-Monitoring-November-15-2025.pdf
2025-11-15,Cartimar,tilapia,160,170,165,https://www.da.gov.ph/wp-content/uploads/2025/11/Price-Monitoring-November-15-2025.pdf
2025-11-15,Cartimar,tomato,150,160,155,https://www.da.gov.ph/wp-content/uploads/2025/11/Price-Monitoring-November-15-2025.pdf
2025-11-17,Cartimar,ampalaya,220,220,220,https://www.da.gov.ph/wp-content/uploads/2025/11/Price-Monitoring-November-17-2025.pdf
2025-11-17,Cartimar,cabbage,70,70,70,https://www.da.gov.ph/wp-content/uploads/2025/11/Price-Monitoring-November-17-2025.pdf
2025-11-17,Cartimar,eggplant,200,200,200,https://www.da.gov.ph/wp-content/uploads/2025/11/Price-Monitoring-November-17-2025.pdf
2025-11-17,Cartimar,galunggong_local,360,360,360,https://www.da.gov.ph/wp-content/uploads/2025/11/Price-Monitoring-November-17-2025.pdf
2025-11-17,Cartimar,red_onion_local,200,200,200,https://www.da.gov.ph/wp-content/uploads/2025/11/Price-Monitoring-November-17-2025.pdf
2025-11-17,Cartimar,tilapia,160,170,165,https://www.da.gov.ph/wp-content/uploads/2025/11/Price-Monitoring-November-17-2025.pdf
2025-11-17,Cartimar,tomato,150,160,155,https://www.da.gov.ph/wp-content/uploads/2025/11/Price-Monitoring-November-17-2025.pdf
2025-11-18,Cartimar,ampalaya,220,220,220,https://www.da.gov.ph/wp-content/uploads/2025/11/Price-Monitoring-November-18-2025.pdf
2025-11-18,Cartimar,cabbage,70,70,70,https://www.da.gov.ph/wp-content/uploads/2025/11/Price-Monitoring-November-18-2025.pdf
2025-11-18,Cartimar,eggplant,200,200,200,https://www.da.gov.ph/wp-content/uploads/2025/11/Price-Monitoring-November-18-2025.pdf
2025-11-18,Cartimar,galunggong_local,360,360,360,https://www.da.gov.ph/wp-content/uploads/2025/11/Price-Monitoring-November-18-2025.pdf
2025-11-18,Cartimar,red_onion_local,200,200,200,https://www.da.gov.ph/wp-content/uploads/2025/11/Price-Monitoring-November-18-2025.pdf
2025-11-18,Cartimar,tilapia,160,170,165,https://www.da.gov.ph/wp-content/uploads/2025/11/Price-Monitoring-November-18-2025.pdf
2025-11-18,Cartimar,tomato,130,140,135,https://www.da.gov.ph/wp-content/uploads/2025/11/Price-Monitoring-November-18-2025.pdf
2025-11-19,Cartimar,ampalaya,220,220,220,https://www.da.gov.ph/wp-content/uploads/2025/11/Price-Monitoring-November-19-2025.pdf
2025-11-19,Cartimar,cabbage,70,70,70,https://www.da.gov.ph/wp-content/uploads/2025/11/Price-Monitoring-November-19-2025.pdf
2025-11-19,Cartimar,eggplant,200,200,200,https://www.da.gov.ph/wp-content/uploads/2025/11/Price-Monitoring-November-19-2025.pdf
2025-11-19,Cartimar,galunggong_local,360,360,360,https://www.da.gov.ph/wp-content/uploads/2025/11/Price-Monitoring-November-19-2025.pdf
2025-11-19,Cartimar,red_onion_local,200,200,200,https://www.da.gov.ph/wp-content/uploads/2025/11/Price-Monitoring-November-19-2025.pdf
2025-11-19,Cartimar,tilapia,160,170,165,https://www.da.gov.ph/wp-content/uploads/2025/11/Price-Monitoring-November-19-2025.pdf
2025-11-19,Cartimar,tomato,130,140,135,https://www.da.gov.ph/wp-content/uploads/2025/11/Price-Monitoring-November-19-2025.pdf
2025-11-20,Cartimar,ampalaya,220,220,220,https://www.da.gov.ph/wp-content/uploads/2025/11/Price-Monitoring-November-20-2025.pdf
2025-11-20,Cartimar,cabbage,70,70,70,https://www.da.gov.ph/wp-content/uploads/2025/11/Price-Monitoring-November-20-2025.pdf
2025-11-20,Cartimar,eggplant,200,200,200,https://www.da.gov.ph/wp-content/uploads/2025/11/Price-Monitoring-November-20-2025.pdf
2025-11-20,Cartimar,red_onion_local,200,200,200,https://www.da.gov.ph/wp-content/uploads/2025/11/Price-Monitoring-November-20-2025.pdf
2025-11-20,Cartimar,tilapia,160,170,165,https://www.da.gov.ph/wp-content/uploads/2025/11/Price-Monitoring-November-20-2025.pdf
2025-11-20,Cartimar,tomato,130,140,135,https://www.da.gov.ph/wp-content/uploads/2025/11/Price-Monitoring-November-20-2025.pdf
2025-11-21,Cartimar,ampalaya,220,220,220,https://www.da.gov.ph/wp-content/uploads/2025/11/Price-Monitoring-November-21-2025.pdf
2025-11-21,Cartimar,cabbage,70,70,70,https://www.da.gov.ph/wp-content/uploads/2025/11/Price-Monitoring-November-21-2025.pdf
2025-11-21,Cartimar,eggplant,200,200,200,https://www.da.gov.ph/wp-content/uploads/2025/11/Price-Monitoring-November-21-2025.pdf
2025-11-21,Cartimar,red_onion_local,200,200,200,https://www.da.gov.ph/wp-content/uploads/2025/11/Price-Monitoring-November-21-2025.pdf
2025-11-21,Cartimar,tilapia,160,170,165,https://www.da.gov.ph/wp-content/uploads/2025/11/Price-Monitoring-November-21-2025.pdf
2025-11-21,Cartimar,tomato,130,140,135,https://www.da.gov.ph/wp-content/uploads/2025/11/Price-Monitoring-November-21-2025.pdf
2025-11-22,Cartimar,ampalaya,220,220,220,https://www.da.gov.ph/wp-content/uploads/2025/11/Price-Monitoring-November-22-2025.pdf
2025-11-22,Cartimar,cabbage,70,70,70,https://www.da.gov.ph/wp-content/uploads/2025/11/Price-Monitoring-November-22-2025.pdf
2025-11-22,Cartimar,eggplant,200,200,200,https://www.da.gov.ph/wp-content/uploads/2025/11/Price-Monitoring-November-22-2025.pdf
2025-11-22,Cartimar,red_onion_local,200,200,200,https://www.da.gov.ph/wp-content/uploads/2025/11/Price-Monitoring-November-22-2025.pdf
2025-11-22,Cartimar,tilapia,160,170,165,https://www.da.gov.ph/wp-content/uploads/2025/11/Price-Monitoring-November-22-2025.pdf
2025-11-22,Cartimar,tomato,130,140,135,https://www.da.gov.ph/wp-content/uploads/2025/11/Price-Monitoring-November-22-2025.pdf
2025-11-24,Cartimar,ampalaya,220,220,220,https://www.da.gov.ph/wp-content/uploads/2025/11/Price-Monitoring-November-24-2025.pdf
2025-11-24,Cartimar,cabbage,70,70,70,https://www.da.gov.ph/wp-content/uploads/2025/11/Price-Monitoring-November-24-2025.pdf
2025-11-24,Cartimar,eggplant,200,200,200,https://www.da.gov.ph/wp-content/uploads/2025/11/Price-Monitoring-November-24-2025.pdf
2025-11-24,Cartimar,red_onion_local,200,200,200,https://www.da.gov.ph/wp-content/uploads/2025/11/Price-Monitoring-November-24-2025.pdf
2025-11-24,Cartimar,tilapia,160,170,165,https://www.da.gov.ph/wp-content/uploads/2025/11/Price-Monitoring-November-24-2025.pdf
2025-11-24,Cartimar,tomato,120,130,125,https://www.da.gov.ph/wp-content/uploads/2025/11/Price-Monitoring-November-24-2025.pdf
2025-11-25,Cartimar,ampalaya,220,230,225,https://www.da.gov.ph/wp-content/uploads/2025/11/Price-Monitoring-November-25-2025.pdf
2025-11-25,Cartimar,cabbage,70,70,70,https://www.da.gov.ph/wp-content/uploads/2025/11/Price-Monitoring-November-25-2025.pdf
2025-11-25,Cartimar,eggplant,200,200,200,https://www.da.gov.ph/wp-content/uploads/2025/11/Price-Monitoring-November-25-2025.pdf
2025-11-25,Cartimar,red_onion_local,200,200,200,https://www.da.gov.ph/wp-content/uploads/2025/11/Price-Monitoring-November-25-2025.pdf
2025-11-25,Cartimar,tilapia,160,170,165,https://www.da.gov.ph/wp-content/uploads/2025/11/Price-Monitoring-November-25-2025.pdf
2025-11-25,Cartimar,tomato,140,140,140,https://www.da.gov.ph/wp-content/uploads/2025/11/Price-Monitoring-November-25-2025.pdf
2025-11-26,Cartimar,ampalaya,220,230,225,https://www.da.gov.ph/wp-content/uploads/2025/11/Price-Monitoring-November-26-2025.pdf
2025-11-26,Cartimar,cabbage,70,70,70,https://www.da.gov.ph/wp-content/uploads/2025/11/Price-Monitoring-November-26-2025.pdf
2025-11-26,Cartimar,eggplant,220,220,220,https://www.da.gov.ph/wp-content/uploads/2025/11/Price-Monitoring-November-26-2025.pdf
2025-11-26,Cartimar,red_onion_local,200,200,200,https://www.da.gov.ph/wp-content/uploads/2025/11/Price-Monitoring-November-26-2025.pdf
2025-11-26,Cartimar,tilapia,160,170,165,https://www.da.gov.ph/wp-content/uploads/2025/11/Price-Monitoring-November-26-2025.pdf
2025-11-26,Cartimar,tomato,140,140,140,https://www.da.gov.ph/wp-content/uploads/2025/11/Price-Monitoring-November-26-2025.pdf
2025-11-27,Cartimar,ampalaya,220,230,225,https://www.da.gov.ph/wp-content/uploads/2025/11/Price-Monitoring-November-27-2025.pdf
2025-11-27,Cartimar,cabbage,70,70,70,https://www.da.gov.ph/wp-content/uploads/2025/11/Price-Monitoring-November-27-2025.pdf
2025-11-27,Cartimar,eggplant,220,220,220,https://www.da.gov.ph/wp-content/uploads/2025/11/Price-Monitoring-November-27-2025.pdf
2025-11-27,Cartimar,red_onion_local,200,200,200,https://www.da.gov.ph/wp-content/uploads/2025/11/Price-Monitoring-November-27-2025.pdf
2025-11-27,Cartimar,tilapia,160,170,165,https://www.da.gov.ph/wp-content/uploads/2025/11/Price-Monitoring-November-27-2025.pdf
2025-11-27,Cartimar,tomato,140,140,140,https://www.da.gov.ph/wp-content/uploads/2025/11/Price-Monitoring-November-27-2025.pdf
2025-11-28,Cartimar,ampalaya,220,220,220,https://www.da.gov.ph/wp-content/uploads/2025/12/Price-Monitoring-November-28-2025.pdf
2025-11-28,Cartimar,cabbage,70,70,70,https://www.da.gov.ph/wp-content/uploads/2025/12/Price-Monitoring-November-28-2025.pdf
2025-11-28,Cartimar,eggplant,180,200,190,https://www.da.gov.ph/wp-content/uploads/2025/12/Price-Monitoring-November-28-2025.pdf
2025-11-28,Cartimar,red_onion_local,200,200,200,https://www.da.gov.ph/wp-content/uploads/2025/12/Price-Monitoring-November-28-2025.pdf
2025-11-28,Cartimar,tilapia,160,170,165,https://www.da.gov.ph/wp-content/uploads/2025/12/Price-Monitoring-November-28-2025.pdf
2025-11-28,Cartimar,tomato,140,140,140,https://www.da.gov.ph/wp-content/uploads/2025/12/Price-Monitoring-November-28-2025.pdf
2025-11-29,Cartimar,ampalaya,220,220,220,https://www.da.gov.ph/wp-content/uploads/2025/12/Price-Monitoring-November-29-2025.pdf
2025-11-29,Cartimar,cabbage,70,70,70,https://www.da.gov.ph/wp-content/uploads/2025/12/Price-Monitoring-November-29-2025.pdf
2025-11-29,Cartimar,eggplant,180,200,190,https://www.da.gov.ph/wp-content/uploads/2025/12/Price-Monitoring-November-29-2025.pdf
2025-11-29,Cartimar,red_onion_local,200,200,200,https://www.da.gov.ph/wp-content/uploads/2025/12/Price-Monitoring-November-29-2025.pdf
2025-11-29,Cartimar,tilapia,160,170,165,https://www.da.gov.ph/wp-content/uploads/2025/12/Price-Monitoring-November-29-2025.pdf
2025-11-29,Cartimar,tomato,140,140,140,https://www.da.gov.ph/wp-content/uploads/2025/12/Price-Monitoring-November-29-2025.pdf
2025-12-01,Cartimar,ampalaya,220,220,220,https://www.da.gov.ph/wp-content/uploads/2025/12/Price-Monitoring-December-1-2025.pdf
2025-12-01,Cartimar,cabbage,70,70,70,https://www.da.gov.ph/wp-content/uploads/2025/12/Price-Monitoring-December-1-2025.pdf
2025-12-01,Cartimar,eggplant,180,200,190,https://www.da.gov.ph/wp-content/uploads/2025/12/Price-Monitoring-December-1-2025.pdf
2025-12-01,Cartimar,red_onion_local,200,200,200,https://www.da.gov.ph/wp-content/uploads/2025/12/Price-Monitoring-December-1-2025.pdf
2025-12-01,Cartimar,tilapia,160,170,165,https://www.da.gov.ph/wp-content/uploads/2025/12/Price-Monitoring-December-1-2025.pdf
2025-12-01,Cartimar,tomato,140,140,140,https://www.da.gov.ph/wp-content/uploads/2025/12/Price-Monitoring-December-1-2025.pdf
2025-12-02,Cartimar,ampalaya,220,220,220,https://www.da.gov.ph/wp-content/uploads/2025/12/Price-Monitoring-December-2-2025.pdf
2025-12-02,Cartimar,cabbage,70,70,70,https://www.da.gov.ph/wp-content/uploads/2025/12/Price-Monitoring-December-2-2025.pdf
2025-12-02,Cartimar,eggplant,180,200,190,https://www.da.gov.ph/wp-content/uploads/2025/12/Price-Monitoring-December-2-2025.pdf
2025-12-02,Cartimar,red_onion_local,200,200,200,https://www.da.gov.ph/wp-content/uploads/2025/12/Price-Monitoring-December-2-2025.pdf
2025-12-02,Cartimar,tilapia,160,170,165,https://www.da.gov.ph/wp-content/uploads/2025/12/Price-Monitoring-December-2-2025.pdf
2025-12-02,Cartimar,tomato,140,140,140,https://www.da.gov.ph/wp-content/uploads/2025/12/Price-Monitoring-December-2-2025.pdf
2025-12-03,Cartimar,ampalaya,200,200,200,https://www.da.gov.ph/wp-content/uploads/2025/12/Price-Monitoring-December-3-2025.pdf
2025-12-03,Cartimar,cabbage,70,70,70,https://www.da.gov.ph/wp-content/uploads/2025/12/Price-Monitoring-December-3-2025.pdf
2025-12-03,Cartimar,eggplant,180,200,190,https://www.da.gov.ph/wp-content/uploads/2025/12/Price-Monitoring-December-3-2025.pdf
2025-12-03,Cartimar,red_onion_local,200,200,200,https://www.da.gov.ph/wp-content/uploads/2025/12/Price-Monitoring-December-3-2025.pdf
2025-12-03,Cartimar,tilapia,160,170,165,https://www.da.gov.ph/wp-content/uploads/2025/12/Price-Monitoring-December-3-2025.pdf
2025-12-03,Cartimar,tomato,140,140,140,https://www.da.gov.ph/wp-content/uploads/2025/12/Price-Monitoring-December-3-2025.pdf
2025-12-09,Cartimar,ampalaya,180,180,180,https://www.da.gov.ph/wp-content/uploads/2025/12/Price-Monitoring-December-9-2025.pdf
2025-12-09,Cartimar,cabbage,70,70,70,https://www.da.gov.ph/wp-content/uploads/2025/12/Price-Monitoring-December-9-2025.pdf
2025-12-09,Cartimar,eggplant,180,200,190,https://www.da.gov.ph/wp-content/uploads/2025/12/Price-Monitoring-December-9-2025.pdf
2025-12-09,Cartimar,tilapia,160,170,165,https://www.da.gov.ph/wp-content/uploads/2025/12/Price-Monitoring-December-9-2025.pdf
2025-12-09,Cartimar,tomato,140,140,140,https://www.da.gov.ph/wp-content/uploads/2025/12/Price-Monitoring-December-9-2025.pdf
2025-12-10,Cartimar,ampalaya,180,180,180,https://www.da.gov.ph/wp-content/uploads/2025/12/Price-Monitoring-December-10-2025.pdf
2025-12-10,Cartimar,cabbage,70,70,70,https://www.da.gov.ph/wp-content/uploads/2025/12/Price-Monitoring-December-10-2025.pdf
2025-12-10,Cartimar,eggplant,180,200,190,https://www.da.gov.ph/wp-content/uploads/2025/12/Price-Monitoring-December-10-2025.pdf
2025-12-10,Cartimar,tilapia,160,170,165,https://www.da.gov.ph/wp-content/uploads/2025/12/Price-Monitoring-December-10-2025.pdf
2025-12-10,Cartimar,tomato,140,140,140,https://www.da.gov.ph/wp-content/uploads/2025/12/Price-Monitoring-December-10-2025.pdf
2025-12-11,Cartimar,ampalaya,170,170,170,https://www.da.gov.ph/wp-content/uploads/2025/12/Price-Monitoring-December-11-2025.pdf
2025-12-11,Cartimar,cabbage,70,70,70,https://www.da.gov.ph/wp-content/uploads/2025/12/Price-Monitoring-December-11-2025.pdf
2025-12-11,Cartimar,eggplant,170,170,170,https://www.da.gov.ph/wp-content/uploads/2025/12/Price-Monitoring-December-11-2025.pdf
2025-12-11,Cartimar,tilapia,160,170,165,https://www.da.gov.ph/wp-content/uploads/2025/12/Price-Monitoring-December-11-2025.pdf
2025-12-11,Cartimar,tomato,140,140,140,https://www.da.gov.ph/wp-content/uploads/2025/12/Price-Monitoring-December-11-2025.pdf
2025-12-12,Cartimar,ampalaya,170,180,175,https://www.da.gov.ph/wp-content/uploads/2025/12/Price-Monitoring-December-12-2025.pdf
2025-12-12,Cartimar,cabbage,70,70,70,https://www.da.gov.ph/wp-content/uploads/2025/12/Price-Monitoring-December-12-2025.pdf
2025-12-12,Cartimar,eggplant,170,180,175,https://www.da.gov.ph/wp-content/uploads/2025/12/Price-Monitoring-December-12-2025.pdf
2025-12-12,Cartimar,tilapia,160,170,165,https://www.da.gov.ph/wp-content/uploads/2025/12/Price-Monitoring-December-12-2025.pdf
2025-12-12,Cartimar,tomato,140,140,140,https://www.da.gov.ph/wp-content/uploads/2025/12/Price-Monitoring-December-12-2025.pdf
2025-12-13,Cartimar,ampalaya,170,180,175,https://www.da.gov.ph/wp-content/uploads/2025/12/Price-Monitoring-December-13-2025.pdf
2025-12-13,Cartimar,cabbage,70,70,70,https://www.da.gov.ph/wp-content/uploads/2025/12/Price-Monitoring-December-13-2025.pdf
2025-12-13,Cartimar,eggplant,170,170,170,https://www.da.gov.ph/wp-content/uploads/2025/12/Price-Monitoring-December-13-2025.pdf
2025-12-13,Cartimar,tilapia,160,170,165,https://www.da.gov.ph/wp-content/uploads/2025/12/Price-Monitoring-December-13-2025.pdf
2025-12-13,Cartimar,tomato,140,140,140,https://www.da.gov.ph/wp-content/uploads/2025/12/Price-Monitoring-December-13-2025.pdf
2025-12-15,Cartimar,ampalaya,170,180,175,https://www.da.gov.ph/wp-content/uploads/2025/12/Price-Monitoring-December-15-2025.pdf
2025-12-15,Cartimar,cabbage,70,70,70,https://www.da.gov.ph/wp-content/uploads/2025/12/Price-Monitoring-December-15-2025.pdf
2025-12-15,Cartimar,eggplant,170,170,170,https://www.da.gov.ph/wp-content/uploads/2025/12/Price-Monitoring-December-15-2025.pdf
2025-12-15,Cartimar,tilapia,160,170,165,https://www.da.gov.ph/wp-content/uploads/2025/12/Price-Monitoring-December-15-2025.pdf
2025-12-15,Cartimar,tomato,140,140,140,https://www.da.gov.ph/wp-content/uploads/2025/12/Price-Monitoring-December-15-2025.pdf
2025-12-16,Cartimar,ampalaya,150,150,150,https://www.da.gov.ph/wp-content/uploads/2025/12/Price-Monitoring-December-16-2025.pdf
2025-12-16,Cartimar,cabbage,70,70,70,https://www.da.gov.ph/wp-content/uploads/2025/12/Price-Monitoring-December-16-2025.pdf
2025-12-16,Cartimar,eggplant,170,170,170,https://www.da.gov.ph/wp-content/uploads/2025/12/Price-Monitoring-December-16-2025.pdf
2025-12-16,Cartimar,tilapia,160,170,165,https://www.da.gov.ph/wp-content/uploads/2025/12/Price-Monitoring-December-16-2025.pdf
2025-12-16,Cartimar,tomato,140,140,140,https://www.da.gov.ph/wp-content/uploads/2025/12/Price-Monitoring-December-16-2025.pdf
2025-12-17,Cartimar,ampalaya,150,150,150,https://www.da.gov.ph/wp-content/uploads/2025/12/Price-Monitoring-December-17-2025.pdf
2025-12-17,Cartimar,cabbage,70,70,70,https://www.da.gov.ph/wp-content/uploads/2025/12/Price-Monitoring-December-17-2025.pdf
2025-12-17,Cartimar,eggplant,170,170,170,https://www.da.gov.ph/wp-content/uploads/2025/12/Price-Monitoring-December-17-2025.pdf
2025-12-17,Cartimar,tilapia,160,170,165,https://www.da.gov.ph/wp-content/uploads/2025/12/Price-Monitoring-December-17-2025.pdf
2025-12-17,Cartimar,tomato,140,140,140,https://www.da.gov.ph/wp-content/uploads/2025/12/Price-Monitoring-December-17-2025.pdf
2025-12-18,Cartimar,ampalaya,150,150,150,https://www.da.gov.ph/wp-content/uploads/2025/12/Price-Monitoring-December-18-2025.pdf
2025-12-18,Cartimar,cabbage,70,70,70,https://www.da.gov.ph/wp-content/uploads/2025/12/Price-Monitoring-December-18-2025.pdf
2025-12-18,Cartimar,eggplant,150,160,155,https://www.da.gov.ph/wp-content/uploads/2025/12/Price-Monitoring-December-18-2025.pdf
2025-12-18,Cartimar,tilapia,160,170,165,https://www.da.gov.ph/wp-content/uploads/2025/12/Price-Monitoring-December-18-2025.pdf
2025-12-18,Cartimar,tomato,140,140,140,https://www.da.gov.ph/wp-content/uploads/2025/12/Price-Monitoring-December-18-2025.pdf
2025-12-19,Cartimar,ampalaya,140,150,145,https://www.da.gov.ph/wp-content/uploads/2025/12/Price-Monitoring-December-19-2025.pdf
2025-12-19,Cartimar,cabbage,70,70,70,https://www.da.gov.ph/wp-content/uploads/2025/12/Price-Monitoring-December-19-2025.pdf
2025-12-19,Cartimar,eggplant,150,150,150,https://www.da.gov.ph/wp-content/uploads/2025/12/Price-Monitoring-December-19-2025.pdf
2025-12-19,Cartimar,tilapia,160,170,165,https://www.da.gov.ph/wp-content/uploads/2025/12/Price-Monitoring-December-19-2025.pdf
2025-12-19,Cartimar,tomato,140,140,140,https://www.da.gov.ph/wp-content/uploads/2025/12/Price-Monitoring-December-19-2025.pdf
2025-12-20,Cartimar,ampalaya,140,150,145,https://www.da.gov.ph/wp-content/uploads/2025/12/Price-Monitoring-December-20-2025.pdf
2025-12-20,Cartimar,cabbage,70,70,70,https://www.da.gov.ph/wp-content/uploads/2025/12/Price-Monitoring-December-20-2025.pdf
2025-12-20,Cartimar,eggplant,150,150,150,https://www.da.gov.ph/wp-content/uploads/2025/12/Price-Monitoring-December-20-2025.pdf
2025-12-20,Cartimar,tilapia,160,170,165,https://www.da.gov.ph/wp-content/uploads/2025/12/Price-Monitoring-December-20-2025.pdf
2025-12-20,Cartimar,tomato,150,160,155,https://www.da.gov.ph/wp-content/uploads/2025/12/Price-Monitoring-December-20-2025.pdf
2025-12-22,Cartimar,ampalaya,130,150,140,https://www.da.gov.ph/wp-content/uploads/2025/12/Price-Monitoring-December-22-2025.pdf
2025-12-22,Cartimar,cabbage,70,70,70,https://www.da.gov.ph/wp-content/uploads/2025/12/Price-Monitoring-December-22-2025.pdf
2025-12-22,Cartimar,eggplant,130,130,130,https://www.da.gov.ph/wp-content/uploads/2025/12/Price-Monitoring-December-22-2025.pdf
2025-12-22,Cartimar,tilapia,160,170,165,https://www.da.gov.ph/wp-content/uploads/2025/12/Price-Monitoring-December-22-2025.pdf
2025-12-22,Cartimar,tomato,150,160,155,https://www.da.gov.ph/wp-content/uploads/2025/12/Price-Monitoring-December-22-2025.pdf
2025-12-23,Cartimar,ampalaya,120,120,120,https://www.da.gov.ph/wp-content/uploads/2025/12/Price-Monitoring-December-23-2025.pdf
2025-12-23,Cartimar,cabbage,80,80,80,https://www.da.gov.ph/wp-content/uploads/2025/12/Price-Monitoring-December-23-2025.pdf
2025-12-23,Cartimar,eggplant,120,120,120,https://www.da.gov.ph/wp-content/uploads/2025/12/Price-Monitoring-December-23-2025.pdf
2025-12-23,Cartimar,tilapia,160,170,165,https://www.da.gov.ph/wp-content/uploads/2025/12/Price-Monitoring-December-23-2025.pdf
2025-12-23,Cartimar,tomato,170,180,175,https://www.da.gov.ph/wp-content/uploads/2025/12/Price-Monitoring-December-23-2025.pdf
2025-12-24,Cartimar,ampalaya,120,120,120,https://www.da.gov.ph/wp-content/uploads/2025/12/Price-Monitoring-December-24-2025.pdf
2025-12-24,Cartimar,cabbage,80,80,80,https://www.da.gov.ph/wp-content/uploads/2025/12/Price-Monitoring-December-24-2025.pdf
2025-12-24,Cartimar,eggplant,120,120,120,https://www.da.gov.ph/wp-content/uploads/2025/12/Price-Monitoring-December-24-2025.pdf
2025-12-24,Cartimar,tilapia,160,170,165,https://www.da.gov.ph/wp-content/uploads/2025/12/Price-Monitoring-December-24-2025.pdf
2025-12-24,Cartimar,tomato,170,180,175,https://www.da.gov.ph/wp-content/uploads/2025/12/Price-Monitoring-December-24-2025.pdf
2025-12-25,Cartimar,ampalaya,140,170,155,https://www.da.gov.ph/wp-content/uploads/2025/12/Price-Monitoring-December-25-2025.pdf
2025-12-25,Cartimar,cabbage,80,80,80,https://www.da.gov.ph/wp-content/uploads/2025/12/Price-Monitoring-December-25-2025.pdf
2025-12-25,Cartimar,eggplant,140,140,140,https://www.da.gov.ph/wp-content/uploads/2025/12/Price-Monitoring-December-25-2025.pdf
2025-12-25,Cartimar,tilapia,160,170,165,https://www.da.gov.ph/wp-content/uploads/2025/12/Price-Monitoring-December-25-2025.pdf
2025-12-25,Cartimar,tomato,170,180,175,https://www.da.gov.ph/wp-content/uploads/2025/12/Price-Monitoring-December-25-2025.pdf
2025-12-26,Cartimar,ampalaya,100,100,100,https://www.da.gov.ph/wp-content/uploads/2025/12/Price-Monitoring-December-26-2025.pdf
2025-12-26,Cartimar,cabbage,80,80,80,https://www.da.gov.ph/wp-content/uploads/2025/12/Price-Monitoring-December-26-2025.pdf
2025-12-26,Cartimar,eggplant,120,140,130,https://www.da.gov.ph/wp-content/uploads/2025/12/Price-Monitoring-December-26-2025.pdf
2025-12-26,Cartimar,tilapia,160,170,165,https://www.da.gov.ph/wp-content/uploads/2025/12/Price-Monitoring-December-26-2025.pdf
2025-12-26,Cartimar,tomato,170,180,175,https://www.da.gov.ph/wp-content/uploads/2025/12/Price-Monitoring-December-26-2025.pdf
2025-12-27,Cartimar,ampalaya,100,100,100,https://www.da.gov.ph/wp-content/uploads/2025/12/Price-Monitoring-December-27-2025.pdf
2025-12-27,Cartimar,cabbage,80,80,80,https://www.da.gov.ph/wp-content/uploads/2025/12/Price-Monitoring-December-27-2025.pdf
2025-12-27,Cartimar,eggplant,120,140,130,https://www.da.gov.ph/wp-content/uploads/2025/12/Price-Monitoring-December-27-2025.pdf
2025-12-27,Cartimar,tilapia,160,170,165,https://www.da.gov.ph/wp-content/uploads/2025/12/Price-Monitoring-December-27-2025.pdf
2025-12-27,Cartimar,tomato,180,180,180,https://www.da.gov.ph/wp-content/uploads/2025/12/Price-Monitoring-December-27-2025.pdf
2025-12-29,Cartimar,ampalaya,120,120,120,https://www.da.gov.ph/wp-content/uploads/2025/12/Price-Monitoring-December-29-2025.pdf
2025-12-29,Cartimar,cabbage,80,80,80,https://www.da.gov.ph/wp-content/uploads/2025/12/Price-Monitoring-December-29-2025.pdf
2025-12-29,Cartimar,eggplant,120,140,130,https://www.da.gov.ph/wp-content/uploads/2025/12/Price-Monitoring-December-29-2025.pdf
2025-12-29,Cartimar,tilapia,160,170,165,https://www.da.gov.ph/wp-content/uploads/2025/12/Price-Monitoring-December-29-2025.pdf
2025-12-29,Cartimar,tomato,220,220,220,https://www.da.gov.ph/wp-content/uploads/2025/12/Price-Monitoring-December-29-2025.pdf
2025-12-30,Cartimar,ampalaya,130,130,130,https://www.da.gov.ph/wp-content/uploads/2026/01/Price-Monitoring-December-30-2025.pdf
2025-12-30,Cartimar,cabbage,80,80,80,https://www.da.gov.ph/wp-content/uploads/2026/01/Price-Monitoring-December-30-2025.pdf
2025-12-30,Cartimar,eggplant,120,140,130,https://www.da.gov.ph/wp-content/uploads/2026/01/Price-Monitoring-December-30-2025.pdf
2025-12-30,Cartimar,tilapia,160,170,165,https://www.da.gov.ph/wp-content/uploads/2026/01/Price-Monitoring-December-30-2025.pdf
2025-12-30,Cartimar,tomato,250,250,250,https://www.da.gov.ph/wp-content/uploads/2026/01/Price-Monitoring-December-30-2025.pdf
2025-12-31,Cartimar,ampalaya,130,130,130,https://www.da.gov.ph/wp-content/uploads/2026/01/Price-Monitoring-December-31-2025.pdf
2025-12-31,Cartimar,cabbage,80,80,80,https://www.da.gov.ph/wp-content/uploads/2026/01/Price-Monitoring-December-31-2025.pdf
2025-12-31,Cartimar,eggplant,120,140,130,https://www.da.gov.ph/wp-content/uploads/2026/01/Price-Monitoring-December-31-2025.pdf
2025-12-31,Cartimar,tilapia,160,170,165,https://www.da.gov.ph/wp-content/uploads/2026/01/Price-Monitoring-December-31-2025.pdf
2025-12-31,Cartimar,tomato,250,250,250,https://www.da.gov.ph/wp-content/uploads/2026/01/Price-Monitoring-December-31-2025.pdf
2026-01-02,Cartimar,ampalaya,120,120,120,https://www.da.gov.ph/wp-content/uploads/2026/01/Price-Monitoring-January-2-2026.pdf
2026-01-02,Cartimar,cabbage,80,80,80,https://www.da.gov.ph/wp-content/uploads/2026/01/Price-Monitoring-January-2-2026.pdf
2026-01-02,Cartimar,eggplant,120,140,130,https://www.da.gov.ph/wp-content/uploads/2026/01/Price-Monitoring-January-2-2026.pdf
2026-01-02,Cartimar,tilapia,160,170,165,https://www.da.gov.ph/wp-content/uploads/2026/01/Price-Monitoring-January-2-2026.pdf
2026-01-02,Cartimar,tomato,250,250,250,https://www.da.gov.ph/wp-content/uploads/2026/01/Price-Monitoring-January-2-2026.pdf
2026-01-03,Cartimar,ampalaya,120,120,120,https://www.da.gov.ph/wp-content/uploads/2026/01/Price-Monitoring-January-3-2026.pdf
2026-01-03,Cartimar,cabbage,80,80,80,https://www.da.gov.ph/wp-content/uploads/2026/01/Price-Monitoring-January-3-2026.pdf
2026-01-03,Cartimar,eggplant,120,140,130,https://www.da.gov.ph/wp-content/uploads/2026/01/Price-Monitoring-January-3-2026.pdf
2026-01-03,Cartimar,tilapia,160,170,165,https://www.da.gov.ph/wp-content/uploads/2026/01/Price-Monitoring-January-3-2026.pdf
2026-01-03,Cartimar,tomato,250,260,255,https://www.da.gov.ph/wp-content/uploads/2026/01/Price-Monitoring-January-3-2026.pdf
2026-01-05,Cartimar,ampalaya,120,120,120,https://www.da.gov.ph/wp-content/uploads/2026/01/Price-Monitoring-January-5-2026.pdf
2026-01-05,Cartimar,cabbage,80,80,80,https://www.da.gov.ph/wp-content/uploads/2026/01/Price-Monitoring-January-5-2026.pdf
2026-01-05,Cartimar,eggplant,120,140,130,https://www.da.gov.ph/wp-content/uploads/2026/01/Price-Monitoring-January-5-2026.pdf
2026-01-05,Cartimar,tilapia,160,170,165,https://www.da.gov.ph/wp-content/uploads/2026/01/Price-Monitoring-January-5-2026.pdf
2026-01-05,Cartimar,tomato,220,220,220,https://www.da.gov.ph/wp-content/uploads/2026/01/Price-Monitoring-January-5-2026.pdf
2026-01-06,Cartimar,ampalaya,140,170,155,https://www.da.gov.ph/wp-content/uploads/2026/01/Price-Monitoring-January-6-2026.pdf
2026-01-06,Cartimar,cabbage,80,80,80,https://www.da.gov.ph/wp-content/uploads/2026/01/Price-Monitoring-January-6-2026.pdf
2026-01-06,Cartimar,eggplant,140,140,140,https://www.da.gov.ph/wp-content/uploads/2026/01/Price-Monitoring-January-6-2026.pdf
2026-01-06,Cartimar,tilapia,160,170,165,https://www.da.gov.ph/wp-content/uploads/2026/01/Price-Monitoring-January-6-2026.pdf
2026-01-06,Cartimar,tomato,220,220,220,https://www.da.gov.ph/wp-content/uploads/2026/01/Price-Monitoring-January-6-2026.pdf
2026-01-07,Cartimar,ampalaya,140,150,145,https://www.da.gov.ph/wp-content/uploads/2026/01/Price-Monitoring-January-7-2026.pdf
2026-01-07,Cartimar,cabbage,80,80,80,https://www.da.gov.ph/wp-content/uploads/2026/01/Price-Monitoring-January-7-2026.pdf
2026-01-07,Cartimar,eggplant,140,140,140,https://www.da.gov.ph/wp-content/uploads/2026/01/Price-Monitoring-January-7-2026.pdf
2026-01-07,Cartimar,tilapia,160,170,165,https://www.da.gov.ph/wp-content/uploads/2026/01/Price-Monitoring-January-7-2026.pdf
2026-01-07,Cartimar,tomato,220,220,220,https://www.da.gov.ph/wp-content/uploads/2026/01/Price-Monitoring-January-7-2026.pdf
2026-01-08,Cartimar,ampalaya,140,170,155,https://www.da.gov.ph/wp-content/uploads/2026/01/Price-Monitoring-January-8-2026.pdf
2026-01-08,Cartimar,cabbage,80,80,80,https://www.da.gov.ph/wp-content/uploads/2026/01/Price-Monitoring-January-8-2026.pdf
2026-01-08,Cartimar,eggplant,140,140,140,https://www.da.gov.ph/wp-content/uploads/2026/01/Price-Monitoring-January-8-2026.pdf
2026-01-08,Cartimar,tilapia,160,170,165,https://www.da.gov.ph/wp-content/uploads/2026/01/Price-Monitoring-January-8-2026.pdf
2026-01-08,Cartimar,tomato,190,220,205,https://www.da.gov.ph/wp-content/uploads/2026/01/Price-Monitoring-January-8-2026.pdf
2026-01-09,Cartimar,ampalaya,140,170,155,https://www.da.gov.ph/wp-content/uploads/2026/01/Price-Monitoring-January-9-2026.pdf
2026-01-09,Cartimar,cabbage,80,80,80,https://www.da.gov.ph/wp-content/uploads/2026/01/Price-Monitoring-January-9-2026.pdf
2026-01-09,Cartimar,eggplant,140,140,140,https://www.da.gov.ph/wp-content/uploads/2026/01/Price-Monitoring-January-9-2026.pdf
2026-01-09,Cartimar,tilapia,160,170,165,https://www.da.gov.ph/wp-content/uploads/2026/01/Price-Monitoring-January-9-2026.pdf
2026-01-09,Cartimar,tomato,190,220,205,https://www.da.gov.ph/wp-content/uploads/2026/01/Price-Monitoring-January-9-2026.pdf
2026-01-10,Cartimar,ampalaya,140,170,155,https://www.da.gov.ph/wp-content/uploads/2026/01/Price-Monitoring-January-10-2026.pdf
2026-01-10,Cartimar,cabbage,80,80,80,https://www.da.gov.ph/wp-content/uploads/2026/01/Price-Monitoring-January-10-2026.pdf
2026-01-10,Cartimar,eggplant,140,140,140,https://www.da.gov.ph/wp-content/uploads/2026/01/Price-Monitoring-January-10-2026.pdf
2026-01-10,Cartimar,tilapia,160,170,165,https://www.da.gov.ph/wp-content/uploads/2026/01/Price-Monitoring-January-10-2026.pdf
2026-01-10,Cartimar,tomato,190,220,205,https://www.da.gov.ph/wp-content/uploads/2026/01/Price-Monitoring-January-10-2026.pdf
2026-01-12,Cartimar,ampalaya,160,170,165,https://www.da.gov.ph/wp-content/uploads/2026/01/Price-Monitoring-January-12-2026.pdf
2026-01-12,Cartimar,cabbage,80,80,80,https://www.da.gov.ph/wp-content/uploads/2026/01/Price-Monitoring-January-12-2026.pdf
2026-01-12,Cartimar,eggplant,140,140,140,https://www.da.gov.ph/wp-content/uploads/2026/01/Price-Monitoring-January-12-2026.pdf
2026-01-12,Cartimar,tilapia,160,170,165,https://www.da.gov.ph/wp-content/uploads/2026/01/Price-Monitoring-January-12-2026.pdf
2026-01-12,Cartimar,tomato,190,220,205,https://www.da.gov.ph/wp-content/uploads/2026/01/Price-Monitoring-January-12-2026.pdf
2026-01-13,Cartimar,ampalaya,160,170,165,https://www.da.gov.ph/wp-content/uploads/2026/01/Price-Monitoring-January-13-2026.pdf
2026-01-13,Cartimar,cabbage,80,80,80,https://www.da.gov.ph/wp-content/uploads/2026/01/Price-Monitoring-January-13-2026.pdf
2026-01-13,Cartimar,eggplant,140,140,140,https://www.da.gov.ph/wp-content/uploads/2026/01/Price-Monitoring-January-13-2026.pdf
2026-01-13,Cartimar,tilapia,160,170,165,https://www.da.gov.ph/wp-content/uploads/2026/01/Price-Monitoring-January-13-2026.pdf
2026-01-13,Cartimar,tomato,190,220,205,https://www.da.gov.ph/wp-content/uploads/2026/01/Price-Monitoring-January-13-2026.pdf
2026-01-14,Cartimar,ampalaya,170,180,175,https://www.da.gov.ph/wp-content/uploads/2026/01/Price-Monitoring-January-14-2026.pdf
2026-01-14,Cartimar,cabbage,80,80,80,https://www.da.gov.ph/wp-content/uploads/2026/01/Price-Monitoring-January-14-2026.pdf
2026-01-14,Cartimar,eggplant,130,130,130,https://www.da.gov.ph/wp-content/uploads/2026/01/Price-Monitoring-January-14-2026.pdf
2026-01-14,Cartimar,tilapia,160,170,165,https://www.da.gov.ph/wp-content/uploads/2026/01/Price-Monitoring-January-14-2026.pdf
2026-01-14,Cartimar,tomato,190,200,195,https://www.da.gov.ph/wp-content/uploads/2026/01/Price-Monitoring-January-14-2026.pdf
2026-01-15,Cartimar,ampalaya,170,170,170,https://www.da.gov.ph/wp-content/uploads/2026/01/Price-Monitoring-January-15-2026.pdf
2026-01-15,Cartimar,cabbage,80,80,80,https://www.da.gov.ph/wp-content/uploads/2026/01/Price-Monitoring-January-15-2026.pdf
2026-01-15,Cartimar,eggplant,130,130,130,https://www.da.gov.ph/wp-content/uploads/2026/01/Price-Monitoring-January-15-2026.pdf
2026-01-15,Cartimar,tilapia,160,170,165,https://www.da.gov.ph/wp-content/uploads/2026/01/Price-Monitoring-January-15-2026.pdf
2026-01-15,Cartimar,tomato,190,200,195,https://www.da.gov.ph/wp-content/uploads/2026/01/Price-Monitoring-January-15-2026.pdf
2026-01-16,Cartimar,ampalaya,160,170,165,https://www.da.gov.ph/wp-content/uploads/2026/01/Price-Monitoring-January-16-2026.pdf
2026-01-16,Cartimar,cabbage,80,80,80,https://www.da.gov.ph/wp-content/uploads/2026/01/Price-Monitoring-January-16-2026.pdf
2026-01-16,Cartimar,eggplant,120,130,125,https://www.da.gov.ph/wp-content/uploads/2026/01/Price-Monitoring-January-16-2026.pdf
2026-01-16,Cartimar,tilapia,160,170,165,https://www.da.gov.ph/wp-content/uploads/2026/01/Price-Monitoring-January-16-2026.pdf
2026-01-16,Cartimar,tomato,170,170,170,https://www.da.gov.ph/wp-content/uploads/2026/01/Price-Monitoring-January-16-2026.pdf
2026-01-17,Cartimar,ampalaya,150,160,155,https://www.da.gov.ph/wp-content/uploads/2026/01/Price-Monitoring-January-17-2026.pdf
2026-01-17,Cartimar,cabbage,80,80,80,https://www.da.gov.ph/wp-content/uploads/2026/01/Price-Monitoring-January-17-2026.pdf
2026-01-17,Cartimar,eggplant,120,130,125,https://www.da.gov.ph/wp-content/uploads/2026/01/Price-Monitoring-January-17-2026.pdf
2026-01-17,Cartimar,tilapia,160,170,165,https://www.da.gov.ph/wp-content/uploads/2026/01/Price-Monitoring-January-17-2026.pdf
2026-01-17,Cartimar,tomato,170,170,170,https://www.da.gov.ph/wp-content/uploads/2026/01/Price-Monitoring-January-17-2026.pdf
2026-01-19,Cartimar,ampalaya,150,150,150,https://www.da.gov.ph/wp-content/uploads/2026/01/Price-Monitoring-January-19-2026.pdf
2026-01-19,Cartimar,cabbage,80,80,80,https://www.da.gov.ph/wp-content/uploads/2026/01/Price-Monitoring-January-19-2026.pdf
2026-01-19,Cartimar,eggplant,120,130,125,https://www.da.gov.ph/wp-content/uploads/2026/01/Price-Monitoring-January-19-2026.pdf
2026-01-19,Cartimar,tilapia,160,170,165,https://www.da.gov.ph/wp-content/uploads/2026/01/Price-Monitoring-January-19-2026.pdf
2026-01-19,Cartimar,tomato,140,140,140,https://www.da.gov.ph/wp-content/uploads/2026/01/Price-Monitoring-January-19-2026.pdf
2026-01-20,Cartimar,ampalaya,150,150,150,https://www.da.gov.ph/wp-content/uploads/2026/01/Price-Monitoring-January-20-2026.pdf
2026-01-20,Cartimar,cabbage,80,80,80,https://www.da.gov.ph/wp-content/uploads/2026/01/Price-Monitoring-January-20-2026.pdf
2026-01-20,Cartimar,eggplant,120,130,125,https://www.da.gov.ph/wp-content/uploads/2026/01/Price-Monitoring-January-20-2026.pdf
2026-01-20,Cartimar,tilapia,160,170,165,https://www.da.gov.ph/wp-content/uploads/2026/01/Price-Monitoring-January-20-2026.pdf
2026-01-20,Cartimar,tomato,140,140,140,https://www.da.gov.ph/wp-content/uploads/2026/01/Price-Monitoring-January-20-2026.pdf
2026-01-21,Cartimar,ampalaya,160,170,165,https://www.da.gov.ph/wp-content/uploads/2026/01/Price-Monitoring-January-21-2026.pdf
2026-01-21,Cartimar,cabbage,80,80,80,https://www.da.gov.ph/wp-content/uploads/2026/01/Price-Monitoring-January-21-2026.pdf
2026-01-21,Cartimar,eggplant,120,130,125,https://www.da.gov.ph/wp-content/uploads/2026/01/Price-Monitoring-January-21-2026.pdf
2026-01-21,Cartimar,tilapia,160,170,165,https://www.da.gov.ph/wp-content/uploads/2026/01/Price-Monitoring-January-21-2026.pdf
2026-01-21,Cartimar,tomato,150,160,155,https://www.da.gov.ph/wp-content/uploads/2026/01/Price-Monitoring-January-21-2026.pdf
2026-01-22,Cartimar,ampalaya,160,170,165,https://www.da.gov.ph/wp-content/uploads/2026/01/Price-Monitoring-January-22-2026.pdf
2026-01-22,Cartimar,cabbage,80,80,80,https://www.da.gov.ph/wp-content/uploads/2026/01/Price-Monitoring-January-22-2026.pdf
2026-01-22,Cartimar,eggplant,120,130,125,https://www.da.gov.ph/wp-content/uploads/2026/01/Price-Monitoring-January-22-2026.pdf
2026-01-22,Cartimar,tilapia,160,170,165,https://www.da.gov.ph/wp-content/uploads/2026/01/Price-Monitoring-January-22-2026.pdf
2026-01-22,Cartimar,tomato,150,160,155,https://www.da.gov.ph/wp-content/uploads/2026/01/Price-Monitoring-January-22-2026.pdf
2026-01-23,Cartimar,ampalaya,160,160,160,https://www.da.gov.ph/wp-content/uploads/2026/01/Price-Monitoring-January-23-2026.pdf
2026-01-23,Cartimar,cabbage,80,80,80,https://www.da.gov.ph/wp-content/uploads/2026/01/Price-Monitoring-January-23-2026.pdf
2026-01-23,Cartimar,eggplant,120,130,125,https://www.da.gov.ph/wp-content/uploads/2026/01/Price-Monitoring-January-23-2026.pdf
2026-01-23,Cartimar,tilapia,160,170,165,https://www.da.gov.ph/wp-content/uploads/2026/01/Price-Monitoring-January-23-2026.pdf
2026-01-23,Cartimar,tomato,150,160,155,https://www.da.gov.ph/wp-content/uploads/2026/01/Price-Monitoring-January-23-2026.pdf
2026-01-24,Cartimar,ampalaya,160,160,160,https://www.da.gov.ph/wp-content/uploads/2026/01/Price-Monitoring-January-24-2026.pdf
2026-01-24,Cartimar,cabbage,80,80,80,https://www.da.gov.ph/wp-content/uploads/2026/01/Price-Monitoring-January-24-2026.pdf
2026-01-24,Cartimar,eggplant,120,130,125,https://www.da.gov.ph/wp-content/uploads/2026/01/Price-Monitoring-January-24-2026.pdf
2026-01-24,Cartimar,tilapia,160,170,165,https://www.da.gov.ph/wp-content/uploads/2026/01/Price-Monitoring-January-24-2026.pdf
2026-01-24,Cartimar,tomato,150,160,155,https://www.da.gov.ph/wp-content/uploads/2026/01/Price-Monitoring-January-24-2026.pdf
2026-01-26,Cartimar,ampalaya,160,160,160,https://www.da.gov.ph/wp-content/uploads/2026/01/Price-Monitoring-January-26-2026.pdf
2026-01-26,Cartimar,cabbage,80,80,80,https://www.da.gov.ph/wp-content/uploads/2026/01/Price-Monitoring-January-26-2026.pdf
2026-01-26,Cartimar,eggplant,120,130,125,https://www.da.gov.ph/wp-content/uploads/2026/01/Price-Monitoring-January-26-2026.pdf
2026-01-26,Cartimar,tilapia,160,170,165,https://www.da.gov.ph/wp-content/uploads/2026/01/Price-Monitoring-January-26-2026.pdf
2026-01-26,Cartimar,tomato,130,140,135,https://www.da.gov.ph/wp-content/uploads/2026/01/Price-Monitoring-January-26-2026.pdf
2026-01-27,Cartimar,ampalaya,150,160,155,https://www.da.gov.ph/wp-content/uploads/2026/01/Price-Monitoring-January-27-2026.pdf
2026-01-27,Cartimar,cabbage,80,80,80,https://www.da.gov.ph/wp-content/uploads/2026/01/Price-Monitoring-January-27-2026.pdf
2026-01-27,Cartimar,eggplant,120,130,125,https://www.da.gov.ph/wp-content/uploads/2026/01/Price-Monitoring-January-27-2026.pdf
2026-01-27,Cartimar,tilapia,160,170,165,https://www.da.gov.ph/wp-content/uploads/2026/01/Price-Monitoring-January-27-2026.pdf
2026-01-27,Cartimar,tomato,130,140,135,https://www.da.gov.ph/wp-content/uploads/2026/01/Price-Monitoring-January-27-2026.pdf
2026-01-28,Cartimar,ampalaya,160,170,165,https://www.da.gov.ph/wp-content/uploads/2026/01/Price-Monitoring-January-28-2026.pdf
2026-01-28,Cartimar,cabbage,80,80,80,https://www.da.gov.ph/wp-content/uploads/2026/01/Price-Monitoring-January-28-2026.pdf
2026-01-28,Cartimar,eggplant,130,130,130,https://www.da.gov.ph/wp-content/uploads/2026/01/Price-Monitoring-January-28-2026.pdf
2026-01-28,Cartimar,tilapia,160,170,165,https://www.da.gov.ph/wp-content/uploads/2026/01/Price-Monitoring-January-28-2026.pdf
2026-01-28,Cartimar,tomato,120,130,125,https://www.da.gov.ph/wp-content/uploads/2026/01/Price-Monitoring-January-28-2026.pdf
2026-01-29,Cartimar,ampalaya,160,170,165,https://www.da.gov.ph/wp-content/uploads/2026/01/Price-Monitoring-January-29-2026.pdf
2026-01-29,Cartimar,cabbage,80,80,80,https://www.da.gov.ph/wp-content/uploads/2026/01/Price-Monitoring-January-29-2026.pdf
2026-01-29,Cartimar,eggplant,130,130,130,https://www.da.gov.ph/wp-content/uploads/2026/01/Price-Monitoring-January-29-2026.pdf
2026-01-29,Cartimar,tilapia,160,170,165,https://www.da.gov.ph/wp-content/uploads/2026/01/Price-Monitoring-January-29-2026.pdf
2026-01-29,Cartimar,tomato,120,130,125,https://www.da.gov.ph/wp-content/uploads/2026/01/Price-Monitoring-January-29-2026.pdf
2026-01-30,Cartimar,ampalaya,160,170,165,https://www.da.gov.ph/wp-content/uploads/2026/02/Price-Monitoring-January-30-2026.pdf
2026-01-30,Cartimar,cabbage,80,80,80,https://www.da.gov.ph/wp-content/uploads/2026/02/Price-Monitoring-January-30-2026.pdf
2026-01-30,Cartimar,eggplant,130,130,130,https://www.da.gov.ph/wp-content/uploads/2026/02/Price-Monitoring-January-30-2026.pdf
2026-01-30,Cartimar,tilapia,160,170,165,https://www.da.gov.ph/wp-content/uploads/2026/02/Price-Monitoring-January-30-2026.pdf
2026-01-30,Cartimar,tomato,120,130,125,https://www.da.gov.ph/wp-content/uploads/2026/02/Price-Monitoring-January-30-2026.pdf
2026-01-31,Cartimar,ampalaya,160,170,165,https://www.da.gov.ph/wp-content/uploads/2026/02/Price-Monitoring-January-31-2026.pdf
2026-01-31,Cartimar,cabbage,80,80,80,https://www.da.gov.ph/wp-content/uploads/2026/02/Price-Monitoring-January-31-2026.pdf
2026-01-31,Cartimar,eggplant,130,130,130,https://www.da.gov.ph/wp-content/uploads/2026/02/Price-Monitoring-January-31-2026.pdf
2026-01-31,Cartimar,tilapia,160,170,165,https://www.da.gov.ph/wp-content/uploads/2026/02/Price-Monitoring-January-31-2026.pdf
2026-01-31,Cartimar,tomato,100,100,100,https://www.da.gov.ph/wp-content/uploads/2026/02/Price-Monitoring-January-31-2026.pdf
2026-02-02,Cartimar,ampalaya,160,170,165,https://www.da.gov.ph/wp-content/uploads/2026/02/Price-Monitoring-February-2-2026.pdf
2026-02-02,Cartimar,cabbage,80,80,80,https://www.da.gov.ph/wp-content/uploads/2026/02/Price-Monitoring-February-2-2026.pdf
2026-02-02,Cartimar,eggplant,130,130,130,https://www.da.gov.ph/wp-content/uploads/2026/02/Price-Monitoring-February-2-2026.pdf
2026-02-02,Cartimar,tilapia,160,170,165,https://www.da.gov.ph/wp-content/uploads/2026/02/Price-Monitoring-February-2-2026.pdf
2026-02-02,Cartimar,tomato,100,100,100,https://www.da.gov.ph/wp-content/uploads/2026/02/Price-Monitoring-February-2-2026.pdf
2026-02-03,Cartimar,ampalaya,150,160,155,https://www.da.gov.ph/wp-content/uploads/2026/02/Price-Monitoring-February-3-2026.pdf
2026-02-03,Cartimar,cabbage,80,80,80,https://www.da.gov.ph/wp-content/uploads/2026/02/Price-Monitoring-February-3-2026.pdf
2026-02-03,Cartimar,eggplant,130,130,130,https://www.da.gov.ph/wp-content/uploads/2026/02/Price-Monitoring-February-3-2026.pdf
2026-02-03,Cartimar,tilapia,160,170,165,https://www.da.gov.ph/wp-content/uploads/2026/02/Price-Monitoring-February-3-2026.pdf
2026-02-03,Cartimar,tomato,100,100,100,https://www.da.gov.ph/wp-content/uploads/2026/02/Price-Monitoring-February-3-2026.pdf
2026-02-04,Cartimar,ampalaya,160,170,165,https://www.da.gov.ph/wp-content/uploads/2026/02/Price-Monitoring-February-4-2026.pdf
2026-02-04,Cartimar,cabbage,80,80,80,https://www.da.gov.ph/wp-content/uploads/2026/02/Price-Monitoring-February-4-2026.pdf
2026-02-04,Cartimar,eggplant,130,130,130,https://www.da.gov.ph/wp-content/uploads/2026/02/Price-Monitoring-February-4-2026.pdf
2026-02-04,Cartimar,tilapia,160,170,165,https://www.da.gov.ph/wp-content/uploads/2026/02/Price-Monitoring-February-4-2026.pdf
2026-02-04,Cartimar,tomato,100,100,100,https://www.da.gov.ph/wp-content/uploads/2026/02/Price-Monitoring-February-4-2026.pdf
2026-02-05,Cartimar,ampalaya,160,170,165,https://www.da.gov.ph/wp-content/uploads/2026/02/Price-Monitoring-February-5-2026.pdf
2026-02-05,Cartimar,cabbage,80,80,80,https://www.da.gov.ph/wp-content/uploads/2026/02/Price-Monitoring-February-5-2026.pdf
2026-02-05,Cartimar,eggplant,120,120,120,https://www.da.gov.ph/wp-content/uploads/2026/02/Price-Monitoring-February-5-2026.pdf
2026-02-05,Cartimar,tilapia,160,170,165,https://www.da.gov.ph/wp-content/uploads/2026/02/Price-Monitoring-February-5-2026.pdf
2026-02-05,Cartimar,tomato,100,100,100,https://www.da.gov.ph/wp-content/uploads/2026/02/Price-Monitoring-February-5-2026.pdf
2026-02-06,Cartimar,ampalaya,160,170,165,https://www.da.gov.ph/wp-content/uploads/2026/02/Price-Monitoring-February-6-2026.pdf
2026-02-06,Cartimar,cabbage,80,80,80,https://www.da.gov.ph/wp-content/uploads/2026/02/Price-Monitoring-February-6-2026.pdf
2026-02-06,Cartimar,eggplant,120,120,120,https://www.da.gov.ph/wp-content/uploads/2026/02/Price-Monitoring-February-6-2026.pdf
2026-02-06,Cartimar,tilapia,160,170,165,https://www.da.gov.ph/wp-content/uploads/2026/02/Price-Monitoring-February-6-2026.pdf
2026-02-06,Cartimar,tomato,80,90,85,https://www.da.gov.ph/wp-content/uploads/2026/02/Price-Monitoring-February-6-2026.pdf
2026-02-07,Cartimar,ampalaya,170,180,175,https://www.da.gov.ph/wp-content/uploads/2026/02/Price-Monitoring-February-7-2026.pdf
2026-02-07,Cartimar,cabbage,80,80,80,https://www.da.gov.ph/wp-content/uploads/2026/02/Price-Monitoring-February-7-2026.pdf
2026-02-07,Cartimar,eggplant,120,120,120,https://www.da.gov.ph/wp-content/uploads/2026/02/Price-Monitoring-February-7-2026.pdf
2026-02-07,Cartimar,tilapia,160,170,165,https://www.da.gov.ph/wp-content/uploads/2026/02/Price-Monitoring-February-7-2026.pdf
2026-02-07,Cartimar,tomato,80,90,85,https://www.da.gov.ph/wp-content/uploads/2026/02/Price-Monitoring-February-7-2026.pdf
2026-02-09,Cartimar,ampalaya,170,180,175,https://www.da.gov.ph/wp-content/uploads/2026/02/Price-Monitoring-February-9-2026.pdf
2026-02-09,Cartimar,cabbage,80,80,80,https://www.da.gov.ph/wp-content/uploads/2026/02/Price-Monitoring-February-9-2026.pdf
2026-02-09,Cartimar,eggplant,120,120,120,https://www.da.gov.ph/wp-content/uploads/2026/02/Price-Monitoring-February-9-2026.pdf
2026-02-09,Cartimar,tilapia,160,170,165,https://www.da.gov.ph/wp-content/uploads/2026/02/Price-Monitoring-February-9-2026.pdf
2026-02-09,Cartimar,tomato,80,90,85,https://www.da.gov.ph/wp-content/uploads/2026/02/Price-Monitoring-February-9-2026.pdf
2026-02-10,Cartimar,ampalaya,170,180,175,https://www.da.gov.ph/wp-content/uploads/2026/02/Price-Monitoring-February-10-2026.pdf
2026-02-10,Cartimar,cabbage,80,80,80,https://www.da.gov.ph/wp-content/uploads/2026/02/Price-Monitoring-February-10-2026.pdf
2026-02-10,Cartimar,eggplant,120,120,120,https://www.da.gov.ph/wp-content/uploads/2026/02/Price-Monitoring-February-10-2026.pdf
2026-02-10,Cartimar,tilapia,160,170,165,https://www.da.gov.ph/wp-content/uploads/2026/02/Price-Monitoring-February-10-2026.pdf
2026-02-10,Cartimar,tomato,80,90,85,https://www.da.gov.ph/wp-content/uploads/2026/02/Price-Monitoring-February-10-2026.pdf
2026-02-11,Cartimar,ampalaya,160,160,160,https://www.da.gov.ph/wp-content/uploads/2026/02/Price-Monitoring-February-11-2026.pdf
2026-02-11,Cartimar,cabbage,80,80,80,https://www.da.gov.ph/wp-content/uploads/2026/02/Price-Monitoring-February-11-2026.pdf
2026-02-11,Cartimar,eggplant,120,120,120,https://www.da.gov.ph/wp-content/uploads/2026/02/Price-Monitoring-February-11-2026.pdf
2026-02-11,Cartimar,tilapia,160,170,165,https://www.da.gov.ph/wp-content/uploads/2026/02/Price-Monitoring-February-11-2026.pdf
2026-02-11,Cartimar,tomato,80,90,85,https://www.da.gov.ph/wp-content/uploads/2026/02/Price-Monitoring-February-11-2026.pdf
2026-02-12,Cartimar,ampalaya,160,160,160,https://www.da.gov.ph/wp-content/uploads/2026/02/Price-Monitoring-February-12-2026.pdf
2026-02-12,Cartimar,cabbage,50,60,55,https://www.da.gov.ph/wp-content/uploads/2026/02/Price-Monitoring-February-12-2026.pdf
2026-02-12,Cartimar,eggplant,120,120,120,https://www.da.gov.ph/wp-content/uploads/2026/02/Price-Monitoring-February-12-2026.pdf
2026-02-12,Cartimar,tilapia,160,170,165,https://www.da.gov.ph/wp-content/uploads/2026/02/Price-Monitoring-February-12-2026.pdf
2026-02-12,Cartimar,tomato,80,90,85,https://www.da.gov.ph/wp-content/uploads/2026/02/Price-Monitoring-February-12-2026.pdf
2026-02-13,Cartimar,ampalaya,160,160,160,https://www.da.gov.ph/wp-content/uploads/2026/02/Price-Monitoring-February-13-2026.pdf
2026-02-13,Cartimar,cabbage,50,60,55,https://www.da.gov.ph/wp-content/uploads/2026/02/Price-Monitoring-February-13-2026.pdf
2026-02-13,Cartimar,eggplant,120,120,120,https://www.da.gov.ph/wp-content/uploads/2026/02/Price-Monitoring-February-13-2026.pdf
2026-02-13,Cartimar,tilapia,160,170,165,https://www.da.gov.ph/wp-content/uploads/2026/02/Price-Monitoring-February-13-2026.pdf
2026-02-13,Cartimar,tomato,80,90,85,https://www.da.gov.ph/wp-content/uploads/2026/02/Price-Monitoring-February-13-2026.pdf
2026-02-14,Cartimar,ampalaya,150,160,155,https://www.da.gov.ph/wp-content/uploads/2026/02/Price-Monitoring-February-14-2026.pdf
2026-02-14,Cartimar,cabbage,50,60,55,https://www.da.gov.ph/wp-content/uploads/2026/02/Price-Monitoring-February-14-2026.pdf
2026-02-14,Cartimar,eggplant,120,120,120,https://www.da.gov.ph/wp-content/uploads/2026/02/Price-Monitoring-February-14-2026.pdf
2026-02-14,Cartimar,tilapia,160,170,165,https://www.da.gov.ph/wp-content/uploads/2026/02/Price-Monitoring-February-14-2026.pdf
2026-02-14,Cartimar,tomato,80,90,85,https://www.da.gov.ph/wp-content/uploads/2026/02/Price-Monitoring-February-14-2026.pdf
2026-02-16,Cartimar,ampalaya,150,160,155,https://www.da.gov.ph/wp-content/uploads/2026/02/Price-Monitoring-February-16-2026.pdf
2026-02-16,Cartimar,cabbage,50,60,55,https://www.da.gov.ph/wp-content/uploads/2026/02/Price-Monitoring-February-16-2026.pdf
2026-02-16,Cartimar,eggplant,120,120,120,https://www.da.gov.ph/wp-content/uploads/2026/02/Price-Monitoring-February-16-2026.pdf
2026-02-16,Cartimar,tilapia,160,170,165,https://www.da.gov.ph/wp-content/uploads/2026/02/Price-Monitoring-February-16-2026.pdf
2026-02-16,Cartimar,tomato,80,90,85,https://www.da.gov.ph/wp-content/uploads/2026/02/Price-Monitoring-February-16-2026.pdf
2026-02-17,Cartimar,ampalaya,150,160,155,https://www.da.gov.ph/wp-content/uploads/2026/02/Price-Monitoring-February-17-2026.pdf
2026-02-17,Cartimar,cabbage,50,60,55,https://www.da.gov.ph/wp-content/uploads/2026/02/Price-Monitoring-February-17-2026.pdf
2026-02-17,Cartimar,eggplant,120,120,120,https://www.da.gov.ph/wp-content/uploads/2026/02/Price-Monitoring-February-17-2026.pdf
2026-02-17,Cartimar,tilapia,160,170,165,https://www.da.gov.ph/wp-content/uploads/2026/02/Price-Monitoring-February-17-2026.pdf
2026-02-17,Cartimar,tomato,80,90,85,https://www.da.gov.ph/wp-content/uploads/2026/02/Price-Monitoring-February-17-2026.pdf
2026-02-18,Cartimar,ampalaya,140,150,145,https://www.da.gov.ph/wp-content/uploads/2026/02/Price-Monitoring-February-18-2026.pdf
2026-02-18,Cartimar,cabbage,50,60,55,https://www.da.gov.ph/wp-content/uploads/2026/02/Price-Monitoring-February-18-2026.pdf
2026-02-18,Cartimar,eggplant,120,120,120,https://www.da.gov.ph/wp-content/uploads/2026/02/Price-Monitoring-February-18-2026.pdf
2026-02-18,Cartimar,tilapia,160,170,165,https://www.da.gov.ph/wp-content/uploads/2026/02/Price-Monitoring-February-18-2026.pdf
2026-02-18,Cartimar,tomato,80,90,85,https://www.da.gov.ph/wp-content/uploads/2026/02/Price-Monitoring-February-18-2026.pdf
2026-02-19,Cartimar,ampalaya,120,120,120,https://www.da.gov.ph/wp-content/uploads/2026/02/Price-Monitoring-February-19-2026.pdf
2026-02-19,Cartimar,cabbage,50,60,55,https://www.da.gov.ph/wp-content/uploads/2026/02/Price-Monitoring-February-19-2026.pdf
2026-02-19,Cartimar,eggplant,120,120,120,https://www.da.gov.ph/wp-content/uploads/2026/02/Price-Monitoring-February-19-2026.pdf
2026-02-19,Cartimar,red_onion_local,150,150,150,https://www.da.gov.ph/wp-content/uploads/2026/02/Price-Monitoring-February-19-2026.pdf
2026-02-19,Cartimar,tilapia,160,170,165,https://www.da.gov.ph/wp-content/uploads/2026/02/Price-Monitoring-February-19-2026.pdf
2026-02-19,Cartimar,tomato,80,90,85,https://www.da.gov.ph/wp-content/uploads/2026/02/Price-Monitoring-February-19-2026.pdf
2026-02-20,Cartimar,ampalaya,130,140,135,https://www.da.gov.ph/wp-content/uploads/2026/02/Price-Monitoring-February-20-2026.pdf
2026-02-20,Cartimar,cabbage,50,60,55,https://www.da.gov.ph/wp-content/uploads/2026/02/Price-Monitoring-February-20-2026.pdf
2026-02-20,Cartimar,eggplant,120,120,120,https://www.da.gov.ph/wp-content/uploads/2026/02/Price-Monitoring-February-20-2026.pdf
2026-02-20,Cartimar,red_onion_local,150,150,150,https://www.da.gov.ph/wp-content/uploads/2026/02/Price-Monitoring-February-20-2026.pdf
2026-02-20,Cartimar,tilapia,160,170,165,https://www.da.gov.ph/wp-content/uploads/2026/02/Price-Monitoring-February-20-2026.pdf
2026-02-20,Cartimar,tomato,80,90,85,https://www.da.gov.ph/wp-content/uploads/2026/02/Price-Monitoring-February-20-2026.pdf
2026-02-21,Cartimar,ampalaya,130,140,135,https://www.da.gov.ph/wp-content/uploads/2026/02/Price-Monitoring-February-21-2026.pdf
2026-02-21,Cartimar,cabbage,50,60,55,https://www.da.gov.ph/wp-content/uploads/2026/02/Price-Monitoring-February-21-2026.pdf
2026-02-21,Cartimar,eggplant,120,120,120,https://www.da.gov.ph/wp-content/uploads/2026/02/Price-Monitoring-February-21-2026.pdf
2026-02-21,Cartimar,red_onion_local,150,150,150,https://www.da.gov.ph/wp-content/uploads/2026/02/Price-Monitoring-February-21-2026.pdf
2026-02-21,Cartimar,tilapia,160,170,165,https://www.da.gov.ph/wp-content/uploads/2026/02/Price-Monitoring-February-21-2026.pdf
2026-02-21,Cartimar,tomato,80,90,85,https://www.da.gov.ph/wp-content/uploads/2026/02/Price-Monitoring-February-21-2026.pdf
2026-02-23,Cartimar,ampalaya,130,130,130,https://www.da.gov.ph/wp-content/uploads/2026/02/Price-Monitoring-February-23-2026.pdf
2026-02-23,Cartimar,cabbage,50,60,55,https://www.da.gov.ph/wp-content/uploads/2026/02/Price-Monitoring-February-23-2026.pdf
2026-02-23,Cartimar,eggplant,120,120,120,https://www.da.gov.ph/wp-content/uploads/2026/02/Price-Monitoring-February-23-2026.pdf
2026-02-23,Cartimar,red_onion_local,150,150,150,https://www.da.gov.ph/wp-content/uploads/2026/02/Price-Monitoring-February-23-2026.pdf
2026-02-23,Cartimar,tilapia,160,170,165,https://www.da.gov.ph/wp-content/uploads/2026/02/Price-Monitoring-February-23-2026.pdf
2026-02-23,Cartimar,tomato,80,90,85,https://www.da.gov.ph/wp-content/uploads/2026/02/Price-Monitoring-February-23-2026.pdf
2026-02-24,Cartimar,ampalaya,140,150,145,https://www.da.gov.ph/wp-content/uploads/2026/02/Price-Monitoring-February-24-2026.pdf
2026-02-24,Cartimar,cabbage,50,60,55,https://www.da.gov.ph/wp-content/uploads/2026/02/Price-Monitoring-February-24-2026.pdf
2026-02-24,Cartimar,eggplant,120,120,120,https://www.da.gov.ph/wp-content/uploads/2026/02/Price-Monitoring-February-24-2026.pdf
2026-02-24,Cartimar,red_onion_local,150,150,150,https://www.da.gov.ph/wp-content/uploads/2026/02/Price-Monitoring-February-24-2026.pdf
2026-02-24,Cartimar,tilapia,160,170,165,https://www.da.gov.ph/wp-content/uploads/2026/02/Price-Monitoring-February-24-2026.pdf
2026-02-24,Cartimar,tomato,80,90,85,https://www.da.gov.ph/wp-content/uploads/2026/02/Price-Monitoring-February-24-2026.pdf
2026-02-25,Cartimar,ampalaya,130,130,130,https://www.da.gov.ph/wp-content/uploads/2026/02/Price-Monitoring-February-25-2026.pdf
2026-02-25,Cartimar,cabbage,50,60,55,https://www.da.gov.ph/wp-content/uploads/2026/02/Price-Monitoring-February-25-2026.pdf
2026-02-25,Cartimar,eggplant,120,120,120,https://www.da.gov.ph/wp-content/uploads/2026/02/Price-Monitoring-February-25-2026.pdf
2026-02-25,Cartimar,red_onion_local,150,150,150,https://www.da.gov.ph/wp-content/uploads/2026/02/Price-Monitoring-February-25-2026.pdf
2026-02-25,Cartimar,tilapia,160,170,165,https://www.da.gov.ph/wp-content/uploads/2026/02/Price-Monitoring-February-25-2026.pdf
2026-02-25,Cartimar,tomato,80,90,85,https://www.da.gov.ph/wp-content/uploads/2026/02/Price-Monitoring-February-25-2026.pdf
2026-02-26,Cartimar,ampalaya,130,130,130,https://www.da.gov.ph/wp-content/uploads/2026/02/Price-Monitoring-February-26-2026.pdf
2026-02-26,Cartimar,cabbage,50,60,55,https://www.da.gov.ph/wp-content/uploads/2026/02/Price-Monitoring-February-26-2026.pdf
2026-02-26,Cartimar,eggplant,120,120,120,https://www.da.gov.ph/wp-content/uploads/2026/02/Price-Monitoring-February-26-2026.pdf
2026-02-26,Cartimar,red_onion_local,150,150,150,https://www.da.gov.ph/wp-content/uploads/2026/02/Price-Monitoring-February-26-2026.pdf
2026-02-26,Cartimar,tilapia,160,170,165,https://www.da.gov.ph/wp-content/uploads/2026/02/Price-Monitoring-February-26-2026.pdf
2026-02-26,Cartimar,tomato,80,90,85,https://www.da.gov.ph/wp-content/uploads/2026/02/Price-Monitoring-February-26-2026.pdf
2026-02-27,Cartimar,ampalaya,140,140,140,https://www.da.gov.ph/wp-content/uploads/2026/02/Price-Monitoring-February-27-2026.pdf
2026-02-27,Cartimar,cabbage,50,60,55,https://www.da.gov.ph/wp-content/uploads/2026/02/Price-Monitoring-February-27-2026.pdf
2026-02-27,Cartimar,eggplant,120,120,120,https://www.da.gov.ph/wp-content/uploads/2026/02/Price-Monitoring-February-27-2026.pdf
2026-02-27,Cartimar,red_onion_local,150,150,150,https://www.da.gov.ph/wp-content/uploads/2026/02/Price-Monitoring-February-27-2026.pdf
2026-02-27,Cartimar,tilapia,160,170,165,https://www.da.gov.ph/wp-content/uploads/2026/02/Price-Monitoring-February-27-2026.pdf
2026-02-27,Cartimar,tomato,80,90,85,https://www.da.gov.ph/wp-content/uploads/2026/02/Price-Monitoring-February-27-2026.pdf
2026-03-02,Cartimar,ampalaya,130,130,130,https://www.da.gov.ph/wp-content/uploads/2026/03/Price-Monitoring-March-2-2026.pdf
2026-03-02,Cartimar,cabbage,50,60,55,https://www.da.gov.ph/wp-content/uploads/2026/03/Price-Monitoring-March-2-2026.pdf
2026-03-02,Cartimar,eggplant,80,80,80,https://www.da.gov.ph/wp-content/uploads/2026/03/Price-Monitoring-March-2-2026.pdf
2026-03-02,Cartimar,red_onion_local,150,150,150,https://www.da.gov.ph/wp-content/uploads/2026/03/Price-Monitoring-March-2-2026.pdf
2026-03-02,Cartimar,tomato,80,80,80,https://www.da.gov.ph/wp-content/uploads/2026/03/Price-Monitoring-March-2-2026.pdf
2026-03-03,Cartimar,ampalaya,120,130,125,https://www.da.gov.ph/wp-content/uploads/2026/03/Price-Monitoring-March-3-2026.pdf
2026-03-03,Cartimar,cabbage,50,60,55,https://www.da.gov.ph/wp-content/uploads/2026/03/Price-Monitoring-March-3-2026.pdf
2026-03-03,Cartimar,eggplant,80,80,80,https://www.da.gov.ph/wp-content/uploads/2026/03/Price-Monitoring-March-3-2026.pdf
2026-03-03,Cartimar,red_onion_local,150,150,150,https://www.da.gov.ph/wp-content/uploads/2026/03/Price-Monitoring-March-3-2026.pdf
2026-03-03,Cartimar,tomato,80,80,80,https://www.da.gov.ph/wp-content/uploads/2026/03/Price-Monitoring-March-3-2026.pdf
2026-03-06,Cartimar,ampalaya,120,130,125,https://www.da.gov.ph/wp-content/uploads/2026/03/Price-Monitoring-March-6-2026.pdf
2026-03-06,Cartimar,cabbage,50,60,55,https://www.da.gov.ph/wp-content/uploads/2026/03/Price-Monitoring-March-6-2026.pdf
2026-03-06,Cartimar,eggplant,80,80,80,https://www.da.gov.ph/wp-content/uploads/2026/03/Price-Monitoring-March-6-2026.pdf
2026-03-06,Cartimar,red_onion_local,150,150,150,https://www.da.gov.ph/wp-content/uploads/2026/03/Price-Monitoring-March-6-2026.pdf
2026-03-06,Cartimar,tomato,80,80,80,https://www.da.gov.ph/wp-content/uploads/2026/03/Price-Monitoring-March-6-2026.pdf
2026-03-07,Cartimar,ampalaya,130,140,135,https://www.da.gov.ph/wp-content/uploads/2026/03/Price-Monitoring-March-7-2026.pdf
2026-03-07,Cartimar,cabbage,50,60,55,https://www.da.gov.ph/wp-content/uploads/2026/03/Price-Monitoring-March-7-2026.pdf
2026-03-07,Cartimar,eggplant,80,80,80,https://www.da.gov.ph/wp-content/uploads/2026/03/Price-Monitoring-March-7-2026.pdf
2026-03-07,Cartimar,tomato,80,80,80,https://www.da.gov.ph/wp-content/uploads/2026/03/Price-Monitoring-March-7-2026.pdf
2026-03-09,Cartimar,ampalaya,130,140,135,https://www.da.gov.ph/wp-content/uploads/2026/03/Price-Monitoring-March-9-2026.pdf
2026-03-09,Cartimar,cabbage,50,60,55,https://www.da.gov.ph/wp-content/uploads/2026/03/Price-Monitoring-March-9-2026.pdf
2026-03-09,Cartimar,eggplant,80,80,80,https://www.da.gov.ph/wp-content/uploads/2026/03/Price-Monitoring-March-9-2026.pdf
2026-03-09,Cartimar,red_onion_local,150,150,150,https://www.da.gov.ph/wp-content/uploads/2026/03/Price-Monitoring-March-9-2026.pdf
2026-03-09,Cartimar,tomato,80,80,80,https://www.da.gov.ph/wp-content/uploads/2026/03/Price-Monitoring-March-9-2026.pdf
2026-03-10,Cartimar,ampalaya,100,100,100,https://www.da.gov.ph/wp-content/uploads/2026/03/Revised-Price-Monitoring-March-10-2026.pdf
2026-03-10,Cartimar,cabbage,50,60,55,https://www.da.gov.ph/wp-content/uploads/2026/03/Revised-Price-Monitoring-March-10-2026.pdf
2026-03-10,Cartimar,eggplant,80,80,80,https://www.da.gov.ph/wp-content/uploads/2026/03/Revised-Price-Monitoring-March-10-2026.pdf
2026-03-10,Cartimar,red_onion_local,100,110,105,https://www.da.gov.ph/wp-content/uploads/2026/03/Revised-Price-Monitoring-March-10-2026.pdf
2026-03-10,Cartimar,tomato,80,80,80,https://www.da.gov.ph/wp-content/uploads/2026/03/Revised-Price-Monitoring-March-10-2026.pdf
2026-03-11,Cartimar,ampalaya,120,120,120,https://www.da.gov.ph/wp-content/uploads/2026/03/Price-Monitoring-March-11-2026.pdf
2026-03-11,Cartimar,cabbage,50,60,55,https://www.da.gov.ph/wp-content/uploads/2026/03/Price-Monitoring-March-11-2026.pdf
2026-03-11,Cartimar,eggplant,80,80,80,https://www.da.gov.ph/wp-content/uploads/2026/03/Price-Monitoring-March-11-2026.pdf
2026-03-11,Cartimar,red_onion_local,100,110,105,https://www.da.gov.ph/wp-content/uploads/2026/03/Price-Monitoring-March-11-2026.pdf
2026-03-11,Cartimar,tomato,70,70,70,https://www.da.gov.ph/wp-content/uploads/2026/03/Price-Monitoring-March-11-2026.pdf
2026-03-12,Cartimar,ampalaya,120,120,120,https://www.da.gov.ph/wp-content/uploads/2026/03/Price-Monitoring-March-12-2026.pdf
2026-03-12,Cartimar,cabbage,50,60,55,https://www.da.gov.ph/wp-content/uploads/2026/03/Price-Monitoring-March-12-2026.pdf
2026-03-12,Cartimar,eggplant,80,80,80,https://www.da.gov.ph/wp-content/uploads/2026/03/Price-Monitoring-March-12-2026.pdf
2026-03-12,Cartimar,red_onion_local,100,110,105,https://www.da.gov.ph/wp-content/uploads/2026/03/Price-Monitoring-March-12-2026.pdf
2026-03-12,Cartimar,tomato,50,60,55,https://www.da.gov.ph/wp-content/uploads/2026/03/Price-Monitoring-March-12-2026.pdf
2026-03-13,Cartimar,ampalaya,120,120,120,https://www.da.gov.ph/wp-content/uploads/2026/03/Price-Monitoring-March-13-2026.pdf
2026-03-13,Cartimar,cabbage,50,60,55,https://www.da.gov.ph/wp-content/uploads/2026/03/Price-Monitoring-March-13-2026.pdf
2026-03-13,Cartimar,eggplant,80,80,80,https://www.da.gov.ph/wp-content/uploads/2026/03/Price-Monitoring-March-13-2026.pdf
2026-03-13,Cartimar,red_onion_local,100,110,105,https://www.da.gov.ph/wp-content/uploads/2026/03/Price-Monitoring-March-13-2026.pdf
2026-03-13,Cartimar,tomato,50,60,55,https://www.da.gov.ph/wp-content/uploads/2026/03/Price-Monitoring-March-13-2026.pdf
2026-03-14,Cartimar,ampalaya,130,140,135,https://www.da.gov.ph/wp-content/uploads/2026/03/Price-Monitoring-March-14-2026.pdf
2026-03-14,Cartimar,cabbage,50,60,55,https://www.da.gov.ph/wp-content/uploads/2026/03/Price-Monitoring-March-14-2026.pdf
2026-03-14,Cartimar,eggplant,80,80,80,https://www.da.gov.ph/wp-content/uploads/2026/03/Price-Monitoring-March-14-2026.pdf
2026-03-14,Cartimar,red_onion_local,100,110,105,https://www.da.gov.ph/wp-content/uploads/2026/03/Price-Monitoring-March-14-2026.pdf
2026-03-14,Cartimar,tomato,50,60,55,https://www.da.gov.ph/wp-content/uploads/2026/03/Price-Monitoring-March-14-2026.pdf
2026-03-16,Cartimar,ampalaya,130,140,135,https://www.da.gov.ph/wp-content/uploads/2026/03/Price-Monitoring-March-16-2026.pdf
2026-03-16,Cartimar,cabbage,50,60,55,https://www.da.gov.ph/wp-content/uploads/2026/03/Price-Monitoring-March-16-2026.pdf
2026-03-16,Cartimar,eggplant,80,80,80,https://www.da.gov.ph/wp-content/uploads/2026/03/Price-Monitoring-March-16-2026.pdf
2026-03-16,Cartimar,red_onion_local,100,110,105,https://www.da.gov.ph/wp-content/uploads/2026/03/Price-Monitoring-March-16-2026.pdf
2026-03-16,Cartimar,tomato,50,60,55,https://www.da.gov.ph/wp-content/uploads/2026/03/Price-Monitoring-March-16-2026.pdf
2026-03-17,Cartimar,ampalaya,130,140,135,https://www.da.gov.ph/wp-content/uploads/2026/03/Price-Monitoring-March-17-2026.pdf
2026-03-17,Cartimar,cabbage,50,60,55,https://www.da.gov.ph/wp-content/uploads/2026/03/Price-Monitoring-March-17-2026.pdf
2026-03-17,Cartimar,eggplant,100,100,100,https://www.da.gov.ph/wp-content/uploads/2026/03/Price-Monitoring-March-17-2026.pdf
2026-03-17,Cartimar,red_onion_local,100,110,105,https://www.da.gov.ph/wp-content/uploads/2026/03/Price-Monitoring-March-17-2026.pdf
2026-03-17,Cartimar,tomato,50,60,55,https://www.da.gov.ph/wp-content/uploads/2026/03/Price-Monitoring-March-17-2026.pdf
2026-03-18,Cartimar,ampalaya,130,140,135,https://www.da.gov.ph/wp-content/uploads/2026/03/Price-Monitoring-March-18-2026.pdf
2026-03-18,Cartimar,cabbage,50,60,55,https://www.da.gov.ph/wp-content/uploads/2026/03/Price-Monitoring-March-18-2026.pdf
2026-03-18,Cartimar,eggplant,100,100,100,https://www.da.gov.ph/wp-content/uploads/2026/03/Price-Monitoring-March-18-2026.pdf
2026-03-18,Cartimar,red_onion_local,140,150,145,https://www.da.gov.ph/wp-content/uploads/2026/03/Price-Monitoring-March-18-2026.pdf
2026-03-18,Cartimar,tomato,70,80,75,https://www.da.gov.ph/wp-content/uploads/2026/03/Price-Monitoring-March-18-2026.pdf
2026-03-19,Cartimar,ampalaya,130,140,135,https://www.da.gov.ph/wp-content/uploads/2026/03/Price-Monitoring-March-19-2026.pdf
2026-03-19,Cartimar,cabbage,50,60,55,https://www.da.gov.ph/wp-content/uploads/2026/03/Price-Monitoring-March-19-2026.pdf
2026-03-19,Cartimar,eggplant,100,100,100,https://www.da.gov.ph/wp-content/uploads/2026/03/Price-Monitoring-March-19-2026.pdf
2026-03-19,Cartimar,red_onion_local,140,150,145,https://www.da.gov.ph/wp-content/uploads/2026/03/Price-Monitoring-March-19-2026.pdf
2026-03-19,Cartimar,tomato,80,90,85,https://www.da.gov.ph/wp-content/uploads/2026/03/Price-Monitoring-March-19-2026.pdf
2026-03-20,Cartimar,ampalaya,130,140,135,https://www.da.gov.ph/wp-content/uploads/2026/03/Price-Monitoring-March-20-2026.pdf
2026-03-20,Cartimar,cabbage,50,60,55,https://www.da.gov.ph/wp-content/uploads/2026/03/Price-Monitoring-March-20-2026.pdf
2026-03-20,Cartimar,eggplant,100,100,100,https://www.da.gov.ph/wp-content/uploads/2026/03/Price-Monitoring-March-20-2026.pdf
2026-03-20,Cartimar,red_onion_local,140,150,145,https://www.da.gov.ph/wp-content/uploads/2026/03/Price-Monitoring-March-20-2026.pdf
2026-03-20,Cartimar,tomato,80,90,85,https://www.da.gov.ph/wp-content/uploads/2026/03/Price-Monitoring-March-20-2026.pdf
2026-03-21,Cartimar,ampalaya,130,140,135,https://www.da.gov.ph/wp-content/uploads/2026/03/Price-Monitoring-March-21-2026.pdf
2026-03-21,Cartimar,cabbage,50,60,55,https://www.da.gov.ph/wp-content/uploads/2026/03/Price-Monitoring-March-21-2026.pdf
2026-03-21,Cartimar,eggplant,110,120,115,https://www.da.gov.ph/wp-content/uploads/2026/03/Price-Monitoring-March-21-2026.pdf
2026-03-21,Cartimar,red_onion_local,140,150,145,https://www.da.gov.ph/wp-content/uploads/2026/03/Price-Monitoring-March-21-2026.pdf
2026-03-21,Cartimar,tomato,80,90,85,https://www.da.gov.ph/wp-content/uploads/2026/03/Price-Monitoring-March-21-2026.pdf
2026-03-23,Cartimar,ampalaya,130,140,135,https://www.da.gov.ph/wp-content/uploads/2026/03/Price-Monitoring-March-23-2026.pdf
2026-03-23,Cartimar,cabbage,50,60,55,https://www.da.gov.ph/wp-content/uploads/2026/03/Price-Monitoring-March-23-2026.pdf
2026-03-23,Cartimar,eggplant,100,100,100,https://www.da.gov.ph/wp-content/uploads/2026/03/Price-Monitoring-March-23-2026.pdf
2026-03-23,Cartimar,red_onion_local,140,150,145,https://www.da.gov.ph/wp-content/uploads/2026/03/Price-Monitoring-March-23-2026.pdf
2026-03-23,Cartimar,tomato,80,90,85,https://www.da.gov.ph/wp-content/uploads/2026/03/Price-Monitoring-March-23-2026.pdf
2026-03-24,Cartimar,ampalaya,130,140,135,https://www.da.gov.ph/wp-content/uploads/2026/03/Price-Monitoring-March-24-2026.pdf
2026-03-24,Cartimar,cabbage,50,60,55,https://www.da.gov.ph/wp-content/uploads/2026/03/Price-Monitoring-March-24-2026.pdf
2026-03-24,Cartimar,eggplant,100,100,100,https://www.da.gov.ph/wp-content/uploads/2026/03/Price-Monitoring-March-24-2026.pdf
2026-03-24,Cartimar,red_onion_local,140,150,145,https://www.da.gov.ph/wp-content/uploads/2026/03/Price-Monitoring-March-24-2026.pdf
2026-03-24,Cartimar,tomato,80,90,85,https://www.da.gov.ph/wp-content/uploads/2026/03/Price-Monitoring-March-24-2026.pdf
2026-03-25,Cartimar,ampalaya,130,140,135,https://www.da.gov.ph/wp-content/uploads/2026/03/Price-Monitoring-March-25-2026.pdf
2026-03-25,Cartimar,cabbage,50,60,55,https://www.da.gov.ph/wp-content/uploads/2026/03/Price-Monitoring-March-25-2026.pdf
2026-03-25,Cartimar,eggplant,100,100,100,https://www.da.gov.ph/wp-content/uploads/2026/03/Price-Monitoring-March-25-2026.pdf
2026-03-25,Cartimar,red_onion_local,140,150,145,https://www.da.gov.ph/wp-content/uploads/2026/03/Price-Monitoring-March-25-2026.pdf
2026-03-25,Cartimar,tomato,80,90,85,https://www.da.gov.ph/wp-content/uploads/2026/03/Price-Monitoring-March-25-2026.pdf
2026-03-27,Cartimar,ampalaya,130,140,135,https://www.da.gov.ph/wp-content/uploads/2026/03/Price-Monitoring-March-27-2026.pdf
2026-03-27,Cartimar,cabbage,50,60,55,https://www.da.gov.ph/wp-content/uploads/2026/03/Price-Monitoring-March-27-2026.pdf
2026-03-27,Cartimar,eggplant,100,100,100,https://www.da.gov.ph/wp-content/uploads/2026/03/Price-Monitoring-March-27-2026.pdf
2026-03-27,Cartimar,red_onion_local,140,150,145,https://www.da.gov.ph/wp-content/uploads/2026/03/Price-Monitoring-March-27-2026.pdf
2026-03-27,Cartimar,tomato,80,90,85,https://www.da.gov.ph/wp-content/uploads/2026/03/Price-Monitoring-March-27-2026.pdf
2026-03-28,Cartimar,ampalaya,130,140,135,https://www.da.gov.ph/wp-content/uploads/2026/03/Price-Monitoring-March-28-2026.pdf
2026-03-28,Cartimar,cabbage,50,60,55,https://www.da.gov.ph/wp-content/uploads/2026/03/Price-Monitoring-March-28-2026.pdf
2026-03-28,Cartimar,eggplant,100,100,100,https://www.da.gov.ph/wp-content/uploads/2026/03/Price-Monitoring-March-28-2026.pdf
2026-03-28,Cartimar,red_onion_local,140,150,145,https://www.da.gov.ph/wp-content/uploads/2026/03/Price-Monitoring-March-28-2026.pdf
2026-03-28,Cartimar,tomato,80,90,85,https://www.da.gov.ph/wp-content/uploads/2026/03/Price-Monitoring-March-28-2026.pdf
2026-03-30,Cartimar,ampalaya,130,140,135,https://www.da.gov.ph/wp-content/uploads/2026/03/Price-Monitoring-March-30-2026.pdf
2026-03-30,Cartimar,cabbage,50,60,55,https://www.da.gov.ph/wp-content/uploads/2026/03/Price-Monitoring-March-30-2026.pdf
2026-03-30,Cartimar,eggplant,80,90,85,https://www.da.gov.ph/wp-content/uploads/2026/03/Price-Monitoring-March-30-2026.pdf
2026-03-30,Cartimar,red_onion_local,140,150,145,https://www.da.gov.ph/wp-content/uploads/2026/03/Price-Monitoring-March-30-2026.pdf
2026-03-30,Cartimar,tomato,70,80,75,https://www.da.gov.ph/wp-content/uploads/2026/03/Price-Monitoring-March-30-2026.pdf
2026-03-31,Cartimar,ampalaya,130,140,135,https://www.da.gov.ph/wp-content/uploads/2026/04/Price-Monitoring-March-31-2026.pdf
2026-03-31,Cartimar,cabbage,50,60,55,https://www.da.gov.ph/wp-content/uploads/2026/04/Price-Monitoring-March-31-2026.pdf
2026-03-31,Cartimar,eggplant,80,90,85,https://www.da.gov.ph/wp-content/uploads/2026/04/Price-Monitoring-March-31-2026.pdf
2026-03-31,Cartimar,red_onion_local,130,130,130,https://www.da.gov.ph/wp-content/uploads/2026/04/Price-Monitoring-March-31-2026.pdf
2026-03-31,Cartimar,tomato,70,80,75,https://www.da.gov.ph/wp-content/uploads/2026/04/Price-Monitoring-March-31-2026.pdf
2026-04-01,Cartimar,ampalaya,120,130,125,https://www.da.gov.ph/wp-content/uploads/2026/04/Price-Monitoring-April-1-2026.pdf
2026-04-01,Cartimar,cabbage,50,60,55,https://www.da.gov.ph/wp-content/uploads/2026/04/Price-Monitoring-April-1-2026.pdf
2026-04-01,Cartimar,eggplant,80,90,85,https://www.da.gov.ph/wp-content/uploads/2026/04/Price-Monitoring-April-1-2026.pdf
2026-04-01,Cartimar,red_onion_local,110,120,115,https://www.da.gov.ph/wp-content/uploads/2026/04/Price-Monitoring-April-1-2026.pdf
2026-04-01,Cartimar,tomato,70,80,75,https://www.da.gov.ph/wp-content/uploads/2026/04/Price-Monitoring-April-1-2026.pdf
2026-04-02,Cartimar,ampalaya,120,130,125,https://www.da.gov.ph/wp-content/uploads/2026/04/Price-Monitoring-April-2-2026.pdf
2026-04-02,Cartimar,cabbage,50,60,55,https://www.da.gov.ph/wp-content/uploads/2026/04/Price-Monitoring-April-2-2026.pdf
2026-04-02,Cartimar,eggplant,80,90,85,https://www.da.gov.ph/wp-content/uploads/2026/04/Price-Monitoring-April-2-2026.pdf
2026-04-02,Cartimar,red_onion_local,110,120,115,https://www.da.gov.ph/wp-content/uploads/2026/04/Price-Monitoring-April-2-2026.pdf
2026-04-02,Cartimar,tomato,70,80,75,https://www.da.gov.ph/wp-content/uploads/2026/04/Price-Monitoring-April-2-2026.pdf
2026-04-04,Cartimar,ampalaya,120,130,125,https://www.da.gov.ph/wp-content/uploads/2026/04/Price-Monitoring-April-4-2026.pdf
2026-04-04,Cartimar,cabbage,50,60,55,https://www.da.gov.ph/wp-content/uploads/2026/04/Price-Monitoring-April-4-2026.pdf
2026-04-04,Cartimar,eggplant,80,90,85,https://www.da.gov.ph/wp-content/uploads/2026/04/Price-Monitoring-April-4-2026.pdf
2026-04-04,Cartimar,red_onion_local,110,120,115,https://www.da.gov.ph/wp-content/uploads/2026/04/Price-Monitoring-April-4-2026.pdf
2026-04-04,Cartimar,tomato,70,80,75,https://www.da.gov.ph/wp-content/uploads/2026/04/Price-Monitoring-April-4-2026.pdf
2026-04-06,Cartimar,ampalaya,130,130,130,https://www.da.gov.ph/wp-content/uploads/2026/04/Price-Monitoring-April-6-2026.pdf
2026-04-06,Cartimar,cabbage,50,60,55,https://www.da.gov.ph/wp-content/uploads/2026/04/Price-Monitoring-April-6-2026.pdf
2026-04-06,Cartimar,eggplant,80,90,85,https://www.da.gov.ph/wp-content/uploads/2026/04/Price-Monitoring-April-6-2026.pdf
2026-04-06,Cartimar,red_onion_local,110,120,115,https://www.da.gov.ph/wp-content/uploads/2026/04/Price-Monitoring-April-6-2026.pdf
2026-04-06,Cartimar,tomato,70,80,75,https://www.da.gov.ph/wp-content/uploads/2026/04/Price-Monitoring-April-6-2026.pdf
2026-04-07,Cartimar,ampalaya,130,130,130,https://www.da.gov.ph/wp-content/uploads/2026/04/Price-Monitoring-April-7-2026.pdf
2026-04-07,Cartimar,cabbage,50,60,55,https://www.da.gov.ph/wp-content/uploads/2026/04/Price-Monitoring-April-7-2026.pdf
2026-04-07,Cartimar,eggplant,80,90,85,https://www.da.gov.ph/wp-content/uploads/2026/04/Price-Monitoring-April-7-2026.pdf
2026-04-07,Cartimar,red_onion_local,110,120,115,https://www.da.gov.ph/wp-content/uploads/2026/04/Price-Monitoring-April-7-2026.pdf
2026-04-07,Cartimar,tomato,70,80,75,https://www.da.gov.ph/wp-content/uploads/2026/04/Price-Monitoring-April-7-2026.pdf
2026-04-08,Cartimar,ampalaya,130,130,130,https://www.da.gov.ph/wp-content/uploads/2026/04/Price-Monitoring-April-8-2026.pdf
2026-04-08,Cartimar,cabbage,50,60,55,https://www.da.gov.ph/wp-content/uploads/2026/04/Price-Monitoring-April-8-2026.pdf
2026-04-08,Cartimar,eggplant,80,90,85,https://www.da.gov.ph/wp-content/uploads/2026/04/Price-Monitoring-April-8-2026.pdf
2026-04-08,Cartimar,red_onion_local,110,120,115,https://www.da.gov.ph/wp-content/uploads/2026/04/Price-Monitoring-April-8-2026.pdf
2026-04-08,Cartimar,tomato,70,80,75,https://www.da.gov.ph/wp-content/uploads/2026/04/Price-Monitoring-April-8-2026.pdf
2026-04-09,Cartimar,ampalaya,130,130,130,https://www.da.gov.ph/wp-content/uploads/2026/04/Price-Monitoring-April-9-2026.pdf
2026-04-09,Cartimar,cabbage,50,60,55,https://www.da.gov.ph/wp-content/uploads/2026/04/Price-Monitoring-April-9-2026.pdf
2026-04-09,Cartimar,eggplant,80,90,85,https://www.da.gov.ph/wp-content/uploads/2026/04/Price-Monitoring-April-9-2026.pdf
2026-04-09,Cartimar,red_onion_local,110,120,115,https://www.da.gov.ph/wp-content/uploads/2026/04/Price-Monitoring-April-9-2026.pdf
2026-04-09,Cartimar,tomato,70,80,75,https://www.da.gov.ph/wp-content/uploads/2026/04/Price-Monitoring-April-9-2026.pdf
2026-04-10,Cartimar,ampalaya,120,130,125,https://www.da.gov.ph/wp-content/uploads/2026/04/Price-Monitoring-April-10-2026.pdf
2026-04-10,Cartimar,cabbage,50,60,55,https://www.da.gov.ph/wp-content/uploads/2026/04/Price-Monitoring-April-10-2026.pdf
2026-04-10,Cartimar,eggplant,80,90,85,https://www.da.gov.ph/wp-content/uploads/2026/04/Price-Monitoring-April-10-2026.pdf
2026-04-10,Cartimar,red_onion_local,110,120,115,https://www.da.gov.ph/wp-content/uploads/2026/04/Price-Monitoring-April-10-2026.pdf
2026-04-10,Cartimar,tomato,70,80,75,https://www.da.gov.ph/wp-content/uploads/2026/04/Price-Monitoring-April-10-2026.pdf
2026-04-11,Cartimar,ampalaya,120,130,125,https://www.da.gov.ph/wp-content/uploads/2026/04/Price-Monitoring-April-11-2026.pdf
2026-04-11,Cartimar,cabbage,50,60,55,https://www.da.gov.ph/wp-content/uploads/2026/04/Price-Monitoring-April-11-2026.pdf
2026-04-11,Cartimar,eggplant,80,90,85,https://www.da.gov.ph/wp-content/uploads/2026/04/Price-Monitoring-April-11-2026.pdf
2026-04-11,Cartimar,red_onion_local,110,120,115,https://www.da.gov.ph/wp-content/uploads/2026/04/Price-Monitoring-April-11-2026.pdf
2026-04-11,Cartimar,tomato,70,80,75,https://www.da.gov.ph/wp-content/uploads/2026/04/Price-Monitoring-April-11-2026.pdf
2026-04-13,Cartimar,ampalaya,120,130,125,https://www.da.gov.ph/wp-content/uploads/2026/04/Price-Monitoring-April-13-2026.pdf
2026-04-13,Cartimar,cabbage,50,60,55,https://www.da.gov.ph/wp-content/uploads/2026/04/Price-Monitoring-April-13-2026.pdf
2026-04-13,Cartimar,eggplant,80,90,85,https://www.da.gov.ph/wp-content/uploads/2026/04/Price-Monitoring-April-13-2026.pdf
2026-04-13,Cartimar,red_onion_local,110,120,115,https://www.da.gov.ph/wp-content/uploads/2026/04/Price-Monitoring-April-13-2026.pdf
2026-04-13,Cartimar,tomato,70,80,75,https://www.da.gov.ph/wp-content/uploads/2026/04/Price-Monitoring-April-13-2026.pdf
2026-04-14,Cartimar,ampalaya,120,130,125,https://www.da.gov.ph/wp-content/uploads/2026/04/Price-Monitoring-April-14-2026.pdf
2026-04-14,Cartimar,cabbage,50,60,55,https://www.da.gov.ph/wp-content/uploads/2026/04/Price-Monitoring-April-14-2026.pdf
2026-04-14,Cartimar,eggplant,80,90,85,https://www.da.gov.ph/wp-content/uploads/2026/04/Price-Monitoring-April-14-2026.pdf
2026-04-14,Cartimar,red_onion_local,110,120,115,https://www.da.gov.ph/wp-content/uploads/2026/04/Price-Monitoring-April-14-2026.pdf
2026-04-14,Cartimar,tomato,70,80,75,https://www.da.gov.ph/wp-content/uploads/2026/04/Price-Monitoring-April-14-2026.pdf
2026-04-15,Cartimar,ampalaya,120,130,125,https://www.da.gov.ph/wp-content/uploads/2026/04/Price-Monitoring-April-15-2026.pdf
2026-04-15,Cartimar,cabbage,50,60,55,https://www.da.gov.ph/wp-content/uploads/2026/04/Price-Monitoring-April-15-2026.pdf
2026-04-15,Cartimar,eggplant,80,80,80,https://www.da.gov.ph/wp-content/uploads/2026/04/Price-Monitoring-April-15-2026.pdf
2026-04-15,Cartimar,red_onion_local,110,120,115,https://www.da.gov.ph/wp-content/uploads/2026/04/Price-Monitoring-April-15-2026.pdf
2026-04-15,Cartimar,tomato,70,80,75,https://www.da.gov.ph/wp-content/uploads/2026/04/Price-Monitoring-April-15-2026.pdf
2026-04-16,Cartimar,ampalaya,120,130,125,https://www.da.gov.ph/wp-content/uploads/2026/04/Price-Monitoring-April-16-2026.pdf
2026-04-16,Cartimar,cabbage,50,60,55,https://www.da.gov.ph/wp-content/uploads/2026/04/Price-Monitoring-April-16-2026.pdf
2026-04-16,Cartimar,eggplant,80,80,80,https://www.da.gov.ph/wp-content/uploads/2026/04/Price-Monitoring-April-16-2026.pdf
2026-04-16,Cartimar,red_onion_local,110,120,115,https://www.da.gov.ph/wp-content/uploads/2026/04/Price-Monitoring-April-16-2026.pdf
2026-04-16,Cartimar,tomato,65,70,67.5,https://www.da.gov.ph/wp-content/uploads/2026/04/Price-Monitoring-April-16-2026.pdf
2026-04-17,Cartimar,ampalaya,120,130,125,https://www.da.gov.ph/wp-content/uploads/2026/04/Price-Monitoring-April-17-2026.pdf
2026-04-17,Cartimar,cabbage,50,60,55,https://www.da.gov.ph/wp-content/uploads/2026/04/Price-Monitoring-April-17-2026.pdf
2026-04-17,Cartimar,eggplant,80,80,80,https://www.da.gov.ph/wp-content/uploads/2026/04/Price-Monitoring-April-17-2026.pdf
2026-04-17,Cartimar,red_onion_local,110,120,115,https://www.da.gov.ph/wp-content/uploads/2026/04/Price-Monitoring-April-17-2026.pdf
2026-04-17,Cartimar,tomato,65,70,67.5,https://www.da.gov.ph/wp-content/uploads/2026/04/Price-Monitoring-April-17-2026.pdf
2026-04-18,Cartimar,ampalaya,120,130,125,https://www.da.gov.ph/wp-content/uploads/2026/04/Price-Monitoring-April-18-2026.pdf
2026-04-18,Cartimar,cabbage,50,60,55,https://www.da.gov.ph/wp-content/uploads/2026/04/Price-Monitoring-April-18-2026.pdf
2026-04-18,Cartimar,eggplant,80,80,80,https://www.da.gov.ph/wp-content/uploads/2026/04/Price-Monitoring-April-18-2026.pdf
2026-04-18,Cartimar,red_onion_local,110,120,115,https://www.da.gov.ph/wp-content/uploads/2026/04/Price-Monitoring-April-18-2026.pdf
2026-04-18,Cartimar,tomato,65,70,67.5,https://www.da.gov.ph/wp-content/uploads/2026/04/Price-Monitoring-April-18-2026.pdf
2026-04-20,Cartimar,ampalaya,120,120,120,https://www.da.gov.ph/wp-content/uploads/2026/04/Price-Monitoring-April-20-2026.pdf
2026-04-20,Cartimar,cabbage,50,60,55,https://www.da.gov.ph/wp-content/uploads/2026/04/Price-Monitoring-April-20-2026.pdf
2026-04-20,Cartimar,eggplant,80,80,80,https://www.da.gov.ph/wp-content/uploads/2026/04/Price-Monitoring-April-20-2026.pdf
2026-04-20,Cartimar,red_onion_local,110,120,115,https://www.da.gov.ph/wp-content/uploads/2026/04/Price-Monitoring-April-20-2026.pdf
2026-04-20,Cartimar,tomato,65,70,67.5,https://www.da.gov.ph/wp-content/uploads/2026/04/Price-Monitoring-April-20-2026.pdf
2026-04-21,Cartimar,ampalaya,120,130,125,https://www.da.gov.ph/wp-content/uploads/2026/04/Price-Monitoring-April-21-2026.pdf
2026-04-21,Cartimar,cabbage,50,60,55,https://www.da.gov.ph/wp-content/uploads/2026/04/Price-Monitoring-April-21-2026.pdf
2026-04-21,Cartimar,eggplant,80,80,80,https://www.da.gov.ph/wp-content/uploads/2026/04/Price-Monitoring-April-21-2026.pdf
2026-04-21,Cartimar,red_onion_local,110,120,115,https://www.da.gov.ph/wp-content/uploads/2026/04/Price-Monitoring-April-21-2026.pdf
2026-04-21,Cartimar,tomato,65,70,67.5,https://www.da.gov.ph/wp-content/uploads/2026/04/Price-Monitoring-April-21-2026.pdf
2026-04-22,Cartimar,ampalaya,120,130,125,https://www.da.gov.ph/wp-content/uploads/2026/04/Price-Monitoring-April-22-2026.pdf
2026-04-22,Cartimar,cabbage,50,60,55,https://www.da.gov.ph/wp-content/uploads/2026/04/Price-Monitoring-April-22-2026.pdf
2026-04-22,Cartimar,eggplant,80,80,80,https://www.da.gov.ph/wp-content/uploads/2026/04/Price-Monitoring-April-22-2026.pdf
2026-04-22,Cartimar,red_onion_local,110,120,115,https://www.da.gov.ph/wp-content/uploads/2026/04/Price-Monitoring-April-22-2026.pdf
2026-04-22,Cartimar,tomato,65,70,67.5,https://www.da.gov.ph/wp-content/uploads/2026/04/Price-Monitoring-April-22-2026.pdf
2026-04-23,Cartimar,ampalaya,120,130,125,https://www.da.gov.ph/wp-content/uploads/2026/04/Price-Monitoring-April-23-2026.pdf
2026-04-23,Cartimar,cabbage,50,60,55,https://www.da.gov.ph/wp-content/uploads/2026/04/Price-Monitoring-April-23-2026.pdf
2026-04-23,Cartimar,eggplant,80,80,80,https://www.da.gov.ph/wp-content/uploads/2026/04/Price-Monitoring-April-23-2026.pdf
2026-04-23,Cartimar,red_onion_local,110,120,115,https://www.da.gov.ph/wp-content/uploads/2026/04/Price-Monitoring-April-23-2026.pdf
2026-04-23,Cartimar,tomato,65,70,67.5,https://www.da.gov.ph/wp-content/uploads/2026/04/Price-Monitoring-April-23-2026.pdf
2026-04-24,Cartimar,ampalaya,120,130,125,https://www.da.gov.ph/wp-content/uploads/2026/04/Price-Monitoring-April-24-2026.pdf
2026-04-24,Cartimar,cabbage,50,60,55,https://www.da.gov.ph/wp-content/uploads/2026/04/Price-Monitoring-April-24-2026.pdf
2026-04-24,Cartimar,eggplant,80,80,80,https://www.da.gov.ph/wp-content/uploads/2026/04/Price-Monitoring-April-24-2026.pdf
2026-04-24,Cartimar,red_onion_local,110,120,115,https://www.da.gov.ph/wp-content/uploads/2026/04/Price-Monitoring-April-24-2026.pdf
2026-04-24,Cartimar,tomato,65,70,67.5,https://www.da.gov.ph/wp-content/uploads/2026/04/Price-Monitoring-April-24-2026.pdf
2026-04-25,Cartimar,ampalaya,120,130,125,https://www.da.gov.ph/wp-content/uploads/2026/04/Price-Monitoring-April-25-2026.pdf
2026-04-25,Cartimar,cabbage,50,60,55,https://www.da.gov.ph/wp-content/uploads/2026/04/Price-Monitoring-April-25-2026.pdf
2026-04-25,Cartimar,eggplant,75,80,77.5,https://www.da.gov.ph/wp-content/uploads/2026/04/Price-Monitoring-April-25-2026.pdf
2026-04-25,Cartimar,red_onion_local,110,120,115,https://www.da.gov.ph/wp-content/uploads/2026/04/Price-Monitoring-April-25-2026.pdf
2026-04-25,Cartimar,tomato,65,70,67.5,https://www.da.gov.ph/wp-content/uploads/2026/04/Price-Monitoring-April-25-2026.pdf
2026-04-27,Cartimar,ampalaya,120,130,125,https://www.da.gov.ph/wp-content/uploads/2026/04/Price-Monitoring-April-27-2026.pdf
2026-04-27,Cartimar,cabbage,50,60,55,https://www.da.gov.ph/wp-content/uploads/2026/04/Price-Monitoring-April-27-2026.pdf
2026-04-27,Cartimar,eggplant,75,80,77.5,https://www.da.gov.ph/wp-content/uploads/2026/04/Price-Monitoring-April-27-2026.pdf
2026-04-27,Cartimar,red_onion_local,110,120,115,https://www.da.gov.ph/wp-content/uploads/2026/04/Price-Monitoring-April-27-2026.pdf
2026-04-27,Cartimar,tomato,65,70,67.5,https://www.da.gov.ph/wp-content/uploads/2026/04/Price-Monitoring-April-27-2026.pdf
2026-04-28,Cartimar,ampalaya,120,130,125,https://www.da.gov.ph/wp-content/uploads/2026/04/Price-Monitoring-April-28-2026.pdf
2026-04-28,Cartimar,cabbage,50,60,55,https://www.da.gov.ph/wp-content/uploads/2026/04/Price-Monitoring-April-28-2026.pdf
2026-04-28,Cartimar,eggplant,75,80,77.5,https://www.da.gov.ph/wp-content/uploads/2026/04/Price-Monitoring-April-28-2026.pdf
2026-04-28,Cartimar,red_onion_local,110,120,115,https://www.da.gov.ph/wp-content/uploads/2026/04/Price-Monitoring-April-28-2026.pdf
2026-04-28,Cartimar,tomato,65,70,67.5,https://www.da.gov.ph/wp-content/uploads/2026/04/Price-Monitoring-April-28-2026.pdf
2026-04-29,Cartimar,ampalaya,120,130,125,https://www.da.gov.ph/wp-content/uploads/2026/04/Price-Monitoring-April-29-2026.pdf
2026-04-29,Cartimar,cabbage,50,60,55,https://www.da.gov.ph/wp-content/uploads/2026/04/Price-Monitoring-April-29-2026.pdf
2026-04-29,Cartimar,eggplant,75,80,77.5,https://www.da.gov.ph/wp-content/uploads/2026/04/Price-Monitoring-April-29-2026.pdf
2026-04-29,Cartimar,red_onion_local,110,120,115,https://www.da.gov.ph/wp-content/uploads/2026/04/Price-Monitoring-April-29-2026.pdf
2026-04-29,Cartimar,tomato,65,70,67.5,https://www.da.gov.ph/wp-content/uploads/2026/04/Price-Monitoring-April-29-2026.pdf
2026-04-30,Cartimar,ampalaya,120,130,125,https://www.da.gov.ph/wp-content/uploads/2026/04/Price-Monitoring-April-30-2026.pdf
2026-04-30,Cartimar,cabbage,50,60,55,https://www.da.gov.ph/wp-content/uploads/2026/04/Price-Monitoring-April-30-2026.pdf
2026-04-30,Cartimar,eggplant,75,80,77.5,https://www.da.gov.ph/wp-content/uploads/2026/04/Price-Monitoring-April-30-2026.pdf
2026-04-30,Cartimar,red_onion_local,110,120,115,https://www.da.gov.ph/wp-content/uploads/2026/04/Price-Monitoring-April-30-2026.pdf
2026-04-30,Cartimar,tomato,70,80,75,https://www.da.gov.ph/wp-content/uploads/2026/04/Price-Monitoring-April-30-2026.pdf
2026-05-01,Cartimar,ampalaya,120,130,125,https://www.da.gov.ph/wp-content/uploads/2026/05/Price-Monitoring-May-1-2026.pdf
2026-05-01,Cartimar,cabbage,50,60,55,https://www.da.gov.ph/wp-content/uploads/2026/05/Price-Monitoring-May-1-2026.pdf
2026-05-01,Cartimar,eggplant,75,80,77.5,https://www.da.gov.ph/wp-content/uploads/2026/05/Price-Monitoring-May-1-2026.pdf
2026-05-01,Cartimar,red_onion_local,110,120,115,https://www.da.gov.ph/wp-content/uploads/2026/05/Price-Monitoring-May-1-2026.pdf
2026-05-01,Cartimar,tomato,70,80,75,https://www.da.gov.ph/wp-content/uploads/2026/05/Price-Monitoring-May-1-2026.pdf
2026-05-02,Cartimar,ampalaya,120,130,125,https://www.da.gov.ph/wp-content/uploads/2026/05/Price-Monitoring-May-2-2026.pdf
2026-05-02,Cartimar,cabbage,50,60,55,https://www.da.gov.ph/wp-content/uploads/2026/05/Price-Monitoring-May-2-2026.pdf
2026-05-02,Cartimar,eggplant,75,80,77.5,https://www.da.gov.ph/wp-content/uploads/2026/05/Price-Monitoring-May-2-2026.pdf
2026-05-02,Cartimar,red_onion_local,110,120,115,https://www.da.gov.ph/wp-content/uploads/2026/05/Price-Monitoring-May-2-2026.pdf
2026-05-02,Cartimar,tomato,70,80,75,https://www.da.gov.ph/wp-content/uploads/2026/05/Price-Monitoring-May-2-2026.pdf
2026-05-04,Cartimar,ampalaya,120,130,125,https://www.da.gov.ph/wp-content/uploads/2026/05/Price-Monitoring-May-4-2026.pdf
2026-05-04,Cartimar,cabbage,50,60,55,https://www.da.gov.ph/wp-content/uploads/2026/05/Price-Monitoring-May-4-2026.pdf
2026-05-04,Cartimar,eggplant,75,80,77.5,https://www.da.gov.ph/wp-content/uploads/2026/05/Price-Monitoring-May-4-2026.pdf
2026-05-04,Cartimar,red_onion_local,110,120,115,https://www.da.gov.ph/wp-content/uploads/2026/05/Price-Monitoring-May-4-2026.pdf
2026-05-04,Cartimar,tomato,70,80,75,https://www.da.gov.ph/wp-content/uploads/2026/05/Price-Monitoring-May-4-2026.pdf
2026-05-05,Cartimar,ampalaya,120,130,125,https://www.da.gov.ph/wp-content/uploads/2026/05/Price-Monitoring-May-5-2026.pdf
2026-05-05,Cartimar,cabbage,50,60,55,https://www.da.gov.ph/wp-content/uploads/2026/05/Price-Monitoring-May-5-2026.pdf
2026-05-05,Cartimar,eggplant,75,80,77.5,https://www.da.gov.ph/wp-content/uploads/2026/05/Price-Monitoring-May-5-2026.pdf
2026-05-05,Cartimar,red_onion_local,110,120,115,https://www.da.gov.ph/wp-content/uploads/2026/05/Price-Monitoring-May-5-2026.pdf
2026-05-05,Cartimar,tomato,70,80,75,https://www.da.gov.ph/wp-content/uploads/2026/05/Price-Monitoring-May-5-2026.pdf
2026-05-06,Cartimar,ampalaya,120,130,125,https://www.da.gov.ph/wp-content/uploads/2026/05/Price-Monitoring-May-6-2026.pdf
2026-05-06,Cartimar,cabbage,50,60,55,https://www.da.gov.ph/wp-content/uploads/2026/05/Price-Monitoring-May-6-2026.pdf
2026-05-06,Cartimar,eggplant,75,80,77.5,https://www.da.gov.ph/wp-content/uploads/2026/05/Price-Monitoring-May-6-2026.pdf
2026-05-06,Cartimar,red_onion_local,110,120,115,https://www.da.gov.ph/wp-content/uploads/2026/05/Price-Monitoring-May-6-2026.pdf
2026-05-06,Cartimar,tomato,70,80,75,https://www.da.gov.ph/wp-content/uploads/2026/05/Price-Monitoring-May-6-2026.pdf
2026-05-07,Cartimar,ampalaya,120,130,125,https://www.da.gov.ph/wp-content/uploads/2026/05/Price-Monitoring-May-7-2026.pdf
2026-05-07,Cartimar,cabbage,50,60,55,https://www.da.gov.ph/wp-content/uploads/2026/05/Price-Monitoring-May-7-2026.pdf
2026-05-07,Cartimar,eggplant,75,80,77.5,https://www.da.gov.ph/wp-content/uploads/2026/05/Price-Monitoring-May-7-2026.pdf
2026-05-07,Cartimar,red_onion_local,110,120,115,https://www.da.gov.ph/wp-content/uploads/2026/05/Price-Monitoring-May-7-2026.pdf
2026-05-07,Cartimar,tomato,70,80,75,https://www.da.gov.ph/wp-content/uploads/2026/05/Price-Monitoring-May-7-2026.pdf
2026-05-08,Cartimar,ampalaya,120,130,125,https://www.da.gov.ph/wp-content/uploads/2026/05/Price-Monitoring-May-8-2026.pdf
2026-05-08,Cartimar,cabbage,50,60,55,https://www.da.gov.ph/wp-content/uploads/2026/05/Price-Monitoring-May-8-2026.pdf
2026-05-08,Cartimar,eggplant,75,80,77.5,https://www.da.gov.ph/wp-content/uploads/2026/05/Price-Monitoring-May-8-2026.pdf
2026-05-08,Cartimar,red_onion_local,110,120,115,https://www.da.gov.ph/wp-content/uploads/2026/05/Price-Monitoring-May-8-2026.pdf
2026-05-08,Cartimar,tomato,70,80,75,https://www.da.gov.ph/wp-content/uploads/2026/05/Price-Monitoring-May-8-2026.pdf
2026-05-09,Cartimar,ampalaya,120,130,125,https://www.da.gov.ph/wp-content/uploads/2026/05/Price-Monitoring-May-9-2026.pdf
2026-05-09,Cartimar,cabbage,50,60,55,https://www.da.gov.ph/wp-content/uploads/2026/05/Price-Monitoring-May-9-2026.pdf
2026-05-09,Cartimar,eggplant,75,80,77.5,https://www.da.gov.ph/wp-content/uploads/2026/05/Price-Monitoring-May-9-2026.pdf
2026-05-09,Cartimar,red_onion_local,110,120,115,https://www.da.gov.ph/wp-content/uploads/2026/05/Price-Monitoring-May-9-2026.pdf
2026-05-09,Cartimar,tomato,70,80,75,https://www.da.gov.ph/wp-content/uploads/2026/05/Price-Monitoring-May-9-2026.pdf
2026-05-11,Cartimar,ampalaya,120,130,125,https://www.da.gov.ph/wp-content/uploads/2026/05/Price-Monitoring-May-11-2026.pdf
2026-05-11,Cartimar,cabbage,60,60,60,https://www.da.gov.ph/wp-content/uploads/2026/05/Price-Monitoring-May-11-2026.pdf
2026-05-11,Cartimar,eggplant,75,80,77.5,https://www.da.gov.ph/wp-content/uploads/2026/05/Price-Monitoring-May-11-2026.pdf
2026-05-11,Cartimar,red_onion_local,110,120,115,https://www.da.gov.ph/wp-content/uploads/2026/05/Price-Monitoring-May-11-2026.pdf
2026-05-11,Cartimar,tomato,70,80,75,https://www.da.gov.ph/wp-content/uploads/2026/05/Price-Monitoring-May-11-2026.pdf
2026-05-12,Cartimar,ampalaya,120,130,125,https://www.da.gov.ph/wp-content/uploads/2026/05/Price-Monitoring-May-12-2026.pdf
2026-05-12,Cartimar,cabbage,60,60,60,https://www.da.gov.ph/wp-content/uploads/2026/05/Price-Monitoring-May-12-2026.pdf
2026-05-12,Cartimar,eggplant,75,80,77.5,https://www.da.gov.ph/wp-content/uploads/2026/05/Price-Monitoring-May-12-2026.pdf
2026-05-12,Cartimar,red_onion_local,110,120,115,https://www.da.gov.ph/wp-content/uploads/2026/05/Price-Monitoring-May-12-2026.pdf
2026-05-12,Cartimar,tomato,70,80,75,https://www.da.gov.ph/wp-content/uploads/2026/05/Price-Monitoring-May-12-2026.pdf
2026-05-13,Cartimar,ampalaya,120,130,125,https://www.da.gov.ph/wp-content/uploads/2026/05/Price-Monitoring-May-13-2026.pdf
2026-05-13,Cartimar,cabbage,60,60,60,https://www.da.gov.ph/wp-content/uploads/2026/05/Price-Monitoring-May-13-2026.pdf
2026-05-13,Cartimar,eggplant,75,80,77.5,https://www.da.gov.ph/wp-content/uploads/2026/05/Price-Monitoring-May-13-2026.pdf
2026-05-13,Cartimar,red_onion_local,110,120,115,https://www.da.gov.ph/wp-content/uploads/2026/05/Price-Monitoring-May-13-2026.pdf
2026-05-13,Cartimar,tomato,70,80,75,https://www.da.gov.ph/wp-content/uploads/2026/05/Price-Monitoring-May-13-2026.pdf
2026-05-14,Cartimar,ampalaya,120,130,125,https://www.da.gov.ph/wp-content/uploads/2026/05/Price-Monitoring-May-14-2026.pdf
2026-05-14,Cartimar,cabbage,60,60,60,https://www.da.gov.ph/wp-content/uploads/2026/05/Price-Monitoring-May-14-2026.pdf
2026-05-14,Cartimar,eggplant,75,80,77.5,https://www.da.gov.ph/wp-content/uploads/2026/05/Price-Monitoring-May-14-2026.pdf
2026-05-14,Cartimar,red_onion_local,110,120,115,https://www.da.gov.ph/wp-content/uploads/2026/05/Price-Monitoring-May-14-2026.pdf
2026-05-14,Cartimar,tomato,70,80,75,https://www.da.gov.ph/wp-content/uploads/2026/05/Price-Monitoring-May-14-2026.pdf
2026-05-15,Cartimar,ampalaya,120,130,125,https://www.da.gov.ph/wp-content/uploads/2026/05/Price-Monitoring-May-15-2026.pdf
2026-05-15,Cartimar,cabbage,60,60,60,https://www.da.gov.ph/wp-content/uploads/2026/05/Price-Monitoring-May-15-2026.pdf
2026-05-15,Cartimar,eggplant,75,80,77.5,https://www.da.gov.ph/wp-content/uploads/2026/05/Price-Monitoring-May-15-2026.pdf
2026-05-15,Cartimar,red_onion_local,110,120,115,https://www.da.gov.ph/wp-content/uploads/2026/05/Price-Monitoring-May-15-2026.pdf
2026-05-15,Cartimar,tomato,70,80,75,https://www.da.gov.ph/wp-content/uploads/2026/05/Price-Monitoring-May-15-2026.pdf
2026-05-16,Cartimar,ampalaya,120,130,125,https://www.da.gov.ph/wp-content/uploads/2026/05/Price-Monitoring-May-16-2026.pdf
2026-05-16,Cartimar,cabbage,60,60,60,https://www.da.gov.ph/wp-content/uploads/2026/05/Price-Monitoring-May-16-2026.pdf
2026-05-16,Cartimar,eggplant,100,100,100,https://www.da.gov.ph/wp-content/uploads/2026/05/Price-Monitoring-May-16-2026.pdf
2026-05-16,Cartimar,red_onion_local,110,120,115,https://www.da.gov.ph/wp-content/uploads/2026/05/Price-Monitoring-May-16-2026.pdf
2026-05-16,Cartimar,tomato,80,80,80,https://www.da.gov.ph/wp-content/uploads/2026/05/Price-Monitoring-May-16-2026.pdf
2026-05-18,Cartimar,ampalaya,120,130,125,https://www.da.gov.ph/wp-content/uploads/2026/05/Revised-Price-Monitoring-May-18-2026.pdf
2026-05-18,Cartimar,cabbage,60,60,60,https://www.da.gov.ph/wp-content/uploads/2026/05/Revised-Price-Monitoring-May-18-2026.pdf
2026-05-18,Cartimar,eggplant,100,100,100,https://www.da.gov.ph/wp-content/uploads/2026/05/Revised-Price-Monitoring-May-18-2026.pdf
2026-05-18,Cartimar,red_onion_local,110,120,115,https://www.da.gov.ph/wp-content/uploads/2026/05/Revised-Price-Monitoring-May-18-2026.pdf
2026-05-18,Cartimar,tomato,80,80,80,https://www.da.gov.ph/wp-content/uploads/2026/05/Revised-Price-Monitoring-May-18-2026.pdf
2026-05-19,Cartimar,ampalaya,130,140,135,https://www.da.gov.ph/wp-content/uploads/2026/05/Price-Monitoring-May-19-2026.pdf
2026-05-19,Cartimar,cabbage,60,60,60,https://www.da.gov.ph/wp-content/uploads/2026/05/Price-Monitoring-May-19-2026.pdf
2026-05-19,Cartimar,eggplant,100,100,100,https://www.da.gov.ph/wp-content/uploads/2026/05/Price-Monitoring-May-19-2026.pdf
2026-05-19,Cartimar,red_onion_local,110,120,115,https://www.da.gov.ph/wp-content/uploads/2026/05/Price-Monitoring-May-19-2026.pdf
2026-05-19,Cartimar,tomato,80,80,80,https://www.da.gov.ph/wp-content/uploads/2026/05/Price-Monitoring-May-19-2026.pdf
2026-05-20,Cartimar,ampalaya,130,140,135,https://www.da.gov.ph/wp-content/uploads/2026/05/Price-Monitoring-May-20-2026.pdf
2026-05-20,Cartimar,cabbage,60,60,60,https://www.da.gov.ph/wp-content/uploads/2026/05/Price-Monitoring-May-20-2026.pdf
2026-05-20,Cartimar,eggplant,100,100,100,https://www.da.gov.ph/wp-content/uploads/2026/05/Price-Monitoring-May-20-2026.pdf
2026-05-20,Cartimar,red_onion_local,110,120,115,https://www.da.gov.ph/wp-content/uploads/2026/05/Price-Monitoring-May-20-2026.pdf
2026-05-20,Cartimar,tomato,80,80,80,https://www.da.gov.ph/wp-content/uploads/2026/05/Price-Monitoring-May-20-2026.pdf
2026-05-21,Cartimar,ampalaya,130,140,135,https://www.da.gov.ph/wp-content/uploads/2026/05/Price-Monitoring-May-21-2026.pdf
2026-05-21,Cartimar,cabbage,60,60,60,https://www.da.gov.ph/wp-content/uploads/2026/05/Price-Monitoring-May-21-2026.pdf
2026-05-21,Cartimar,eggplant,80,90,85,https://www.da.gov.ph/wp-content/uploads/2026/05/Price-Monitoring-May-21-2026.pdf
2026-05-21,Cartimar,red_onion_local,110,120,115,https://www.da.gov.ph/wp-content/uploads/2026/05/Price-Monitoring-May-21-2026.pdf
2026-05-21,Cartimar,tomato,70,80,75,https://www.da.gov.ph/wp-content/uploads/2026/05/Price-Monitoring-May-21-2026.pdf
2026-05-22,Cartimar,ampalaya,130,140,135,https://www.da.gov.ph/wp-content/uploads/2026/05/Price-Monitoring-May-22-2026.pdf
2026-05-22,Cartimar,cabbage,60,60,60,https://www.da.gov.ph/wp-content/uploads/2026/05/Price-Monitoring-May-22-2026.pdf
2026-05-22,Cartimar,eggplant,80,90,85,https://www.da.gov.ph/wp-content/uploads/2026/05/Price-Monitoring-May-22-2026.pdf
2026-05-22,Cartimar,red_onion_local,110,120,115,https://www.da.gov.ph/wp-content/uploads/2026/05/Price-Monitoring-May-22-2026.pdf
2026-05-22,Cartimar,tomato,70,80,75,https://www.da.gov.ph/wp-content/uploads/2026/05/Price-Monitoring-May-22-2026.pdf
2026-05-23,Cartimar,ampalaya,130,140,135,https://www.da.gov.ph/wp-content/uploads/2026/05/Price-Monitoring-May-23-2026.pdf
2026-05-23,Cartimar,cabbage,60,60,60,https://www.da.gov.ph/wp-content/uploads/2026/05/Price-Monitoring-May-23-2026.pdf
2026-05-23,Cartimar,eggplant,80,90,85,https://www.da.gov.ph/wp-content/uploads/2026/05/Price-Monitoring-May-23-2026.pdf
2026-05-23,Cartimar,red_onion_local,120,120,120,https://www.da.gov.ph/wp-content/uploads/2026/05/Price-Monitoring-May-23-2026.pdf
2026-05-23,Cartimar,tomato,60,70,65,https://www.da.gov.ph/wp-content/uploads/2026/05/Price-Monitoring-May-23-2026.pdf
2026-05-25,Cartimar,ampalaya,120,130,125,https://www.da.gov.ph/wp-content/uploads/2026/05/Price-Monitoring-May-25-2026.pdf
2026-05-25,Cartimar,cabbage,60,60,60,https://www.da.gov.ph/wp-content/uploads/2026/05/Price-Monitoring-May-25-2026.pdf
2026-05-25,Cartimar,eggplant,80,90,85,https://www.da.gov.ph/wp-content/uploads/2026/05/Price-Monitoring-May-25-2026.pdf
2026-05-25,Cartimar,red_onion_local,120,120,120,https://www.da.gov.ph/wp-content/uploads/2026/05/Price-Monitoring-May-25-2026.pdf
2026-05-25,Cartimar,tomato,60,80,70,https://www.da.gov.ph/wp-content/uploads/2026/05/Price-Monitoring-May-25-2026.pdf
2026-05-26,Cartimar,ampalaya,120,130,125,https://www.da.gov.ph/wp-content/uploads/2026/05/Price-Monitoring-May-26-2026.pdf
2026-05-26,Cartimar,cabbage,50,50,50,https://www.da.gov.ph/wp-content/uploads/2026/05/Price-Monitoring-May-26-2026.pdf
2026-05-26,Cartimar,eggplant,80,90,85,https://www.da.gov.ph/wp-content/uploads/2026/05/Price-Monitoring-May-26-2026.pdf
2026-05-26,Cartimar,red_onion_local,120,120,120,https://www.da.gov.ph/wp-content/uploads/2026/05/Price-Monitoring-May-26-2026.pdf
2026-05-26,Cartimar,tomato,60,80,70,https://www.da.gov.ph/wp-content/uploads/2026/05/Price-Monitoring-May-26-2026.pdf
2026-05-27,Cartimar,ampalaya,120,130,125,https://www.da.gov.ph/wp-content/uploads/2026/05/Price-Monitoring-May-27-2026.pdf
2026-05-27,Cartimar,cabbage,50,50,50,https://www.da.gov.ph/wp-content/uploads/2026/05/Price-Monitoring-May-27-2026.pdf
2026-05-27,Cartimar,eggplant,80,90,85,https://www.da.gov.ph/wp-content/uploads/2026/05/Price-Monitoring-May-27-2026.pdf
2026-05-27,Cartimar,red_onion_local,120,120,120,https://www.da.gov.ph/wp-content/uploads/2026/05/Price-Monitoring-May-27-2026.pdf
2026-05-27,Cartimar,tomato,60,80,70,https://www.da.gov.ph/wp-content/uploads/2026/05/Price-Monitoring-May-27-2026.pdf
2026-05-28,Cartimar,ampalaya,120,120,120,https://www.da.gov.ph/wp-content/uploads/2026/05/Price-Monitoring-May-28-2026.pdf
2026-05-28,Cartimar,cabbage,50,50,50,https://www.da.gov.ph/wp-content/uploads/2026/05/Price-Monitoring-May-28-2026.pdf
2026-05-28,Cartimar,eggplant,80,90,85,https://www.da.gov.ph/wp-content/uploads/2026/05/Price-Monitoring-May-28-2026.pdf
2026-05-28,Cartimar,red_onion_local,120,120,120,https://www.da.gov.ph/wp-content/uploads/2026/05/Price-Monitoring-May-28-2026.pdf
2026-05-28,Cartimar,tomato,70,80,75,https://www.da.gov.ph/wp-content/uploads/2026/05/Price-Monitoring-May-28-2026.pdf
2026-05-29,Cartimar,ampalaya,120,120,120,https://www.da.gov.ph/wp-content/uploads/2026/05/Price-Monitoring-May-29-2026.pdf
2026-05-29,Cartimar,cabbage,50,50,50,https://www.da.gov.ph/wp-content/uploads/2026/05/Price-Monitoring-May-29-2026.pdf
2026-05-29,Cartimar,eggplant,80,90,85,https://www.da.gov.ph/wp-content/uploads/2026/05/Price-Monitoring-May-29-2026.pdf
2026-05-29,Cartimar,red_onion_local,120,120,120,https://www.da.gov.ph/wp-content/uploads/2026/05/Price-Monitoring-May-29-2026.pdf
2026-05-29,Cartimar,tomato,70,80,75,https://www.da.gov.ph/wp-content/uploads/2026/05/Price-Monitoring-May-29-2026.pdf
2026-05-30,Cartimar,ampalaya,130,130,130,https://www.da.gov.ph/wp-content/uploads/2026/06/Price-Monitoring-May-30-2026.pdf
2026-05-30,Cartimar,cabbage,50,50,50,https://www.da.gov.ph/wp-content/uploads/2026/06/Price-Monitoring-May-30-2026.pdf
2026-05-30,Cartimar,eggplant,80,90,85,https://www.da.gov.ph/wp-content/uploads/2026/06/Price-Monitoring-May-30-2026.pdf
2026-05-30,Cartimar,red_onion_local,120,120,120,https://www.da.gov.ph/wp-content/uploads/2026/06/Price-Monitoring-May-30-2026.pdf
2026-05-30,Cartimar,tomato,70,80,75,https://www.da.gov.ph/wp-content/uploads/2026/06/Price-Monitoring-May-30-2026.pdf
2026-06-01,Cartimar,ampalaya,130,130,130,https://www.da.gov.ph/wp-content/uploads/2026/06/Price-Monitoring-June-1-2026.pdf
2026-06-01,Cartimar,cabbage,50,50,50,https://www.da.gov.ph/wp-content/uploads/2026/06/Price-Monitoring-June-1-2026.pdf
2026-06-01,Cartimar,eggplant,80,90,85,https://www.da.gov.ph/wp-content/uploads/2026/06/Price-Monitoring-June-1-2026.pdf
2026-06-01,Cartimar,red_onion_local,120,120,120,https://www.da.gov.ph/wp-content/uploads/2026/06/Price-Monitoring-June-1-2026.pdf
2026-06-01,Cartimar,tomato,70,80,75,https://www.da.gov.ph/wp-content/uploads/2026/06/Price-Monitoring-June-1-2026.pdf
2026-06-02,Cartimar,ampalaya,130,130,130,https://www.da.gov.ph/wp-content/uploads/2026/06/Price-Monitoring-June-2-2026.pdf
2026-06-02,Cartimar,cabbage,50,50,50,https://www.da.gov.ph/wp-content/uploads/2026/06/Price-Monitoring-June-2-2026.pdf
2026-06-02,Cartimar,eggplant,80,90,85,https://www.da.gov.ph/wp-content/uploads/2026/06/Price-Monitoring-June-2-2026.pdf
2026-06-02,Cartimar,red_onion_local,120,120,120,https://www.da.gov.ph/wp-content/uploads/2026/06/Price-Monitoring-June-2-2026.pdf
2026-06-02,Cartimar,tomato,70,80,75,https://www.da.gov.ph/wp-content/uploads/2026/06/Price-Monitoring-June-2-2026.pdf
2026-06-03,Cartimar,ampalaya,130,130,130,https://www.da.gov.ph/wp-content/uploads/2026/06/Price-Monitoring-June-3-2026.pdf
2026-06-03,Cartimar,cabbage,50,50,50,https://www.da.gov.ph/wp-content/uploads/2026/06/Price-Monitoring-June-3-2026.pdf
2026-06-03,Cartimar,eggplant,80,90,85,https://www.da.gov.ph/wp-content/uploads/2026/06/Price-Monitoring-June-3-2026.pdf
2026-06-03,Cartimar,red_onion_local,120,120,120,https://www.da.gov.ph/wp-content/uploads/2026/06/Price-Monitoring-June-3-2026.pdf
2026-06-03,Cartimar,tomato,70,80,75,https://www.da.gov.ph/wp-content/uploads/2026/06/Price-Monitoring-June-3-2026.pdf
2026-06-04,Cartimar,ampalaya,130,130,130,https://www.da.gov.ph/wp-content/uploads/2026/06/Price-Monitoring-June-4-2026.pdf
2026-06-04,Cartimar,cabbage,50,50,50,https://www.da.gov.ph/wp-content/uploads/2026/06/Price-Monitoring-June-4-2026.pdf
2026-06-04,Cartimar,eggplant,90,100,95,https://www.da.gov.ph/wp-content/uploads/2026/06/Price-Monitoring-June-4-2026.pdf
2026-06-04,Cartimar,red_onion_local,120,120,120,https://www.da.gov.ph/wp-content/uploads/2026/06/Price-Monitoring-June-4-2026.pdf
2026-06-04,Cartimar,tomato,70,80,75,https://www.da.gov.ph/wp-content/uploads/2026/06/Price-Monitoring-June-4-2026.pdf
2026-06-05,Cartimar,ampalaya,130,130,130,https://www.da.gov.ph/wp-content/uploads/2026/06/Price-Monitoring-June-5-2026.pdf
2026-06-05,Cartimar,cabbage,50,50,50,https://www.da.gov.ph/wp-content/uploads/2026/06/Price-Monitoring-June-5-2026.pdf
2026-06-05,Cartimar,eggplant,90,100,95,https://www.da.gov.ph/wp-content/uploads/2026/06/Price-Monitoring-June-5-2026.pdf
2026-06-05,Cartimar,red_onion_local,120,120,120,https://www.da.gov.ph/wp-content/uploads/2026/06/Price-Monitoring-June-5-2026.pdf
2026-06-05,Cartimar,tomato,70,80,75,https://www.da.gov.ph/wp-content/uploads/2026/06/Price-Monitoring-June-5-2026.pdf
2026-06-06,Cartimar,ampalaya,130,130,130,https://www.da.gov.ph/wp-content/uploads/2026/06/Price-Monitoring-June-6-2026.pdf
2026-06-06,Cartimar,cabbage,50,50,50,https://www.da.gov.ph/wp-content/uploads/2026/06/Price-Monitoring-June-6-2026.pdf
2026-06-06,Cartimar,eggplant,90,100,95,https://www.da.gov.ph/wp-content/uploads/2026/06/Price-Monitoring-June-6-2026.pdf
2026-06-06,Cartimar,red_onion_local,120,120,120,https://www.da.gov.ph/wp-content/uploads/2026/06/Price-Monitoring-June-6-2026.pdf
2026-06-06,Cartimar,tomato,70,80,75,https://www.da.gov.ph/wp-content/uploads/2026/06/Price-Monitoring-June-6-2026.pdf
2026-06-08,Cartimar,ampalaya,130,130,130,https://www.da.gov.ph/wp-content/uploads/2026/06/Price-Monitoring-June-8-2026.pdf
2026-06-08,Cartimar,cabbage,50,50,50,https://www.da.gov.ph/wp-content/uploads/2026/06/Price-Monitoring-June-8-2026.pdf
2026-06-08,Cartimar,eggplant,90,100,95,https://www.da.gov.ph/wp-content/uploads/2026/06/Price-Monitoring-June-8-2026.pdf
2026-06-08,Cartimar,red_onion_local,120,120,120,https://www.da.gov.ph/wp-content/uploads/2026/06/Price-Monitoring-June-8-2026.pdf
2026-06-08,Cartimar,tomato,70,80,75,https://www.da.gov.ph/wp-content/uploads/2026/06/Price-Monitoring-June-8-2026.pdf
2026-06-09,Cartimar,ampalaya,130,130,130,https://www.da.gov.ph/wp-content/uploads/2026/06/Price-Monitoring-June-9-2026.pdf
2026-06-09,Cartimar,cabbage,50,50,50,https://www.da.gov.ph/wp-content/uploads/2026/06/Price-Monitoring-June-9-2026.pdf
2026-06-09,Cartimar,eggplant,90,100,95,https://www.da.gov.ph/wp-content/uploads/2026/06/Price-Monitoring-June-9-2026.pdf
2026-06-09,Cartimar,red_onion_local,120,120,120,https://www.da.gov.ph/wp-content/uploads/2026/06/Price-Monitoring-June-9-2026.pdf
2026-06-09,Cartimar,tomato,70,80,75,https://www.da.gov.ph/wp-content/uploads/2026/06/Price-Monitoring-June-9-2026.pdf
2026-06-10,Cartimar,ampalaya,130,130,130,https://www.da.gov.ph/wp-content/uploads/2026/06/Price-Monitoring-June-10-2026.pdf
2026-06-10,Cartimar,cabbage,50,50,50,https://www.da.gov.ph/wp-content/uploads/2026/06/Price-Monitoring-June-10-2026.pdf
2026-06-10,Cartimar,eggplant,90,100,95,https://www.da.gov.ph/wp-content/uploads/2026/06/Price-Monitoring-June-10-2026.pdf
2026-06-10,Cartimar,red_onion_local,120,120,120,https://www.da.gov.ph/wp-content/uploads/2026/06/Price-Monitoring-June-10-2026.pdf
2026-06-10,Cartimar,tomato,70,80,75,https://www.da.gov.ph/wp-content/uploads/2026/06/Price-Monitoring-June-10-2026.pdf
2026-06-11,Cartimar,ampalaya,130,130,130,https://www.da.gov.ph/wp-content/uploads/2026/06/Price-Monitoring-June-11-2026.pdf
2026-06-11,Cartimar,cabbage,50,50,50,https://www.da.gov.ph/wp-content/uploads/2026/06/Price-Monitoring-June-11-2026.pdf
2026-06-11,Cartimar,eggplant,90,100,95,https://www.da.gov.ph/wp-content/uploads/2026/06/Price-Monitoring-June-11-2026.pdf
2026-06-11,Cartimar,red_onion_local,120,120,120,https://www.da.gov.ph/wp-content/uploads/2026/06/Price-Monitoring-June-11-2026.pdf
2026-06-11,Cartimar,tomato,70,80,75,https://www.da.gov.ph/wp-content/uploads/2026/06/Price-Monitoring-June-11-2026.pdf
2026-06-12,Cartimar,ampalaya,130,140,135,https://www.da.gov.ph/wp-content/uploads/2026/06/Price-Monitoring-June-12-2026.pdf
2026-06-12,Cartimar,cabbage,50,50,50,https://www.da.gov.ph/wp-content/uploads/2026/06/Price-Monitoring-June-12-2026.pdf
2026-06-12,Cartimar,eggplant,90,100,95,https://www.da.gov.ph/wp-content/uploads/2026/06/Price-Monitoring-June-12-2026.pdf
2026-06-12,Cartimar,red_onion_local,120,120,120,https://www.da.gov.ph/wp-content/uploads/2026/06/Price-Monitoring-June-12-2026.pdf
2026-06-12,Cartimar,tomato,70,80,75,https://www.da.gov.ph/wp-content/uploads/2026/06/Price-Monitoring-June-12-2026.pdf
2026-06-13,Cartimar,ampalaya,130,140,135,https://www.da.gov.ph/wp-content/uploads/2026/06/Price-Monitoring-June-13-2026.pdf
2026-06-13,Cartimar,cabbage,50,50,50,https://www.da.gov.ph/wp-content/uploads/2026/06/Price-Monitoring-June-13-2026.pdf
2026-06-13,Cartimar,eggplant,90,100,95,https://www.da.gov.ph/wp-content/uploads/2026/06/Price-Monitoring-June-13-2026.pdf
2026-06-13,Cartimar,red_onion_local,120,120,120,https://www.da.gov.ph/wp-content/uploads/2026/06/Price-Monitoring-June-13-2026.pdf
2026-06-13,Cartimar,tomato,70,80,75,https://www.da.gov.ph/wp-content/uploads/2026/06/Price-Monitoring-June-13-2026.pdf
2026-06-15,Cartimar,ampalaya,130,140,135,https://www.da.gov.ph/wp-content/uploads/2026/06/Price-Monitoring-June-15-2026.pdf
2026-06-15,Cartimar,cabbage,50,50,50,https://www.da.gov.ph/wp-content/uploads/2026/06/Price-Monitoring-June-15-2026.pdf
2026-06-15,Cartimar,eggplant,90,100,95,https://www.da.gov.ph/wp-content/uploads/2026/06/Price-Monitoring-June-15-2026.pdf
2026-06-15,Cartimar,red_onion_local,120,120,120,https://www.da.gov.ph/wp-content/uploads/2026/06/Price-Monitoring-June-15-2026.pdf
2026-06-15,Cartimar,tomato,70,80,75,https://www.da.gov.ph/wp-content/uploads/2026/06/Price-Monitoring-June-15-2026.pdf
2026-06-16,Cartimar,ampalaya,130,140,135,https://www.da.gov.ph/wp-content/uploads/2026/06/Price-Monitoring-June-16-2026.pdf
2026-06-16,Cartimar,cabbage,50,50,50,https://www.da.gov.ph/wp-content/uploads/2026/06/Price-Monitoring-June-16-2026.pdf
2026-06-16,Cartimar,eggplant,90,100,95,https://www.da.gov.ph/wp-content/uploads/2026/06/Price-Monitoring-June-16-2026.pdf
2026-06-16,Cartimar,red_onion_local,120,120,120,https://www.da.gov.ph/wp-content/uploads/2026/06/Price-Monitoring-June-16-2026.pdf
2026-06-16,Cartimar,tomato,70,80,75,https://www.da.gov.ph/wp-content/uploads/2026/06/Price-Monitoring-June-16-2026.pdf
2026-06-17,Cartimar,ampalaya,130,140,135,https://www.da.gov.ph/wp-content/uploads/2026/06/Price-Monitoring-June-17-2026.pdf
2026-06-17,Cartimar,cabbage,50,50,50,https://www.da.gov.ph/wp-content/uploads/2026/06/Price-Monitoring-June-17-2026.pdf
2026-06-17,Cartimar,eggplant,90,100,95,https://www.da.gov.ph/wp-content/uploads/2026/06/Price-Monitoring-June-17-2026.pdf
2026-06-17,Cartimar,red_onion_local,120,120,120,https://www.da.gov.ph/wp-content/uploads/2026/06/Price-Monitoring-June-17-2026.pdf
2026-06-17,Cartimar,tomato,70,80,75,https://www.da.gov.ph/wp-content/uploads/2026/06/Price-Monitoring-June-17-2026.pdf
2026-06-18,Cartimar,ampalaya,130,140,135,https://www.da.gov.ph/wp-content/uploads/2026/06/Price-Monitoring-June-18-2026.pdf
2026-06-18,Cartimar,cabbage,50,50,50,https://www.da.gov.ph/wp-content/uploads/2026/06/Price-Monitoring-June-18-2026.pdf
2026-06-18,Cartimar,eggplant,90,100,95,https://www.da.gov.ph/wp-content/uploads/2026/06/Price-Monitoring-June-18-2026.pdf
2026-06-18,Cartimar,red_onion_local,120,120,120,https://www.da.gov.ph/wp-content/uploads/2026/06/Price-Monitoring-June-18-2026.pdf
2026-06-18,Cartimar,tomato,70,80,75,https://www.da.gov.ph/wp-content/uploads/2026/06/Price-Monitoring-June-18-2026.pdf
2026-06-19,Cartimar,ampalaya,130,140,135,https://www.da.gov.ph/wp-content/uploads/2026/06/Price-Monitoring-June-19-2026.pdf
2026-06-19,Cartimar,cabbage,50,50,50,https://www.da.gov.ph/wp-content/uploads/2026/06/Price-Monitoring-June-19-2026.pdf
2026-06-19,Cartimar,eggplant,90,100,95,https://www.da.gov.ph/wp-content/uploads/2026/06/Price-Monitoring-June-19-2026.pdf
2026-06-19,Cartimar,red_onion_local,120,120,120,https://www.da.gov.ph/wp-content/uploads/2026/06/Price-Monitoring-June-19-2026.pdf
2026-06-19,Cartimar,tomato,70,80,75,https://www.da.gov.ph/wp-content/uploads/2026/06/Price-Monitoring-June-19-2026.pdf
2026-06-20,Cartimar,ampalaya,130,140,135,https://www.da.gov.ph/wp-content/uploads/2026/06/Price-Monitoring-June-20-2026.pdf
2026-06-20,Cartimar,cabbage,50,50,50,https://www.da.gov.ph/wp-content/uploads/2026/06/Price-Monitoring-June-20-2026.pdf
2026-06-20,Cartimar,eggplant,90,100,95,https://www.da.gov.ph/wp-content/uploads/2026/06/Price-Monitoring-June-20-2026.pdf
2026-06-20,Cartimar,red_onion_local,120,120,120,https://www.da.gov.ph/wp-content/uploads/2026/06/Price-Monitoring-June-20-2026.pdf
2026-06-20,Cartimar,tomato,70,80,75,https://www.da.gov.ph/wp-content/uploads/2026/06/Price-Monitoring-June-20-2026.pdf
2026-06-22,Cartimar,ampalaya,130,140,135,https://www.da.gov.ph/wp-content/uploads/2026/06/Price-Monitoring-June-22-2026.pdf
2026-06-22,Cartimar,cabbage,50,50,50,https://www.da.gov.ph/wp-content/uploads/2026/06/Price-Monitoring-June-22-2026.pdf
2026-06-22,Cartimar,eggplant,90,100,95,https://www.da.gov.ph/wp-content/uploads/2026/06/Price-Monitoring-June-22-2026.pdf
2026-06-22,Cartimar,red_onion_local,120,120,120,https://www.da.gov.ph/wp-content/uploads/2026/06/Price-Monitoring-June-22-2026.pdf
2026-06-22,Cartimar,tomato,70,80,75,https://www.da.gov.ph/wp-content/uploads/2026/06/Price-Monitoring-June-22-2026.pdf
2026-06-23,Cartimar,ampalaya,120,140,130,https://www.da.gov.ph/wp-content/uploads/2026/06/Price-Monitoring-June-23-2026.pdf
2026-06-23,Cartimar,cabbage,65,90,77.5,https://www.da.gov.ph/wp-content/uploads/2026/06/Price-Monitoring-June-23-2026.pdf
2026-06-23,Cartimar,eggplant,100,150,125,https://www.da.gov.ph/wp-content/uploads/2026/06/Price-Monitoring-June-23-2026.pdf
2026-06-23,Cartimar,red_onion_local,120,120,120,https://www.da.gov.ph/wp-content/uploads/2026/06/Price-Monitoring-June-23-2026.pdf
2026-06-23,Cartimar,tomato,70,100,85,https://www.da.gov.ph/wp-content/uploads/2026/06/Price-Monitoring-June-23-2026.pdf
2026-06-24,Cartimar,ampalaya,120,140,130,https://www.da.gov.ph/wp-content/uploads/2026/06/Price-Monitoring-June-24-2026.pdf
2026-06-24,Cartimar,cabbage,65,90,77.5,https://www.da.gov.ph/wp-content/uploads/2026/06/Price-Monitoring-June-24-2026.pdf
2026-06-24,Cartimar,eggplant,100,150,125,https://www.da.gov.ph/wp-content/uploads/2026/06/Price-Monitoring-June-24-2026.pdf
2026-06-24,Cartimar,galunggong_local,250,280,265,https://www.da.gov.ph/wp-content/uploads/2026/06/Price-Monitoring-June-24-2026.pdf
2026-06-24,Cartimar,red_onion_local,120,120,120,https://www.da.gov.ph/wp-content/uploads/2026/06/Price-Monitoring-June-24-2026.pdf
2026-06-24,Cartimar,tilapia,150,180,165,https://www.da.gov.ph/wp-content/uploads/2026/06/Price-Monitoring-June-24-2026.pdf
2026-06-24,Cartimar,tomato,70,100,85,https://www.da.gov.ph/wp-content/uploads/2026/06/Price-Monitoring-June-24-2026.pdf
2026-06-25,Cartimar,ampalaya,90,160,125,https://www.da.gov.ph/wp-content/uploads/2026/06/Price-Monitoring-June-25-2026.pdf
2026-06-25,Cartimar,cabbage,80,110,95,https://www.da.gov.ph/wp-content/uploads/2026/06/Price-Monitoring-June-25-2026.pdf
2026-06-25,Cartimar,eggplant,100,150,125,https://www.da.gov.ph/wp-content/uploads/2026/06/Price-Monitoring-June-25-2026.pdf
2026-06-25,Cartimar,galunggong_local,250,280,265,https://www.da.gov.ph/wp-content/uploads/2026/06/Price-Monitoring-June-25-2026.pdf
2026-06-25,Cartimar,red_onion_local,85,120,102.5,https://www.da.gov.ph/wp-content/uploads/2026/06/Price-Monitoring-June-25-2026.pdf
2026-06-25,Cartimar,tilapia,150,180,165,https://www.da.gov.ph/wp-content/uploads/2026/06/Price-Monitoring-June-25-2026.pdf
2026-06-25,Cartimar,tomato,70,90,80,https://www.da.gov.ph/wp-content/uploads/2026/06/Price-Monitoring-June-25-2026.pdf
2026-06-26,Cartimar,ampalaya,90,160,125,https://www.da.gov.ph/wp-content/uploads/2026/06/Price-Monitoring-June-26-2026.pdf
2026-06-26,Cartimar,cabbage,80,110,95,https://www.da.gov.ph/wp-content/uploads/2026/06/Price-Monitoring-June-26-2026.pdf
2026-06-26,Cartimar,eggplant,100,150,125,https://www.da.gov.ph/wp-content/uploads/2026/06/Price-Monitoring-June-26-2026.pdf
2026-06-26,Cartimar,galunggong_local,250,280,265,https://www.da.gov.ph/wp-content/uploads/2026/06/Price-Monitoring-June-26-2026.pdf
2026-06-26,Cartimar,red_onion_local,85,120,102.5,https://www.da.gov.ph/wp-content/uploads/2026/06/Price-Monitoring-June-26-2026.pdf
2026-06-26,Cartimar,tilapia,150,180,165,https://www.da.gov.ph/wp-content/uploads/2026/06/Price-Monitoring-June-26-2026.pdf
2026-06-26,Cartimar,tomato,70,90,80,https://www.da.gov.ph/wp-content/uploads/2026/06/Price-Monitoring-June-26-2026.pdf
2026-06-27,Cartimar,ampalaya,90,150,120,https://www.da.gov.ph/wp-content/uploads/2026/06/Price-Monitoring-June-27-2026.pdf
2026-06-27,Cartimar,cabbage,80,110,95,https://www.da.gov.ph/wp-content/uploads/2026/06/Price-Monitoring-June-27-2026.pdf
2026-06-27,Cartimar,eggplant,100,150,125,https://www.da.gov.ph/wp-content/uploads/2026/06/Price-Monitoring-June-27-2026.pdf
2026-06-27,Cartimar,galunggong_local,250,280,265,https://www.da.gov.ph/wp-content/uploads/2026/06/Price-Monitoring-June-27-2026.pdf
2026-06-27,Cartimar,red_onion_local,85,120,102.5,https://www.da.gov.ph/wp-content/uploads/2026/06/Price-Monitoring-June-27-2026.pdf
2026-06-27,Cartimar,tilapia,150,180,165,https://www.da.gov.ph/wp-content/uploads/2026/06/Price-Monitoring-June-27-2026.pdf
2026-06-27,Cartimar,tomato,70,90,80,https://www.da.gov.ph/wp-content/uploads/2026/06/Price-Monitoring-June-27-2026.pdf
2026-06-29,Cartimar,ampalaya,100,140,120,https://www.da.gov.ph/wp-content/uploads/2026/06/Price-Monitoring-June-29-2026.pdf
2026-06-29,Cartimar,cabbage,70,90,80,https://www.da.gov.ph/wp-content/uploads/2026/06/Price-Monitoring-June-29-2026.pdf
2026-06-29,Cartimar,eggplant,100,120,110,https://www.da.gov.ph/wp-content/uploads/2026/06/Price-Monitoring-June-29-2026.pdf
2026-06-29,Cartimar,galunggong_local,280,300,290,https://www.da.gov.ph/wp-content/uploads/2026/06/Price-Monitoring-June-29-2026.pdf
2026-06-29,Cartimar,red_onion_local,85,120,102.5,https://www.da.gov.ph/wp-content/uploads/2026/06/Price-Monitoring-June-29-2026.pdf
2026-06-29,Cartimar,tilapia,180,180,180,https://www.da.gov.ph/wp-content/uploads/2026/06/Price-Monitoring-June-29-2026.pdf
2026-06-29,Cartimar,tomato,80,90,85,https://www.da.gov.ph/wp-content/uploads/2026/06/Price-Monitoring-June-29-2026.pdf
2026-06-30,Cartimar,ampalaya,100,140,120,https://www.da.gov.ph/wp-content/uploads/2026/07/Price-Monitoring-June-30-2026.pdf
2026-06-30,Cartimar,cabbage,70,90,80,https://www.da.gov.ph/wp-content/uploads/2026/07/Price-Monitoring-June-30-2026.pdf
2026-06-30,Cartimar,eggplant,100,120,110,https://www.da.gov.ph/wp-content/uploads/2026/07/Price-Monitoring-June-30-2026.pdf
2026-06-30,Cartimar,galunggong_local,280,300,290,https://www.da.gov.ph/wp-content/uploads/2026/07/Price-Monitoring-June-30-2026.pdf
2026-06-30,Cartimar,red_onion_local,85,120,102.5,https://www.da.gov.ph/wp-content/uploads/2026/07/Price-Monitoring-June-30-2026.pdf
2026-06-30,Cartimar,tilapia,180,180,180,https://www.da.gov.ph/wp-content/uploads/2026/07/Price-Monitoring-June-30-2026.pdf
2026-06-30,Cartimar,tomato,80,90,85,https://www.da.gov.ph/wp-content/uploads/2026/07/Price-Monitoring-June-30-2026.pdf
2026-07-02,Cartimar,ampalaya,100,150,125,https://www.da.gov.ph/wp-content/uploads/2026/07/Price-Monitoring-July-2-2026.pdf
2026-07-02,Cartimar,cabbage,70,90,80,https://www.da.gov.ph/wp-content/uploads/2026/07/Price-Monitoring-July-2-2026.pdf
2026-07-02,Cartimar,eggplant,95,120,107.5,https://www.da.gov.ph/wp-content/uploads/2026/07/Price-Monitoring-July-2-2026.pdf
2026-07-02,Cartimar,galunggong_local,280,300,290,https://www.da.gov.ph/wp-content/uploads/2026/07/Price-Monitoring-July-2-2026.pdf
2026-07-02,Cartimar,red_onion_local,90,120,105,https://www.da.gov.ph/wp-content/uploads/2026/07/Price-Monitoring-July-2-2026.pdf
2026-07-02,Cartimar,tilapia,180,180,180,https://www.da.gov.ph/wp-content/uploads/2026/07/Price-Monitoring-July-2-2026.pdf
2026-07-02,Cartimar,tomato,80,90,85,https://www.da.gov.ph/wp-content/uploads/2026/07/Price-Monitoring-July-2-2026.pdf
2026-07-03,Cartimar,ampalaya,100,140,120,https://www.da.gov.ph/wp-content/uploads/2026/07/Price-Monitoring-July-3-2026.pdf
2026-07-03,Cartimar,cabbage,70,90,80,https://www.da.gov.ph/wp-content/uploads/2026/07/Price-Monitoring-July-3-2026.pdf
2026-07-03,Cartimar,eggplant,95,120,107.5,https://www.da.gov.ph/wp-content/uploads/2026/07/Price-Monitoring-July-3-2026.pdf
2026-07-03,Cartimar,galunggong_local,280,300,290,https://www.da.gov.ph/wp-content/uploads/2026/07/Price-Monitoring-July-3-2026.pdf
2026-07-03,Cartimar,red_onion_local,90,120,105,https://www.da.gov.ph/wp-content/uploads/2026/07/Price-Monitoring-July-3-2026.pdf
2026-07-03,Cartimar,tilapia,180,180,180,https://www.da.gov.ph/wp-content/uploads/2026/07/Price-Monitoring-July-3-2026.pdf
2026-07-03,Cartimar,tomato,80,90,85,https://www.da.gov.ph/wp-content/uploads/2026/07/Price-Monitoring-July-3-2026.pdf
2026-07-06,Cartimar,ampalaya,100,140,120,https://www.da.gov.ph/wp-content/uploads/2026/07/Price-Monitoring-July-6-2026.pdf
2026-07-06,Cartimar,cabbage,65,90,77.5,https://www.da.gov.ph/wp-content/uploads/2026/07/Price-Monitoring-July-6-2026.pdf
2026-07-06,Cartimar,eggplant,95,120,107.5,https://www.da.gov.ph/wp-content/uploads/2026/07/Price-Monitoring-July-6-2026.pdf
2026-07-06,Cartimar,galunggong_local,280,300,290,https://www.da.gov.ph/wp-content/uploads/2026/07/Price-Monitoring-July-6-2026.pdf
2026-07-06,Cartimar,red_onion_local,90,120,105,https://www.da.gov.ph/wp-content/uploads/2026/07/Price-Monitoring-July-6-2026.pdf
2026-07-06,Cartimar,tilapia,180,180,180,https://www.da.gov.ph/wp-content/uploads/2026/07/Price-Monitoring-July-6-2026.pdf
2026-07-06,Cartimar,tomato,100,130,115,https://www.da.gov.ph/wp-content/uploads/2026/07/Price-Monitoring-July-6-2026.pdf
2026-07-07,Cartimar,ampalaya,100,140,120,https://www.da.gov.ph/wp-content/uploads/2026/07/Price-Monitoring-July-7-2026.pdf
2026-07-07,Cartimar,cabbage,50,70,60,https://www.da.gov.ph/wp-content/uploads/2026/07/Price-Monitoring-July-7-2026.pdf
2026-07-07,Cartimar,eggplant,95,120,107.5,https://www.da.gov.ph/wp-content/uploads/2026/07/Price-Monitoring-July-7-2026.pdf
2026-07-07,Cartimar,galunggong_local,280,300,290,https://www.da.gov.ph/wp-content/uploads/2026/07/Price-Monitoring-July-7-2026.pdf
2026-07-07,Cartimar,red_onion_local,90,120,105,https://www.da.gov.ph/wp-content/uploads/2026/07/Price-Monitoring-July-7-2026.pdf
2026-07-07,Cartimar,tilapia,180,180,180,https://www.da.gov.ph/wp-content/uploads/2026/07/Price-Monitoring-July-7-2026.pdf
2026-07-07,Cartimar,tomato,100,130,115,https://www.da.gov.ph/wp-content/uploads/2026/07/Price-Monitoring-July-7-2026.pdf
2026-07-08,Cartimar,ampalaya,100,140,120,https://www.da.gov.ph/wp-content/uploads/2026/07/Price-Monitoring-July-8-2026.pdf
2026-07-08,Cartimar,cabbage,50,70,60,https://www.da.gov.ph/wp-content/uploads/2026/07/Price-Monitoring-July-8-2026.pdf
2026-07-08,Cartimar,eggplant,95,120,107.5,https://www.da.gov.ph/wp-content/uploads/2026/07/Price-Monitoring-July-8-2026.pdf
2026-07-08,Cartimar,galunggong_local,280,300,290,https://www.da.gov.ph/wp-content/uploads/2026/07/Price-Monitoring-July-8-2026.pdf
2026-07-08,Cartimar,red_onion_local,90,120,105,https://www.da.gov.ph/wp-content/uploads/2026/07/Price-Monitoring-July-8-2026.pdf
2026-07-08,Cartimar,tilapia,180,180,180,https://www.da.gov.ph/wp-content/uploads/2026/07/Price-Monitoring-July-8-2026.pdf
2026-07-08,Cartimar,tomato,100,130,115,https://www.da.gov.ph/wp-content/uploads/2026/07/Price-Monitoring-July-8-2026.pdf
2026-07-09,Cartimar,ampalaya,100,140,120,https://www.da.gov.ph/wp-content/uploads/2026/07/Price-Monitoring-July-9-2026.pdf
2026-07-09,Cartimar,cabbage,50,70,60,https://www.da.gov.ph/wp-content/uploads/2026/07/Price-Monitoring-July-9-2026.pdf
2026-07-09,Cartimar,eggplant,95,120,107.5,https://www.da.gov.ph/wp-content/uploads/2026/07/Price-Monitoring-July-9-2026.pdf
2026-07-09,Cartimar,galunggong_local,280,300,290,https://www.da.gov.ph/wp-content/uploads/2026/07/Price-Monitoring-July-9-2026.pdf
2026-07-09,Cartimar,red_onion_local,90,120,105,https://www.da.gov.ph/wp-content/uploads/2026/07/Price-Monitoring-July-9-2026.pdf
2026-07-09,Cartimar,tilapia,180,180,180,https://www.da.gov.ph/wp-content/uploads/2026/07/Price-Monitoring-July-9-2026.pdf
2026-07-09,Cartimar,tomato,120,130,125,https://www.da.gov.ph/wp-content/uploads/2026/07/Price-Monitoring-July-9-2026.pdf
2026-07-10,Cartimar,ampalaya,100,140,120,https://www.da.gov.ph/wp-content/uploads/2026/07/Price-Monitoring-July-10-2026.pdf
2026-07-10,Cartimar,cabbage,70,90,80,https://www.da.gov.ph/wp-content/uploads/2026/07/Price-Monitoring-July-10-2026.pdf
2026-07-10,Cartimar,eggplant,90,120,105,https://www.da.gov.ph/wp-content/uploads/2026/07/Price-Monitoring-July-10-2026.pdf
2026-07-10,Cartimar,galunggong_local,280,300,290,https://www.da.gov.ph/wp-content/uploads/2026/07/Price-Monitoring-July-10-2026.pdf
2026-07-10,Cartimar,red_onion_local,90,120,105,https://www.da.gov.ph/wp-content/uploads/2026/07/Price-Monitoring-July-10-2026.pdf
2026-07-10,Cartimar,tilapia,180,180,180,https://www.da.gov.ph/wp-content/uploads/2026/07/Price-Monitoring-July-10-2026.pdf
2026-07-10,Cartimar,tomato,120,130,125,https://www.da.gov.ph/wp-content/uploads/2026/07/Price-Monitoring-July-10-2026.pdf
2026-07-13,Cartimar,ampalaya,110,130,120,https://www.da.gov.ph/wp-content/uploads/2026/07/Price-Monitoring-July-13-2026.pdf
2026-07-13,Cartimar,cabbage,58,80,69,https://www.da.gov.ph/wp-content/uploads/2026/07/Price-Monitoring-July-13-2026.pdf
2026-07-13,Cartimar,eggplant,90,120,105,https://www.da.gov.ph/wp-content/uploads/2026/07/Price-Monitoring-July-13-2026.pdf
2026-07-13,Cartimar,galunggong_local,280,300,290,https://www.da.gov.ph/wp-content/uploads/2026/07/Price-Monitoring-July-13-2026.pdf
2026-07-13,Cartimar,red_onion_local,90,120,105,https://www.da.gov.ph/wp-content/uploads/2026/07/Price-Monitoring-July-13-2026.pdf
2026-07-13,Cartimar,tilapia,180,180,180,https://www.da.gov.ph/wp-content/uploads/2026/07/Price-Monitoring-July-13-2026.pdf
2026-07-13,Cartimar,tomato,110,130,120,https://www.da.gov.ph/wp-content/uploads/2026/07/Price-Monitoring-July-13-2026.pdf
2026-07-14,Cartimar,ampalaya,110,130,120,https://www.da.gov.ph/wp-content/uploads/2026/07/Price-Monitoring-July-14-2026.pdf
2026-07-14,Cartimar,cabbage,58,80,69,https://www.da.gov.ph/wp-content/uploads/2026/07/Price-Monitoring-July-14-2026.pdf
2026-07-14,Cartimar,eggplant,90,120,105,https://www.da.gov.ph/wp-content/uploads/2026/07/Price-Monitoring-July-14-2026.pdf
2026-07-14,Cartimar,galunggong_local,280,300,290,https://www.da.gov.ph/wp-content/uploads/2026/07/Price-Monitoring-July-14-2026.pdf
2026-07-14,Cartimar,red_onion_local,90,120,105,https://www.da.gov.ph/wp-content/uploads/2026/07/Price-Monitoring-July-14-2026.pdf
2026-07-14,Cartimar,tilapia,180,180,180,https://www.da.gov.ph/wp-content/uploads/2026/07/Price-Monitoring-July-14-2026.pdf
2026-07-14,Cartimar,tomato,110,130,120,https://www.da.gov.ph/wp-content/uploads/2026/07/Price-Monitoring-July-14-2026.pdf
2026-07-15,Cartimar,ampalaya,110,130,120,https://www.da.gov.ph/wp-content/uploads/2026/07/Price-Monitoring-July-15-2026.pdf
2026-07-15,Cartimar,cabbage,60,80,70,https://www.da.gov.ph/wp-content/uploads/2026/07/Price-Monitoring-July-15-2026.pdf
2026-07-15,Cartimar,eggplant,90,130,110,https://www.da.gov.ph/wp-content/uploads/2026/07/Price-Monitoring-July-15-2026.pdf
2026-07-15,Cartimar,galunggong_local,280,300,290,https://www.da.gov.ph/wp-content/uploads/2026/07/Price-Monitoring-July-15-2026.pdf
2026-07-15,Cartimar,red_onion_local,90,120,105,https://www.da.gov.ph/wp-content/uploads/2026/07/Price-Monitoring-July-15-2026.pdf
2026-07-15,Cartimar,tilapia,180,180,180,https://www.da.gov.ph/wp-content/uploads/2026/07/Price-Monitoring-July-15-2026.pdf
2026-07-15,Cartimar,tomato,110,130,120,https://www.da.gov.ph/wp-content/uploads/2026/07/Price-Monitoring-July-15-2026.pdf
2026-07-16,Cartimar,ampalaya,110,130,120,https://www.da.gov.ph/wp-content/uploads/2026/07/Price-Monitoring-July-16-2026.pdf
2026-07-16,Cartimar,cabbage,60,80,70,https://www.da.gov.ph/wp-content/uploads/2026/07/Price-Monitoring-July-16-2026.pdf
2026-07-16,Cartimar,eggplant,90,130,110,https://www.da.gov.ph/wp-content/uploads/2026/07/Price-Monitoring-July-16-2026.pdf
2026-07-16,Cartimar,galunggong_local,280,300,290,https://www.da.gov.ph/wp-content/uploads/2026/07/Price-Monitoring-July-16-2026.pdf
2026-07-16,Cartimar,red_onion_local,90,120,105,https://www.da.gov.ph/wp-content/uploads/2026/07/Price-Monitoring-July-16-2026.pdf
2026-07-16,Cartimar,tilapia,180,180,180,https://www.da.gov.ph/wp-content/uploads/2026/07/Price-Monitoring-July-16-2026.pdf
2026-07-16,Cartimar,tomato,110,130,120,https://www.da.gov.ph/wp-content/uploads/2026/07/Price-Monitoring-July-16-2026.pdf
2026-07-17,Cartimar,ampalaya,110,130,120,https://www.da.gov.ph/wp-content/uploads/2026/07/Price-Monitoring-July-17-2026.pdf
2026-07-17,Cartimar,cabbage,45,80,62.5,https://www.da.gov.ph/wp-content/uploads/2026/07/Price-Monitoring-July-17-2026.pdf
2026-07-17,Cartimar,eggplant,90,130,110,https://www.da.gov.ph/wp-content/uploads/2026/07/Price-Monitoring-July-17-2026.pdf
2026-07-17,Cartimar,galunggong_local,280,300,290,https://www.da.gov.ph/wp-content/uploads/2026/07/Price-Monitoring-July-17-2026.pdf
2026-07-17,Cartimar,red_onion_local,90,120,105,https://www.da.gov.ph/wp-content/uploads/2026/07/Price-Monitoring-July-17-2026.pdf
2026-07-17,Cartimar,tilapia,180,180,180,https://www.da.gov.ph/wp-content/uploads/2026/07/Price-Monitoring-July-17-2026.pdf
2026-07-17,Cartimar,tomato,110,125,117.5,https://www.da.gov.ph/wp-content/uploads/2026/07/Price-Monitoring-July-17-2026.pdf
2026-07-20,Cartimar,ampalaya,100,120,110,https://www.da.gov.ph/wp-content/uploads/2026/07/Price-Monitoring-July-20-2026.pdf
2026-07-20,Cartimar,cabbage,50,70,60,https://www.da.gov.ph/wp-content/uploads/2026/07/Price-Monitoring-July-20-2026.pdf
2026-07-20,Cartimar,eggplant,100,150,125,https://www.da.gov.ph/wp-content/uploads/2026/07/Price-Monitoring-July-20-2026.pdf
2026-07-20,Cartimar,galunggong_local,280,300,290,https://www.da.gov.ph/wp-content/uploads/2026/07/Price-Monitoring-July-20-2026.pdf
2026-07-20,Cartimar,red_onion_local,100,120,110,https://www.da.gov.ph/wp-content/uploads/2026/07/Price-Monitoring-July-20-2026.pdf
2026-07-20,Cartimar,tilapia,180,180,180,https://www.da.gov.ph/wp-content/uploads/2026/07/Price-Monitoring-July-20-2026.pdf
2026-07-20,Cartimar,tomato,110,130,120,https://www.da.gov.ph/wp-content/uploads/2026/07/Price-Monitoring-July-20-2026.pdf
2026-07-21,Cartimar,ampalaya,100,120,110,https://www.da.gov.ph/wp-content/uploads/2026/07/Price-Monitoring-July-21-2026.pdf
2026-07-21,Cartimar,cabbage,50,70,60,https://www.da.gov.ph/wp-content/uploads/2026/07/Price-Monitoring-July-21-2026.pdf
2026-07-21,Cartimar,eggplant,100,150,125,https://www.da.gov.ph/wp-content/uploads/2026/07/Price-Monitoring-July-21-2026.pdf
2026-07-21,Cartimar,galunggong_local,280,300,290,https://www.da.gov.ph/wp-content/uploads/2026/07/Price-Monitoring-July-21-2026.pdf
2026-07-21,Cartimar,red_onion_local,100,120,110,https://www.da.gov.ph/wp-content/uploads/2026/07/Price-Monitoring-July-21-2026.pdf
2026-07-21,Cartimar,tilapia,180,180,180,https://www.da.gov.ph/wp-content/uploads/2026/07/Price-Monitoring-July-21-2026.pdf
2026-07-21,Cartimar,tomato,110,130,120,https://www.da.gov.ph/wp-content/uploads/2026/07/Price-Monitoring-July-21-2026.pdf
2026-07-22,Cartimar,ampalaya,100,130,115,https://www.da.gov.ph/wp-content/uploads/2026/07/Price-Monitoring-July-22-2026.pdf
2026-07-22,Cartimar,cabbage,50,55,52.5,https://www.da.gov.ph/wp-content/uploads/2026/07/Price-Monitoring-July-22-2026.pdf
2026-07-22,Cartimar,eggplant,100,150,125,https://www.da.gov.ph/wp-content/uploads/2026/07/Price-Monitoring-July-22-2026.pdf
2026-07-22,Cartimar,galunggong_local,280,300,290,https://www.da.gov.ph/wp-content/uploads/2026/07/Price-Monitoring-July-22-2026.pdf
2026-07-22,Cartimar,red_onion_local,100,120,110,https://www.da.gov.ph/wp-content/uploads/2026/07/Price-Monitoring-July-22-2026.pdf
2026-07-22,Cartimar,tilapia,180,180,180,https://www.da.gov.ph/wp-content/uploads/2026/07/Price-Monitoring-July-22-2026.pdf
2026-07-22,Cartimar,tomato,110,130,120,https://www.da.gov.ph/wp-content/uploads/2026/07/Price-Monitoring-July-22-2026.pdf
2026-07-23,Cartimar,ampalaya,100,130,115,https://www.da.gov.ph/wp-content/uploads/2026/07/Price-Monitoring-July-23-2026.pdf
2026-07-23,Cartimar,cabbage,50,55,52.5,https://www.da.gov.ph/wp-content/uploads/2026/07/Price-Monitoring-July-23-2026.pdf
2026-07-23,Cartimar,eggplant,100,150,125,https://www.da.gov.ph/wp-content/uploads/2026/07/Price-Monitoring-July-23-2026.pdf
2026-07-23,Cartimar,galunggong_local,280,300,290,https://www.da.gov.ph/wp-content/uploads/2026/07/Price-Monitoring-July-23-2026.pdf
2026-07-23,Cartimar,red_onion_local,100,120,110,https://www.da.gov.ph/wp-content/uploads/2026/07/Price-Monitoring-July-23-2026.pdf
2026-07-23,Cartimar,tilapia,180,180,180,https://www.da.gov.ph/wp-content/uploads/2026/07/Price-Monitoring-July-23-2026.pdf
2026-07-23,Cartimar,tomato,110,130,120,https://www.da.gov.ph/wp-content/uploads/2026/07/Price-Monitoring-July-23-2026.pdf
2026-07-24,Cartimar,ampalaya,100,130,115,https://www.da.gov.ph/wp-content/uploads/2026/07/Price-Monitoring-July-24-2026.pdf
2026-07-24,Cartimar,cabbage,50,55,52.5,https://www.da.gov.ph/wp-content/uploads/2026/07/Price-Monitoring-July-24-2026.pdf
2026-07-24,Cartimar,eggplant,100,150,125,https://www.da.gov.ph/wp-content/uploads/2026/07/Price-Monitoring-July-24-2026.pdf
2026-07-24,Cartimar,galunggong_local,280,300,290,https://www.da.gov.ph/wp-content/uploads/2026/07/Price-Monitoring-July-24-2026.pdf
2026-07-24,Cartimar,red_onion_local,100,120,110,https://www.da.gov.ph/wp-content/uploads/2026/07/Price-Monitoring-July-24-2026.pdf
2026-07-24,Cartimar,tilapia,180,180,180,https://www.da.gov.ph/wp-content/uploads/2026/07/Price-Monitoring-July-24-2026.pdf
2026-07-24,Cartimar,tomato,110,130,120,https://www.da.gov.ph/wp-content/uploads/2026/07/Price-Monitoring-July-24-2026.pdf
2026-07-27,Cartimar,ampalaya,100,130,115,https://www.da.gov.ph/wp-content/uploads/2026/07/Price-Monitoring-July-27-2026.pdf
2026-07-27,Cartimar,cabbage,45,55,50,https://www.da.gov.ph/wp-content/uploads/2026/07/Price-Monitoring-July-27-2026.pdf
2026-07-27,Cartimar,eggplant,100,150,125,https://www.da.gov.ph/wp-content/uploads/2026/07/Price-Monitoring-July-27-2026.pdf
2026-07-27,Cartimar,galunggong_local,280,300,290,https://www.da.gov.ph/wp-content/uploads/2026/07/Price-Monitoring-July-27-2026.pdf
2026-07-27,Cartimar,red_onion_local,100,120,110,https://www.da.gov.ph/wp-content/uploads/2026/07/Price-Monitoring-July-27-2026.pdf
2026-07-27,Cartimar,tilapia,180,180,180,https://www.da.gov.ph/wp-content/uploads/2026/07/Price-Monitoring-July-27-2026.pdf
2026-07-27,Cartimar,tomato,120,130,125,https://www.da.gov.ph/wp-content/uploads/2026/07/Price-Monitoring-July-27-2026.pdf
2026-07-28,Cartimar,ampalaya,100,130,115,https://www.da.gov.ph/wp-content/uploads/2026/07/Price-Monitoring-July-28-2026.pdf
2026-07-28,Cartimar,cabbage,45,55,50,https://www.da.gov.ph/wp-content/uploads/2026/07/Price-Monitoring-July-28-2026.pdf
2026-07-28,Cartimar,eggplant,100,150,125,https://www.da.gov.ph/wp-content/uploads/2026/07/Price-Monitoring-July-28-2026.pdf
2026-07-28,Cartimar,galunggong_local,280,300,290,https://www.da.gov.ph/wp-content/uploads/2026/07/Price-Monitoring-July-28-2026.pdf
2026-07-28,Cartimar,red_onion_local,100,120,110,https://www.da.gov.ph/wp-content/uploads/2026/07/Price-Monitoring-July-28-2026.pdf
2026-07-28,Cartimar,tilapia,180,180,180,https://www.da.gov.ph/wp-content/uploads/2026/07/Price-Monitoring-July-28-2026.pdf
2026-07-28,Cartimar,tomato,120,130,125,https://www.da.gov.ph/wp-content/uploads/2026/07/Price-Monitoring-July-28-2026.pdf
2026-07-29,Cartimar,ampalaya,100,130,115,https://www.da.gov.ph/wp-content/uploads/2026/07/Price-Monitoring-July-29-2026.pdf
2026-07-29,Cartimar,cabbage,45,60,52.5,https://www.da.gov.ph/wp-content/uploads/2026/07/Price-Monitoring-July-29-2026.pdf
2026-07-29,Cartimar,eggplant,100,140,120,https://www.da.gov.ph/wp-content/uploads/2026/07/Price-Monitoring-July-29-2026.pdf
2026-07-29,Cartimar,galunggong_local,280,300,290,https://www.da.gov.ph/wp-content/uploads/2026/07/Price-Monitoring-July-29-2026.pdf
2026-07-29,Cartimar,red_onion_local,100,120,110,https://www.da.gov.ph/wp-content/uploads/2026/07/Price-Monitoring-July-29-2026.pdf
2026-07-29,Cartimar,tilapia,180,180,180,https://www.da.gov.ph/wp-content/uploads/2026/07/Price-Monitoring-July-29-2026.pdf
2026-07-29,Cartimar,tomato,110,130,120,https://www.da.gov.ph/wp-content/uploads/2026/07/Price-Monitoring-July-29-2026.pdf
2026-07-30,Cartimar,ampalaya,100,120,110,https://www.da.gov.ph/wp-content/uploads/2026/07/Price-Monitoring-July-30-2026.pdf
2026-07-30,Cartimar,cabbage,45,60,52.5,https://www.da.gov.ph/wp-content/uploads/2026/07/Price-Monitoring-July-30-2026.pdf
2026-07-30,Cartimar,eggplant,100,140,120,https://www.da.gov.ph/wp-content/uploads/2026/07/Price-Monitoring-July-30-2026.pdf
2026-07-30,Cartimar,galunggong_local,280,300,290,https://www.da.gov.ph/wp-content/uploads/2026/07/Price-Monitoring-July-30-2026.pdf
2026-07-30,Cartimar,red_onion_local,100,120,110,https://www.da.gov.ph/wp-content/uploads/2026/07/Price-Monitoring-July-30-2026.pdf
2026-07-30,Cartimar,tilapia,180,180,180,https://www.da.gov.ph/wp-content/uploads/2026/07/Price-Monitoring-July-30-2026.pdf
2026-07-30,Cartimar,tomato,120,130,125,https://www.da.gov.ph/wp-content/uploads/2026/07/Price-Monitoring-July-30-2026.pdf
2026-07-31,Cartimar,ampalaya,100,120,110,https://www.da.gov.ph/wp-content/uploads/2026/08/Price-Monitoring-July-31-2026.pdf
2026-07-31,Cartimar,cabbage,45,60,52.5,https://www.da.gov.ph/wp-content/uploads/2026/08/Price-Monitoring-July-31-2026.pdf
2026-07-31,Cartimar,eggplant,100,140,120,https://www.da.gov.ph/wp-content/uploads/2026/08/Price-Monitoring-July-31-2026.pdf
2026-07-31,Cartimar,galunggong_local,280,300,290,https://www.da.gov.ph/wp-content/uploads/2026/08/Price-Monitoring-July-31-2026.pdf
2026-07-31,Cartimar,red_onion_local,100,120,110,https://www.da.gov.ph/wp-content/uploads/2026/08/Price-Monitoring-July-31-2026.pdf
2026-07-31,Cartimar,tilapia,180,180,180,https://www.da.gov.ph/wp-content/uploads/2026/08/Price-Monitoring-July-31-2026.pdf
2026-07-31,Cartimar,tomato,120,130,125,https://www.da.gov.ph/wp-content/uploads/2026/08/Price-Monitoring-July-31-2026.pdf
2026-08-03,Cartimar,ampalaya,100,120,110,https://www.da.gov.ph/wp-content/uploads/2026/08/Price-Monitoring-August-3-2026.pdf
2026-08-03,Cartimar,cabbage,40,55,47.5,https://www.da.gov.ph/wp-content/uploads/2026/08/Price-Monitoring-August-3-2026.pdf
2026-08-03,Cartimar,eggplant,100,140,120,https://www.da.gov.ph/wp-content/uploads/2026/08/Price-Monitoring-August-3-2026.pdf
2026-08-03,Cartimar,galunggong_local,280,300,290,https://www.da.gov.ph/wp-content/uploads/2026/08/Price-Monitoring-August-3-2026.pdf
2026-08-03,Cartimar,red_onion_local,100,120,110,https://www.da.gov.ph/wp-content/uploads/2026/08/Price-Monitoring-August-3-2026.pdf
2026-08-03,Cartimar,tilapia,180,180,180,https://www.da.gov.ph/wp-content/uploads/2026/08/Price-Monitoring-August-3-2026.pdf
2026-08-03,Cartimar,tomato,100,130,115,https://www.da.gov.ph/wp-content/uploads/2026/08/Price-Monitoring-August-3-2026.pdf
2026-08-04,Cartimar,ampalaya,100,120,110,https://www.da.gov.ph/wp-content/uploads/2026/08/Price-Monitoring-August-4-2026.pdf
2026-08-04,Cartimar,cabbage,40,55,47.5,https://www.da.gov.ph/wp-content/uploads/2026/08/Price-Monitoring-August-4-2026.pdf
2026-08-04,Cartimar,eggplant,100,140,120,https://www.da.gov.ph/wp-content/uploads/2026/08/Price-Monitoring-August-4-2026.pdf
2026-08-04,Cartimar,galunggong_local,280,300,290,https://www.da.gov.ph/wp-content/uploads/2026/08/Price-Monitoring-August-4-2026.pdf
2026-08-04,Cartimar,red_onion_local,100,120,110,https://www.da.gov.ph/wp-content/uploads/2026/08/Price-Monitoring-August-4-2026.pdf
2026-08-04,Cartimar,tilapia,180,180,180,https://www.da.gov.ph/wp-content/uploads/2026/08/Price-Monitoring-August-4-2026.pdf
2026-08-04,Cartimar,tomato,100,130,115,https://www.da.gov.ph/wp-content/uploads/2026/08/Price-Monitoring-August-4-2026.pdf
2026-08-05,Cartimar,ampalaya,100,120,110,https://www.da.gov.ph/wp-content/uploads/2026/08/Price-Monitoring-August-5-2026.pdf
2026-08-05,Cartimar,cabbage,40,55,47.5,https://www.da.gov.ph/wp-content/uploads/2026/08/Price-Monitoring-August-5-2026.pdf
2026-08-05,Cartimar,eggplant,100,130,115,https://www.da.gov.ph/wp-content/uploads/2026/08/Price-Monitoring-August-5-2026.pdf
2026-08-05,Cartimar,galunggong_local,280,300,290,https://www.da.gov.ph/wp-content/uploads/2026/08/Price-Monitoring-August-5-2026.pdf
2026-08-05,Cartimar,red_onion_local,100,120,110,https://www.da.gov.ph/wp-content/uploads/2026/08/Price-Monitoring-August-5-2026.pdf
2026-08-05,Cartimar,tilapia,180,180,180,https://www.da.gov.ph/wp-content/uploads/2026/08/Price-Monitoring-August-5-2026.pdf
2026-08-05,Cartimar,tomato,100,130,115,https://www.da.gov.ph/wp-content/uploads/2026/08/Price-Monitoring-August-5-2026.pdf
2026-08-06,Cartimar,ampalaya,100,120,110,https://www.da.gov.ph/wp-content/uploads/2026/08/Price-Monitoring-August-6-2026.pdf
2026-08-06,Cartimar,cabbage,40,60,50,https://www.da.gov.ph/wp-content/uploads/2026/08/Price-Monitoring-August-6-2026.pdf
2026-08-06,Cartimar,eggplant,100,130,115,https://www.da.gov.ph/wp-content/uploads/2026/08/Price-Monitoring-August-6-2026.pdf
2026-08-06,Cartimar,galunggong_local,280,300,290,https://www.da.gov.ph/wp-content/uploads/2026/08/Price-Monitoring-August-6-2026.pdf
2026-08-06,Cartimar,red_onion_local,100,120,110,https://www.da.gov.ph/wp-content/uploads/2026/08/Price-Monitoring-August-6-2026.pdf
2026-08-06,Cartimar,tilapia,180,180,180,https://www.da.gov.ph/wp-content/uploads/2026/08/Price-Monitoring-August-6-2026.pdf
2026-08-06,Cartimar,tomato,100,130,115,https://www.da.gov.ph/wp-content/uploads/2026/08/Price-Monitoring-August-6-2026.pdf
2026-08-07,Cartimar,ampalaya,100,120,110,https://www.da.gov.ph/wp-content/uploads/2026/08/Price-Monitoring-August-7-2026.pdf
2026-08-07,Cartimar,cabbage,40,60,50,https://www.da.gov.ph/wp-content/uploads/2026/08/Price-Monitoring-August-7-2026.pdf
2026-08-07,Cartimar,eggplant,100,130,115,https://www.da.gov.ph/wp-content/uploads/2026/08/Price-Monitoring-August-7-2026.pdf
2026-08-07,Cartimar,galunggong_local,280,350,315,https://www.da.gov.ph/wp-content/uploads/2026/08/Price-Monitoring-August-7-2026.pdf
2026-08-07,Cartimar,red_onion_local,100,120,110,https://www.da.gov.ph/wp-content/uploads/2026/08/Price-Monitoring-August-7-2026.pdf
2026-08-07,Cartimar,tilapia,180,180,180,https://www.da.gov.ph/wp-content/uploads/2026/08/Price-Monitoring-August-7-2026.pdf
2026-08-07,Cartimar,tomato,100,130,115,https://www.da.gov.ph/wp-content/uploads/2026/08/Price-Monitoring-August-7-2026.pdf
2026-08-10,Cartimar,ampalaya,100,120,110,https://www.da.gov.ph/wp-content/uploads/2026/08/Price-Monitoring-August-10-2026.pdf
2026-08-10,Cartimar,cabbage,50,60,55,https://www.da.gov.ph/wp-content/uploads/2026/08/Price-Monitoring-August-10-2026.pdf
2026-08-10,Cartimar,eggplant,100,130,115,https://www.da.gov.ph/wp-content/uploads/2026/08/Price-Monitoring-August-10-2026.pdf
2026-08-10,Cartimar,galunggong_local,280,350,315,https://www.da.gov.ph/wp-content/uploads/2026/08/Price-Monitoring-August-10-2026.pdf
2026-08-10,Cartimar,red_onion_local,100,120,110,https://www.da.gov.ph/wp-content/uploads/2026/08/Price-Monitoring-August-10-2026.pdf
2026-08-10,Cartimar,tilapia,180,180,180,https://www.da.gov.ph/wp-content/uploads/2026/08/Price-Monitoring-August-10-2026.pdf
2026-08-10,Cartimar,tomato,110,130,120,https://www.da.gov.ph/wp-content/uploads/2026/08/Price-Monitoring-August-10-2026.pdf
2026-08-11,Cartimar,ampalaya,120,160,140,https://www.da.gov.ph/wp-content/uploads/2026/08/Price-Monitoring-August-11-2026.pdf
2026-08-11,Cartimar,cabbage,50,90,70,https://www.da.gov.ph/wp-content/uploads/2026/08/Price-Monitoring-August-11-2026.pdf
2026-08-11,Cartimar,eggplant,100,140,120,https://www.da.gov.ph/wp-content/uploads/2026/08/Price-Monitoring-August-11-2026.pdf
2026-08-11,Cartimar,galunggong_local,380,380,380,https://www.da.gov.ph/wp-content/uploads/2026/08/Price-Monitoring-August-11-2026.pdf
2026-08-11,Cartimar,red_onion_local,120,120,120,https://www.da.gov.ph/wp-content/uploads/2026/08/Price-Monitoring-August-11-2026.pdf
2026-08-11,Cartimar,tilapia,180,180,180,https://www.da.gov.ph/wp-content/uploads/2026/08/Price-Monitoring-August-11-2026.pdf
2026-08-11,Cartimar,tomato,120,130,125,https://www.da.gov.ph/wp-content/uploads/2026/08/Price-Monitoring-August-11-2026.pdf
2026-08-12,Cartimar,ampalaya,120,160,140,https://www.da.gov.ph/wp-content/uploads/2026/08/Price-Monitoring-August-12-2026.pdf
2026-08-12,Cartimar,cabbage,50,90,70,https://www.da.gov.ph/wp-content/uploads/2026/08/Price-Monitoring-August-12-2026.pdf
2026-08-12,Cartimar,eggplant,100,160,130,https://www.da.gov.ph/wp-content/uploads/2026/08/Price-Monitoring-August-12-2026.pdf
2026-08-12,Cartimar,galunggong_local,380,380,380,https://www.da.gov.ph/wp-content/uploads/2026/08/Price-Monitoring-August-12-2026.pdf
2026-08-12,Cartimar,red_onion_local,100,120,110,https://www.da.gov.ph/wp-content/uploads/2026/08/Price-Monitoring-August-12-2026.pdf
2026-08-12,Cartimar,tilapia,180,180,180,https://www.da.gov.ph/wp-content/uploads/2026/08/Price-Monitoring-August-12-2026.pdf
2026-08-12,Cartimar,tomato,120,130,125,https://www.da.gov.ph/wp-content/uploads/2026/08/Price-Monitoring-August-12-2026.pdf
2026-08-13,Cartimar,ampalaya,120,170,145,https://www.da.gov.ph/wp-content/uploads/2026/08/Price-Monitoring-August-13-2026.pdf
2026-08-13,Cartimar,cabbage,58,90,74,https://www.da.gov.ph/wp-content/uploads/2026/08/Price-Monitoring-August-13-2026.pdf
2026-08-13,Cartimar,eggplant,100,190,145,https://www.da.gov.ph/wp-content/uploads/2026/08/Price-Monitoring-August-13-2026.pdf
2026-08-13,Cartimar,galunggong_local,380,380,380,https://www.da.gov.ph/wp-content/uploads/2026/08/Price-Monitoring-August-13-2026.pdf
2026-08-13,Cartimar,red_onion_local,100,120,110,https://www.da.gov.ph/wp-content/uploads/2026/08/Price-Monitoring-August-13-2026.pdf
2026-08-13,Cartimar,tilapia,180,180,180,https://www.da.gov.ph/wp-content/uploads/2026/08/Price-Monitoring-August-13-2026.pdf
2026-08-13,Cartimar,tomato,120,140,130,https://www.da.gov.ph/wp-content/uploads/2026/08/Price-Monitoring-August-13-2026.pdf
2026-08-14,Cartimar,ampalaya,120,170,145,https://www.da.gov.ph/wp-content/uploads/2026/08/Price-Monitoring-August-14-2026.pdf
2026-08-14,Cartimar,cabbage,50,80,65,https://www.da.gov.ph/wp-content/uploads/2026/08/Price-Monitoring-August-14-2026.pdf
2026-08-14,Cartimar,eggplant,100,200,150,https://www.da.gov.ph/wp-content/uploads/2026/08/Price-Monitoring-August-14-2026.pdf
2026-08-14,Cartimar,galunggong_local,380,380,380,https://www.da.gov.ph/wp-content/uploads/2026/08/Price-Monitoring-August-14-2026.pdf
2026-08-14,Cartimar,red_onion_local,100,120,110,https://www.da.gov.ph/wp-content/uploads/2026/08/Price-Monitoring-August-14-2026.pdf
2026-08-14,Cartimar,tilapia,180,180,180,https://www.da.gov.ph/wp-content/uploads/2026/08/Price-Monitoring-August-14-2026.pdf
2026-08-14,Cartimar,tomato,120,140,130,https://www.da.gov.ph/wp-content/uploads/2026/08/Price-Monitoring-August-14-2026.pdf
2026-08-17,Cartimar,ampalaya,120,200,160,https://www.da.gov.ph/wp-content/uploads/2026/08/Price-Monitoring-August-17-2026.pdf
2026-08-17,Cartimar,cabbage,60,100,80,https://www.da.gov.ph/wp-content/uploads/2026/08/Price-Monitoring-August-17-2026.pdf
2026-08-17,Cartimar,eggplant,100,200,150,https://www.da.gov.ph/wp-content/uploads/2026/08/Price-Monitoring-August-17-2026.pdf
2026-08-17,Cartimar,galunggong_local,380,380,380,https://www.da.gov.ph/wp-content/uploads/2026/08/Price-Monitoring-August-17-2026.pdf
2026-08-17,Cartimar,red_onion_local,100,120,110,https://www.da.gov.ph/wp-content/uploads/2026/08/Price-Monitoring-August-17-2026.pdf
2026-08-17,Cartimar,tilapia,180,180,180,https://www.da.gov.ph/wp-content/uploads/2026/08/Price-Monitoring-August-17-2026.pdf
2026-08-17,Cartimar,tomato,120,150,135,https://www.da.gov.ph/wp-content/uploads/2026/08/Price-Monitoring-August-17-2026.pdf
2026-08-18,Cartimar,ampalaya,170,200,185,https://www.da.gov.ph/wp-content/uploads/2026/08/Price-Monitoring-August-18-2026.pdf
2026-08-18,Cartimar,bangus,250,250,250,https://www.da.gov.ph/wp-content/uploads/2026/08/Price-Monitoring-August-18-2026.pdf
2026-08-18,Cartimar,cabbage,60,120,90,https://www.da.gov.ph/wp-content/uploads/2026/08/Price-Monitoring-August-18-2026.pdf
2026-08-18,Cartimar,calamansi,120,180,150,https://www.da.gov.ph/wp-content/uploads/2026/08/Price-Monitoring-August-18-2026.pdf
2026-08-18,Cartimar,carrot,100,140,120,https://www.da.gov.ph/wp-content/uploads/2026/08/Price-Monitoring-August-18-2026.pdf
2026-08-18,Cartimar,chayote,50,80,65,https://www.da.gov.ph/wp-content/uploads/2026/08/Price-Monitoring-August-18-2026.pdf
2026-08-18,Cartimar,chili_green,130,170,150,https://www.da.gov.ph/wp-content/uploads/2026/08/Price-Monitoring-August-18-2026.pdf
2026-08-18,Cartimar,chili_red,100,120,110,https://www.da.gov.ph/wp-content/uploads/2026/08/Price-Monitoring-August-18-2026.pdf
2026-08-18,Cartimar,eggplant,100,200,150,https://www.da.gov.ph/wp-content/uploads/2026/08/Price-Monitoring-August-18-2026.pdf
2026-08-18,Cartimar,galunggong_local,380,380,380,https://www.da.gov.ph/wp-content/uploads/2026/08/Price-Monitoring-August-18-2026.pdf
2026-08-18,Cartimar,pechay_baguio,80,150,115,https://www.da.gov.ph/wp-content/uploads/2026/08/Price-Monitoring-August-18-2026.pdf
2026-08-18,Cartimar,potato,120,170,145,https://www.da.gov.ph/wp-content/uploads/2026/08/Price-Monitoring-August-18-2026.pdf
2026-08-18,Cartimar,red_onion_local,100,120,110,https://www.da.gov.ph/wp-content/uploads/2026/08/Price-Monitoring-August-18-2026.pdf
2026-08-18,Cartimar,tilapia,180,180,180,https://www.da.gov.ph/wp-content/uploads/2026/08/Price-Monitoring-August-18-2026.pdf
2026-08-18,Cartimar,tomato,120,150,135,https://www.da.gov.ph/wp-content/uploads/2026/08/Price-Monitoring-August-18-2026.pdf
2026-08-18,Cartimar,white_onion_local,160,185,172.5,https://www.da.gov.ph/wp-content/uploads/2026/08/Price-Monitoring-August-18-2026.pdf
2026-08-19,Cartimar,ampalaya,170,200,185,https://www.da.gov.ph/wp-content/uploads/2026/08/Price-Monitoring-August-19-2026.pdf
2026-08-19,Cartimar,bangus,250,250,250,https://www.da.gov.ph/wp-content/uploads/2026/08/Price-Monitoring-August-19-2026.pdf
2026-08-19,Cartimar,cabbage,55,90,72.5,https://www.da.gov.ph/wp-content/uploads/2026/08/Price-Monitoring-August-19-2026.pdf
2026-08-19,Cartimar,calamansi,120,180,150,https://www.da.gov.ph/wp-content/uploads/2026/08/Price-Monitoring-August-19-2026.pdf
2026-08-19,Cartimar,carrot,100,140,120,https://www.da.gov.ph/wp-content/uploads/2026/08/Price-Monitoring-August-19-2026.pdf
2026-08-19,Cartimar,chayote,50,80,65,https://www.da.gov.ph/wp-content/uploads/2026/08/Price-Monitoring-August-19-2026.pdf
2026-08-19,Cartimar,chili_green,130,200,165,https://www.da.gov.ph/wp-content/uploads/2026/08/Price-Monitoring-August-19-2026.pdf
2026-08-19,Cartimar,chili_red,100,120,110,https://www.da.gov.ph/wp-content/uploads/2026/08/Price-Monitoring-August-19-2026.pdf
2026-08-19,Cartimar,eggplant,100,220,160,https://www.da.gov.ph/wp-content/uploads/2026/08/Price-Monitoring-August-19-2026.pdf
2026-08-19,Cartimar,galunggong_local,380,380,380,https://www.da.gov.ph/wp-content/uploads/2026/08/Price-Monitoring-August-19-2026.pdf
2026-08-19,Cartimar,pechay_baguio,76,120,98,https://www.da.gov.ph/wp-content/uploads/2026/08/Price-Monitoring-August-19-2026.pdf
2026-08-19,Cartimar,potato,120,170,145,https://www.da.gov.ph/wp-content/uploads/2026/08/Price-Monitoring-August-19-2026.pdf
2026-08-19,Cartimar,red_onion_local,100,120,110,https://www.da.gov.ph/wp-content/uploads/2026/08/Price-Monitoring-August-19-2026.pdf
2026-08-19,Cartimar,tilapia,180,180,180,https://www.da.gov.ph/wp-content/uploads/2026/08/Price-Monitoring-August-19-2026.pdf
2026-08-19,Cartimar,tomato,120,150,135,https://www.da.gov.ph/wp-content/uploads/2026/08/Price-Monitoring-August-19-2026.pdf
2026-08-19,Cartimar,white_onion_local,160,185,172.5,https://www.da.gov.ph/wp-content/uploads/2026/08/Price-Monitoring-August-19-2026.pdf
2026-08-20,Cartimar,ampalaya,170,200,185,https://www.da.gov.ph/wp-content/uploads/2026/08/Price-Monitoring-August-20-2026.pdf
2026-08-20,Cartimar,bangus,250,250,250,https://www.da.gov.ph/wp-content/uploads/2026/08/Price-Monitoring-August-20-2026.pdf
2026-08-20,Cartimar,cabbage,55,80,67.5,https://www.da.gov.ph/wp-content/uploads/2026/08/Price-Monitoring-August-20-2026.pdf
2026-08-20,Cartimar,calamansi,120,180,150,https://www.da.gov.ph/wp-content/uploads/2026/08/Price-Monitoring-August-20-2026.pdf
2026-08-20,Cartimar,carrot,90,140,115,https://www.da.gov.ph/wp-content/uploads/2026/08/Price-Monitoring-August-20-2026.pdf
2026-08-20,Cartimar,chayote,50,80,65,https://www.da.gov.ph/wp-content/uploads/2026/08/Price-Monitoring-August-20-2026.pdf
2026-08-20,Cartimar,chili_green,130,180,155,https://www.da.gov.ph/wp-content/uploads/2026/08/Price-Monitoring-August-20-2026.pdf
2026-08-20,Cartimar,chili_red,100,120,110,https://www.da.gov.ph/wp-content/uploads/2026/08/Price-Monitoring-August-20-2026.pdf
2026-08-20,Cartimar,eggplant,100,220,160,https://www.da.gov.ph/wp-content/uploads/2026/08/Price-Monitoring-August-20-2026.pdf
2026-08-20,Cartimar,galunggong_local,380,380,380,https://www.da.gov.ph/wp-content/uploads/2026/08/Price-Monitoring-August-20-2026.pdf
2026-08-20,Cartimar,pechay_baguio,65,100,82.5,https://www.da.gov.ph/wp-content/uploads/2026/08/Price-Monitoring-August-20-2026.pdf
2026-08-20,Cartimar,potato,110,170,140,https://www.da.gov.ph/wp-content/uploads/2026/08/Price-Monitoring-August-20-2026.pdf
2026-08-20,Cartimar,red_onion_local,100,120,110,https://www.da.gov.ph/wp-content/uploads/2026/08/Price-Monitoring-August-20-2026.pdf
2026-08-20,Cartimar,tilapia,180,180,180,https://www.da.gov.ph/wp-content/uploads/2026/08/Price-Monitoring-August-20-2026.pdf
2026-08-20,Cartimar,tomato,120,150,135,https://www.da.gov.ph/wp-content/uploads/2026/08/Price-Monitoring-August-20-2026.pdf
2026-08-20,Cartimar,white_onion_local,160,185,172.5,https://www.da.gov.ph/wp-content/uploads/2026/08/Price-Monitoring-August-20-2026.pdf
2026-08-21,Cartimar,ampalaya,170,200,185,https://www.da.gov.ph/wp-content/uploads/2026/08/Price-Monitoring-August-21-2026.pdf
2026-08-21,Cartimar,bangus,250,250,250,https://www.da.gov.ph/wp-content/uploads/2026/08/Price-Monitoring-August-21-2026.pdf
2026-08-21,Cartimar,cabbage,55,80,67.5,https://www.da.gov.ph/wp-content/uploads/2026/08/Price-Monitoring-August-21-2026.pdf
2026-08-21,Cartimar,calamansi,120,180,150,https://www.da.gov.ph/wp-content/uploads/2026/08/Price-Monitoring-August-21-2026.pdf
2026-08-21,Cartimar,carrot,90,140,115,https://www.da.gov.ph/wp-content/uploads/2026/08/Price-Monitoring-August-21-2026.pdf
2026-08-21,Cartimar,chayote,50,80,65,https://www.da.gov.ph/wp-content/uploads/2026/08/Price-Monitoring-August-21-2026.pdf
2026-08-21,Cartimar,chili_green,130,180,155,https://www.da.gov.ph/wp-content/uploads/2026/08/Price-Monitoring-August-21-2026.pdf
2026-08-21,Cartimar,chili_red,100,120,110,https://www.da.gov.ph/wp-content/uploads/2026/08/Price-Monitoring-August-21-2026.pdf
2026-08-21,Cartimar,eggplant,100,220,160,https://www.da.gov.ph/wp-content/uploads/2026/08/Price-Monitoring-August-21-2026.pdf
2026-08-21,Cartimar,galunggong_local,380,380,380,https://www.da.gov.ph/wp-content/uploads/2026/08/Price-Monitoring-August-21-2026.pdf
2026-08-21,Cartimar,pechay_baguio,65,100,82.5,https://www.da.gov.ph/wp-content/uploads/2026/08/Price-Monitoring-August-21-2026.pdf
2026-08-21,Cartimar,potato,110,170,140,https://www.da.gov.ph/wp-content/uploads/2026/08/Price-Monitoring-August-21-2026.pdf
2026-08-21,Cartimar,red_onion_local,100,120,110,https://www.da.gov.ph/wp-content/uploads/2026/08/Price-Monitoring-August-21-2026.pdf
2026-08-21,Cartimar,tilapia,180,180,180,https://www.da.gov.ph/wp-content/uploads/2026/08/Price-Monitoring-August-21-2026.pdf
2026-08-21,Cartimar,tomato,120,150,135,https://www.da.gov.ph/wp-content/uploads/2026/08/Price-Monitoring-August-21-2026.pdf
2026-08-21,Cartimar,white_onion_local,160,185,172.5,https://www.da.gov.ph/wp-content/uploads/2026/08/Price-Monitoring-August-21-2026.pdf
2026-08-24,Cartimar,ampalaya,180,200,190,https://www.da.gov.ph/wp-content/uploads/2026/08/Price-Monitoring-August-24-2026.pdf
2026-08-24,Cartimar,bangus,250,250,250,https://www.da.gov.ph/wp-content/uploads/2026/08/Price-Monitoring-August-24-2026.pdf
2026-08-24,Cartimar,cabbage,80,120,100,https://www.da.gov.ph/wp-content/uploads/2026/08/Price-Monitoring-August-24-2026.pdf
2026-08-24,Cartimar,calamansi,110,180,145,https://www.da.gov.ph/wp-content/uploads/2026/08/Price-Monitoring-August-24-2026.pdf
2026-08-24,Cartimar,carrot,90,140,115,https://www.da.gov.ph/wp-content/uploads/2026/08/Price-Monitoring-August-24-2026.pdf
2026-08-24,Cartimar,chayote,60,80,70,https://www.da.gov.ph/wp-content/uploads/2026/08/Price-Monitoring-August-24-2026.pdf
2026-08-24,Cartimar,chili_green,130,220,175,https://www.da.gov.ph/wp-content/uploads/2026/08/Price-Monitoring-August-24-2026.pdf
2026-08-24,Cartimar,chili_red,100,120,110,https://www.da.gov.ph/wp-content/uploads/2026/08/Price-Monitoring-August-24-2026.pdf
2026-08-24,Cartimar,eggplant,180,230,205,https://www.da.gov.ph/wp-content/uploads/2026/08/Price-Monitoring-August-24-2026.pdf
2026-08-24,Cartimar,galunggong_local,380,380,380,https://www.da.gov.ph/wp-content/uploads/2026/08/Price-Monitoring-August-24-2026.pdf
2026-08-24,Cartimar,pechay_baguio,120,130,125,https://www.da.gov.ph/wp-content/uploads/2026/08/Price-Monitoring-August-24-2026.pdf
2026-08-24,Cartimar,potato,110,160,135,https://www.da.gov.ph/wp-content/uploads/2026/08/Price-Monitoring-August-24-2026.pdf
2026-08-24,Cartimar,red_onion_local,100,120,110,https://www.da.gov.ph/wp-content/uploads/2026/08/Price-Monitoring-August-24-2026.pdf
2026-08-24,Cartimar,tilapia,180,180,180,https://www.da.gov.ph/wp-content/uploads/2026/08/Price-Monitoring-August-24-2026.pdf
2026-08-24,Cartimar,tomato,120,140,130,https://www.da.gov.ph/wp-content/uploads/2026/08/Price-Monitoring-August-24-2026.pdf
2026-08-24,Cartimar,white_onion_local,150,194,172,https://www.da.gov.ph/wp-content/uploads/2026/08/Price-Monitoring-August-24-2026.pdf
2026-08-25,Cartimar,ampalaya,190,190,190,https://www.da.gov.ph/wp-content/uploads/2026/08/Price-Monitoring-August-25-2026.pdf
2026-08-25,Cartimar,bangus,250,250,250,https://www.da.gov.ph/wp-content/uploads/2026/08/Price-Monitoring-August-25-2026.pdf
2026-08-25,Cartimar,cabbage,80,80,80,https://www.da.gov.ph/wp-content/uploads/2026/08/Price-Monitoring-August-25-2026.pdf
2026-08-25,Cartimar,calamansi,150,150,150,https://www.da.gov.ph/wp-content/uploads/2026/08/Price-Monitoring-August-25-2026.pdf
2026-08-25,Cartimar,carrot,140,140,140,https://www.da.gov.ph/wp-content/uploads/2026/08/Price-Monitoring-August-25-2026.pdf
2026-08-25,Cartimar,chayote,60,60,60,https://www.da.gov.ph/wp-content/uploads/2026/08/Price-Monitoring-August-25-2026.pdf
2026-08-25,Cartimar,chili_green,160,160,160,https://www.da.gov.ph/wp-content/uploads/2026/08/Price-Monitoring-August-25-2026.pdf
2026-08-25,Cartimar,chili_red,150,150,150,https://www.da.gov.ph/wp-content/uploads/2026/08/Price-Monitoring-August-25-2026.pdf
2026-08-25,Cartimar,eggplant,220,220,220,https://www.da.gov.ph/wp-content/uploads/2026/08/Price-Monitoring-August-25-2026.pdf
2026-08-25,Cartimar,galunggong_local,380,380,380,https://www.da.gov.ph/wp-content/uploads/2026/08/Price-Monitoring-August-25-2026.pdf
2026-08-25,Cartimar,pechay_baguio,120,120,120,https://www.da.gov.ph/wp-content/uploads/2026/08/Price-Monitoring-August-25-2026.pdf
2026-08-25,Cartimar,potato,140,140,140,https://www.da.gov.ph/wp-content/uploads/2026/08/Price-Monitoring-August-25-2026.pdf
2026-08-25,Cartimar,red_onion_local,120,120,120,https://www.da.gov.ph/wp-content/uploads/2026/08/Price-Monitoring-August-25-2026.pdf
2026-08-25,Cartimar,tilapia,180,180,180,https://www.da.gov.ph/wp-content/uploads/2026/08/Price-Monitoring-August-25-2026.pdf
2026-08-25,Cartimar,tomato,120,120,120,https://www.da.gov.ph/wp-content/uploads/2026/08/Price-Monitoring-August-25-2026.pdf
2026-08-25,Cartimar,white_onion_local,170,170,170,https://www.da.gov.ph/wp-content/uploads/2026/08/Price-Monitoring-August-25-2026.pdf
2026-08-26,Cartimar,ampalaya,200,200,200,https://www.da.gov.ph/wp-content/uploads/2026/08/Price-Monitoring-August-26-2026.pdf
2026-08-26,Cartimar,bangus,250,250,250,https://www.da.gov.ph/wp-content/uploads/2026/08/Price-Monitoring-August-26-2026.pdf
2026-08-26,Cartimar,cabbage,115,115,115,https://www.da.gov.ph/wp-content/uploads/2026/08/Price-Monitoring-August-26-2026.pdf
2026-08-26,Cartimar,calamansi,120,120,120,https://www.da.gov.ph/wp-content/uploads/2026/08/Price-Monitoring-August-26-2026.pdf
2026-08-26,Cartimar,carrot,140,140,140,https://www.da.gov.ph/wp-content/uploads/2026/08/Price-Monitoring-August-26-2026.pdf
2026-08-26,Cartimar,chayote,60,60,60,https://www.da.gov.ph/wp-content/uploads/2026/08/Price-Monitoring-August-26-2026.pdf
2026-08-26,Cartimar,chili_green,200,200,200,https://www.da.gov.ph/wp-content/uploads/2026/08/Price-Monitoring-August-26-2026.pdf
2026-08-26,Cartimar,chili_red,180,180,180,https://www.da.gov.ph/wp-content/uploads/2026/08/Price-Monitoring-August-26-2026.pdf
2026-08-26,Cartimar,eggplant,220,220,220,https://www.da.gov.ph/wp-content/uploads/2026/08/Price-Monitoring-August-26-2026.pdf
2026-08-26,Cartimar,galunggong_local,380,380,380,https://www.da.gov.ph/wp-content/uploads/2026/08/Price-Monitoring-August-26-2026.pdf
2026-08-26,Cartimar,pechay_baguio,120,120,120,https://www.da.gov.ph/wp-content/uploads/2026/08/Price-Monitoring-August-26-2026.pdf
2026-08-26,Cartimar,potato,130,130,130,https://www.da.gov.ph/wp-content/uploads/2026/08/Price-Monitoring-August-26-2026.pdf
2026-08-26,Cartimar,red_onion_local,115,115,115,https://www.da.gov.ph/wp-content/uploads/2026/08/Price-Monitoring-August-26-2026.pdf
2026-08-26,Cartimar,tilapia,180,180,180,https://www.da.gov.ph/wp-content/uploads/2026/08/Price-Monitoring-August-26-2026.pdf
2026-08-26,Cartimar,tomato,120,120,120,https://www.da.gov.ph/wp-content/uploads/2026/08/Price-Monitoring-August-26-2026.pdf
2026-08-26,Cartimar,white_onion_local,180,180,180,https://www.da.gov.ph/wp-content/uploads/2026/08/Price-Monitoring-August-26-2026.pdf
2026-08-27,Cartimar,ampalaya,200,200,200,https://www.da.gov.ph/wp-content/uploads/2026/08/Price-Monitoring-August-27-2026.pdf
2026-08-27,Cartimar,bangus,250,250,250,https://www.da.gov.ph/wp-content/uploads/2026/08/Price-Monitoring-August-27-2026.pdf
2026-08-27,Cartimar,cabbage,115,115,115,https://www.da.gov.ph/wp-content/uploads/2026/08/Price-Monitoring-August-27-2026.pdf
2026-08-27,Cartimar,calamansi,120,120,120,https://www.da.gov.ph/wp-content/uploads/2026/08/Price-Monitoring-August-27-2026.pdf
2026-08-27,Cartimar,carrot,140,140,140,https://www.da.gov.ph/wp-content/uploads/2026/08/Price-Monitoring-August-27-2026.pdf
2026-08-27,Cartimar,chayote,60,60,60,https://www.da.gov.ph/wp-content/uploads/2026/08/Price-Monitoring-August-27-2026.pdf
2026-08-27,Cartimar,chili_green,200,200,200,https://www.da.gov.ph/wp-content/uploads/2026/08/Price-Monitoring-August-27-2026.pdf
2026-08-27,Cartimar,chili_red,180,180,180,https://www.da.gov.ph/wp-content/uploads/2026/08/Price-Monitoring-August-27-2026.pdf
2026-08-27,Cartimar,eggplant,220,220,220,https://www.da.gov.ph/wp-content/uploads/2026/08/Price-Monitoring-August-27-2026.pdf
2026-08-27,Cartimar,galunggong_local,380,380,380,https://www.da.gov.ph/wp-content/uploads/2026/08/Price-Monitoring-August-27-2026.pdf
2026-08-27,Cartimar,pechay_baguio,120,120,120,https://www.da.gov.ph/wp-content/uploads/2026/08/Price-Monitoring-August-27-2026.pdf
2026-08-27,Cartimar,potato,130,130,130,https://www.da.gov.ph/wp-content/uploads/2026/08/Price-Monitoring-August-27-2026.pdf
2026-08-27,Cartimar,red_onion_local,115,115,115,https://www.da.gov.ph/wp-content/uploads/2026/08/Price-Monitoring-August-27-2026.pdf
2026-08-27,Cartimar,tilapia,180,180,180,https://www.da.gov.ph/wp-content/uploads/2026/08/Price-Monitoring-August-27-2026.pdf
2026-08-27,Cartimar,tomato,120,120,120,https://www.da.gov.ph/wp-content/uploads/2026/08/Price-Monitoring-August-27-2026.pdf
2026-08-27,Cartimar,white_onion_local,180,180,180,https://www.da.gov.ph/wp-content/uploads/2026/08/Price-Monitoring-August-27-2026.pdf
2026-08-28,Cartimar,ampalaya,200,200,200,https://www.da.gov.ph/wp-content/uploads/2026/09/Price-Monitoring-August-28-2026.pdf
2026-08-28,Cartimar,bangus,250,250,250,https://www.da.gov.ph/wp-content/uploads/2026/09/Price-Monitoring-August-28-2026.pdf
2026-08-28,Cartimar,cabbage,100,100,100,https://www.da.gov.ph/wp-content/uploads/2026/09/Price-Monitoring-August-28-2026.pdf
2026-08-28,Cartimar,calamansi,120,120,120,https://www.da.gov.ph/wp-content/uploads/2026/09/Price-Monitoring-August-28-2026.pdf
2026-08-28,Cartimar,carrot,140,140,140,https://www.da.gov.ph/wp-content/uploads/2026/09/Price-Monitoring-August-28-2026.pdf
2026-08-28,Cartimar,chayote,70,70,70,https://www.da.gov.ph/wp-content/uploads/2026/09/Price-Monitoring-August-28-2026.pdf
2026-08-28,Cartimar,chili_green,210,210,210,https://www.da.gov.ph/wp-content/uploads/2026/09/Price-Monitoring-August-28-2026.pdf
2026-08-28,Cartimar,chili_red,190,190,190,https://www.da.gov.ph/wp-content/uploads/2026/09/Price-Monitoring-August-28-2026.pdf
2026-08-28,Cartimar,eggplant,220,220,220,https://www.da.gov.ph/wp-content/uploads/2026/09/Price-Monitoring-August-28-2026.pdf
2026-08-28,Cartimar,galunggong_local,380,380,380,https://www.da.gov.ph/wp-content/uploads/2026/09/Price-Monitoring-August-28-2026.pdf
2026-08-28,Cartimar,pechay_baguio,120,120,120,https://www.da.gov.ph/wp-content/uploads/2026/09/Price-Monitoring-August-28-2026.pdf
2026-08-28,Cartimar,potato,130,130,130,https://www.da.gov.ph/wp-content/uploads/2026/09/Price-Monitoring-August-28-2026.pdf
2026-08-28,Cartimar,red_onion_local,120,120,120,https://www.da.gov.ph/wp-content/uploads/2026/09/Price-Monitoring-August-28-2026.pdf
2026-08-28,Cartimar,tilapia,180,180,180,https://www.da.gov.ph/wp-content/uploads/2026/09/Price-Monitoring-August-28-2026.pdf
2026-08-28,Cartimar,tomato,110,110,110,https://www.da.gov.ph/wp-content/uploads/2026/09/Price-Monitoring-August-28-2026.pdf
2026-08-28,Cartimar,white_onion_local,180,180,180,https://www.da.gov.ph/wp-content/uploads/2026/09/Price-Monitoring-August-28-2026.pdf
2026-08-31,Cartimar,ampalaya,200,200,200,https://www.da.gov.ph/wp-content/uploads/2026/09/Price-Monitoring-August-31-2026.pdf
2026-08-31,Cartimar,bangus,250,250,250,https://www.da.gov.ph/wp-content/uploads/2026/09/Price-Monitoring-August-31-2026.pdf
2026-08-31,Cartimar,cabbage,100,100,100,https://www.da.gov.ph/wp-content/uploads/2026/09/Price-Monitoring-August-31-2026.pdf
2026-08-31,Cartimar,calamansi,120,120,120,https://www.da.gov.ph/wp-content/uploads/2026/09/Price-Monitoring-August-31-2026.pdf
2026-08-31,Cartimar,carrot,90,90,90,https://www.da.gov.ph/wp-content/uploads/2026/09/Price-Monitoring-August-31-2026.pdf
2026-08-31,Cartimar,chayote,85,85,85,https://www.da.gov.ph/wp-content/uploads/2026/09/Price-Monitoring-August-31-2026.pdf
2026-08-31,Cartimar,chili_green,200,200,200,https://www.da.gov.ph/wp-content/uploads/2026/09/Price-Monitoring-August-31-2026.pdf
2026-08-31,Cartimar,chili_red,180,180,180,https://www.da.gov.ph/wp-content/uploads/2026/09/Price-Monitoring-August-31-2026.pdf
2026-08-31,Cartimar,eggplant,200,200,200,https://www.da.gov.ph/wp-content/uploads/2026/09/Price-Monitoring-August-31-2026.pdf
2026-08-31,Cartimar,galunggong_local,380,380,380,https://www.da.gov.ph/wp-content/uploads/2026/09/Price-Monitoring-August-31-2026.pdf
2026-08-31,Cartimar,pechay_baguio,140,140,140,https://www.da.gov.ph/wp-content/uploads/2026/09/Price-Monitoring-August-31-2026.pdf
2026-08-31,Cartimar,potato,130,130,130,https://www.da.gov.ph/wp-content/uploads/2026/09/Price-Monitoring-August-31-2026.pdf
2026-08-31,Cartimar,red_onion_local,120,120,120,https://www.da.gov.ph/wp-content/uploads/2026/09/Price-Monitoring-August-31-2026.pdf
2026-08-31,Cartimar,tilapia,180,180,180,https://www.da.gov.ph/wp-content/uploads/2026/09/Price-Monitoring-August-31-2026.pdf
2026-08-31,Cartimar,tomato,110,110,110,https://www.da.gov.ph/wp-content/uploads/2026/09/Price-Monitoring-August-31-2026.pdf
2026-08-31,Cartimar,white_onion_local,160,160,160,https://www.da.gov.ph/wp-content/uploads/2026/09/Price-Monitoring-August-31-2026.pdf
2026-09-01,Cartimar,ampalaya,200,200,200,https://www.da.gov.ph/wp-content/uploads/2026/09/Price-Monitoring-September-1-2026.pdf
2026-09-01,Cartimar,bangus,250,250,250,https://www.da.gov.ph/wp-content/uploads/2026/09/Price-Monitoring-September-1-2026.pdf
2026-09-01,Cartimar,cabbage,100,100,100,https://www.da.gov.ph/wp-content/uploads/2026/09/Price-Monitoring-September-1-2026.pdf
2026-09-01,Cartimar,calamansi,120,120,120,https://www.da.gov.ph/wp-content/uploads/2026/09/Price-Monitoring-September-1-2026.pdf
2026-09-01,Cartimar,carrot,90,90,90,https://www.da.gov.ph/wp-content/uploads/2026/09/Price-Monitoring-September-1-2026.pdf
2026-09-01,Cartimar,chayote,85,85,85,https://www.da.gov.ph/wp-content/uploads/2026/09/Price-Monitoring-September-1-2026.pdf
2026-09-01,Cartimar,chili_green,200,200,200,https://www.da.gov.ph/wp-content/uploads/2026/09/Price-Monitoring-September-1-2026.pdf
2026-09-01,Cartimar,chili_red,180,180,180,https://www.da.gov.ph/wp-content/uploads/2026/09/Price-Monitoring-September-1-2026.pdf
2026-09-01,Cartimar,eggplant,200,200,200,https://www.da.gov.ph/wp-content/uploads/2026/09/Price-Monitoring-September-1-2026.pdf
2026-09-01,Cartimar,galunggong_local,380,380,380,https://www.da.gov.ph/wp-content/uploads/2026/09/Price-Monitoring-September-1-2026.pdf
2026-09-01,Cartimar,pechay_baguio,140,140,140,https://www.da.gov.ph/wp-content/uploads/2026/09/Price-Monitoring-September-1-2026.pdf
2026-09-01,Cartimar,potato,130,130,130,https://www.da.gov.ph/wp-content/uploads/2026/09/Price-Monitoring-September-1-2026.pdf
2026-09-01,Cartimar,red_onion_local,120,120,120,https://www.da.gov.ph/wp-content/uploads/2026/09/Price-Monitoring-September-1-2026.pdf
2026-09-01,Cartimar,tilapia,180,180,180,https://www.da.gov.ph/wp-content/uploads/2026/09/Price-Monitoring-September-1-2026.pdf
2026-09-01,Cartimar,tomato,110,110,110,https://www.da.gov.ph/wp-content/uploads/2026/09/Price-Monitoring-September-1-2026.pdf
2026-09-01,Cartimar,white_onion_local,160,160,160,https://www.da.gov.ph/wp-content/uploads/2026/09/Price-Monitoring-September-1-2026.pdf
2026-09-02,Cartimar,ampalaya,190,190,190,https://www.da.gov.ph/wp-content/uploads/2026/09/Price-Monitoring-September-2-2026.pdf
2026-09-02,Cartimar,bangus,250,250,250,https://www.da.gov.ph/wp-content/uploads/2026/09/Price-Monitoring-September-2-2026.pdf
2026-09-02,Cartimar,cabbage,160,160,160,https://www.da.gov.ph/wp-content/uploads/2026/09/Price-Monitoring-September-2-2026.pdf
2026-09-02,Cartimar,calamansi,120,120,120,https://www.da.gov.ph/wp-content/uploads/2026/09/Price-Monitoring-September-2-2026.pdf
2026-09-02,Cartimar,carrot,130,130,130,https://www.da.gov.ph/wp-content/uploads/2026/09/Price-Monitoring-September-2-2026.pdf
2026-09-02,Cartimar,chayote,95,95,95,https://www.da.gov.ph/wp-content/uploads/2026/09/Price-Monitoring-September-2-2026.pdf
2026-09-02,Cartimar,chili_green,210,210,210,https://www.da.gov.ph/wp-content/uploads/2026/09/Price-Monitoring-September-2-2026.pdf
2026-09-02,Cartimar,chili_red,180,180,180,https://www.da.gov.ph/wp-content/uploads/2026/09/Price-Monitoring-September-2-2026.pdf
2026-09-02,Cartimar,eggplant,190,190,190,https://www.da.gov.ph/wp-content/uploads/2026/09/Price-Monitoring-September-2-2026.pdf
2026-09-02,Cartimar,galunggong_local,350,350,350,https://www.da.gov.ph/wp-content/uploads/2026/09/Price-Monitoring-September-2-2026.pdf
2026-09-02,Cartimar,pechay_baguio,170,170,170,https://www.da.gov.ph/wp-content/uploads/2026/09/Price-Monitoring-September-2-2026.pdf
2026-09-02,Cartimar,potato,150,150,150,https://www.da.gov.ph/wp-content/uploads/2026/09/Price-Monitoring-September-2-2026.pdf
2026-09-02,Cartimar,red_onion_local,120,120,120,https://www.da.gov.ph/wp-content/uploads/2026/09/Price-Monitoring-September-2-2026.pdf
2026-09-02,Cartimar,tilapia,180,180,180,https://www.da.gov.ph/wp-content/uploads/2026/09/Price-Monitoring-September-2-2026.pdf
2026-09-02,Cartimar,tomato,110,110,110,https://www.da.gov.ph/wp-content/uploads/2026/09/Price-Monitoring-September-2-2026.pdf
2026-09-02,Cartimar,white_onion_local,160,160,160,https://www.da.gov.ph/wp-content/uploads/2026/09/Price-Monitoring-September-2-2026.pdf
2026-09-03,Cartimar,ampalaya,190,190,190,https://www.da.gov.ph/wp-content/uploads/2026/09/Price-Monitoring-September-3-2026.pdf
2026-09-03,Cartimar,bangus,250,250,250,https://www.da.gov.ph/wp-content/uploads/2026/09/Price-Monitoring-September-3-2026.pdf
2026-09-03,Cartimar,cabbage,160,160,160,https://www.da.gov.ph/wp-content/uploads/2026/09/Price-Monitoring-September-3-2026.pdf
2026-09-03,Cartimar,calamansi,120,120,120,https://www.da.gov.ph/wp-content/uploads/2026/09/Price-Monitoring-September-3-2026.pdf
2026-09-03,Cartimar,carrot,130,130,130,https://www.da.gov.ph/wp-content/uploads/2026/09/Price-Monitoring-September-3-2026.pdf
2026-09-03,Cartimar,chayote,95,95,95,https://www.da.gov.ph/wp-content/uploads/2026/09/Price-Monitoring-September-3-2026.pdf
2026-09-03,Cartimar,chili_green,210,210,210,https://www.da.gov.ph/wp-content/uploads/2026/09/Price-Monitoring-September-3-2026.pdf
2026-09-03,Cartimar,chili_red,180,180,180,https://www.da.gov.ph/wp-content/uploads/2026/09/Price-Monitoring-September-3-2026.pdf
2026-09-03,Cartimar,eggplant,190,190,190,https://www.da.gov.ph/wp-content/uploads/2026/09/Price-Monitoring-September-3-2026.pdf
2026-09-03,Cartimar,galunggong_local,350,350,350,https://www.da.gov.ph/wp-content/uploads/2026/09/Price-Monitoring-September-3-2026.pdf
2026-09-03,Cartimar,pechay_baguio,170,170,170,https://www.da.gov.ph/wp-content/uploads/2026/09/Price-Monitoring-September-3-2026.pdf
2026-09-03,Cartimar,potato,150,150,150,https://www.da.gov.ph/wp-content/uploads/2026/09/Price-Monitoring-September-3-2026.pdf
2026-09-03,Cartimar,red_onion_local,120,120,120,https://www.da.gov.ph/wp-content/uploads/2026/09/Price-Monitoring-September-3-2026.pdf
2026-09-03,Cartimar,tilapia,180,180,180,https://www.da.gov.ph/wp-content/uploads/2026/09/Price-Monitoring-September-3-2026.pdf
2026-09-03,Cartimar,tomato,110,110,110,https://www.da.gov.ph/wp-content/uploads/2026/09/Price-Monitoring-September-3-2026.pdf
2026-09-03,Cartimar,white_onion_local,160,160,160,https://www.da.gov.ph/wp-content/uploads/2026/09/Price-Monitoring-September-3-2026.pdf
2026-09-04,Cartimar,ampalaya,210,210,210,https://www.da.gov.ph/wp-content/uploads/2026/09/Price-Monitoring-September-4-2026.pdf
2026-09-04,Cartimar,bangus,250,250,250,https://www.da.gov.ph/wp-content/uploads/2026/09/Price-Monitoring-September-4-2026.pdf
2026-09-04,Cartimar,cabbage,160,160,160,https://www.da.gov.ph/wp-content/uploads/2026/09/Price-Monitoring-September-4-2026.pdf
2026-09-04,Cartimar,calamansi,120,120,120,https://www.da.gov.ph/wp-content/uploads/2026/09/Price-Monitoring-September-4-2026.pdf
2026-09-04,Cartimar,carrot,120,120,120,https://www.da.gov.ph/wp-content/uploads/2026/09/Price-Monitoring-September-4-2026.pdf
2026-09-04,Cartimar,chayote,110,110,110,https://www.da.gov.ph/wp-content/uploads/2026/09/Price-Monitoring-September-4-2026.pdf
2026-09-04,Cartimar,chili_green,200,200,200,https://www.da.gov.ph/wp-content/uploads/2026/09/Price-Monitoring-September-4-2026.pdf
2026-09-04,Cartimar,chili_red,185,185,185,https://www.da.gov.ph/wp-content/uploads/2026/09/Price-Monitoring-September-4-2026.pdf
2026-09-04,Cartimar,eggplant,180,180,180,https://www.da.gov.ph/wp-content/uploads/2026/09/Price-Monitoring-September-4-2026.pdf
2026-09-04,Cartimar,galunggong_local,350,350,350,https://www.da.gov.ph/wp-content/uploads/2026/09/Price-Monitoring-September-4-2026.pdf
2026-09-04,Cartimar,pechay_baguio,200,200,200,https://www.da.gov.ph/wp-content/uploads/2026/09/Price-Monitoring-September-4-2026.pdf
2026-09-04,Cartimar,potato,180,180,180,https://www.da.gov.ph/wp-content/uploads/2026/09/Price-Monitoring-September-4-2026.pdf
2026-09-04,Cartimar,red_onion_local,110,110,110,https://www.da.gov.ph/wp-content/uploads/2026/09/Price-Monitoring-September-4-2026.pdf
2026-09-04,Cartimar,tilapia,180,180,180,https://www.da.gov.ph/wp-content/uploads/2026/09/Price-Monitoring-September-4-2026.pdf
2026-09-04,Cartimar,tomato,120,120,120,https://www.da.gov.ph/wp-content/uploads/2026/09/Price-Monitoring-September-4-2026.pdf
2026-09-04,Cartimar,white_onion_local,160,160,160,https://www.da.gov.ph/wp-content/uploads/2026/09/Price-Monitoring-September-4-2026.pdf
2026-09-07,Cartimar,ampalaya,220,220,220,https://www.da.gov.ph/wp-content/uploads/2026/09/Price-Monitoring-September-7-2026.pdf
2026-09-07,Cartimar,bangus,250,250,250,https://www.da.gov.ph/wp-content/uploads/2026/09/Price-Monitoring-September-7-2026.pdf
2026-09-07,Cartimar,cabbage,160,160,160,https://www.da.gov.ph/wp-content/uploads/2026/09/Price-Monitoring-September-7-2026.pdf
2026-09-07,Cartimar,calamansi,120,120,120,https://www.da.gov.ph/wp-content/uploads/2026/09/Price-Monitoring-September-7-2026.pdf
2026-09-07,Cartimar,carrot,120,120,120,https://www.da.gov.ph/wp-content/uploads/2026/09/Price-Monitoring-September-7-2026.pdf
2026-09-07,Cartimar,chayote,120,120,120,https://www.da.gov.ph/wp-content/uploads/2026/09/Price-Monitoring-September-7-2026.pdf
2026-09-07,Cartimar,chili_green,200,200,200,https://www.da.gov.ph/wp-content/uploads/2026/09/Price-Monitoring-September-7-2026.pdf
2026-09-07,Cartimar,chili_red,200,200,200,https://www.da.gov.ph/wp-content/uploads/2026/09/Price-Monitoring-September-7-2026.pdf
2026-09-07,Cartimar,eggplant,180,180,180,https://www.da.gov.ph/wp-content/uploads/2026/09/Price-Monitoring-September-7-2026.pdf
2026-09-07,Cartimar,galunggong_local,350,350,350,https://www.da.gov.ph/wp-content/uploads/2026/09/Price-Monitoring-September-7-2026.pdf
2026-09-07,Cartimar,pechay_baguio,200,200,200,https://www.da.gov.ph/wp-content/uploads/2026/09/Price-Monitoring-September-7-2026.pdf
2026-09-07,Cartimar,potato,180,180,180,https://www.da.gov.ph/wp-content/uploads/2026/09/Price-Monitoring-September-7-2026.pdf
2026-09-07,Cartimar,red_onion_local,110,110,110,https://www.da.gov.ph/wp-content/uploads/2026/09/Price-Monitoring-September-7-2026.pdf
2026-09-07,Cartimar,tilapia,180,180,180,https://www.da.gov.ph/wp-content/uploads/2026/09/Price-Monitoring-September-7-2026.pdf
2026-09-07,Cartimar,tomato,120,120,120,https://www.da.gov.ph/wp-content/uploads/2026/09/Price-Monitoring-September-7-2026.pdf
2026-09-07,Cartimar,white_onion_local,160,160,160,https://www.da.gov.ph/wp-content/uploads/2026/09/Price-Monitoring-September-7-2026.pdf
2026-09-08,Cartimar,ampalaya,220,220,220,https://www.da.gov.ph/wp-content/uploads/2026/09/Price-Monitoring-September-8-2026.pdf
2026-09-08,Cartimar,bangus,250,250,250,https://www.da.gov.ph/wp-content/uploads/2026/09/Price-Monitoring-September-8-2026.pdf
2026-09-08,Cartimar,cabbage,160,160,160,https://www.da.gov.ph/wp-content/uploads/2026/09/Price-Monitoring-September-8-2026.pdf
2026-09-08,Cartimar,calamansi,120,120,120,https://www.da.gov.ph/wp-content/uploads/2026/09/Price-Monitoring-September-8-2026.pdf
2026-09-08,Cartimar,carrot,120,120,120,https://www.da.gov.ph/wp-content/uploads/2026/09/Price-Monitoring-September-8-2026.pdf
2026-09-08,Cartimar,chayote,120,120,120,https://www.da.gov.ph/wp-content/uploads/2026/09/Price-Monitoring-September-8-2026.pdf
2026-09-08,Cartimar,chili_green,200,200,200,https://www.da.gov.ph/wp-content/uploads/2026/09/Price-Monitoring-September-8-2026.pdf
2026-09-08,Cartimar,chili_red,200,200,200,https://www.da.gov.ph/wp-content/uploads/2026/09/Price-Monitoring-September-8-2026.pdf
2026-09-08,Cartimar,eggplant,180,180,180,https://www.da.gov.ph/wp-content/uploads/2026/09/Price-Monitoring-September-8-2026.pdf
2026-09-08,Cartimar,galunggong_local,350,350,350,https://www.da.gov.ph/wp-content/uploads/2026/09/Price-Monitoring-September-8-2026.pdf
2026-09-08,Cartimar,pechay_baguio,200,200,200,https://www.da.gov.ph/wp-content/uploads/2026/09/Price-Monitoring-September-8-2026.pdf
2026-09-08,Cartimar,potato,180,180,180,https://www.da.gov.ph/wp-content/uploads/2026/09/Price-Monitoring-September-8-2026.pdf
2026-09-08,Cartimar,red_onion_local,110,110,110,https://www.da.gov.ph/wp-content/uploads/2026/09/Price-Monitoring-September-8-2026.pdf
2026-09-08,Cartimar,tilapia,180,180,180,https://www.da.gov.ph/wp-content/uploads/2026/09/Price-Monitoring-September-8-2026.pdf
2026-09-08,Cartimar,tomato,120,120,120,https://www.da.gov.ph/wp-content/uploads/2026/09/Price-Monitoring-September-8-2026.pdf
2026-09-08,Cartimar,white_onion_local,160,160,160,https://www.da.gov.ph/wp-content/uploads/2026/09/Price-Monitoring-September-8-2026.pdf
2026-09-09,Cartimar,ampalaya,190,190,190,https://www.da.gov.ph/wp-content/uploads/2026/09/Price-Monitoring-September-9-2026.pdf
2026-09-09,Cartimar,bangus,250,250,250,https://www.da.gov.ph/wp-content/uploads/2026/09/Price-Monitoring-September-9-2026.pdf
2026-09-09,Cartimar,cabbage,160,160,160,https://www.da.gov.ph/wp-content/uploads/2026/09/Price-Monitoring-September-9-2026.pdf
2026-09-09,Cartimar,calamansi,120,120,120,https://www.da.gov.ph/wp-content/uploads/2026/09/Price-Monitoring-September-9-2026.pdf
2026-09-09,Cartimar,carrot,120,120,120,https://www.da.gov.ph/wp-content/uploads/2026/09/Price-Monitoring-September-9-2026.pdf
2026-09-09,Cartimar,chayote,120,120,120,https://www.da.gov.ph/wp-content/uploads/2026/09/Price-Monitoring-September-9-2026.pdf
2026-09-09,Cartimar,chili_green,180,180,180,https://www.da.gov.ph/wp-content/uploads/2026/09/Price-Monitoring-September-9-2026.pdf
2026-09-09,Cartimar,chili_red,200,200,200,https://www.da.gov.ph/wp-content/uploads/2026/09/Price-Monitoring-September-9-2026.pdf
2026-09-09,Cartimar,eggplant,170,170,170,https://www.da.gov.ph/wp-content/uploads/2026/09/Price-Monitoring-September-9-2026.pdf
2026-09-09,Cartimar,galunggong_local,350,350,350,https://www.da.gov.ph/wp-content/uploads/2026/09/Price-Monitoring-September-9-2026.pdf
2026-09-09,Cartimar,pechay_baguio,200,200,200,https://www.da.gov.ph/wp-content/uploads/2026/09/Price-Monitoring-September-9-2026.pdf
2026-09-09,Cartimar,potato,180,180,180,https://www.da.gov.ph/wp-content/uploads/2026/09/Price-Monitoring-September-9-2026.pdf
2026-09-09,Cartimar,red_onion_local,110,110,110,https://www.da.gov.ph/wp-content/uploads/2026/09/Price-Monitoring-September-9-2026.pdf
2026-09-09,Cartimar,tilapia,180,180,180,https://www.da.gov.ph/wp-content/uploads/2026/09/Price-Monitoring-September-9-2026.pdf
2026-09-09,Cartimar,tomato,125,125,125,https://www.da.gov.ph/wp-content/uploads/2026/09/Price-Monitoring-September-9-2026.pdf
2026-09-09,Cartimar,white_onion_local,160,160,160,https://www.da.gov.ph/wp-content/uploads/2026/09/Price-Monitoring-September-9-2026.pdf
2026-09-10,Cartimar,ampalaya,220,220,220,https://www.da.gov.ph/wp-content/uploads/2026/09/Price-Monitoring-September-10-2026.pdf
2026-09-10,Cartimar,bangus,250,250,250,https://www.da.gov.ph/wp-content/uploads/2026/09/Price-Monitoring-September-10-2026.pdf
2026-09-10,Cartimar,cabbage,160,160,160,https://www.da.gov.ph/wp-content/uploads/2026/09/Price-Monitoring-September-10-2026.pdf
2026-09-10,Cartimar,calamansi,120,120,120,https://www.da.gov.ph/wp-content/uploads/2026/09/Price-Monitoring-September-10-2026.pdf
2026-09-10,Cartimar,carrot,120,120,120,https://www.da.gov.ph/wp-content/uploads/2026/09/Price-Monitoring-September-10-2026.pdf
2026-09-10,Cartimar,chayote,120,120,120,https://www.da.gov.ph/wp-content/uploads/2026/09/Price-Monitoring-September-10-2026.pdf
2026-09-10,Cartimar,chili_green,200,200,200,https://www.da.gov.ph/wp-content/uploads/2026/09/Price-Monitoring-September-10-2026.pdf
2026-09-10,Cartimar,chili_red,200,200,200,https://www.da.gov.ph/wp-content/uploads/2026/09/Price-Monitoring-September-10-2026.pdf
2026-09-10,Cartimar,eggplant,180,180,180,https://www.da.gov.ph/wp-content/uploads/2026/09/Price-Monitoring-September-10-2026.pdf
2026-09-10,Cartimar,galunggong_local,350,350,350,https://www.da.gov.ph/wp-content/uploads/2026/09/Price-Monitoring-September-10-2026.pdf
2026-09-10,Cartimar,pechay_baguio,200,200,200,https://www.da.gov.ph/wp-content/uploads/2026/09/Price-Monitoring-September-10-2026.pdf
2026-09-10,Cartimar,potato,180,180,180,https://www.da.gov.ph/wp-content/uploads/2026/09/Price-Monitoring-September-10-2026.pdf
2026-09-10,Cartimar,red_onion_local,110,110,110,https://www.da.gov.ph/wp-content/uploads/2026/09/Price-Monitoring-September-10-2026.pdf
2026-09-10,Cartimar,tilapia,180,180,180,https://www.da.gov.ph/wp-content/uploads/2026/09/Price-Monitoring-September-10-2026.pdf
2026-09-10,Cartimar,tomato,120,120,120,https://www.da.gov.ph/wp-content/uploads/2026/09/Price-Monitoring-September-10-2026.pdf
2026-09-10,Cartimar,white_onion_local,160,160,160,https://www.da.gov.ph/wp-content/uploads/2026/09/Price-Monitoring-September-10-2026.pdf
2026-09-11,Cartimar,ampalaya,200,200,200,https://www.da.gov.ph/wp-content/uploads/2026/09/Price-Monitoring-September-11-2026.pdf
2026-09-11,Cartimar,bangus,250,250,250,https://www.da.gov.ph/wp-content/uploads/2026/09/Price-Monitoring-September-11-2026.pdf
2026-09-11,Cartimar,cabbage,180,180,180,https://www.da.gov.ph/wp-content/uploads/2026/09/Price-Monitoring-September-11-2026.pdf
2026-09-11,Cartimar,calamansi,120,120,120,https://www.da.gov.ph/wp-content/uploads/2026/09/Price-Monitoring-September-11-2026.pdf
2026-09-11,Cartimar,carrot,120,120,120,https://www.da.gov.ph/wp-content/uploads/2026/09/Price-Monitoring-September-11-2026.pdf
2026-09-11,Cartimar,chayote,110,110,110,https://www.da.gov.ph/wp-content/uploads/2026/09/Price-Monitoring-September-11-2026.pdf
2026-09-11,Cartimar,chili_green,180,180,180,https://www.da.gov.ph/wp-content/uploads/2026/09/Price-Monitoring-September-11-2026.pdf
2026-09-11,Cartimar,chili_red,165,165,165,https://www.da.gov.ph/wp-content/uploads/2026/09/Price-Monitoring-September-11-2026.pdf
2026-09-11,Cartimar,eggplant,150,150,150,https://www.da.gov.ph/wp-content/uploads/2026/09/Price-Monitoring-September-11-2026.pdf
2026-09-11,Cartimar,galunggong_local,350,350,350,https://www.da.gov.ph/wp-content/uploads/2026/09/Price-Monitoring-September-11-2026.pdf
2026-09-11,Cartimar,pechay_baguio,200,200,200,https://www.da.gov.ph/wp-content/uploads/2026/09/Price-Monitoring-September-11-2026.pdf
2026-09-11,Cartimar,potato,150,150,150,https://www.da.gov.ph/wp-content/uploads/2026/09/Price-Monitoring-September-11-2026.pdf
2026-09-11,Cartimar,red_onion_local,120,120,120,https://www.da.gov.ph/wp-content/uploads/2026/09/Price-Monitoring-September-11-2026.pdf
2026-09-11,Cartimar,tilapia,180,180,180,https://www.da.gov.ph/wp-content/uploads/2026/09/Price-Monitoring-September-11-2026.pdf
2026-09-11,Cartimar,tomato,130,130,130,https://www.da.gov.ph/wp-content/uploads/2026/09/Price-Monitoring-September-11-2026.pdf
2026-09-11,Cartimar,white_onion_local,160,160,160,https://www.da.gov.ph/wp-content/uploads/2026/09/Price-Monitoring-September-11-2026.pdf
2026-09-14,Cartimar,ampalaya,160,160,160,https://www.da.gov.ph/wp-content/uploads/2026/09/Price-Monitoring-September-14-2026.pdf
2026-09-14,Cartimar,bangus,250,250,250,https://www.da.gov.ph/wp-content/uploads/2026/09/Price-Monitoring-September-14-2026.pdf
2026-09-14,Cartimar,cabbage,190,190,190,https://www.da.gov.ph/wp-content/uploads/2026/09/Price-Monitoring-September-14-2026.pdf
2026-09-14,Cartimar,calamansi,105,105,105,https://www.da.gov.ph/wp-content/uploads/2026/09/Price-Monitoring-September-14-2026.pdf
2026-09-14,Cartimar,carrot,120,120,120,https://www.da.gov.ph/wp-content/uploads/2026/09/Price-Monitoring-September-14-2026.pdf
2026-09-14,Cartimar,chayote,100,100,100,https://www.da.gov.ph/wp-content/uploads/2026/09/Price-Monitoring-September-14-2026.pdf
2026-09-14,Cartimar,chili_green,210,210,210,https://www.da.gov.ph/wp-content/uploads/2026/09/Price-Monitoring-September-14-2026.pdf
2026-09-14,Cartimar,chili_red,150,150,150,https://www.da.gov.ph/wp-content/uploads/2026/09/Price-Monitoring-September-14-2026.pdf
2026-09-14,Cartimar,eggplant,145,145,145,https://www.da.gov.ph/wp-content/uploads/2026/09/Price-Monitoring-September-14-2026.pdf
2026-09-14,Cartimar,galunggong_local,350,350,350,https://www.da.gov.ph/wp-content/uploads/2026/09/Price-Monitoring-September-14-2026.pdf
2026-09-14,Cartimar,pechay_baguio,249,249,249,https://www.da.gov.ph/wp-content/uploads/2026/09/Price-Monitoring-September-14-2026.pdf
2026-09-14,Cartimar,potato,130,130,130,https://www.da.gov.ph/wp-content/uploads/2026/09/Price-Monitoring-September-14-2026.pdf
2026-09-14,Cartimar,red_onion_local,120,120,120,https://www.da.gov.ph/wp-content/uploads/2026/09/Price-Monitoring-September-14-2026.pdf
2026-09-14,Cartimar,tilapia,180,180,180,https://www.da.gov.ph/wp-content/uploads/2026/09/Price-Monitoring-September-14-2026.pdf
2026-09-14,Cartimar,tomato,120,120,120,https://www.da.gov.ph/wp-content/uploads/2026/09/Price-Monitoring-September-14-2026.pdf
2026-09-14,Cartimar,white_onion_local,160,160,160,https://www.da.gov.ph/wp-content/uploads/2026/09/Price-Monitoring-September-14-2026.pdf
2026-09-15,Cartimar,ampalaya,160,160,160,https://www.da.gov.ph/wp-content/uploads/2026/09/Price-Monitoring-September-15-2026.pdf
2026-09-15,Cartimar,bangus,250,250,250,https://www.da.gov.ph/wp-content/uploads/2026/09/Price-Monitoring-September-15-2026.pdf
2026-09-15,Cartimar,cabbage,190,190,190,https://www.da.gov.ph/wp-content/uploads/2026/09/Price-Monitoring-September-15-2026.pdf
2026-09-15,Cartimar,calamansi,105,105,105,https://www.da.gov.ph/wp-content/uploads/2026/09/Price-Monitoring-September-15-2026.pdf
2026-09-15,Cartimar,carrot,120,120,120,https://www.da.gov.ph/wp-content/uploads/2026/09/Price-Monitoring-September-15-2026.pdf
2026-09-15,Cartimar,chayote,100,100,100,https://www.da.gov.ph/wp-content/uploads/2026/09/Price-Monitoring-September-15-2026.pdf
2026-09-15,Cartimar,chili_green,210,210,210,https://www.da.gov.ph/wp-content/uploads/2026/09/Price-Monitoring-September-15-2026.pdf
2026-09-15,Cartimar,chili_red,150,150,150,https://www.da.gov.ph/wp-content/uploads/2026/09/Price-Monitoring-September-15-2026.pdf
2026-09-15,Cartimar,eggplant,145,145,145,https://www.da.gov.ph/wp-content/uploads/2026/09/Price-Monitoring-September-15-2026.pdf
2026-09-15,Cartimar,galunggong_local,350,350,350,https://www.da.gov.ph/wp-content/uploads/2026/09/Price-Monitoring-September-15-2026.pdf
2026-09-15,Cartimar,pechay_baguio,249,249,249,https://www.da.gov.ph/wp-content/uploads/2026/09/Price-Monitoring-September-15-2026.pdf
2026-09-15,Cartimar,potato,130,130,130,https://www.da.gov.ph/wp-content/uploads/2026/09/Price-Monitoring-September-15-2026.pdf
2026-09-15,Cartimar,red_onion_local,120,120,120,https://www.da.gov.ph/wp-content/uploads/2026/09/Price-Monitoring-September-15-2026.pdf
2026-09-15,Cartimar,tilapia,180,180,180,https://www.da.gov.ph/wp-content/uploads/2026/09/Price-Monitoring-September-15-2026.pdf
2026-09-15,Cartimar,tomato,120,120,120,https://www.da.gov.ph/wp-content/uploads/2026/09/Price-Monitoring-September-15-2026.pdf
2026-09-15,Cartimar,white_onion_local,160,160,160,https://www.da.gov.ph/wp-content/uploads/2026/09/Price-Monitoring-September-15-2026.pdf
2026-09-16,Cartimar,ampalaya,190,190,190,https://www.da.gov.ph/wp-content/uploads/2026/09/Price-Monitoring-September-16-2026.pdf
2026-09-16,Cartimar,bangus,250,250,250,https://www.da.gov.ph/wp-content/uploads/2026/09/Price-Monitoring-September-16-2026.pdf
2026-09-16,Cartimar,cabbage,200,200,200,https://www.da.gov.ph/wp-content/uploads/2026/09/Price-Monitoring-September-16-2026.pdf
2026-09-16,Cartimar,calamansi,120,120,120,https://www.da.gov.ph/wp-content/uploads/2026/09/Price-Monitoring-September-16-2026.pdf
2026-09-16,Cartimar,carrot,120,120,120,https://www.da.gov.ph/wp-content/uploads/2026/09/Price-Monitoring-September-16-2026.pdf
2026-09-16,Cartimar,chayote,120,120,120,https://www.da.gov.ph/wp-content/uploads/2026/09/Price-Monitoring-September-16-2026.pdf
2026-09-16,Cartimar,chili_green,200,200,200,https://www.da.gov.ph/wp-content/uploads/2026/09/Price-Monitoring-September-16-2026.pdf
2026-09-16,Cartimar,chili_red,180,180,180,https://www.da.gov.ph/wp-content/uploads/2026/09/Price-Monitoring-September-16-2026.pdf
2026-09-16,Cartimar,eggplant,140,140,140,https://www.da.gov.ph/wp-content/uploads/2026/09/Price-Monitoring-September-16-2026.pdf
2026-09-16,Cartimar,galunggong_local,350,350,350,https://www.da.gov.ph/wp-content/uploads/2026/09/Price-Monitoring-September-16-2026.pdf
2026-09-16,Cartimar,pechay_baguio,180,180,180,https://www.da.gov.ph/wp-content/uploads/2026/09/Price-Monitoring-September-16-2026.pdf
2026-09-16,Cartimar,potato,130,130,130,https://www.da.gov.ph/wp-content/uploads/2026/09/Price-Monitoring-September-16-2026.pdf
2026-09-16,Cartimar,red_onion_local,110,110,110,https://www.da.gov.ph/wp-content/uploads/2026/09/Price-Monitoring-September-16-2026.pdf
2026-09-16,Cartimar,tilapia,180,180,180,https://www.da.gov.ph/wp-content/uploads/2026/09/Price-Monitoring-September-16-2026.pdf
2026-09-16,Cartimar,tomato,140,140,140,https://www.da.gov.ph/wp-content/uploads/2026/09/Price-Monitoring-September-16-2026.pdf
2026-09-16,Cartimar,white_onion_local,160,160,160,https://www.da.gov.ph/wp-content/uploads/2026/09/Price-Monitoring-September-16-2026.pdf
2026-09-17,Cartimar,ampalaya,160,160,160,https://www.da.gov.ph/wp-content/uploads/2026/09/Price-Monitoring-September-17-2026.pdf
2026-09-17,Cartimar,bangus,250,250,250,https://www.da.gov.ph/wp-content/uploads/2026/09/Price-Monitoring-September-17-2026.pdf
2026-09-17,Cartimar,cabbage,190,190,190,https://www.da.gov.ph/wp-content/uploads/2026/09/Price-Monitoring-September-17-2026.pdf
2026-09-17,Cartimar,calamansi,105,105,105,https://www.da.gov.ph/wp-content/uploads/2026/09/Price-Monitoring-September-17-2026.pdf
2026-09-17,Cartimar,carrot,120,120,120,https://www.da.gov.ph/wp-content/uploads/2026/09/Price-Monitoring-September-17-2026.pdf
2026-09-17,Cartimar,chayote,100,100,100,https://www.da.gov.ph/wp-content/uploads/2026/09/Price-Monitoring-September-17-2026.pdf
2026-09-17,Cartimar,chili_green,210,210,210,https://www.da.gov.ph/wp-content/uploads/2026/09/Price-Monitoring-September-17-2026.pdf
2026-09-17,Cartimar,chili_red,175,175,175,https://www.da.gov.ph/wp-content/uploads/2026/09/Price-Monitoring-September-17-2026.pdf
2026-09-17,Cartimar,eggplant,140,140,140,https://www.da.gov.ph/wp-content/uploads/2026/09/Price-Monitoring-September-17-2026.pdf
2026-09-17,Cartimar,galunggong_local,350,350,350,https://www.da.gov.ph/wp-content/uploads/2026/09/Price-Monitoring-September-17-2026.pdf
2026-09-17,Cartimar,pechay_baguio,249,249,249,https://www.da.gov.ph/wp-content/uploads/2026/09/Price-Monitoring-September-17-2026.pdf
2026-09-17,Cartimar,potato,140,140,140,https://www.da.gov.ph/wp-content/uploads/2026/09/Price-Monitoring-September-17-2026.pdf
2026-09-17,Cartimar,red_onion_local,120,120,120,https://www.da.gov.ph/wp-content/uploads/2026/09/Price-Monitoring-September-17-2026.pdf
2026-09-17,Cartimar,tilapia,180,180,180,https://www.da.gov.ph/wp-content/uploads/2026/09/Price-Monitoring-September-17-2026.pdf
2026-09-17,Cartimar,tomato,125,125,125,https://www.da.gov.ph/wp-content/uploads/2026/09/Price-Monitoring-September-17-2026.pdf
2026-09-17,Cartimar,white_onion_local,160,160,160,https://www.da.gov.ph/wp-content/uploads/2026/09/Price-Monitoring-September-17-2026.pdf
2026-09-18,Cartimar,ampalaya,180,180,180,https://www.da.gov.ph/wp-content/uploads/2026/09/Price-Monitoring-September-18-2026.pdf
2026-09-18,Cartimar,bangus,250,250,250,https://www.da.gov.ph/wp-content/uploads/2026/09/Price-Monitoring-September-18-2026.pdf
2026-09-18,Cartimar,cabbage,200,200,200,https://www.da.gov.ph/wp-content/uploads/2026/09/Price-Monitoring-September-18-2026.pdf
2026-09-18,Cartimar,calamansi,120,120,120,https://www.da.gov.ph/wp-content/uploads/2026/09/Price-Monitoring-September-18-2026.pdf
2026-09-18,Cartimar,carrot,120,120,120,https://www.da.gov.ph/wp-content/uploads/2026/09/Price-Monitoring-September-18-2026.pdf
2026-09-18,Cartimar,chayote,120,120,120,https://www.da.gov.ph/wp-content/uploads/2026/09/Price-Monitoring-September-18-2026.pdf
2026-09-18,Cartimar,chili_green,220,220,220,https://www.da.gov.ph/wp-content/uploads/2026/09/Price-Monitoring-September-18-2026.pdf
2026-09-18,Cartimar,chili_red,180,180,180,https://www.da.gov.ph/wp-content/uploads/2026/09/Price-Monitoring-September-18-2026.pdf
2026-09-18,Cartimar,eggplant,140,140,140,https://www.da.gov.ph/wp-content/uploads/2026/09/Price-Monitoring-September-18-2026.pdf
2026-09-18,Cartimar,galunggong_local,350,350,350,https://www.da.gov.ph/wp-content/uploads/2026/09/Price-Monitoring-September-18-2026.pdf
2026-09-18,Cartimar,pechay_baguio,250,250,250,https://www.da.gov.ph/wp-content/uploads/2026/09/Price-Monitoring-September-18-2026.pdf
2026-09-18,Cartimar,potato,130,130,130,https://www.da.gov.ph/wp-content/uploads/2026/09/Price-Monitoring-September-18-2026.pdf
2026-09-18,Cartimar,red_onion_local,120,120,120,https://www.da.gov.ph/wp-content/uploads/2026/09/Price-Monitoring-September-18-2026.pdf
2026-09-18,Cartimar,tilapia,180,180,180,https://www.da.gov.ph/wp-content/uploads/2026/09/Price-Monitoring-September-18-2026.pdf
2026-09-18,Cartimar,tomato,140,140,140,https://www.da.gov.ph/wp-content/uploads/2026/09/Price-Monitoring-September-18-2026.pdf
2026-09-18,Cartimar,white_onion_local,194,194,194,https://www.da.gov.ph/wp-content/uploads/2026/09/Price-Monitoring-September-18-2026.pdf
2026-09-22,Cartimar,ampalaya,160,160,160,https://www.da.gov.ph/wp-content/uploads/2026/09/Price-Monitoring-September-22-2026.pdf
2026-09-22,Cartimar,bangus,250,250,250,https://www.da.gov.ph/wp-content/uploads/2026/09/Price-Monitoring-September-22-2026.pdf
2026-09-22,Cartimar,cabbage,190,190,190,https://www.da.gov.ph/wp-content/uploads/2026/09/Price-Monitoring-September-22-2026.pdf
2026-09-22,Cartimar,calamansi,105,105,105,https://www.da.gov.ph/wp-content/uploads/2026/09/Price-Monitoring-September-22-2026.pdf
2026-09-22,Cartimar,carrot,120,120,120,https://www.da.gov.ph/wp-content/uploads/2026/09/Price-Monitoring-September-22-2026.pdf
2026-09-22,Cartimar,chayote,100,100,100,https://www.da.gov.ph/wp-content/uploads/2026/09/Price-Monitoring-September-22-2026.pdf
2026-09-22,Cartimar,chili_green,210,210,210,https://www.da.gov.ph/wp-content/uploads/2026/09/Price-Monitoring-September-22-2026.pdf
2026-09-22,Cartimar,chili_red,175,175,175,https://www.da.gov.ph/wp-content/uploads/2026/09/Price-Monitoring-September-22-2026.pdf
2026-09-22,Cartimar,eggplant,140,140,140,https://www.da.gov.ph/wp-content/uploads/2026/09/Price-Monitoring-September-22-2026.pdf
2026-09-22,Cartimar,galunggong_local,350,350,350,https://www.da.gov.ph/wp-content/uploads/2026/09/Price-Monitoring-September-22-2026.pdf
2026-09-22,Cartimar,pechay_baguio,249,249,249,https://www.da.gov.ph/wp-content/uploads/2026/09/Price-Monitoring-September-22-2026.pdf
2026-09-22,Cartimar,potato,140,140,140,https://www.da.gov.ph/wp-content/uploads/2026/09/Price-Monitoring-September-22-2026.pdf
2026-09-22,Cartimar,red_onion_local,120,120,120,https://www.da.gov.ph/wp-content/uploads/2026/09/Price-Monitoring-September-22-2026.pdf
2026-09-22,Cartimar,tilapia,180,180,180,https://www.da.gov.ph/wp-content/uploads/2026/09/Price-Monitoring-September-22-2026.pdf
2026-09-22,Cartimar,tomato,140,140,140,https://www.da.gov.ph/wp-content/uploads/2026/09/Price-Monitoring-September-22-2026.pdf
2026-09-22,Cartimar,white_onion_local,160,160,160,https://www.da.gov.ph/wp-content/uploads/2026/09/Price-Monitoring-September-22-2026.pdf
2026-09-23,Cartimar,ampalaya,180,180,180,https://www.da.gov.ph/wp-content/uploads/2026/09/Price-Monitoring-September-23-2026.pdf
2026-09-23,Cartimar,bangus,250,250,250,https://www.da.gov.ph/wp-content/uploads/2026/09/Price-Monitoring-September-23-2026.pdf
2026-09-23,Cartimar,cabbage,200,200,200,https://www.da.gov.ph/wp-content/uploads/2026/09/Price-Monitoring-September-23-2026.pdf
2026-09-23,Cartimar,calamansi,100,100,100,https://www.da.gov.ph/wp-content/uploads/2026/09/Price-Monitoring-September-23-2026.pdf
2026-09-23,Cartimar,carrot,130,130,130,https://www.da.gov.ph/wp-content/uploads/2026/09/Price-Monitoring-September-23-2026.pdf
2026-09-23,Cartimar,chayote,120,120,120,https://www.da.gov.ph/wp-content/uploads/2026/09/Price-Monitoring-September-23-2026.pdf
2026-09-23,Cartimar,chili_green,250,250,250,https://www.da.gov.ph/wp-content/uploads/2026/09/Price-Monitoring-September-23-2026.pdf
2026-09-23,Cartimar,chili_red,250,250,250,https://www.da.gov.ph/wp-content/uploads/2026/09/Price-Monitoring-September-23-2026.pdf
2026-09-23,Cartimar,eggplant,140,140,140,https://www.da.gov.ph/wp-content/uploads/2026/09/Price-Monitoring-September-23-2026.pdf
2026-09-23,Cartimar,galunggong_local,350,350,350,https://www.da.gov.ph/wp-content/uploads/2026/09/Price-Monitoring-September-23-2026.pdf
2026-09-23,Cartimar,pechay_baguio,200,200,200,https://www.da.gov.ph/wp-content/uploads/2026/09/Price-Monitoring-September-23-2026.pdf
2026-09-23,Cartimar,potato,160,160,160,https://www.da.gov.ph/wp-content/uploads/2026/09/Price-Monitoring-September-23-2026.pdf
2026-09-23,Cartimar,red_onion_local,120,120,120,https://www.da.gov.ph/wp-content/uploads/2026/09/Price-Monitoring-September-23-2026.pdf
2026-09-23,Cartimar,tilapia,180,180,180,https://www.da.gov.ph/wp-content/uploads/2026/09/Price-Monitoring-September-23-2026.pdf
2026-09-23,Cartimar,tomato,145,145,145,https://www.da.gov.ph/wp-content/uploads/2026/09/Price-Monitoring-September-23-2026.pdf
2026-09-23,Cartimar,white_onion_local,185,185,185,https://www.da.gov.ph/wp-content/uploads/2026/09/Price-Monitoring-September-23-2026.pdf
2026-09-24,Cartimar,ampalaya,170,170,170,https://www.da.gov.ph/wp-content/uploads/2026/09/Price-Monitoring-September-24-2026.pdf
2026-09-24,Cartimar,bangus,250,250,250,https://www.da.gov.ph/wp-content/uploads/2026/09/Price-Monitoring-September-24-2026.pdf
2026-09-24,Cartimar,cabbage,190,190,190,https://www.da.gov.ph/wp-content/uploads/2026/09/Price-Monitoring-September-24-2026.pdf
2026-09-24,Cartimar,calamansi,100,100,100,https://www.da.gov.ph/wp-content/uploads/2026/09/Price-Monitoring-September-24-2026.pdf
2026-09-24,Cartimar,carrot,130,130,130,https://www.da.gov.ph/wp-content/uploads/2026/09/Price-Monitoring-September-24-2026.pdf
2026-09-24,Cartimar,chayote,120,120,120,https://www.da.gov.ph/wp-content/uploads/2026/09/Price-Monitoring-September-24-2026.pdf
2026-09-24,Cartimar,chili_green,210,210,210,https://www.da.gov.ph/wp-content/uploads/2026/09/Price-Monitoring-September-24-2026.pdf
2026-09-24,Cartimar,chili_red,250,250,250,https://www.da.gov.ph/wp-content/uploads/2026/09/Price-Monitoring-September-24-2026.pdf
2026-09-24,Cartimar,eggplant,140,140,140,https://www.da.gov.ph/wp-content/uploads/2026/09/Price-Monitoring-September-24-2026.pdf
2026-09-24,Cartimar,galunggong_local,350,350,350,https://www.da.gov.ph/wp-content/uploads/2026/09/Price-Monitoring-September-24-2026.pdf
2026-09-24,Cartimar,pechay_baguio,200,200,200,https://www.da.gov.ph/wp-content/uploads/2026/09/Price-Monitoring-September-24-2026.pdf
2026-09-24,Cartimar,potato,140,140,140,https://www.da.gov.ph/wp-content/uploads/2026/09/Price-Monitoring-September-24-2026.pdf
2026-09-24,Cartimar,red_onion_local,120,120,120,https://www.da.gov.ph/wp-content/uploads/2026/09/Price-Monitoring-September-24-2026.pdf
2026-09-24,Cartimar,tilapia,180,180,180,https://www.da.gov.ph/wp-content/uploads/2026/09/Price-Monitoring-September-24-2026.pdf
2026-09-24,Cartimar,tomato,150,150,150,https://www.da.gov.ph/wp-content/uploads/2026/09/Price-Monitoring-September-24-2026.pdf
2026-09-24,Cartimar,white_onion_local,187.5,187.5,187.5,https://www.da.gov.ph/wp-content/uploads/2026/09/Price-Monitoring-September-24-2026.pdf
2026-09-25,Cartimar,ampalaya,170,170,170,https://www.da.gov.ph/wp-content/uploads/2026/09/Price-Monitoring-September-25-2026.pdf
2026-09-25,Cartimar,bangus,250,250,250,https://www.da.gov.ph/wp-content/uploads/2026/09/Price-Monitoring-September-25-2026.pdf
2026-09-25,Cartimar,cabbage,180,180,180,https://www.da.gov.ph/wp-content/uploads/2026/09/Price-Monitoring-September-25-2026.pdf
2026-09-25,Cartimar,calamansi,100,100,100,https://www.da.gov.ph/wp-content/uploads/2026/09/Price-Monitoring-September-25-2026.pdf
2026-09-25,Cartimar,carrot,130,130,130,https://www.da.gov.ph/wp-content/uploads/2026/09/Price-Monitoring-September-25-2026.pdf
2026-09-25,Cartimar,chayote,125,125,125,https://www.da.gov.ph/wp-content/uploads/2026/09/Price-Monitoring-September-25-2026.pdf
2026-09-25,Cartimar,chili_green,220,220,220,https://www.da.gov.ph/wp-content/uploads/2026/09/Price-Monitoring-September-25-2026.pdf
2026-09-25,Cartimar,chili_red,220,220,220,https://www.da.gov.ph/wp-content/uploads/2026/09/Price-Monitoring-September-25-2026.pdf
2026-09-25,Cartimar,eggplant,140,140,140,https://www.da.gov.ph/wp-content/uploads/2026/09/Price-Monitoring-September-25-2026.pdf
2026-09-25,Cartimar,galunggong_local,350,350,350,https://www.da.gov.ph/wp-content/uploads/2026/09/Price-Monitoring-September-25-2026.pdf
2026-09-25,Cartimar,pechay_baguio,180,180,180,https://www.da.gov.ph/wp-content/uploads/2026/09/Price-Monitoring-September-25-2026.pdf
2026-09-25,Cartimar,potato,145,145,145,https://www.da.gov.ph/wp-content/uploads/2026/09/Price-Monitoring-September-25-2026.pdf
2026-09-25,Cartimar,red_onion_local,120,120,120,https://www.da.gov.ph/wp-content/uploads/2026/09/Price-Monitoring-September-25-2026.pdf
2026-09-25,Cartimar,tilapia,180,180,180,https://www.da.gov.ph/wp-content/uploads/2026/09/Price-Monitoring-September-25-2026.pdf
2026-09-25,Cartimar,tomato,140,140,140,https://www.da.gov.ph/wp-content/uploads/2026/09/Price-Monitoring-September-25-2026.pdf
2026-09-25,Cartimar,white_onion_local,200,200,200,https://www.da.gov.ph/wp-content/uploads/2026/09/Price-Monitoring-September-25-2026.pdf
2026-09-28,Cartimar,ampalaya,160,160,160,https://www.da.gov.ph/wp-content/uploads/2026/09/Price-Monitoring-September-28-2026.pdf
2026-09-28,Cartimar,bangus,250,250,250,https://www.da.gov.ph/wp-content/uploads/2026/09/Price-Monitoring-September-28-2026.pdf
2026-09-28,Cartimar,cabbage,150,150,150,https://www.da.gov.ph/wp-content/uploads/2026/09/Price-Monitoring-September-28-2026.pdf
2026-09-28,Cartimar,calamansi,100,100,100,https://www.da.gov.ph/wp-content/uploads/2026/09/Price-Monitoring-September-28-2026.pdf
2026-09-28,Cartimar,carrot,110,110,110,https://www.da.gov.ph/wp-content/uploads/2026/09/Price-Monitoring-September-28-2026.pdf
2026-09-28,Cartimar,chayote,120,120,120,https://www.da.gov.ph/wp-content/uploads/2026/09/Price-Monitoring-September-28-2026.pdf
2026-09-28,Cartimar,chili_green,200,200,200,https://www.da.gov.ph/wp-content/uploads/2026/09/Price-Monitoring-September-28-2026.pdf
2026-09-28,Cartimar,chili_red,180,180,180,https://www.da.gov.ph/wp-content/uploads/2026/09/Price-Monitoring-September-28-2026.pdf
2026-09-28,Cartimar,eggplant,120,120,120,https://www.da.gov.ph/wp-content/uploads/2026/09/Price-Monitoring-September-28-2026.pdf
2026-09-28,Cartimar,galunggong_local,365,365,365,https://www.da.gov.ph/wp-content/uploads/2026/09/Price-Monitoring-September-28-2026.pdf
2026-09-28,Cartimar,pechay_baguio,160,160,160,https://www.da.gov.ph/wp-content/uploads/2026/09/Price-Monitoring-September-28-2026.pdf
2026-09-28,Cartimar,potato,150,150,150,https://www.da.gov.ph/wp-content/uploads/2026/09/Price-Monitoring-September-28-2026.pdf
2026-09-28,Cartimar,red_onion_local,110,110,110,https://www.da.gov.ph/wp-content/uploads/2026/09/Price-Monitoring-September-28-2026.pdf
2026-09-28,Cartimar,tilapia,180,180,180,https://www.da.gov.ph/wp-content/uploads/2026/09/Price-Monitoring-September-28-2026.pdf
2026-09-28,Cartimar,tomato,125,125,125,https://www.da.gov.ph/wp-content/uploads/2026/09/Price-Monitoring-September-28-2026.pdf
2026-09-28,Cartimar,white_onion_local,200,200,200,https://www.da.gov.ph/wp-content/uploads/2026/09/Price-Monitoring-September-28-2026.pdf
2026-09-29,Cartimar,ampalaya,180,180,180,https://www.da.gov.ph/wp-content/uploads/2026/09/Price-Monitoring-September-29-2026.pdf
2026-09-29,Cartimar,bangus,250,250,250,https://www.da.gov.ph/wp-content/uploads/2026/09/Price-Monitoring-September-29-2026.pdf
2026-09-29,Cartimar,cabbage,200,200,200,https://www.da.gov.ph/wp-content/uploads/2026/09/Price-Monitoring-September-29-2026.pdf
2026-09-29,Cartimar,calamansi,95,95,95,https://www.da.gov.ph/wp-content/uploads/2026/09/Price-Monitoring-September-29-2026.pdf
2026-09-29,Cartimar,carrot,140,140,140,https://www.da.gov.ph/wp-content/uploads/2026/09/Price-Monitoring-September-29-2026.pdf
2026-09-29,Cartimar,chayote,120,120,120,https://www.da.gov.ph/wp-content/uploads/2026/09/Price-Monitoring-September-29-2026.pdf
2026-09-29,Cartimar,chili_green,210,210,210,https://www.da.gov.ph/wp-content/uploads/2026/09/Price-Monitoring-September-29-2026.pdf
2026-09-29,Cartimar,chili_red,200,200,200,https://www.da.gov.ph/wp-content/uploads/2026/09/Price-Monitoring-September-29-2026.pdf
2026-09-29,Cartimar,eggplant,145,145,145,https://www.da.gov.ph/wp-content/uploads/2026/09/Price-Monitoring-September-29-2026.pdf
2026-09-29,Cartimar,galunggong_local,350,350,350,https://www.da.gov.ph/wp-content/uploads/2026/09/Price-Monitoring-September-29-2026.pdf
2026-09-29,Cartimar,pechay_baguio,190,190,190,https://www.da.gov.ph/wp-content/uploads/2026/09/Price-Monitoring-September-29-2026.pdf
2026-09-29,Cartimar,potato,155,155,155,https://www.da.gov.ph/wp-content/uploads/2026/09/Price-Monitoring-September-29-2026.pdf
2026-09-29,Cartimar,red_onion_local,110,110,110,https://www.da.gov.ph/wp-content/uploads/2026/09/Price-Monitoring-September-29-2026.pdf
2026-09-29,Cartimar,tilapia,180,180,180,https://www.da.gov.ph/wp-content/uploads/2026/09/Price-Monitoring-September-29-2026.pdf
2026-09-29,Cartimar,tomato,150,150,150,https://www.da.gov.ph/wp-content/uploads/2026/09/Price-Monitoring-September-29-2026.pdf
2026-09-29,Cartimar,white_onion_local,205,205,205,https://www.da.gov.ph/wp-content/uploads/2026/09/Price-Monitoring-September-29-2026.pdf
2026-09-30,Cartimar,ampalaya,150,150,150,https://www.da.gov.ph/wp-content/uploads/2026/09/Price-Monitoring-September-30-2026.pdf
2026-09-30,Cartimar,bangus,250,250,250,https://www.da.gov.ph/wp-content/uploads/2026/09/Price-Monitoring-September-30-2026.pdf
2026-09-30,Cartimar,cabbage,160,160,160,https://www.da.gov.ph/wp-content/uploads/2026/09/Price-Monitoring-September-30-2026.pdf
2026-09-30,Cartimar,calamansi,100,100,100,https://www.da.gov.ph/wp-content/uploads/2026/09/Price-Monitoring-September-30-2026.pdf
2026-09-30,Cartimar,carrot,120,120,120,https://www.da.gov.ph/wp-content/uploads/2026/09/Price-Monitoring-September-30-2026.pdf
2026-09-30,Cartimar,chayote,90,90,90,https://www.da.gov.ph/wp-content/uploads/2026/09/Price-Monitoring-September-30-2026.pdf
2026-09-30,Cartimar,chili_green,200,200,200,https://www.da.gov.ph/wp-content/uploads/2026/09/Price-Monitoring-September-30-2026.pdf
2026-09-30,Cartimar,chili_red,200,200,200,https://www.da.gov.ph/wp-content/uploads/2026/09/Price-Monitoring-September-30-2026.pdf
2026-09-30,Cartimar,eggplant,130,130,130,https://www.da.gov.ph/wp-content/uploads/2026/09/Price-Monitoring-September-30-2026.pdf
2026-09-30,Cartimar,galunggong_local,365,365,365,https://www.da.gov.ph/wp-content/uploads/2026/09/Price-Monitoring-September-30-2026.pdf
2026-09-30,Cartimar,pechay_baguio,150,150,150,https://www.da.gov.ph/wp-content/uploads/2026/09/Price-Monitoring-September-30-2026.pdf
2026-09-30,Cartimar,potato,140,140,140,https://www.da.gov.ph/wp-content/uploads/2026/09/Price-Monitoring-September-30-2026.pdf
2026-09-30,Cartimar,red_onion_local,110,110,110,https://www.da.gov.ph/wp-content/uploads/2026/09/Price-Monitoring-September-30-2026.pdf
2026-09-30,Cartimar,tilapia,180,180,180,https://www.da.gov.ph/wp-content/uploads/2026/09/Price-Monitoring-September-30-2026.pdf
2026-09-30,Cartimar,tomato,130,130,130,https://www.da.gov.ph/wp-content/uploads/2026/09/Price-Monitoring-September-30-2026.pdf
2026-09-30,Cartimar,white_onion_local,220,220,220,https://www.da.gov.ph/wp-content/uploads/2026/09/Price-Monitoring-September-30-2026.pdf
