url,kind,revised,report_date,status,layout,rows,sha256,fetched_at,error
https://www.da.gov.ph/wp-content/uploads/2018/04/DailyApril042018.pdf,skip,0,,skipped,,,,,not_a_price_report
https://www.da.gov.ph/wp-content/uploads/2018/04/DailyMar232018.pdf,skip,0,,skipped,,,,,not_a_price_report
https://www.da.gov.ph/wp-content/uploads/2018/04/DailyMar282018.pdf,skip,0,,skipped,,,,,not_a_price_report
https://www.da.gov.ph/wp-content/uploads/2019/09/RETAIL-Price-Monitoring-Sum-Market_04SEPT19.pdf,skip,0,,skipped,,,,,not_a_price_report
https://www.da.gov.ph/wp-content/uploads/2019/09/RETAIL-Price-Monitoring-Sum-Market_05SEPT19-1.pdf,skip,0,,skipped,,,,,not_a_price_report
https://www.da.gov.ph/wp-content/uploads/2019/09/RETAIL-Price-Monitoring-Sum-Market_06SEPT19.pdf,skip,0,,skipped,,,,,not_a_price_report
https://www.da.gov.ph/wp-content/uploads/2019/09/RETAIL-Price-Monitoring-Sum-Market_07SEPT19.pdf,skip,0,,skipped,,,,,not_a_price_report
https://www.da.gov.ph/wp-content/uploads/2019/09/REVISEDRETAIL-Price-Monitoring-Sum-Market_09SEPT19_2.pdf,skip,0,,skipped,,,,,not_a_price_report
https://www.da.gov.ph/wp-content/uploads/2019/10/RETAIL-Price-Monitoring-Report_03OCT19.pdf,skip,0,,skipped,,,,,not_a_price_report
https://www.da.gov.ph/wp-content/uploads/2019/10/RETAIL-Price-Monitoring-Report_04OCT19.pdf,skip,0,,skipped,,,,,not_a_price_report
https://www.da.gov.ph/wp-content/uploads/2019/10/RETAILPrice-Monitoring-Report_05OCT19.pdf,skip,0,,skipped,,,,,not_a_price_report
https://www.da.gov.ph/wp-content/uploads/2019/10/RETAILPrice-Monitoring-Report_07OCT19.pdf,skip,0,,skipped,,,,,not_a_price_report
https://www.da.gov.ph/wp-content/uploads/2019/11/RETAILPrice-Monitoring-Report_16NOV19.pdf,skip,0,,skipped,,,,,not_a_price_report
https://www.da.gov.ph/wp-content/uploads/2020/02/Price_Monitoring_02-22-2020.pdf,skip,0,,skipped,,,,,not_a_price_report
https://www.da.gov.ph/wp-content/uploads/2020/02/Price_Monitoring_02-24-2020.pdf,skip,0,,skipped,,,,,not_a_price_report
https://www.da.gov.ph/wp-content/uploads/2023/08/Weekly-Average-Price-August-21-25-2023.pdf,skip,0,,skipped,,,,,not_a_price_report
https://www.da.gov.ph/wp-content/uploads/2023/09/Weekly-Average-Prices-September-11-15-2023.pdf,skip,0,,skipped,,,,,not_a_price_report
https://www.da.gov.ph/wp-content/uploads/2023/09/Weekly-Average-Prices-September-18-22-2023.pdf,skip,0,,skipped,,,,,not_a_price_report
https://www.da.gov.ph/wp-content/uploads/2023/09/Weeky-Average-Prices-September-4-8-2023.pdf,skip,0,,skipped,,,,,not_a_price_report
https://www.da.gov.ph/wp-content/uploads/2023/10/Weekly-Average-Prices-October-16-20-2023.pdf,skip,0,,skipped,,,,,not_a_price_report
https://www.da.gov.ph/wp-content/uploads/2023/10/Weekly-Average-Prices-October-2-6-2023.pdf,skip,0,,skipped,,,,,not_a_price_report
https://www.da.gov.ph/wp-content/uploads/2023/10/Weekly-Average-Prices-October-23-27-2023.pdf,skip,0,,skipped,,,,,not_a_price_report
https://www.da.gov.ph/wp-content/uploads/2023/10/Weekly-Average-Prices-October-9-13-2023.pdf,skip,0,,skipped,,,,,not_a_price_report
https://www.da.gov.ph/wp-content/uploads/2023/10/Weekly-Average-Prices-September-25-29-2023.pdf,skip,0,,skipped,,,,,not_a_price_report
https://www.da.gov.ph/wp-content/uploads/2023/11/Weekly-Average-Prices-November-13-17-2023.pdf,skip,0,,skipped,,,,,not_a_price_report
https://www.da.gov.ph/wp-content/uploads/2023/11/Weekly-Average-Prices-November-20-24-2023.pdf,skip,0,,skipped,,,,,not_a_price_report
https://www.da.gov.ph/wp-content/uploads/2023/11/Weekly-Average-Prices-November-6-10-2023.pdf,skip,0,,skipped,,,,,not_a_price_report
https://www.da.gov.ph/wp-content/uploads/2023/12/Weekly-Average-Prices-December-11-15-2023.pdf,skip,0,,skipped,,,,,not_a_price_report
https://www.da.gov.ph/wp-content/uploads/2023/12/Weekly-Average-Prices-December-18-22-2023.pdf,skip,0,,skipped,,,,,not_a_price_report
https://www.da.gov.ph/wp-content/uploads/2023/12/Weekly-Average-Prices-December-4-8-2023.pdf,skip,0,,skipped,,,,,not_a_price_report
https://www.da.gov.ph/wp-content/uploads/2024/02/Weekly-Average-Prices-December-25-29-2023.pdf,skip,0,,skipped,,,,,not_a_price_report
https://www.da.gov.ph/wp-content/uploads/2024/02/Weekly-Average-Prices-February-12-16-2024.pdf,skip,0,,skipped,,,,,not_a_price_report
https://www.da.gov.ph/wp-content/uploads/2024/02/Weekly-Average-Prices-February-19-23-2024.pdf,skip,0,,skipped,,,,,not_a_price_report
https://www.da.gov.ph/wp-content/uploads/2024/02/Weekly-Average-Prices-February-5-9-2024.pdf,skip,0,,skipped,,,,,not_a_price_report
https://www.da.gov.ph/wp-content/uploads/2024/02/Weekly-Average-Prices-January-1-5-2024.pdf,skip,0,,skipped,,,,,not_a_price_report
https://www.da.gov.ph/wp-content/uploads/2024/02/Weekly-Average-Prices-January-15-19-2024.pdf,skip,0,,skipped,,,,,not_a_price_report
https://www.da.gov.ph/wp-content/uploads/2024/02/Weekly-Average-Prices-January-22-26-2024.pdf,skip,0,,skipped,,,,,not_a_price_report
https://www.da.gov.ph/wp-content/uploads/2024/02/Weekly-Average-Prices-January-8-12-2024.pdf,skip,0,,skipped,,,,,not_a_price_report
https://www.da.gov.ph/wp-content/uploads/2024/03/Weekly-Average-Prices-March-11-15-2024.pdf,skip,0,,skipped,,,,,not_a_price_report
https://www.da.gov.ph/wp-content/uploads/2024/03/Weekly-Average-Prices-March-18-22-2024.pdf,skip,0,,skipped,,,,,not_a_price_report
https://www.da.gov.ph/wp-content/uploads/2024/03/Weekly-Average-Prices-March-4-8-2024.pdf,skip,0,,skipped,,,,,not_a_price_report
https://www.da.gov.ph/wp-content/uploads/2024/04/Weekly-Average-Prices-April-1-5-2024.pdf,skip,0,,skipped,,,,,not_a_price_report
https://www.da.gov.ph/wp-content/uploads/2024/04/Weekly-Average-Prices-April-15-20-2024.pdf,skip,0,,skipped,,,,,not_a_price_report
https://www.da.gov.ph/wp-content/uploads/2024/04/Weekly-Average-Prices-April-22-27-2024.pdf,skip,0,,skipped,,,,,not_a_price_report
https://www.da.gov.ph/wp-content/uploads/2024/04/Weekly-Average-Prices-April-8-12-2024.pdf,skip,0,,skipped,,,,,not_a_price_report
https://www.da.gov.ph/wp-content/uploads/2024/04/Weekly-Average-Prices-March-25-27-2024.pdf,skip,0,,skipped,,,,,not_a_price_report
https://www.da.gov.ph/wp-content/uploads/2024/05/Weekly-Average-Prices-May-13-18-2024.pdf,skip,0,,skipped,,,,,not_a_price_report
https://www.da.gov.ph/wp-content/uploads/2024/05/Weekly-Average-Prices-May-20-25-2024.pdf,skip,0,,skipped,,,,,not_a_price_report
https://www.da.gov.ph/wp-content/uploads/2024/05/Weekly-Average-Prices-May-6-11-2024.pdf,skip,0,,skipped,,,,,not_a_price_report
https://www.da.gov.ph/wp-content/uploads/2024/06/Weekly-Average-Prices-June-10-15-2024.pdf,skip,0,,skipped,,,,,not_a_price_report
https://www.da.gov.ph/wp-content/uploads/2024/06/Weekly-Average-Prices-June-17-22-2024.pdf,skip,0,,skipped,,,,,not_a_price_report
https://www.da.gov.ph/wp-content/uploads/2024/07/Weekly-Average-Prices-July-1-6-2024.pdf,skip,0,,skipped,,,,,not_a_price_report
https://www.da.gov.ph/wp-content/uploads/2024/07/Weekly-Average-Prices-July-15-20-2024.pdf,skip,0,,skipped,,,,,not_a_price_report
https://www.da.gov.ph/wp-content/uploads/2024/07/Weekly-Average-Prices-July-22-27-2024.pdf,skip,0,,skipped,,,,,not_a_price_report
https://www.da.gov.ph/wp-content/uploads/2024/07/Weekly-Average-Prices-July-8-13-2024.pdf,skip,0,,skipped,,,,,not_a_price_report
https://www.da.gov.ph/wp-content/uploads/2024/07/Weekly-Average-Prices-June-24-29-2024.pdf,skip,0,,skipped,,,,,not_a_price_report
https://www.da.gov.ph/wp-content/uploads/2024/08/Weekly-Average-Prices-August-12-17-2024.pdf,skip,0,,skipped,,,,,not_a_price_report
https://www.da.gov.ph/wp-content/uploads/2024/08/Weekly-Average-Prices-August-19-24-2024.pdf,skip,0,,skipped,,,,,not_a_price_report
https://www.da.gov.ph/wp-content/uploads/2024/08/Weekly-Average-Prices-August-5-10-2024.pdf,skip,0,,skipped,,,,,not_a_price_report
https://www.da.gov.ph/wp-content/uploads/2024/09/Weekly-Average-Prices-August-26-31-2024.pdf,skip,0,,skipped,,,,,not_a_price_report
https://www.da.gov.ph/wp-content/uploads/2024/09/Weekly-Average-Prices-September-16-21-2024.pdf,skip,0,,skipped,,,,,not_a_price_report
https://www.da.gov.ph/wp-content/uploads/2024/09/Weekly-Average-Prices-September-2-7-2024.pdf,skip,0,,skipped,,,,,not_a_price_report
https://www.da.gov.ph/wp-content/uploads/2024/09/Weekly-Average-Prices-September-9-14-2024.pdf,skip,0,,skipped,,,,,not_a_price_report
https://www.da.gov.ph/wp-content/uploads/2024/10/DA-NPC-Registration-Certificate.pdf,skip,0,,skipped,,,,,not_a_price_report
https://www.da.gov.ph/wp-content/uploads/2024/10/Weekly-Average-Prices-October-14-19-2024.pdf,skip,0,,skipped,,,,,not_a_price_report
https://www.da.gov.ph/wp-content/uploads/2024/10/Weekly-Average-Prices-October-21-26-2024.pdf,skip,0,,skipped,,,,,not_a_price_report
https://www.da.gov.ph/wp-content/uploads/2024/10/Weekly-Average-Prices-October-7-12-2024.pdf,skip,0,,skipped,,,,,not_a_price_report
https://www.da.gov.ph/wp-content/uploads/2024/10/Weekly-Average-Prices-September-23-28-2024.pdf,skip,0,,skipped,,,,,not_a_price_report
https://www.da.gov.ph/wp-content/uploads/2024/11/Weekly-Average-Prices-November-11-16-2024.pdf,skip,0,,skipped,,,,,not_a_price_report
https://www.da.gov.ph/wp-content/uploads/2024/11/Weekly-Average-Prices-November-18-23-2024.pdf,skip,0,,skipped,,,,,not_a_price_report
https://www.da.gov.ph/wp-content/uploads/2024/11/Weekly-Average-Prices-November-4-9-2024.pdf,skip,0,,skipped,,,,,not_a_price_report
https://www.da.gov.ph/wp-content/uploads/2024/12/Weekly-Average-Prices-December-16-21-2024.pdf,skip,0,,skipped,,,,,not_a_price_report
https://www.da.gov.ph/wp-content/uploads/2024/12/Weekly-Average-Prices-December-2-7-2024.pdf,skip,0,,skipped,,,,,not_a_price_report
https://www.da.gov.ph/wp-content/uploads/2024/12/Weekly-Average-Prices-December-9-14-2024.pdf,skip,0,,skipped,,,,,not_a_price_report
https://www.da.gov.ph/wp-content/uploads/2024/12/Weekly-Average-Prices-November-25-30-2024.pdf,skip,0,,skipped,,,,,not_a_price_report
https://www.da.gov.ph/wp-content/uploads/2025/01/Weekly-Average-Prices-December-23-28-2024.pdf,skip,0,,skipped,,,,,not_a_price_report
https://www.da.gov.ph/wp-content/uploads/2025/01/Weekly-Average-Prices-January-13-18-2025.pdf,skip,0,,skipped,,,,,not_a_price_report
https://www.da.gov.ph/wp-content/uploads/2025/01/Weekly-Average-Prices-January-20-25-2025.pdf,skip,0,,skipped,,,,,not_a_price_report
https://www.da.gov.ph/wp-content/uploads/2025/01/Weekly-Average-Prices-January-6-11-2025.pdf,skip,0,,skipped,,,,,not_a_price_report
https://www.da.gov.ph/wp-content/uploads/2025/02/Weekly-Average-Prices-February-10-15-2025.pdf,skip,0,,skipped,,,,,not_a_price_report
https://www.da.gov.ph/wp-content/uploads/2025/02/Weekly-Average-Prices-February-17-22-2025.pdf,skip,0,,skipped,,,,,not_a_price_report
https://www.da.gov.ph/wp-content/uploads/2025/02/Weekly-Average-Prices-February-3-8-2025.pdf,skip,0,,skipped,,,,,not_a_price_report
https://www.da.gov.ph/wp-content/uploads/2025/03/Weekly-Average-Prices-March-10-15-2025.pdf,skip,0,,skipped,,,,,not_a_price_report
https://www.da.gov.ph/wp-content/uploads/2025/03/Weekly-Average-Prices-March-17-22-2025.pdf,skip,0,,skipped,,,,,not_a_price_report
https://www.da.gov.ph/wp-content/uploads/2025/03/Weekly-Average-Prices-March-3-8-2025.pdf,skip,0,,skipped,,,,,not_a_price_report
https://www.da.gov.ph/wp-content/uploads/2025/04/Weekly-Average-Prices-April-14-16-2025.pdf,skip,0,,skipped,,,,,not_a_price_report
https://www.da.gov.ph/wp-content/uploads/2025/04/Weekly-Average-Prices-April-21-26-2025.pdf,skip,0,,skipped,,,,,not_a_price_report
https://www.da.gov.ph/wp-content/uploads/2025/04/Weekly-Average-Prices-April-7-12-2025.pdf,skip,0,,skipped,,,,,not_a_price_report
https://www.da.gov.ph/wp-content/uploads/2025/04/Weekly-Average-Prices-March-24-29-2025.pdf,skip,0,,skipped,,,,,not_a_price_report
https://www.da.gov.ph/wp-content/uploads/2025/05/Weekly-Average-Prices-May-12-17-2025.pdf,skip,0,,skipped,,,,,not_a_price_report
https://www.da.gov.ph/wp-content/uploads/2025/05/Weekly-Average-Prices-May-19-24-2025.pdf,skip,0,,skipped,,,,,not_a_price_report
https://www.da.gov.ph/wp-content/uploads/2025/05/Weekly-Average-Prices-May-5-10-2025.pdf,skip,0,,skipped,,,,,not_a_price_report
https://www.da.gov.ph/wp-content/uploads/2025/06/Weekly-Average-Prices-June-16-21-2025.pdf,skip,0,,skipped,,,,,not_a_price_report
https://www.da.gov.ph/wp-content/uploads/2025/06/Weekly-Average-Prices-June-2-7-2025.pdf,skip,0,,skipped,,,,,not_a_price_report
https://www.da.gov.ph/wp-content/uploads/2025/06/Weekly-Average-Prices-June-9-14-2025.pdf,skip,0,,skipped,,,,,not_a_price_report
https://www.da.gov.ph/wp-content/uploads/2025/06/Weekly-Average-Prices-May-26-31-2025.pdf,skip,0,,skipped,,,,,not_a_price_report
https://www.da.gov.ph/wp-content/uploads/2025/07/Weekly-Average-Prices-July-14-19-2025.pdf,skip,0,,skipped,,,,,not_a_price_report
https://www.da.gov.ph/wp-content/uploads/2025/07/Weekly-Average-Prices-July-21-26-2025.pdf,skip,0,,skipped,,,,,not_a_price_report
https://www.da.gov.ph/wp-content/uploads/2025/07/Weekly-Average-Prices-July-7-12-2025.pdf,skip,0,,skipped,,,,,not_a_price_report
https://www.da.gov.ph/wp-content/uploads/2025/07/Weekly-Average-Prices-June-23-28-2025.pdf,skip,0,,skipped,,,,,not_a_price_report
https://www.da.gov.ph/wp-content/uploads/2025/08/Weekly-Average-Prices-August-11-16-2025.pdf,skip,0,,skipped,,,,,not_a_price_report
https://www.da.gov.ph/wp-content/uploads/2025/08/Weekly-Average-Prices-August-18-23-2025.pdf,skip,0,,skipped,,,,,not_a_price_report
https://www.da.gov.ph/wp-content/uploads/2025/08/Weekly-Average-Prices-August-4-9-2025.pdf,skip,0,,skipped,,,,,not_a_price_report
https://www.da.gov.ph/wp-content/uploads/2025/09/Weekly-Average-Prices-August-25-30-2025.pdf,skip,0,,skipped,,,,,not_a_price_report
https://www.da.gov.ph/wp-content/uploads/2025/09/Weekly-Average-Prices-September-1-6-2025.pdf,skip,0,,skipped,,,,,not_a_price_report
https://www.da.gov.ph/wp-content/uploads/2025/09/Weekly-Average-Prices-September-15-20-2025.pdf,skip,0,,skipped,,,,,not_a_price_report
https://www.da.gov.ph/wp-content/uploads/2025/09/Weekly-Average-Prices-September-22-27-2025.pdf,skip,0,,skipped,,,,,not_a_price_report
https://www.da.gov.ph/wp-content/uploads/2025/09/Weekly-Average-Prices-September-8-13-2025.pdf,skip,0,,skipped,,,,,not_a_price_report
https://www.da.gov.ph/wp-content/uploads/2025/10/Weekly-Average-Prices-October-13-18-2025.pdf,skip,0,,skipped,,,,,not_a_price_report
https://www.da.gov.ph/wp-content/uploads/2025/10/Weekly-Average-Prices-October-20-25-2025.pdf,skip,0,,skipped,,,,,not_a_price_report
https://www.da.gov.ph/wp-content/uploads/2025/10/Weekly-Average-Prices-October-6-11-2025.pdf,skip,0,,skipped,,,,,not_a_price_report
https://www.da.gov.ph/wp-content/uploads/2025/11/Weekly-Average-Prices-November-10-15-2025.pdf,skip,0,,skipped,,,,,not_a_price_report
https://www.da.gov.ph/wp-content/uploads/2025/11/Weekly-Average-Prices-November-3-8-2025.pdf,skip,0,,skipped,,,,,not_a_price_report
https://www.da.gov.ph/wp-content/uploads/2025/12/Weekly-Average-Prices-December-1-6-2025.pdf,skip,0,,skipped,,,,,not_a_price_report
https://www.da.gov.ph/wp-content/uploads/2025/12/Weekly-Average-Prices-December-15-20-2025.pdf,skip,0,,skipped,,,,,not_a_price_report
https://www.da.gov.ph/wp-content/uploads/2025/12/Weekly-Average-Prices-December-22-27-2025.pdf,skip,0,,skipped,,,,,not_a_price_report
https://www.da.gov.ph/wp-content/uploads/2025/12/Weekly-Average-Prices-December-8-13-2025.pdf,skip,0,,skipped,,,,,not_a_price_report
https://www.da.gov.ph/wp-content/uploads/2025/12/Weekly-Average-Prices-November-17-22-2025.pdf,skip,0,,skipped,,,,,not_a_price_report
https://www.da.gov.ph/wp-content/uploads/2025/12/Weekly-Average-Prices-November-24-29-2025.pdf,skip,0,,skipped,,,,,not_a_price_report
https://www.da.gov.ph/wp-content/uploads/2026/01/Weekly-Average-Prices-January-12-17-2026.pdf,skip,0,,skipped,,,,,not_a_price_report
https://www.da.gov.ph/wp-content/uploads/2026/01/Weekly-Average-Prices-January-19-24-2026.pdf,skip,0,,skipped,,,,,not_a_price_report
https://www.da.gov.ph/wp-content/uploads/2026/01/Weekly-Average-Prices-January-5-10-2026.pdf,skip,0,,skipped,,,,,not_a_price_report
https://www.da.gov.ph/wp-content/uploads/2026/02/Weekly-Average-Price-January-26-31-2026.pdf,skip,0,,skipped,,,,,not_a_price_report
https://www.da.gov.ph/wp-content/uploads/2026/02/Weekly-Average-Prices-February-16-21-2026.pdf,skip,0,,skipped,,,,,not_a_price_report
https://www.da.gov.ph/wp-content/uploads/2026/02/Weekly-Average-Prices-February-2-7-2026.pdf,skip,0,,skipped,,,,,not_a_price_report
https://www.da.gov.ph/wp-content/uploads/2026/02/Weekly-Average-Prices-February-9-14-2026.pdf,skip,0,,skipped,,,,,not_a_price_report
https://www.da.gov.ph/wp-content/uploads/2026/03/Weekly-Average-Prices-February-23-28-2026.pdf,skip,0,,skipped,,,,,not_a_price_report
https://www.da.gov.ph/wp-content/uploads/2026/03/Weekly-Average-Prices-March-16-21-2026.pdf,skip,0,,skipped,,,,,not_a_price_report
https://www.da.gov.ph/wp-content/uploads/2026/03/Weekly-Average-Prices-March-2-7-2026.pdf,skip,0,,skipped,,,,,not_a_price_report
https://www.da.gov.ph/wp-content/uploads/2026/03/Weekly-Average-Prices-March-23-28-2026.pdf,skip,0,,skipped,,,,,not_a_price_report
https://www.da.gov.ph/wp-content/uploads/2026/03/Weekly-Average-Prices-March-9-14-2026.pdf,skip,0,,skipped,,,,,not_a_price_report
https://www.da.gov.ph/wp-content/uploads/2026/04/Weekly-Average-Prices-April-13-18-2026.pdf,skip,0,,skipped,,,,,not_a_price_report
https://www.da.gov.ph/wp-content/uploads/2026/04/Weekly-Average-Prices-April-20-25-2026.pdf,skip,0,,skipped,,,,,not_a_price_report
https://www.da.gov.ph/wp-content/uploads/2026/04/Weekly-Average-Prices-April-6-11-2026.pdf,skip,0,,skipped,,,,,not_a_price_report
https://www.da.gov.ph/wp-content/uploads/2026/05/Weekly-Average-Prices-May-11-16-2026.pdf,skip,0,,skipped,,,,,not_a_price_report
https://www.da.gov.ph/wp-content/uploads/2026/05/Weekly-Average-Prices-May-18-23-2026.pdf,skip,0,,skipped,,,,,not_a_price_report
https://www.da.gov.ph/wp-content/uploads/2026/05/Weekly-Average-Prices-May-4-9-2026.pdf,skip,0,,skipped,,,,,not_a_price_report
https://www.da.gov.ph/wp-content/uploads/2026/06/Weekly-Average-Prices-June-1-6-2026.pdf,skip,0,,skipped,,,,,not_a_price_report
https://www.da.gov.ph/wp-content/uploads/2026/06/Weekly-Average-Prices-June-15-20-2026.pdf,skip,0,,skipped,,,,,not_a_price_report
https://www.da.gov.ph/wp-content/uploads/2026/06/Weekly-Average-Prices-June-22-27-2026.pdf,skip,0,,skipped,,,,,not_a_price_report
https://www.da.gov.ph/wp-content/uploads/2026/06/Weekly-Average-Prices-June-8-13-2026.pdf,skip,0,,skipped,,,,,not_a_price_report
https://www.da.gov.ph/wp-content/uploads/2026/06/Weekly-Average-Prices-May-25-30-2026.pdf,skip,0,,skipped,,,,,not_a_price_report
https://www.da.gov.ph/wp-content/uploads/2026/07/Weekly-Average-Prices-July-13-19-2026.pdf,skip,0,,skipped,,,,,not_a_price_report
https://www.da.gov.ph/wp-content/uploads/2026/07/Weekly-Average-Prices-July-20-26-2026.pdf,skip,0,,skipped,,,,,not_a_price_report
https://www.da.gov.ph/wp-content/uploads/2026/07/Weekly-Average-Prices-July-6-12-2026.pdf,skip,0,,skipped,,,,,not_a_price_report
https://www.da.gov.ph/wp-content/uploads/2026/08/Weekly-Average-Prices-August-10-16-2026.pdf,skip,0,,skipped,,,,,not_a_price_report
https://www.da.gov.ph/wp-content/uploads/2026/08/Weekly-Average-Prices-August-17-23-2026.pdf,skip,0,,skipped,,,,,not_a_price_report
https://www.da.gov.ph/wp-content/uploads/2026/08/Weekly-Average-Prices-August-3-9-2026.pdf,skip,0,,skipped,,,,,not_a_price_report
https://www.da.gov.ph/wp-content/uploads/2026/09/Weekly-Average-Prices-August-24-30-2026.pdf,skip,0,,skipped,,,,,not_a_price_report
https://www.da.gov.ph/wp-content/uploads/2026/09/Weekly-Average-Prices-September-14-20-2026.pdf,skip,0,,skipped,,,,,not_a_price_report
https://www.da.gov.ph/wp-content/uploads/2026/09/Weekly-Average-Prices-September-21-27-2026.pdf,skip,0,,skipped,,,,,not_a_price_report
https://www.da.gov.ph/wp-content/uploads/2026/09/Weekly-Average-Prices-September-7-13-2026.pdf,skip,0,,skipped,,,,,not_a_price_report
https://www.da.gov.ph/wp-content/uploads/2018/02/Price-Watch-February-1-2018.pdf,skip,0,2018-02-01,skipped,,,,,not_a_price_report
https://www.da.gov.ph/wp-content/uploads/2018/02/Price-Watch-February-2-2018.pdf,skip,0,2018-02-02,skipped,,,,,not_a_price_report
https://www.da.gov.ph/wp-content/uploads/2018/02/Price-Watch-February-3-2018.pdf,skip,0,2018-02-03,skipped,,,,,not_a_price_report
https://www.da.gov.ph/wp-content/uploads/2018/02/Price-Watch-February-5-2018.pdf,skip,0,2018-02-05,skipped,,,,,not_a_price_report
https://www.da.gov.ph/wp-content/uploads/2018/02/Price-Watch-February-6-2018.pdf,skip,0,2018-02-06,skipped,,,,,not_a_price_report
https://www.da.gov.ph/wp-content/uploads/2018/02/Price-Watch-February-7-2018.pdf,skip,0,2018-02-07,skipped,,,,,not_a_price_report
https://www.da.gov.ph/wp-content/uploads/2018/02/Price-Watch-February-8-2018.pdf,skip,0,2018-02-08,skipped,,,,,not_a_price_report
https://www.da.gov.ph/wp-content/uploads/2018/02/Price-Watch-February-9-2018.pdf,skip,0,2018-02-09,skipped,,,,,not_a_price_report
https://www.da.gov.ph/wp-content/uploads/2018/02/Price-Watch-February-10-2018.pdf,skip,0,2018-02-10,skipped,,,,,not_a_price_report
https://www.da.gov.ph/wp-content/uploads/2018/02/Price-Watch-February-12-2018.pdf,skip,0,2018-02-12,skipped,,,,,not_a_price_report
https://www.da.gov.ph/wp-content/uploads/2018/02/Price-Watch-February-13-2018.pdf,skip,0,2018-02-13,skipped,,,,,not_a_price_report
https://www.da.gov.ph/wp-content/uploads/2018/02/Price-Watch-February-21-2018.pdf,skip,0,2018-02-21,skipped,,,,,not_a_price_report
https://www.da.gov.ph/wp-content/uploads/2018/02/Price-Watch-February-22-2018.pdf,skip,0,2018-02-22,skipped,,,,,not_a_price_report
https://www.da.gov.ph/wp-content/uploads/2018/03/Price-Watch-February-23-2018.pdf,skip,0,2018-02-23,skipped,,,,,not_a_price_report
https://www.da.gov.ph/wp-content/uploads/2018/03/Price-Watch-February-24-2018.pdf,skip,0,2018-02-24,skipped,,,,,not_a_price_report
https://www.da.gov.ph/wp-content/uploads/2018/03/Price-Watch-February-26-2018.pdf,skip,0,2018-02-26,skipped,,,,,not_a_price_report
https://www.da.gov.ph/wp-content/uploads/2018/03/Price-Watch-February-27-2018.pdf,skip,0,2018-02-27,skipped,,,,,not_a_price_report
https://www.da.gov.ph/wp-content/uploads/2018/03/Price-Watch-February-28-2018.pdf,skip,0,2018-02-28,skipped,,,,,not_a_price_report
https://www.da.gov.ph/wp-content/uploads/2018/03/Price-Watch-March-1-2018.pdf,skip,0,2018-03-01,skipped,,,,,not_a_price_report
https://www.da.gov.ph/wp-content/uploads/2018/03/Price-Watch-March-2-2018.pdf,skip,0,2018-03-02,skipped,,,,,not_a_price_report
https://www.da.gov.ph/wp-content/uploads/2018/03/Price-Watch-March-3-2018.pdf,skip,0,2018-03-03,skipped,,,,,not_a_price_report
https://www.da.gov.ph/wp-content/uploads/2018/03/Price-Watch-March-5-2018.pdf,skip,0,2018-03-05,skipped,,,,,not_a_price_report
https://www.da.gov.ph/wp-content/uploads/2018/03/Price-Watch-March-6-2018.pdf,skip,0,2018-03-06,skipped,,,,,not_a_price_report
https://www.da.gov.ph/wp-content/uploads/2018/03/Price-Watch-March-7-2018.pdf,skip,0,2018-03-07,skipped,,,,,not_a_price_report
https://www.da.gov.ph/wp-content/uploads/2018/03/Price-Watch-March-8-2018.pdf,skip,0,2018-03-08,skipped,,,,,not_a_price_report
https://www.da.gov.ph/wp-content/uploads/2018/03/Price-Watch-March-9-2018.pdf,skip,0,2018-03-09,skipped,,,,,not_a_price_report
https://www.da.gov.ph/wp-content/uploads/2018/03/Price-Watch-March-10-2018.pdf,skip,0,2018-03-10,skipped,,,,,not_a_price_report
https://www.da.gov.ph/wp-content/uploads/2018/03/Price-Watch-March-12-2018.pdf,skip,0,2018-03-12,skipped,,,,,not_a_price_report
https://www.da.gov.ph/wp-content/uploads/2018/03/Price-Watch-March-13-2018.pdf,skip,0,2018-03-13,skipped,,,,,not_a_price_report
https://www.da.gov.ph/wp-content/uploads/2018/03/Price-Watch-March-14-2018.pdf,skip,0,2018-03-14,skipped,,,,,not_a_price_report
https://www.da.gov.ph/wp-content/uploads/2018/03/Price-Watch-March-15-2018.pdf,skip,0,2018-03-15,skipped,,,,,not_a_price_report
https://www.da.gov.ph/wp-content/uploads/2018/03/Price-Watch-March-16-2018.pdf,skip,0,2018-03-16,skipped,,,,,not_a_price_report
https://www.da.gov.ph/wp-content/uploads/2018/03/Price-Watch-March-17-2018.pdf,skip,0,2018-03-17,skipped,,,,,not_a_price_report
https://www.da.gov.ph/wp-content/uploads/2018/10/Price-Watch-October-1-2018.pdf,skip,0,2018-10-01,skipped,,,,,not_a_price_report
https://www.da.gov.ph/wp-content/uploads/2018/10/Price-Watch-October-3-2018.pdf,skip,0,2018-10-03,skipped,,,,,not_a_price_report
https://www.da.gov.ph/wp-content/uploads/2018/10/Price-Watch-October-5-2018.pdf,skip,0,2018-10-05,skipped,,,,,not_a_price_report
https://www.da.gov.ph/wp-content/uploads/2018/10/Price-Watch-October-8-2018.pdf,skip,0,2018-10-08,skipped,,,,,not_a_price_report
https://www.da.gov.ph/wp-content/uploads/2018/10/Price-Watch-October-10-2018.pdf,skip,0,2018-10-10,skipped,,,,,not_a_price_report
https://www.da.gov.ph/wp-content/uploads/2018/10/Price-Watch-October-12-2018.pdf,skip,0,2018-10-12,skipped,,,,,not_a_price_report
https://www.da.gov.ph/wp-content/uploads/2018/10/Price-Watch-October-15-2018.pdf,skip,0,2018-10-15,skipped,,,,,not_a_price_report
https://www.da.gov.ph/wp-content/uploads/2018/10/Price-Watch-October-17-2018.pdf,skip,0,2018-10-17,skipped,,,,,not_a_price_report
https://www.da.gov.ph/wp-content/uploads/2018/10/Price-Watch-October-19-2018.pdf,skip,0,2018-10-19,skipped,,,,,not_a_price_report
https://www.da.gov.ph/wp-content/uploads/2018/10/Price-Watch-October-22-2018.pdf,skip,0,2018-10-22,skipped,,,,,not_a_price_report
https://www.da.gov.ph/wp-content/uploads/2018/10/Price-Watch-October-24-2018.pdf,skip,0,2018-10-24,skipped,,,,,not_a_price_report
https://www.da.gov.ph/wp-content/uploads/2018/10/Price-Watch-October-26-2018.pdf,skip,0,2018-10-26,skipped,,,,,not_a_price_report
https://www.da.gov.ph/wp-content/uploads/2018/11/Price-Watch-October-29-2018.pdf,skip,0,2018-10-29,skipped,,,,,not_a_price_report
https://www.da.gov.ph/wp-content/uploads/2018/11/Price-Watch-October-31-2018.pdf,skip,0,2018-10-31,skipped,,,,,not_a_price_report
https://www.da.gov.ph/wp-content/uploads/2018/11/Price-Watch-November-2-2018.pdf,skip,0,2018-11-02,skipped,,,,,not_a_price_report
https://www.da.gov.ph/wp-content/uploads/2018/11/Price-Watch-November-5-2018.pdf,skip,0,2018-11-05,skipped,,,,,not_a_price_report
https://www.da.gov.ph/wp-content/uploads/2018/11/Price-Watch-November-7-2018.pdf,skip,0,2018-11-07,skipped,,,,,not_a_price_report
https://www.da.gov.ph/wp-content/uploads/2018/11/Price-Watch-November-9-2018.pdf,skip,0,2018-11-09,skipped,,,,,not_a_price_report
https://www.da.gov.ph/wp-content/uploads/2019/02/Price-Watch-November-12-2018.pdf,skip,0,2018-11-12,skipped,,,,,not_a_price_report
https://www.da.gov.ph/wp-content/uploads/2019/02/Price-Watch-November-14-2018.pdf,skip,0,2018-11-14,skipped,,,,,not_a_price_report
https://www.da.gov.ph/wp-content/uploads/2019/02/Price-Watch-November-16-2018.pdf,skip,0,2018-11-16,skipped,,,,,not_a_price_report
https://www.da.gov.ph/wp-content/uploads/2019/02/Price-Watch-November-19-2018.pdf,skip,0,2018-11-19,skipped,,,,,not_a_price_report
https://www.da.gov.ph/wp-content/uploads/2019/02/Price-Watch-November-21-2018.pdf,skip,0,2018-11-21,skipped,,,,,not_a_price_report
https://www.da.gov.ph/wp-content/uploads/2019/02/Price-Watch-November-23-2018.pdf,skip,0,2018-11-23,skipped,,,,,not_a_price_report
https://www.da.gov.ph/wp-content/uploads/2019/02/Price-Watch-November-26-2018.pdf,skip,0,2018-11-26,skipped,,,,,not_a_price_report
https://www.da.gov.ph/wp-content/uploads/2019/02/Price-Watch-November-28-2018.pdf,skip,0,2018-11-28,skipped,,,,,not_a_price_report
https://www.da.gov.ph/wp-content/uploads/2019/02/Price-Watch-November-30-2018.pdf,skip,0,2018-11-30,skipped,,,,,not_a_price_report
https://www.da.gov.ph/wp-content/uploads/2019/02/Price-Watch-December-3-2018.pdf,skip,0,2018-12-03,skipped,,,,,not_a_price_report
https://www.da.gov.ph/wp-content/uploads/2019/02/Price-Watch-December-5-2018.pdf,skip,0,2018-12-05,skipped,,,,,not_a_price_report
https://www.da.gov.ph/wp-content/uploads/2019/02/Price-Watch-December-7-2018.pdf,skip,0,2018-12-07,skipped,,,,,not_a_price_report
https://www.da.gov.ph/wp-content/uploads/2019/02/Price-Watch-December-10-2018.pdf,skip,0,2018-12-10,skipped,,,,,not_a_price_report
https://www.da.gov.ph/wp-content/uploads/2019/02/Price-Watch-December-12-2018.pdf,skip,0,2018-12-12,skipped,,,,,not_a_price_report
https://www.da.gov.ph/wp-content/uploads/2019/02/Price-Watch-December-14-2018.pdf,skip,0,2018-12-14,skipped,,,,,not_a_price_report
https://www.da.gov.ph/wp-content/uploads/2019/02/Price-Watch-December-17-2018.pdf,skip,0,2018-12-17,skipped,,,,,not_a_price_report
https://www.da.gov.ph/wp-content/uploads/2019/02/Price-Watch-December-19-2018.pdf,skip,0,2018-12-19,skipped,,,,,not_a_price_report
https://www.da.gov.ph/wp-content/uploads/2019/02/Price-Watch-December-21-2018.pdf,skip,0,2018-12-21,skipped,,,,,not_a_price_report
https://www.da.gov.ph/wp-content/uploads/2019/02/Price-Watch-December-28-2018.pdf,skip,0,2018-12-28,skipped,,,,,not_a_price_report
https://www.da.gov.ph/wp-content/uploads/2019/02/Price-Watch-January-4-2019.pdf,skip,0,2019-01-04,skipped,,,,,not_a_price_report
https://www.da.gov.ph/wp-content/uploads/2019/02/Price-Watch-January-7-2019.pdf,skip,0,2019-01-07,skipped,,,,,not_a_price_report
https://www.da.gov.ph/wp-content/uploads/2019/02/Price-Watch-January-9-2019.pdf,skip,0,2019-01-09,skipped,,,,,not_a_price_report
https://www.da.gov.ph/wp-content/uploads/2019/02/Price-Watch-January-11-2019.pdf,skip,0,2019-01-11,skipped,,,,,not_a_price_report
https://www.da.gov.ph/wp-content/uploads/2019/02/Price-Watch-January-14-2019.pdf,skip,0,2019-01-14,skipped,,,,,not_a_price_report
https://www.da.gov.ph/wp-content/uploads/2019/02/Price-Watch-January-16-2019.pdf,skip,0,2019-01-16,skipped,,,,,not_a_price_report
https://www.da.gov.ph/wp-content/uploads/2019/02/Price-Watch-January-18-2019.pdf,skip,0,2019-01-18,skipped,,,,,not_a_price_report
https://www.da.gov.ph/wp-content/uploads/2019/02/Price-Watch-January-21-2019.pdf,skip,0,2019-01-21,skipped,,,,,not_a_price_report
https://www.da.gov.ph/wp-content/uploads/2019/02/Price-Watch-January-23-2019.pdf,skip,0,2019-01-23,skipped,,,,,not_a_price_report
https://www.da.gov.ph/wp-content/uploads/2019/02/Price-Watch-January-25-2019.pdf,skip,0,2019-01-25,skipped,,,,,not_a_price_report
https://www.da.gov.ph/wp-content/uploads/2019/02/Price-Watch-January-28-2019.pdf,skip,0,2019-01-28,skipped,,,,,not_a_price_report
https://www.da.gov.ph/wp-content/uploads/2019/02/Price-Watch-January-30-2019.pdf,skip,0,2019-01-30,skipped,,,,,not_a_price_report
https://www.da.gov.ph/wp-content/uploads/2019/02/Price-Watch-February-1-2019.pdf,skip,0,2019-02-01,skipped,,,,,not_a_price_report
https://www.da.gov.ph/wp-content/uploads/2019/02/Price-Watch-February-4-2019.pdf,skip,0,2019-02-04,skipped,,,,,not_a_price_report
https://www.da.gov.ph/wp-content/uploads/2019/02/Price-Watch-February-6-2019.pdf,skip,0,2019-02-06,skipped,,,,,not_a_price_report
https://www.da.gov.ph/wp-content/uploads/2019/02/Price-Watch-February-8-2019.pdf,skip,0,2019-02-08,skipped,,,,,not_a_price_report
https://www.da.gov.ph/wp-content/uploads/2019/02/Price-Watch-February-11-2019.pdf,skip,0,2019-02-11,skipped,,,,,not_a_price_report
https://www.da.gov.ph/wp-content/uploads/2019/02/Price-Watch-February-13-2019.pdf,skip,0,2019-02-13,skipped,,,,,not_a_price_report
https://www.da.gov.ph/wp-content/uploads/2019/02/Price-Watch-February-15-2019.pdf,skip,0,2019-02-15,skipped,,,,,not_a_price_report
https://www.da.gov.ph/wp-content/uploads/2019/02/Price-Watch-February-18-2019.pdf,skip,0,2019-02-18,skipped,,,,,not_a_price_report
https://www.da.gov.ph/wp-content/uploads/2019/02/Price-Watch-February-20-2019.pdf,skip,0,2019-02-20,skipped,,,,,not_a_price_report
https://www.da.gov.ph/wp-content/uploads/2019/02/Price-Watch-February-22-2019.pdf,skip,0,2019-02-22,skipped,,,,,not_a_price_report
https://www.da.gov.ph/wp-content/uploads/2019/02/Price-Watch-February-27-2019.pdf,skip,0,2019-02-27,skipped,,,,,not_a_price_report
https://www.da.gov.ph/wp-content/uploads/2019/03/Price-Watch-March-1-2019.pdf,skip,0,2019-03-01,skipped,,,,,not_a_price_report
https://www.da.gov.ph/wp-content/uploads/2019/03/Price-Watch-March-4-2019.pdf,skip,0,2019-03-04,skipped,,,,,not_a_price_report
https://www.da.gov.ph/wp-content/uploads/2019/03/Price-Watch-March-6-2019.pdf,skip,0,2019-03-06,skipped,,,,,not_a_price_report
https://www.da.gov.ph/wp-content/uploads/2019/03/Price-Watch-March-8-2019.pdf,skip,0,2019-03-08,skipped,,,,,not_a_price_report
https://www.da.gov.ph/wp-content/uploads/2019/03/Price-Watch-March-11-2019.pdf,skip,0,2019-03-11,skipped,,,,,not_a_price_report
https://www.da.gov.ph/wp-content/uploads/2019/03/Price-Watch-March-13-2019.pdf,skip,0,2019-03-13,skipped,,,,,not_a_price_report
https://www.da.gov.ph/wp-content/uploads/2019/03/Price-Watch-March-15-2019.pdf,skip,0,2019-03-15,skipped,,,,,not_a_price_report
https://www.da.gov.ph/wp-content/uploads/2019/03/Price-Watch-March-18-2019.pdf,skip,0,2019-03-18,skipped,,,,,not_a_price_report
https://www.da.gov.ph/wp-content/uploads/2019/03/Price-Watch-March-20-2019.pdf,skip,0,2019-03-20,skipped,,,,,not_a_price_report
https://www.da.gov.ph/wp-content/uploads/2019/03/Price-Watch-March-22-2019.pdf,skip,0,2019-03-22,skipped,,,,,not_a_price_report
https://www.da.gov.ph/wp-content/uploads/2019/03/Price-Watch-March-25-2019.pdf,skip,0,2019-03-25,skipped,,,,,not_a_price_report
https://www.da.gov.ph/wp-content/uploads/2019/03/Price-Watch-March-27-2019.pdf,skip,0,2019-03-27,skipped,,,,,not_a_price_report
https://www.da.gov.ph/wp-content/uploads/2019/04/Price-Watch-March-29-2019.pdf,skip,0,2019-03-29,skipped,,,,,not_a_price_report
https://www.da.gov.ph/wp-content/uploads/2019/04/Price-Watch-April-1-2019.pdf,skip,0,2019-04-01,skipped,,,,,not_a_price_report
https://www.da.gov.ph/wp-content/uploads/2019/04/Price-Watch-April-3-2019.pdf,skip,0,2019-04-03,skipped,,,,,not_a_price_report
https://www.da.gov.ph/wp-content/uploads/2019/04/Price-Watch-April-5-2019.pdf,skip,0,2019-04-05,skipped,,,,,not_a_price_report
https://www.da.gov.ph/wp-content/uploads/2019/04/Price-Watch-April-8-2019.pdf,skip,0,2019-04-08,skipped,,,,,not_a_price_report
https://www.da.gov.ph/wp-content/uploads/2019/04/Price-Watch-April-10-2019.pdf,skip,0,2019-04-10,skipped,,,,,not_a_price_report
https://www.da.gov.ph/wp-content/uploads/2019/04/Price-Watch-April-12-2019.pdf,skip,0,2019-04-12,skipped,,,,,not_a_price_report
https://www.da.gov.ph/wp-content/uploads/2019/04/Price-Watch-April-15-2019.pdf,skip,0,2019-04-15,skipped,,,,,not_a_price_report
https://www.da.gov.ph/wp-content/uploads/2019/04/Price-Watch-April-17-2019.pdf,skip,0,2019-04-17,skipped,,,,,not_a_price_report
https://www.da.gov.ph/wp-content/uploads/2019/04/Price-Watch-April-22-2019.pdf,skip,0,2019-04-22,skipped,,,,,not_a_price_report
https://www.da.gov.ph/wp-content/uploads/2019/04/Price-Watch-April-24-2019.pdf,skip,0,2019-04-24,skipped,,,,,not_a_price_report
https://www.da.gov.ph/wp-content/uploads/2019/04/Price-Watch-April-26-2019.pdf,skip,0,2019-04-26,skipped,,,,,not_a_price_report
https://www.da.gov.ph/wp-content/uploads/2019/04/Price-Watch-April-29-2019.pdf,skip,0,2019-04-29,skipped,,,,,not_a_price_report
https://www.da.gov.ph/wp-content/uploads/2019/05/Price-Watch-May-1-2019.pdf,skip,0,2019-05-01,skipped,,,,,not_a_price_report
https://www.da.gov.ph/wp-content/uploads/2019/05/Price-Watch-May-3-2019.pdf,skip,0,2019-05-03,skipped,,,,,not_a_price_report
https://www.da.gov.ph/wp-content/uploads/2019/05/Price-Watch-May-6-2019.pdf,skip,0,2019-05-06,skipped,,,,,not_a_price_report
https://www.da.gov.ph/wp-content/uploads/2019/05/Price-Watch-May-8-2019.pdf,skip,0,2019-05-08,skipped,,,,,not_a_price_report
https://www.da.gov.ph/wp-content/uploads/2019/05/Price-Watch-May-10-2019.pdf,skip,0,2019-05-10,skipped,,,,,not_a_price_report
https://www.da.gov.ph/wp-content/uploads/2019/05/Price-Watch-May-15-2019.pdf,skip,0,2019-05-15,skipped,,,,,not_a_price_report
https://www.da.gov.ph/wp-content/uploads/2019/05/Price-Watch-May-17-2019.pdf,skip,0,2019-05-17,skipped,,,,,not_a_price_report
https://www.da.gov.ph/wp-content/uploads/2019/05/Price-Watch-May-20-2019.pdf,skip,0,2019-05-20,skipped,,,,,not_a_price_report
https://www.da.gov.ph/wp-content/uploads/2019/05/Price-Watch-May-22-2019.pdf,skip,0,2019-05-22,skipped,,,,,not_a_price_report
https://www.da.gov.ph/wp-content/uploads/2019/05/Price-Watch-May-24-2019.pdf,skip,0,2019-05-24,skipped,,,,,not_a_price_report
https://www.da.gov.ph/wp-content/uploads/2019/05/Price-Watch-May-27-2019.pdf,skip,0,2019-05-27,skipped,,,,,not_a_price_report
https://www.da.gov.ph/wp-content/uploads/2019/05/Price-Watch-May-29-2019.pdf,skip,0,2019-05-29,skipped,,,,,not_a_price_report
https://www.da.gov.ph/wp-content/uploads/2019/05/Price-Watch-May-31-2019.pdf,skip,0,2019-05-31,skipped,,,,,not_a_price_report
https://www.da.gov.ph/wp-content/uploads/2019/06/Price-Watch-June-3-2019.pdf,skip,0,2019-06-03,skipped,,,,,not_a_price_report
https://www.da.gov.ph/wp-content/uploads/2019/06/Price-Watch-June-7-2019.pdf,skip,0,2019-06-07,skipped,,,,,not_a_price_report
https://www.da.gov.ph/wp-content/uploads/2019/06/Price-Watch-June-10-2019.pdf,skip,0,2019-06-10,skipped,,,,,not_a_price_report
https://www.da.gov.ph/wp-content/uploads/2019/06/Price-Watch-June-12-2019.pdf,skip,0,2019-06-12,skipped,,,,,not_a_price_report
https://www.da.gov.ph/wp-content/uploads/2019/06/Price-Watch-June-14-2019.pdf,skip,0,2019-06-14,skipped,,,,,not_a_price_report
https://www.da.gov.ph/wp-content/uploads/2019/06/Price-Watch-June-17-2019.pdf,skip,0,2019-06-17,skipped,,,,,not_a_price_report
https://www.da.gov.ph/wp-content/uploads/2019/06/Price-Watch-June-19-2019.pdf,skip,0,2019-06-19,skipped,,,,,not_a_price_report
https://www.da.gov.ph/wp-content/uploads/2019/06/Price-Watch-June-21-2019.pdf,skip,0,2019-06-21,skipped,,,,,not_a_price_report
https://www.da.gov.ph/wp-content/uploads/2019/07/Price-Watch-June-24-2019.pdf,skip,0,2019-06-24,skipped,,,,,not_a_price_report
https://www.da.gov.ph/wp-content/uploads/2019/07/Price-Watch-June-26-2019.pdf,skip,0,2019-06-26,skipped,,,,,not_a_price_report
https://www.da.gov.ph/wp-content/uploads/2019/07/Price-Watch-June-28-2019.pdf,skip,0,2019-06-28,skipped,,,,,not_a_price_report
https://www.da.gov.ph/wp-content/uploads/2019/07/Price-Watch-July-1-2019.pdf,skip,0,2019-07-01,skipped,,,,,not_a_price_report
https://www.da.gov.ph/wp-content/uploads/2019/07/Price-Watch-July-3-2019.pdf,skip,0,2019-07-03,skipped,,,,,not_a_price_report
https://www.da.gov.ph/wp-content/uploads/2019/07/Price-Watch-July-5-2019.pdf,skip,0,2019-07-05,skipped,,,,,not_a_price_report
https://www.da.gov.ph/wp-content/uploads/2019/07/Price-Watch-July-10-2019.pdf,skip,0,2019-07-10,skipped,,,,,not_a_price_report
https://www.da.gov.ph/wp-content/uploads/2019/07/Price-Watch-July-11-2019.pdf,skip,0,2019-07-11,skipped,,,,,not_a_price_report
https://www.da.gov.ph/wp-content/uploads/2019/07/Price-Watch-July-12-2019.pdf,skip,0,2019-07-12,skipped,,,,,not_a_price_report
https://www.da.gov.ph/wp-content/uploads/2019/07/Price-Watch-July-13-2019.pdf,skip,0,2019-07-13,skipped,,,,,not_a_price_report
https://www.da.gov.ph/wp-content/uploads/2019/07/Price-Watch-July-17-2019.pdf,skip,0,2019-07-17,skipped,,,,,not_a_price_report
https://www.da.gov.ph/wp-content/uploads/2019/07/Price-Watch-July-18-2019.pdf,skip,0,2019-07-18,skipped,,,,,not_a_price_report
https://www.da.gov.ph/wp-content/uploads/2019/07/Price-Watch-July-19-2019.pdf,skip,0,2019-07-19,skipped,,,,,not_a_price_report
https://www.da.gov.ph/wp-content/uploads/2019/07/Price-Watch-July-20-2019.pdf,skip,0,2019-07-20,skipped,,,,,not_a_price_report
https://www.da.gov.ph/wp-content/uploads/2019/07/Price-Watch-July-24-2019.pdf,skip,0,2019-07-24,skipped,,,,,not_a_price_report
https://www.da.gov.ph/wp-content/uploads/2019/07/Price-Watch-July-25-2019.pdf,skip,0,2019-07-25,skipped,,,,,not_a_price_report
https://www.da.gov.ph/wp-content/uploads/2019/07/Price-Watch-July-26-2019.pdf,skip,0,2019-07-26,skipped,,,,,not_a_price_report
https://www.da.gov.ph/wp-content/uploads/2019/07/Price-Watch-July-27-2019.pdf,skip,0,2019-07-27,skipped,,,,,not_a_price_report
https://www.da.gov.ph/wp-content/uploads/2019/08/Price-Watch-July-31-2019.pdf,skip,0,2019-07-31,skipped,,,,,not_a_price_report
https://www.da.gov.ph/wp-content/uploads/2019/08/Price-Watch-August-1-2019.pdf,skip,0,2019-08-01,skipped,,,,,not_a_price_report
https://www.da.gov.ph/wp-content/uploads/2019/08/Price-Watch-August-2-2019.pdf,skip,0,2019-08-02,skipped,,,,,not_a_price_report
https://www.da.gov.ph/wp-content/uploads/2019/08/Price-Watch-August-3-2019.pdf,skip,0,2019-08-03,skipped,,,,,not_a_price_report
https://www.da.gov.ph/wp-content/uploads/2019/08/Price-Watch-August-7-2019.pdf,skip,0,2019-08-07,skipped,,,,,not_a_price_report
https://www.da.gov.ph/wp-content/uploads/2019/08/Price-Watch-August-8-2019.pdf,skip,0,2019-08-08,skipped,,,,,not_a_price_report
https://www.da.gov.ph/wp-content/uploads/2019/08/Price-Watch-August-9-2019.pdf,skip,0,2019-08-09,skipped,,,,,not_a_price_report
https://www.da.gov.ph/wp-content/uploads/2019/08/Price-Watch-August-10-2019.pdf,skip,0,2019-08-10,skipped,,,,,not_a_price_report
https://www.da.gov.ph/wp-content/uploads/2019/08/Price-Watch-August-14-2019.pdf,skip,0,2019-08-14,skipped,,,,,not_a_price_report
https://www.da.gov.ph/wp-content/uploads/2019/08/Price-Watch-August-15-2019.pdf,skip,0,2019-08-15,skipped,,,,,not_a_price_report
https://www.da.gov.ph/wp-content/uploads/2019/08/Price-Watch-August-16-2019.pdf,skip,0,2019-08-16,skipped,,,,,not_a_price_report
https://www.da.gov.ph/wp-content/uploads/2019/08/Price-Watch-August-21-2019.pdf,skip,0,2019-08-21,skipped,,,,,not_a_price_report
https://www.da.gov.ph/wp-content/uploads/2019/08/Price-Watch-August-22-2019.pdf,skip,0,2019-08-22,skipped,,,,,not_a_price_report
https://www.da.gov.ph/wp-content/uploads/2019/08/Price-Watch-August-23-2019.pdf,skip,0,2019-08-23,skipped,,,,,not_a_price_report
https://www.da.gov.ph/wp-content/uploads/2019/08/Price-Watch-August-24-2019.pdf,skip,0,2019-08-24,skipped,,,,,not_a_price_report
https://www.da.gov.ph/wp-content/uploads/2019/08/Price-Watch-August-28-2019.pdf,skip,0,2019-08-28,skipped,,,,,not_a_price_report
https://www.da.gov.ph/wp-content/uploads/2019/08/Price-Watch-August-29-2019.pdf,skip,0,2019-08-29,skipped,,,,,not_a_price_report
https://www.da.gov.ph/wp-content/uploads/2019/08/Price-Watch-August-30-2019.pdf,skip,0,2019-08-30,skipped,,,,,not_a_price_report
https://www.da.gov.ph/wp-content/uploads/2019/09/Price-Watch-August-31-2019.pdf,skip,0,2019-08-31,skipped,,,,,not_a_price_report
https://www.da.gov.ph/wp-content/uploads/2019/09/Price-Watch-September-11-2019.pdf,skip,0,2019-09-11,skipped,,,,,not_a_price_report
https://www.da.gov.ph/wp-content/uploads/2019/09/Price-Watch-September-12-2019.pdf,skip,0,2019-09-12,skipped,,,,,not_a_price_report
https://www.da.gov.ph/wp-content/uploads/2019/09/Price-Watch-September-13-2019.pdf,skip,0,2019-09-13,skipped,,,,,not_a_price_report
https://www.da.gov.ph/wp-content/uploads/2019/09/Price-Watch-September-14-2019.pdf,skip,0,2019-09-14,skipped,,,,,not_a_price_report
https://www.da.gov.ph/wp-content/uploads/2019/09/Price-Watch-September-16-2019.pdf,skip,0,2019-09-16,skipped,,,,,not_a_price_report
https://www.da.gov.ph/wp-content/uploads/2019/09/Price-Watch-September-17-2019.pdf,skip,0,2019-09-17,skipped,,,,,not_a_price_report
https://www.da.gov.ph/wp-content/uploads/2019/09/Price-Watch-September-18-2019.pdf,skip,0,2019-09-18,skipped,,,,,not_a_price_report
https://www.da.gov.ph/wp-content/uploads/2019/09/Price-Watch-September-19-2019.pdf,skip,0,2019-09-19,skipped,,,,,not_a_price_report
https://www.da.gov.ph/wp-content/uploads/2019/09/Price-Watch-September-20-2019.pdf,skip,0,2019-09-20,skipped,,,,,not_a_price_report
https://www.da.gov.ph/wp-content/uploads/2019/09/Price-Watch-September-21-2019.pdf,skip,0,2019-09-21,skipped,,,,,not_a_price_report
https://www.da.gov.ph/wp-content/uploads/2019/09/Price-Watch-September-23-2019.pdf,skip,0,2019-09-23,skipped,,,,,not_a_price_report
https://www.da.gov.ph/wp-content/uploads/2019/09/Price-Watch-September-24-2019.pdf,skip,0,2019-09-24,skipped,,,,,not_a_price_report
https://www.da.gov.ph/wp-content/uploads/2019/09/Price-Watch-September-25-2019.pdf,skip,0,2019-09-25,skipped,,,,,not_a_price_report
https://www.da.gov.ph/wp-content/uploads/2019/09/Price-Watch-September-26-2019.pdf,skip,0,2019-09-26,skipped,,,,,not_a_price_report
https://www.da.gov.ph/wp-content/uploads/2019/09/Price-Watch-September-27-2019.pdf,skip,0,2019-09-27,skipped,,,,,not_a_price_report
https://www.da.gov.ph/wp-content/uploads/2019/09/Price-Watch-September-28-2019.pdf,skip,0,2019-09-28,skipped,,,,,not_a_price_report
https://www.da.gov.ph/wp-content/uploads/2019/09/Price-Watch-September-30-2019.pdf,skip,0,2019-09-30,skipped,,,,,not_a_price_report
https://www.da.gov.ph/wp-content/uploads/2019/10/Price-Watch-October-1-2019.pdf,skip,0,2019-10-01,skipped,,,,,not_a_price_report
https://www.da.gov.ph/wp-content/uploads/2019/10/Price-Watch-October-2-2019.pdf,skip,0,2019-10-02,skipped,,,,,not_a_price_report
https://www.da.gov.ph/wp-content/uploads/2019/10/Price-Watch-October-8-2019.pdf,skip,0,2019-10-08,skipped,,,,,not_a_price_report
https://www.da.gov.ph/wp-content/uploads/2019/10/Price-Watch-October-9-2019.pdf,skip,0,2019-10-09,skipped,,,,,not_a_price_report
https://www.da.gov.ph/wp-content/uploads/2019/10/Price-Monitoring-October-10-2019.pdf,price_monitoring,0,2019-10-10,skipped,,,,,before_start_date
https://www.da.gov.ph/wp-content/uploads/2019/10/Price-Monitoring-October-11-2019.pdf,price_monitoring,0,2019-10-11,skipped,,,,,before_start_date
https://www.da.gov.ph/wp-content/uploads/2019/10/Price-Monitoring-October-12-2019.pdf,price_monitoring,0,2019-10-12,skipped,,,,,before_start_date
https://www.da.gov.ph/wp-content/uploads/2019/10/Price-Monitoring-October-14-2019.pdf,price_monitoring,0,2019-10-14,skipped,,,,,before_start_date
https://www.da.gov.ph/wp-content/uploads/2019/10/Price-Monitoring-October-15-2019.pdf,price_monitoring,0,2019-10-15,skipped,,,,,before_start_date
https://www.da.gov.ph/wp-content/uploads/2019/10/Price-Monitoring-October-16-2019.pdf,price_monitoring,0,2019-10-16,skipped,,,,,before_start_date
https://www.da.gov.ph/wp-content/uploads/2019/10/Price-Monitoring-October-17-2019.pdf,price_monitoring,0,2019-10-17,skipped,,,,,before_start_date
https://www.da.gov.ph/wp-content/uploads/2019/10/Price-Monitoring-October-18-2019.pdf,price_monitoring,0,2019-10-18,skipped,,,,,before_start_date
https://www.da.gov.ph/wp-content/uploads/2019/10/Price-Monitoring-October-19-2019.pdf,price_monitoring,0,2019-10-19,skipped,,,,,before_start_date
https://www.da.gov.ph/wp-content/uploads/2019/10/Price-Monitoring-October-21-2019.pdf,price_monitoring,0,2019-10-21,skipped,,,,,before_start_date
https://www.da.gov.ph/wp-content/uploads/2019/10/Price-Monitoring-October-22-2019.pdf,price_monitoring,0,2019-10-22,skipped,,,,,before_start_date
https://www.da.gov.ph/wp-content/uploads/2019/10/Price-Monitoring-October-23-2019.pdf,price_monitoring,0,2019-10-23,skipped,,,,,before_start_date
https://www.da.gov.ph/wp-content/uploads/2019/10/Price-Monitoring-October-24-2019.pdf,price_monitoring,0,2019-10-24,skipped,,,,,before_start_date
https://www.da.gov.ph/wp-content/uploads/2019/10/Price-Monitoring-October-25-2019.pdf,price_monitoring,0,2019-10-25,skipped,,,,,before_start_date
https://www.da.gov.ph/wp-content/uploads/2019/10/Price-Monitoring-October-26-2019.pdf,price_monitoring,0,2019-10-26,skipped,,,,,before_start_date
https://www.da.gov.ph/wp-content/uploads/2019/10/Price-Monitoring-October-28-2019.pdf,price_monitoring,0,2019-10-28,skipped,,,,,before_start_date
https://www.da.gov.ph/wp-content/uploads/2019/10/Price-Monitoring-October-29-2019.pdf,price_monitoring,0,2019-10-29,skipped,,,,,before_start_date
https://www.da.gov.ph/wp-content/uploads/2019/10/Price-Monitoring-October-30-2019.pdf,price_monitoring,0,2019-10-30,skipped,,,,,before_start_date
https://www.da.gov.ph/wp-content/uploads/2019/10/Price-Monitoring-October-31-2019.pdf,price_monitoring,0,2019-10-31,skipped,,,,,before_start_date
https://www.da.gov.ph/wp-content/uploads/2019/11/Price-Monitoring-November-4-2019.pdf,price_monitoring,0,2019-11-04,skipped,,,,,before_start_date
https://www.da.gov.ph/wp-content/uploads/2019/11/Price-Monitoring-November-5-2019.pdf,price_monitoring,0,2019-11-05,skipped,,,,,before_start_date
https://www.da.gov.ph/wp-content/uploads/2019/11/Price-Monitoring-November-6-2019.pdf,price_monitoring,0,2019-11-06,skipped,,,,,before_start_date
https://www.da.gov.ph/wp-content/uploads/2019/11/Price-Monitoring-November-7-2019.pdf,price_monitoring,0,2019-11-07,skipped,,,,,before_start_date
https://www.da.gov.ph/wp-content/uploads/2019/11/Price-Monitoring-November-8-2019.pdf,price_monitoring,0,2019-11-08,skipped,,,,,before_start_date
https://www.da.gov.ph/wp-content/uploads/2019/11/Price-Monitoring-November-9-2019.pdf,price_monitoring,0,2019-11-09,skipped,,,,,before_start_date
https://www.da.gov.ph/wp-content/uploads/2019/11/Price-Monitoring-November-11-2019.pdf,price_monitoring,0,2019-11-11,skipped,,,,,before_start_date
https://www.da.gov.ph/wp-content/uploads/2019/11/Price-Monitoring-November-12-2019.pdf,price_monitoring,0,2019-11-12,skipped,,,,,before_start_date
https://www.da.gov.ph/wp-content/uploads/2019/11/Price-Monitoring-November-13-2019.pdf,price_monitoring,0,2019-11-13,skipped,,,,,before_start_date
https://www.da.gov.ph/wp-content/uploads/2019/11/Price-Monitoring-November-14-2019.pdf,price_monitoring,0,2019-11-14,skipped,,,,,before_start_date
https://www.da.gov.ph/wp-content/uploads/2019/11/Price-Monitoring-November-15-2019.pdf,price_monitoring,0,2019-11-15,skipped,,,,,before_start_date
https://www.da.gov.ph/wp-content/uploads/2019/11/Retail-Price-Monitoring-November-18-2019.pdf,skip,0,2019-11-18,skipped,,,,,not_a_price_report
https://www.da.gov.ph/wp-content/uploads/2019/11/Price-Monitoring-November-19-2019.pdf,price_monitoring,0,2019-11-19,skipped,,,,,before_start_date
https://www.da.gov.ph/wp-content/uploads/2019/11/Price-Monitoring-November-20-2019.pdf,price_monitoring,0,2019-11-20,skipped,,,,,before_start_date
https://www.da.gov.ph/wp-content/uploads/2019/11/Price-Monitoring-November-22-2019.pdf,price_monitoring,0,2019-11-22,skipped,,,,,before_start_date
https://www.da.gov.ph/wp-content/uploads/2019/11/Price-Monitoring-November-23-2019.pdf,price_monitoring,0,2019-11-23,skipped,,,,,before_start_date
https://www.da.gov.ph/wp-content/uploads/2019/11/Price-Monitoring-November-25-2019.pdf,price_monitoring,0,2019-11-25,skipped,,,,,before_start_date
https://www.da.gov.ph/wp-content/uploads/2019/11/Price-Monitoring-November-26-2019.pdf,price_monitoring,0,2019-11-26,skipped,,,,,before_start_date
https://www.da.gov.ph/wp-content/uploads/2019/11/Price-Monitoring-November-27-2019.pdf,price_monitoring,0,2019-11-27,skipped,,,,,before_start_date
https://www.da.gov.ph/wp-content/uploads/2019/11/Price-Monitoring-November-28-2019.pdf,price_monitoring,0,2019-11-28,skipped,,,,,before_start_date
https://www.da.gov.ph/wp-content/uploads/2019/11/Price-Monitoring-November-29-2019.pdf,price_monitoring,0,2019-11-29,skipped,,,,,before_start_date
https://www.da.gov.ph/wp-content/uploads/2019/12/Price-Monitoring-November-30-2019.pdf,price_monitoring,0,2019-11-30,skipped,,,,,before_start_date
https://www.da.gov.ph/wp-content/uploads/2019/12/Price-Monitoring-December-2-2019.pdf,price_monitoring,0,2019-12-02,skipped,,,,,before_start_date
https://www.da.gov.ph/wp-content/uploads/2019/12/Price-Monitoring-December-3-2019.pdf,price_monitoring,0,2019-12-03,skipped,,,,,before_start_date
https://www.da.gov.ph/wp-content/uploads/2019/12/Price-Monitoring-December-4-2019.pdf,price_monitoring,0,2019-12-04,skipped,,,,,before_start_date
https://www.da.gov.ph/wp-content/uploads/2019/12/Price-Monitoring-December-5-2019.pdf,price_monitoring,0,2019-12-05,skipped,,,,,before_start_date
https://www.da.gov.ph/wp-content/uploads/2019/12/Price-Monitoring-December-6-2019.pdf,price_monitoring,0,2019-12-06,skipped,,,,,before_start_date
https://www.da.gov.ph/wp-content/uploads/2019/12/Price-Monitoring-December-7-2019.pdf,price_monitoring,0,2019-12-07,skipped,,,,,before_start_date
https://www.da.gov.ph/wp-content/uploads/2019/12/Price-Monitoring-December-9-2019.pdf,price_monitoring,0,2019-12-09,skipped,,,,,before_start_date
https://www.da.gov.ph/wp-content/uploads/2019/12/Price-Monitoring-December-10-2019.pdf,price_monitoring,0,2019-12-10,skipped,,,,,before_start_date
https://www.da.gov.ph/wp-content/uploads/2019/12/Price-Monitoring-December-11-2019.pdf,price_monitoring,0,2019-12-11,skipped,,,,,before_start_date
https://www.da.gov.ph/wp-content/uploads/2019/12/Price-Monitoring-December-12-2019.pdf,price_monitoring,0,2019-12-12,skipped,,,,,before_start_date
https://www.da.gov.ph/wp-content/uploads/2019/12/Price-Monitoring-December-13-2019.pdf,price_monitoring,0,2019-12-13,skipped,,,,,before_start_date
https://www.da.gov.ph/wp-content/uploads/2019/12/Price-Monitoring-December-14-2019.pdf,price_monitoring,0,2019-12-14,skipped,,,,,before_start_date
https://www.da.gov.ph/wp-content/uploads/2019/12/Price-Monitoring-December-16-2019.pdf,price_monitoring,0,2019-12-16,skipped,,,,,before_start_date
https://www.da.gov.ph/wp-content/uploads/2019/12/Price-Monitoring-December-17-2019.pdf,price_monitoring,0,2019-12-17,skipped,,,,,before_start_date
https://www.da.gov.ph/wp-content/uploads/2019/12/Retail-Price-Monitoring-December-18-2019.pdf,skip,0,2019-12-18,skipped,,,,,not_a_price_report
https://www.da.gov.ph/wp-content/uploads/2019/12/Price-Monitoring-December-19-2019.pdf,price_monitoring,0,2019-12-19,skipped,,,,,before_start_date
https://www.da.gov.ph/wp-content/uploads/2019/12/Price-Monitoring-December-20-2019.pdf,price_monitoring,0,2019-12-20,skipped,,,,,before_start_date
https://www.da.gov.ph/wp-content/uploads/2019/12/Retail-Price-Monitoring-December-21-2019.pdf,skip,0,2019-12-21,skipped,,,,,not_a_price_report
https://www.da.gov.ph/wp-content/uploads/2019/12/Retail-Price-Monitoring-December-23-2019.pdf,skip,0,2019-12-23,skipped,,,,,not_a_price_report
https://www.da.gov.ph/wp-content/uploads/2019/12/Retail-Price-Monitoring-December-26-2019.pdf,skip,0,2019-12-26,skipped,,,,,not_a_price_report
https://www.da.gov.ph/wp-content/uploads/2019/12/Retail-Price-Monitoring-December-27-2019.pdf,skip,0,2019-12-27,skipped,,,,,not_a_price_report
https://www.da.gov.ph/wp-content/uploads/2019/12/Retail-Price-Monitoring-December-28-2019.pdf,skip,0,2019-12-28,skipped,,,,,not_a_price_report
https://www.da.gov.ph/wp-content/uploads/2020/01/Retail-Price-Monitoring-Jan-2-2020.pdf,skip,0,2020-01-02,skipped,,,,,not_a_price_report
https://www.da.gov.ph/wp-content/uploads/2020/01/Retail-Price-Monitoring-January-3-2020.pdf,skip,0,2020-01-03,skipped,,,,,not_a_price_report
https://www.da.gov.ph/wp-content/uploads/2020/01/Price-Monitoring-January-4-2020.pdf,price_monitoring,0,2020-01-04,skipped,,,,,before_start_date
https://www.da.gov.ph/wp-content/uploads/2020/01/Price-Monitoring-January-6-2020.pdf,price_monitoring,0,2020-01-06,skipped,,,,,before_start_date
https://www.da.gov.ph/wp-content/uploads/2020/01/Price-Monitoring-January-7-2020.pdf,price_monitoring,0,2020-01-07,skipped,,,,,before_start_date
https://www.da.gov.ph/wp-content/uploads/2020/01/Price-Monitoring-January-8-2020.pdf,price_monitoring,0,2020-01-08,skipped,,,,,before_start_date
https://www.da.gov.ph/wp-content/uploads/2020/01/Price-Monitoring-January-9-2020.pdf,price_monitoring,0,2020-01-09,skipped,,,,,before_start_date
https://www.da.gov.ph/wp-content/uploads/2020/01/Price-Monitoring-January-10-2020.pdf,price_monitoring,0,2020-01-10,skipped,,,,,before_start_date
https://www.da.gov.ph/wp-content/uploads/2020/01/Price-Monitoring-January-11-2020.pdf,price_monitoring,0,2020-01-11,skipped,,,,,before_start_date
https://www.da.gov.ph/wp-content/uploads/2020/01/Price-Monitoring-January-13-2020.pdf,price_monitoring,0,2020-01-13,skipped,,,,,before_start_date
https://www.da.gov.ph/wp-content/uploads/2020/01/Price-Monitoring-January-14-2020.pdf,price_monitoring,0,2020-01-14,skipped,,,,,before_start_date
https://www.da.gov.ph/wp-content/uploads/2020/01/Price-Monitoring-January-15-2020.pdf,price_monitoring,0,2020-01-15,skipped,,,,,before_start_date
https://www.da.gov.ph/wp-content/uploads/2020/01/Price-Monitoring-January-16-2020.pdf,price_monitoring,0,2020-01-16,skipped,,,,,before_start_date
https://www.da.gov.ph/wp-content/uploads/2020/01/Price-Monitoring-January-17-2020.pdf,price_monitoring,0,2020-01-17,skipped,,,,,before_start_date
https://www.da.gov.ph/wp-content/uploads/2020/01/Price-Monitoring-January-18-2020.pdf,price_monitoring,0,2020-01-18,skipped,,,,,before_start_date
https://www.da.gov.ph/wp-content/uploads/2020/01/Price-Monitoring-January-20-2020.pdf,price_monitoring,0,2020-01-20,skipped,,,,,before_start_date
https://www.da.gov.ph/wp-content/uploads/2020/01/Price-Monitoring-January-21-2020.pdf,price_monitoring,0,2020-01-21,skipped,,,,,before_start_date
https://www.da.gov.ph/wp-content/uploads/2020/01/Price-Monitoring-January-22-2020.pdf,price_monitoring,0,2020-01-22,skipped,,,,,before_start_date
https://www.da.gov.ph/wp-content/uploads/2020/01/Price-Monitoring-January-23-2020.pdf,price_monitoring,0,2020-01-23,skipped,,,,,before_start_date
https://www.da.gov.ph/wp-content/uploads/2020/01/Price-Monitoring-January-24-2020.pdf,price_monitoring,0,2020-01-24,skipped,,,,,before_start_date
https://www.da.gov.ph/wp-content/uploads/2020/01/Price-Monitoring-January-25-2020.pdf,price_monitoring,0,2020-01-25,skipped,,,,,before_start_date
https://www.da.gov.ph/wp-content/uploads/2020/01/Price-Monitoring-January-27-2020.pdf,price_monitoring,0,2020-01-27,skipped,,,,,before_start_date
https://www.da.gov.ph/wp-content/uploads/2020/01/Price-Monitoring-January-28-2020.pdf,price_monitoring,0,2020-01-28,skipped,,,,,before_start_date
https://www.da.gov.ph/wp-content/uploads/2020/01/Price-Monitoring-January-29-2020.pdf,price_monitoring,0,2020-01-29,skipped,,,,,before_start_date
https://www.da.gov.ph/wp-content/uploads/2020/01/Price-Monitoring-January-30-2020.pdf,price_monitoring,0,2020-01-30,skipped,,,,,before_start_date
https://www.da.gov.ph/wp-content/uploads/2020/01/Price-Monitoring-January-31-2020.pdf,price_monitoring,0,2020-01-31,skipped,,,,,before_start_date
https://www.da.gov.ph/wp-content/uploads/2020/02/Price-Monitoring-February-1-2020.pdf,price_monitoring,0,2020-02-01,skipped,,,,,before_start_date
https://www.da.gov.ph/wp-content/uploads/2020/02/Price-Monitoring-February-3-2020.pdf,price_monitoring,0,2020-02-03,skipped,,,,,before_start_date
https://www.da.gov.ph/wp-content/uploads/2020/02/Price-Monitoring-February-4-2020.pdf,price_monitoring,0,2020-02-04,skipped,,,,,before_start_date
https://www.da.gov.ph/wp-content/uploads/2020/02/Price-Monitoring-February-5-2020.pdf,price_monitoring,0,2020-02-05,skipped,,,,,before_start_date
https://www.da.gov.ph/wp-content/uploads/2020/02/Price-Monitoring-February-6-2020.pdf,price_monitoring,0,2020-02-06,skipped,,,,,before_start_date
https://www.da.gov.ph/wp-content/uploads/2020/02/Price-Monitoring-February-7-2020.pdf,price_monitoring,0,2020-02-07,skipped,,,,,before_start_date
https://www.da.gov.ph/wp-content/uploads/2020/02/Price-Monitoring-February-8-2020.pdf,price_monitoring,0,2020-02-08,skipped,,,,,before_start_date
https://www.da.gov.ph/wp-content/uploads/2020/02/Price-Monitoring-February-10-2020.pdf,price_monitoring,0,2020-02-10,skipped,,,,,before_start_date
https://www.da.gov.ph/wp-content/uploads/2020/02/Price-Monitoring-February-11-2020.pdf,price_monitoring,0,2020-02-11,skipped,,,,,before_start_date
https://www.da.gov.ph/wp-content/uploads/2020/02/Price-Monitoring-February-12-2020.pdf,price_monitoring,0,2020-02-12,skipped,,,,,before_start_date
https://www.da.gov.ph/wp-content/uploads/2020/02/Price-Monitoring-February-13-2020.pdf,price_monitoring,0,2020-02-13,skipped,,,,,before_start_date
https://www.da.gov.ph/wp-content/uploads/2020/02/Price-Monitoring-February-14-2020.pdf,price_monitoring,0,2020-02-14,skipped,,,,,before_start_date
https://www.da.gov.ph/wp-content/uploads/2020/02/Price-Monitoring-February-15-2020.pdf,price_monitoring,0,2020-02-15,skipped,,,,,before_start_date
https://www.da.gov.ph/wp-content/uploads/2020/02/Price-Monitoring-February-17-2020.pdf,price_monitoring,0,2020-02-17,skipped,,,,,before_start_date
https://www.da.gov.ph/wp-content/uploads/2020/02/Price-Monitoring-February-18-2020.pdf,price_monitoring,0,2020-02-18,skipped,,,,,before_start_date
https://www.da.gov.ph/wp-content/uploads/2020/02/Price-Monitoring-February-19-2020.pdf,price_monitoring,0,2020-02-19,skipped,,,,,before_start_date
https://www.da.gov.ph/wp-content/uploads/2020/02/Price-Monitoring-February-20-2020.pdf,price_monitoring,0,2020-02-20,skipped,,,,,before_start_date
https://www.da.gov.ph/wp-content/uploads/2020/02/Price-Monitoring-February-21-2020.pdf,price_monitoring,0,2020-02-21,skipped,,,,,before_start_date
https://www.da.gov.ph/wp-content/uploads/2020/02/Price-Monitoring-February-25-2020.pdf,price_monitoring,0,2020-02-25,skipped,,,,,before_start_date
https://www.da.gov.ph/wp-content/uploads/2020/02/Price-Monitoring-February-26-2020.pdf,price_monitoring,0,2020-02-26,skipped,,,,,before_start_date
https://www.da.gov.ph/wp-content/uploads/2020/02/Price-Monitoring-February-27-2020.pdf,price_monitoring,0,2020-02-27,skipped,,,,,before_start_date
https://www.da.gov.ph/wp-content/uploads/2020/02/Price-Monitoring-February-28-2020.pdf,price_monitoring,0,2020-02-28,skipped,,,,,before_start_date
https://www.da.gov.ph/wp-content/uploads/2020/03/Price-Monitoring-February-29-2020.pdf,price_monitoring,0,2020-02-29,skipped,,,,,before_start_date
https://www.da.gov.ph/wp-content/uploads/2020/03/Price-Monitoring-March-2-2020.pdf,price_monitoring,0,2020-03-02,skipped,,,,,before_start_date
https://www.da.gov.ph/wp-content/uploads/2020/03/Price-Monitoring-March-3-2020.pdf,price_monitoring,0,2020-03-03,skipped,,,,,before_start_date
https://www.da.gov.ph/wp-content/uploads/2020/03/Price-Monitoring-March-4-2020.pdf,price_monitoring,0,2020-03-04,skipped,,,,,before_start_date
https://www.da.gov.ph/wp-content/uploads/2020/03/Price-Monitoring-March-5-2020.pdf,price_monitoring,0,2020-03-05,skipped,,,,,before_start_date
https://www.da.gov.ph/wp-content/uploads/2020/03/Price-Monitoring-March-6-2020.pdf,price_monitoring,0,2020-03-06,skipped,,,,,before_start_date
https://www.da.gov.ph/wp-content/uploads/2020/03/Price-Monitoring-March-7-2020.pdf,price_monitoring,0,2020-03-07,skipped,,,,,before_start_date
https://www.da.gov.ph/wp-content/uploads/2020/03/Price-Monitoring-March-9-2020.pdf,price_monitoring,0,2020-03-09,skipped,,,,,before_start_date
https://www.da.gov.ph/wp-content/uploads/2020/03/Price-Monitoring-March-10-2020.pdf,price_monitoring,0,2020-03-10,skipped,,,,,before_start_date
https://www.da.gov.ph/wp-content/uploads/2020/03/Price-Monitoring-March-11-2020.pdf,price_monitoring,0,2020-03-11,skipped,,,,,before_start_date
https://www.da.gov.ph/wp-content/uploads/2020/03/Price-Monitoring-March-12-2020.pdf,price_monitoring,0,2020-03-12,skipped,,,,,before_start_date
https://www.da.gov.ph/wp-content/uploads/2020/03/Price-Monitoring-March-14-2020.pdf,price_monitoring,0,2020-03-14,skipped,,,,,before_start_date
https://www.da.gov.ph/wp-content/uploads/2020/03/Price-Monitoring-March-16-2020.pdf,price_monitoring,0,2020-03-16,skipped,,,,,before_start_date
https://www.da.gov.ph/wp-content/uploads/2020/03/Price-Monitoring-March-18-2020.pdf,price_monitoring,0,2020-03-18,skipped,,,,,before_start_date
https://www.da.gov.ph/wp-content/uploads/2020/03/Price-Monitoring-March-19-2020.pdf,price_monitoring,0,2020-03-19,skipped,,,,,before_start_date
https://www.da.gov.ph/wp-content/uploads/2020/03/Price-Monitoring-March-20-2020.pdf,price_monitoring,0,2020-03-20,skipped,,,,,before_start_date
https://www.da.gov.ph/wp-content/uploads/2020/03/Price-Monitoring-March-21-2020.pdf,price_monitoring,0,2020-03-21,skipped,,,,,before_start_date
https://www.da.gov.ph/wp-content/uploads/2020/03/Price-Monitoring-March-23-2020.pdf,price_monitoring,0,2020-03-23,skipped,,,,,before_start_date
https://www.da.gov.ph/wp-content/uploads/2020/03/Price-Monitoring-March-25-2020.pdf,price_monitoring,0,2020-03-25,skipped,,,,,before_start_date
https://www.da.gov.ph/wp-content/uploads/2020/03/Price-Monitoring-March-26-2020.pdf,price_monitoring,0,2020-03-26,skipped,,,,,before_start_date
https://www.da.gov.ph/wp-content/uploads/2020/03/Price-Monitoring-March-27-2020.pdf,price_monitoring,0,2020-03-27,skipped,,,,,before_start_date
https://www.da.gov.ph/wp-content/uploads/2020/03/Price-Monitoring-March-28-2020.pdf,price_monitoring,0,2020-03-28,skipped,,,,,before_start_date
https://www.da.gov.ph/wp-content/uploads/2020/03/Price-Monitoring-March-30-2020.pdf,price_monitoring,0,2020-03-30,skipped,,,,,before_start_date
https://www.da.gov.ph/wp-content/uploads/2020/04/Price-Monitoring-March-31-2020.pdf,price_monitoring,0,2020-03-31,skipped,,,,,before_start_date
https://www.da.gov.ph/wp-content/uploads/2020/04/Price-Monitoring-April-1-2020.pdf,price_monitoring,0,2020-04-01,skipped,,,,,before_start_date
https://www.da.gov.ph/wp-content/uploads/2020/04/Price-Monitoring-April-2-2020.pdf,price_monitoring,0,2020-04-02,skipped,,,,,before_start_date
https://www.da.gov.ph/wp-content/uploads/2020/04/Price-Monitoring-April-3-2020.pdf,price_monitoring,0,2020-04-03,skipped,,,,,before_start_date
https://www.da.gov.ph/wp-content/uploads/2020/04/Price-Monitoring-April-4-2020.pdf,price_monitoring,0,2020-04-04,skipped,,,,,before_start_date
https://www.da.gov.ph/wp-content/uploads/2020/04/Price-Monitoring-April-6-2020.pdf,price_monitoring,0,2020-04-06,skipped,,,,,before_start_date
https://www.da.gov.ph/wp-content/uploads/2020/04/Price-Monitoring-April-7-2020.pdf,price_monitoring,0,2020-04-07,skipped,,,,,before_start_date
https://www.da.gov.ph/wp-content/uploads/2020/04/Price-Monitoring-April-13-2020.pdf,price_monitoring,0,2020-04-13,skipped,,,,,before_start_date
https://www.da.gov.ph/wp-content/uploads/2020/06/Price-Monitoring-June-1-2020.pdf,price_monitoring,0,2020-06-01,skipped,,,,,before_start_date
https://www.da.gov.ph/wp-content/uploads/2020/06/Price-Monitoring-June-2-2020.pdf,price_monitoring,0,2020-06-02,skipped,,,,,before_start_date
https://www.da.gov.ph/wp-content/uploads/2020/06/Price-Monitoring-June-3-2020.pdf,price_monitoring,0,2020-06-03,skipped,,,,,before_start_date
https://www.da.gov.ph/wp-content/uploads/2020/06/Price-Monitoring-June-4-2020.pdf,price_monitoring,0,2020-06-04,skipped,,,,,before_start_date
https://www.da.gov.ph/wp-content/uploads/2020/06/Price-Monitoring-June-5-2020.pdf,price_monitoring,0,2020-06-05,skipped,,,,,before_start_date
https://www.da.gov.ph/wp-content/uploads/2020/06/Price-Monitoring-June-8-2020.pdf,price_monitoring,0,2020-06-08,skipped,,,,,before_start_date
https://www.da.gov.ph/wp-content/uploads/2020/06/Price-Monitoring-June-9-2020.pdf,price_monitoring,0,2020-06-09,skipped,,,,,before_start_date
https://www.da.gov.ph/wp-content/uploads/2020/06/Price-Monitoring-June-10-2020.pdf,price_monitoring,0,2020-06-10,skipped,,,,,before_start_date
https://www.da.gov.ph/wp-content/uploads/2020/06/Price-Monitoring-June-11-2020.pdf,price_monitoring,0,2020-06-11,skipped,,,,,before_start_date
https://www.da.gov.ph/wp-content/uploads/2020/06/Price-Monitoring-June-15-2020.pdf,price_monitoring,0,2020-06-15,skipped,,,,,before_start_date
https://www.da.gov.ph/wp-content/uploads/2020/06/Price-Monitoring-June-16-2020.pdf,price_monitoring,0,2020-06-16,skipped,,,,,before_start_date
https://www.da.gov.ph/wp-content/uploads/2020/06/Price-Monitoring-June-17-2020.pdf,price_monitoring,0,2020-06-17,skipped,,,,,before_start_date
https://www.da.gov.ph/wp-content/uploads/2020/06/Price-Monitoring-June-18-2020.pdf,price_monitoring,0,2020-06-18,skipped,,,,,before_start_date
https://www.da.gov.ph/wp-content/uploads/2020/06/Price-Monitoring-June-19-2020.pdf,price_monitoring,0,2020-06-19,skipped,,,,,before_start_date
https://www.da.gov.ph/wp-content/uploads/2020/06/Price-Monitoring-June-22-2020.pdf,price_monitoring,0,2020-06-22,skipped,,,,,before_start_date
https://www.da.gov.ph/wp-content/uploads/2020/06/Price-Monitoring-June-23-2020.pdf,price_monitoring,0,2020-06-23,skipped,,,,,before_start_date
https://www.da.gov.ph/wp-content/uploads/2020/06/Price-Monitoring-June-24-2020.pdf,price_monitoring,0,2020-06-24,skipped,,,,,before_start_date
https://www.da.gov.ph/wp-content/uploads/2020/06/Price-Monitoring-June-25-2020.pdf,price_monitoring,0,2020-06-25,skipped,,,,,before_start_date
https://www.da.gov.ph/wp-content/uploads/2020/06/Price-Monitoring-June-29-2020.pdf,price_monitoring,0,2020-06-29,skipped,,,,,before_start_date
https://www.da.gov.ph/wp-content/uploads/2020/07/Price-Monitoring-June-30-2020.pdf,price_monitoring,0,2020-06-30,skipped,,,,,before_start_date
https://www.da.gov.ph/wp-content/uploads/2020/07/Price-Monitoring-July-1-2020.pdf,price_monitoring,0,2020-07-01,skipped,,,,,before_start_date
https://www.da.gov.ph/wp-content/uploads/2020/07/Price-Monitoring-July-2-2020.pdf,price_monitoring,0,2020-07-02,skipped,,,,,before_start_date
https://www.da.gov.ph/wp-content/uploads/2020/07/Price-Monitoring-July-3-2020.pdf,price_monitoring,0,2020-07-03,skipped,,,,,before_start_date
https://www.da.gov.ph/wp-content/uploads/2020/07/Price-Monitoring-July-6-2020.pdf,price_monitoring,0,2020-07-06,skipped,,,,,before_start_date
https://www.da.gov.ph/wp-content/uploads/2020/07/Price-Monitoring-July-7-2020.pdf,price_monitoring,0,2020-07-07,skipped,,,,,before_start_date
https://www.da.gov.ph/wp-content/uploads/2020/07/Price-Monitoring-July-8-2020.pdf,price_monitoring,0,2020-07-08,skipped,,,,,before_start_date
https://www.da.gov.ph/wp-content/uploads/2020/07/Price-Monitoring-July-9-2020.pdf,price_monitoring,0,2020-07-09,skipped,,,,,before_start_date
https://www.da.gov.ph/wp-content/uploads/2020/07/Price-Monitoring-July-10-2020.pdf,price_monitoring,0,2020-07-10,skipped,,,,,before_start_date
https://www.da.gov.ph/wp-content/uploads/2020/07/Price-Monitoring-July-13-2020.pdf,price_monitoring,0,2020-07-13,skipped,,,,,before_start_date
https://www.da.gov.ph/wp-content/uploads/2020/07/Price-Monitoring-July-14-2020.pdf,price_monitoring,0,2020-07-14,skipped,,,,,before_start_date
https://www.da.gov.ph/wp-content/uploads/2020/07/Price-Monitoring-July-15-2020.pdf,price_monitoring,0,2020-07-15,skipped,,,,,before_start_date
https://www.da.gov.ph/wp-content/uploads/2020/07/Price-Monitoring-July-16-2020.pdf,price_monitoring,0,2020-07-16,skipped,,,,,before_start_date
https://www.da.gov.ph/wp-content/uploads/2020/07/Price-Monitoring-July-17-2020.pdf,price_monitoring,0,2020-07-17,skipped,,,,,before_start_date
https://www.da.gov.ph/wp-content/uploads/2020/07/Price-Monitoring-July-20-2020.pdf,price_monitoring,0,2020-07-20,skipped,,,,,before_start_date
https://www.da.gov.ph/wp-content/uploads/2020/07/Price-Monitoring-July-21-2020.pdf,price_monitoring,0,2020-07-21,skipped,,,,,before_start_date
https://www.da.gov.ph/wp-content/uploads/2020/07/Price-Monitoring-July-22-2020.pdf,price_monitoring,0,2020-07-22,skipped,,,,,before_start_date
https://www.da.gov.ph/wp-content/uploads/2020/07/Price-Monitoring-July-23-2020.pdf,price_monitoring,0,2020-07-23,skipped,,,,,before_start_date
https://www.da.gov.ph/wp-content/uploads/2020/07/Price-Monitoring-July-24-2020.pdf,price_monitoring,0,2020-07-24,skipped,,,,,before_start_date
https://www.da.gov.ph/wp-content/uploads/2020/07/Price-Monitoring-July-27-2020.pdf,price_monitoring,0,2020-07-27,skipped,,,,,before_start_date
https://www.da.gov.ph/wp-content/uploads/2020/07/Price-Monitoring-July-28-2020.pdf,price_monitoring,0,2020-07-28,skipped,,,,,before_start_date
https://www.da.gov.ph/wp-content/uploads/2020/07/Price-Monitoring-July-29-2020.pdf,price_monitoring,0,2020-07-29,skipped,,,,,before_start_date
https://www.da.gov.ph/wp-content/uploads/2020/07/Price-Monitoring-July-30-2020.pdf,price_monitoring,0,2020-07-30,skipped,,,,,before_start_date
https://www.da.gov.ph/wp-content/uploads/2020/08/Price-Monitoring-August-4-2020.pdf,price_monitoring,0,2020-08-04,skipped,,,,,before_start_date
https://www.da.gov.ph/wp-content/uploads/2020/08/Price-Monitoring-August-5-2020.pdf,price_monitoring,0,2020-08-05,skipped,,,,,before_start_date
https://www.da.gov.ph/wp-content/uploads/2020/08/Price-Monitoring-August-7-2020.pdf,price_monitoring,0,2020-08-07,skipped,,,,,before_start_date
https://www.da.gov.ph/wp-content/uploads/2020/08/Price-Monitoring-Report-August-10-2020.pdf,skip,0,2020-08-10,skipped,,,,,not_a_price_report
https://www.da.gov.ph/wp-content/uploads/2020/08/Price-Monitoring-Report-August-11-2020.pdf,skip,0,2020-08-11,skipped,,,,,not_a_price_report
https://www.da.gov.ph/wp-content/uploads/2020/08/Price-Monitoring-Report-August-12-2020.pdf,skip,0,2020-08-12,skipped,,,,,not_a_price_report
https://www.da.gov.ph/wp-content/uploads/2020/08/Price-Monitoring-Report-August-13-2020.pdf,skip,0,2020-08-13,skipped,,,,,not_a_price_report
https://www.da.gov.ph/wp-content/uploads/2020/08/Price-Monitoring-August-14-2020.pdf,price_monitoring,0,2020-08-14,skipped,,,,,before_start_date
https://www.da.gov.ph/wp-content/uploads/2020/08/Price-Monitoring-August-17-2020.pdf,price_monitoring,0,2020-08-17,skipped,,,,,before_start_date
https://www.da.gov.ph/wp-content/uploads/2020/08/Price-Monitoring-August-18-2020.pdf,price_monitoring,0,2020-08-18,skipped,,,,,before_start_date
https://www.da.gov.ph/wp-content/uploads/2020/08/Price-Monitoring-August-19-2020.pdf,price_monitoring,0,2020-08-19,skipped,,,,,before_start_date
https://www.da.gov.ph/wp-content/uploads/2020/08/Price-Monitoring-August-20-2020.pdf,price_monitoring,0,2020-08-20,skipped,,,,,before_start_date
https://www.da.gov.ph/wp-content/uploads/2020/08/Price-Monitoring-August-21-2020.pdf,price_monitoring,0,2020-08-21,skipped,,,,,before_start_date
https://www.da.gov.ph/wp-content/uploads/2020/08/Price-Monitoring-August-24-2020.pdf,price_monitoring,0,2020-08-24,skipped,,,,,before_start_date
https://www.da.gov.ph/wp-content/uploads/2020/08/Price-Monitoring-August-25-2020.pdf,price_monitoring,0,2020-08-25,skipped,,,,,before_start_date
https://www.da.gov.ph/wp-content/uploads/2020/08/Price-Monitoring-August-26-2020.pdf,price_monitoring,0,2020-08-26,skipped,,,,,before_start_date
https://www.da.gov.ph/wp-content/uploads/2020/08/Price-Monitoring-August-27-2020.pdf,price_monitoring,0,2020-08-27,skipped,,,,,before_start_date
https://www.da.gov.ph/wp-content/uploads/2020/08/Price-Monitoring-August-28-2020.pdf,price_monitoring,0,2020-08-28,skipped,,,,,before_start_date
https://www.da.gov.ph/wp-content/uploads/2020/09/Price-Monitoring-August-31-2020.pdf,price_monitoring,0,2020-08-31,skipped,,,,,before_start_date
https://www.da.gov.ph/wp-content/uploads/2020/09/Price-Monitoring-September-1-2020.pdf,price_monitoring,0,2020-09-01,skipped,,,,,before_start_date
https://www.da.gov.ph/wp-content/uploads/2020/09/Price-Monitoring-September-2-2020.pdf,price_monitoring,0,2020-09-02,skipped,,,,,before_start_date
https://www.da.gov.ph/wp-content/uploads/2020/09/Price-Monitoring-September-3-2020.pdf,price_monitoring,0,2020-09-03,skipped,,,,,before_start_date
https://www.da.gov.ph/wp-content/uploads/2020/09/Price-Monitoring-September-4-2020.pdf,price_monitoring,0,2020-09-04,skipped,,,,,before_start_date
https://www.da.gov.ph/wp-content/uploads/2020/09/Price-Monitoring-September-7-2020.pdf,price_monitoring,0,2020-09-07,skipped,,,,,before_start_date
https://www.da.gov.ph/wp-content/uploads/2020/09/Price-Monitoring-September-8-2020.pdf,price_monitoring,0,2020-09-08,skipped,,,,,before_start_date
https://www.da.gov.ph/wp-content/uploads/2020/09/Price-Monitoring-September-9-2020.pdf,price_monitoring,0,2020-09-09,skipped,,,,,before_start_date
https://www.da.gov.ph/wp-content/uploads/2020/09/Price-Monitoring-September-10-2020.pdf,price_monitoring,0,2020-09-10,skipped,,,,,before_start_date
https://www.da.gov.ph/wp-content/uploads/2020/09/Price-Monitoring-September-11-2020.pdf,price_monitoring,0,2020-09-11,skipped,,,,,before_start_date
https://www.da.gov.ph/wp-content/uploads/2020/09/Price-Monitoring-September-14-2020.pdf,price_monitoring,0,2020-09-14,skipped,,,,,before_start_date
https://www.da.gov.ph/wp-content/uploads/2020/09/Price-Monitoring-September-15-2020.pdf,price_monitoring,0,2020-09-15,skipped,,,,,before_start_date
https://www.da.gov.ph/wp-content/uploads/2020/09/Price-Monitoring-September-16-2020.pdf,price_monitoring,0,2020-09-16,skipped,,,,,before_start_date
https://www.da.gov.ph/wp-content/uploads/2020/09/Price-Monitoring-September-18-2020.pdf,price_monitoring,0,2020-09-18,skipped,,,,,before_start_date
https://www.da.gov.ph/wp-content/uploads/2020/09/Price-Monitoring-September-21-2020.pdf,price_monitoring,0,2020-09-21,skipped,,,,,before_start_date
https://www.da.gov.ph/wp-content/uploads/2020/09/Price-Monitoring-September-22-2020.pdf,price_monitoring,0,2020-09-22,skipped,,,,,before_start_date
https://www.da.gov.ph/wp-content/uploads/2020/09/Price-Monitoring-September-23-2020.pdf,price_monitoring,0,2020-09-23,skipped,,,,,before_start_date
https://www.da.gov.ph/wp-content/uploads/2020/09/Price-Monitrong-September-24-2020.pdf,skip,0,2020-09-24,skipped,,,,,not_a_price_report
https://www.da.gov.ph/wp-content/uploads/2020/09/Price-Monitoring-September-25-2020.pdf,price_monitoring,0,2020-09-25,skipped,,,,,before_start_date
https://www.da.gov.ph/wp-content/uploads/2020/09/Price-Monitoring-September-28-2020.pdf,price_monitoring,0,2020-09-28,skipped,,,,,before_start_date
https://www.da.gov.ph/wp-content/uploads/2020/09/Price-Monitoring-September-29-2020.pdf,price_monitoring,0,2020-09-29,skipped,,,,,before_start_date
https://www.da.gov.ph/wp-content/uploads/2020/09/Price-Monitoring-September-30-2020.pdf,price_monitoring,0,2020-09-30,skipped,,,,,before_start_date
https://www.da.gov.ph/wp-content/uploads/2020/10/Price-Monitoring-October-1-2020.pdf,price_monitoring,0,2020-10-01,skipped,,,,,before_start_date
https://www.da.gov.ph/wp-content/uploads/2020/10/Price-Monitoring-October-2-2020.pdf,price_monitoring,0,2020-10-02,skipped,,,,,before_start_date
https://www.da.gov.ph/wp-content/uploads/2020/10/Price-Monitoring-October-5-2020.pdf,price_monitoring,0,2020-10-05,skipped,,,,,before_start_date
https://www.da.gov.ph/wp-content/uploads/2020/10/Price-Monitoring-October-6-2020.pdf,price_monitoring,0,2020-10-06,skipped,,,,,before_start_date
https://www.da.gov.ph/wp-content/uploads/2020/10/Price-Monitoring-October-7-2020.pdf,price_monitoring,0,2020-10-07,skipped,,,,,before_start_date
https://www.da.gov.ph/wp-content/uploads/2020/10/Price-Monitoring-October-8-2020.pdf,price_monitoring,0,2020-10-08,skipped,,,,,before_start_date
https://www.da.gov.ph/wp-content/uploads/2020/10/Price-Monitoring-October-9-2020.pdf,price_monitoring,0,2020-10-09,skipped,,,,,before_start_date
https://www.da.gov.ph/wp-content/uploads/2020/10/Price-Monitoring-October-12-2020.pdf,price_monitoring,0,2020-10-12,skipped,,,,,before_start_date
https://www.da.gov.ph/wp-content/uploads/2020/10/Price-Monitoring-October-13-2020.pdf,price_monitoring,0,2020-10-13,skipped,,,,,before_start_date
https://www.da.gov.ph/wp-content/uploads/2020/10/Price-Monitoring-October-14-2020.pdf,price_monitoring,0,2020-10-14,skipped,,,,,before_start_date
https://www.da.gov.ph/wp-content/uploads/2020/10/Price-Monitoring-October-15-2020.pdf,price_monitoring,0,2020-10-15,skipped,,,,,before_start_date
https://www.da.gov.ph/wp-content/uploads/2020/10/Price-Monitoring-October-16-2020.pdf,price_monitoring,0,2020-10-16,skipped,,,,,before_start_date
https://www.da.gov.ph/wp-content/uploads/2020/10/Price-Monitoring-October-19-2020.pdf,price_monitoring,0,2020-10-19,skipped,,,,,before_start_date
https://www.da.gov.ph/wp-content/uploads/2020/10/Price-Monitoring-October-20-2020.pdf,price_monitoring,0,2020-10-20,skipped,,,,,before_start_date
https://www.da.gov.ph/wp-content/uploads/2020/10/Price-Monitoring-October-21-2020.pdf,price_monitoring,0,2020-10-21,skipped,,,,,before_start_date
https://www.da.gov.ph/wp-content/uploads/2020/10/Price-Monitoring-October-22-2020.pdf,price_monitoring,0,2020-10-22,skipped,,,,,before_start_date
https://www.da.gov.ph/wp-content/uploads/2020/10/Price-Monitoring-October-26-2020.pdf,price_monitoring,0,2020-10-26,skipped,,,,,before_start_date
https://www.da.gov.ph/wp-content/uploads/2020/10/Price-Monitoring-October-27-2020.pdf,price_monitoring,0,2020-10-27,skipped,,,,,before_start_date
https://www.da.gov.ph/wp-content/uploads/2020/10/Price-Monitoring-October-28-2020.pdf,price_monitoring,0,2020-10-28,skipped,,,,,before_start_date
https://www.da.gov.ph/wp-content/uploads/2020/10/Price-Monitoring-October-29-2020.pdf,price_monitoring,0,2020-10-29,skipped,,,,,before_start_date
https://www.da.gov.ph/wp-content/uploads/2020/10/Price-Monitoring-October-30-2020.pdf,price_monitoring,0,2020-10-30,skipped,,,,,before_start_date
https://www.da.gov.ph/wp-content/uploads/2020/11/Price-Monitoring-November-3-2020.pdf,price_monitoring,0,2020-11-03,parsed,rowtable,28,cc6291eb477382ddc2b676a89224c095fa5b5c56b051fd4aa0e08d2ed56c944d,2026-10-01T09:46:35.797927Z,
https://www.da.gov.ph/wp-content/uploads/2020/11/Price-Monitoring-November-4-2020.pdf,price_monitoring,0,2020-11-04,parsed,rowtable,27,3db18d60efbc4a7f7ccb7af63fcd580931b784f16f7a4a25d259245cb95a950e,2026-10-01T09:46:41.297167Z,
https://www.da.gov.ph/wp-content/uploads/2020/11/Price-Monitoring-November-5-2020.pdf,price_monitoring,0,2020-11-05,parsed,rowtable,26,d4ab718ff3f365c684c826431b808093da32efa44392dcdbad6d7cfb25114361,2026-10-01T09:46:45.459942Z,
https://www.da.gov.ph/wp-content/uploads/2020/11/Price-Monitoring-November-6-2020.pdf,price_monitoring,0,2020-11-06,parsed,rowtable,27,6b071516af50aa64433533757f56552a4cb8f391c911bf948c7c1333182d36cf,2026-10-01T10:10:52.581622Z,
https://www.da.gov.ph/wp-content/uploads/2020/11/Price-Monitoring-November-9-2020.pdf,price_monitoring,0,2020-11-09,parsed,rowtable,26,cddf75d731a61c0401c566d45c0328776135b278b207023eceb8f87037eba7a9,2026-10-01T10:10:56.967962Z,
https://www.da.gov.ph/wp-content/uploads/2020/11/Price-Monitoring-November-10-2020.pdf,price_monitoring,0,2020-11-10,parsed,rowtable,26,1d42a1411401e1f7d425cf156db1fdd68b79c17eed4e0cb6f1d01b261dd07aa8,2026-10-01T10:11:01.180655Z,
https://www.da.gov.ph/wp-content/uploads/2020/11/Price-Monitoring-Novermber-11-2020.pdf,price_monitoring,0,2020-11-11,parsed,rowtable,26,97a64414ba9508533df6ad141291541594a10eaf97d2e29dc4aabd84d5f44b1c,2026-10-01T10:11:05.459909Z,
https://www.da.gov.ph/wp-content/uploads/2020/11/Price-Monitoring-November-13-2020.pdf,price_monitoring,0,2020-11-13,parsed,rowtable,26,9389348f0dddbca9365b1f618a52c1bcf79e3efba2f1498f77f30a4721bb6ce5,2026-10-01T10:11:09.577332Z,
https://www.da.gov.ph/wp-content/uploads/2020/11/Price-Monitoring-November-16-2020.pdf,price_monitoring,0,2020-11-16,parsed,rowtable,27,7574aab011ffd9c1ed4e570543f2641759b368342383048967f598f0b9c60633,2026-10-01T10:11:13.988217Z,
https://www.da.gov.ph/wp-content/uploads/2020/11/Price-Monitoring-November-17-2020.pdf,price_monitoring,0,2020-11-17,parsed,rowtable,27,eb32f2986f64bb7f3c14cf25008e1048e34a6024c179547723df8ce33db2a9c4,2026-10-01T10:11:18.320287Z,
https://www.da.gov.ph/wp-content/uploads/2020/11/Price-Monitoring-November-18-2020.pdf,price_monitoring,0,2020-11-18,parsed,rowtable,28,8be5f20cb4247e40f8ef3be8ba5078d6285ece583e0ae5df82c8dfc0ad50c638,2026-10-01T10:11:22.696670Z,
https://www.da.gov.ph/wp-content/uploads/2020/11/Price-Monitoring-November-19-2020.pdf,price_monitoring,0,2020-11-19,parsed,rowtable,28,83b1a035ca912777ed04bf88184637fe33b2756b22c87d2315c4e69df526ce31,2026-10-01T10:11:27.101227Z,
https://www.da.gov.ph/wp-content/uploads/2020/11/Price-Monitoring-November-20-2020.pdf,price_monitoring,0,2020-11-20,parsed,rowtable,28,de51eb2d08bc338c529928b0a67dc24a576416c22bcbcddf57bc4de4267793e0,2026-10-01T10:11:31.382255Z,
https://www.da.gov.ph/wp-content/uploads/2020/11/Price-Monitoring-November-23-2020.pdf,price_monitoring,0,2020-11-23,parsed,rowtable,28,eaec4204ac5406f129a1f33216e428b567d609fe44317c0e678ad33f2502edbd,2026-10-01T10:11:35.645261Z,
https://www.da.gov.ph/wp-content/uploads/2020/11/Price-Monitoring-November-24-2020.pdf,price_monitoring,0,2020-11-24,parsed,rowtable,28,08d321a5d897ab293fe1424f9b54a088bd652ed363d9e7244db986c253458bd5,2026-10-01T10:11:39.808776Z,
https://www.da.gov.ph/wp-content/uploads/2020/11/Price-Monitoring-November-25-2020.pdf,price_monitoring,0,2020-11-25,parsed,rowtable,28,ca32c92dbc4e53cc430e2a15b6478805bee7031388fa33765dd91e2dce146fa1,2026-10-01T10:11:44.103475Z,
https://www.da.gov.ph/wp-content/uploads/2020/11/Price-Monitoring-November-26-2020.pdf,price_monitoring,0,2020-11-26,parsed,rowtable,28,7f37e7a9cbf65951eb1e6097516d7f9ab505bc21f9199cece1d5db0ff98d72b2,2026-10-01T10:11:48.354375Z,
https://www.da.gov.ph/wp-content/uploads/2020/11/Price-Monitoring-November-27-2020.pdf,price_monitoring,0,2020-11-27,parsed,rowtable,28,6aeccb6a32fe0884028091ea9dea41a4d4d32c372f002efe06012783f8ee82ad,2026-10-01T10:11:52.685595Z,
https://www.da.gov.ph/wp-content/uploads/2020/12/Price-Monitoring-December-01-2020.pdf,price_monitoring,0,2020-12-01,parsed,rowtable,28,ec674416db2fdd2e73a6c01114f27c5d194416abe78a5e2115d41869b549d02b,2026-10-01T10:11:57.137857Z,
https://www.da.gov.ph/wp-content/uploads/2020/12/Price-Monitoring-December-2-2020.pdf,price_monitoring,0,2020-12-02,parsed,rowtable,28,d7ba80e3aa093e023afa60c23b514bceed099d19253e4b32a437cb89892c15d7,2026-10-01T10:12:01.456080Z,
https://www.da.gov.ph/wp-content/uploads/2020/12/Price-Monitoring-December-3-2020.pdf,price_monitoring,0,2020-12-03,parsed,rowtable,28,81449a2e3f19b0dd27ca2d2400e33fc1f8731cf842e8add27e4f75530271e42f,2026-10-01T10:12:06.764313Z,
https://www.da.gov.ph/wp-content/uploads/2020/12/Price-Monitoring-December-4-2020.pdf,price_monitoring,0,2020-12-04,parsed,rowtable,28,1dd1ccb5dc243cbb4bb59b1d908d6dc1fe2f177cfcef2e55656aed9efc3c083f,2026-10-01T10:12:11.899508Z,
https://www.da.gov.ph/wp-content/uploads/2020/12/Price-Monitoring-December-7-2020.pdf,price_monitoring,0,2020-12-07,parsed,rowtable,28,ba6bceb3e5daf71b4c66525d120e57d8a0c8de412739dc5127f503cba0e7dfd5,2026-10-01T10:12:17.306812Z,
https://www.da.gov.ph/wp-content/uploads/2020/12/Price-Monitoring-December-9-2020.pdf,price_monitoring,0,2020-12-09,parsed,rowtable,28,12d68d6eb3d53105992c0f6a5f65fb39beb97d4144691a91b0134639349eab5f,2026-10-01T10:12:21.676621Z,
https://www.da.gov.ph/wp-content/uploads/2020/12/Price-Monitoring-December-10-2020.pdf,price_monitoring,0,2020-12-10,parsed,rowtable,28,4360cd76efc9154795f3487e02b967286bf687041bf4da265b14fdf497880fda,2026-10-01T10:12:25.881049Z,
https://www.da.gov.ph/wp-content/uploads/2020/12/Price-Monitoring-December-11-2020.pdf,price_monitoring,0,2020-12-11,parsed,rowtable,28,672d2154950d0a4975f1b22490fa3351374ef299d5ae46ac5a1826c63b97ba02,2026-10-01T10:12:30.178159Z,
https://www.da.gov.ph/wp-content/uploads/2020/12/Price-Monitoring-December-14-2020.pdf,price_monitoring,0,2020-12-14,parsed,rowtable,28,3862bcff92d79d477cea4cba58cb864d5c46eb44835da42815aae503782a762d,2026-10-01T10:12:34.427570Z,
https://www.da.gov.ph/wp-content/uploads/2020/12/Price-Monitoring-December-15-2020.pdf,price_monitoring,0,2020-12-15,parsed,rowtable,28,d6a51e6e129ded28a73bdfa332fbd903e942f1547c0be97002f0a4bde2e8a7c6,2026-10-01T10:12:38.711896Z,
https://www.da.gov.ph/wp-content/uploads/2020/12/Price-Monitoring-December-16-2020.pdf,price_monitoring,0,2020-12-16,parsed,rowtable,28,73b325b57059d3f48a1a75b104ad228f3f55e06482b029a6e7ddeb31133a1155,2026-10-01T10:12:42.984146Z,
https://www.da.gov.ph/wp-content/uploads/2020/12/Price-Monitoring-December-17-2020.pdf,price_monitoring,0,2020-12-17,parsed,rowtable,28,0e81847faa9516368dc5acf6476bfee194da00842a94de405fd5af5e9e5c4535,2026-10-01T10:12:47.286882Z,
https://www.da.gov.ph/wp-content/uploads/2020/12/Price-Monitoring-December-21-2020.pdf,price_monitoring,0,2020-12-21,parsed,rowtable,28,a99d219dd08641ed6109f10841d038293d2dc546718e69263db74fa02574a35b,2026-10-01T10:12:51.552782Z,
https://www.da.gov.ph/wp-content/uploads/2020/12/Price-Monitoring-December-22-2020.pdf,price_monitoring,0,2020-12-22,parsed,rowtable,28,1f9968a89824499d82e0ad21c7b254c95d7d3220dd0d17e820212377468c0d2c,2026-10-01T10:12:55.818765Z,
https://www.da.gov.ph/wp-content/uploads/2020/12/Price-Monitoring-December-23-2020.pdf,price_monitoring,0,2020-12-23,parsed,rowtable,27,812cfb259a3dbb3add578ea0ebeac6062db6f988cf380867cdff8d3ab9e375d8,2026-10-01T10:13:00.039398Z,
https://www.da.gov.ph/wp-content/uploads/2020/12/Price-Monitoring-December-28-2020.pdf,price_monitoring,0,2020-12-28,parsed,rowtable,28,9f7b7f1c773dd0400e21dfecf07cdc4ff5232436604c375e7fd1ddb3e8382dce,2026-10-01T10:13:04.557754Z,
https://www.da.gov.ph/wp-content/uploads/2020/12/Price-Monitoring-December-29-2020.pdf,price_monitoring,0,2020-12-29,parsed,rowtable,28,b36b34b5c97e607fac9698ca27b3b7a8ad73b10cdab6a88593d7affd41ddf2a1,2026-10-01T10:13:08.835726Z,
https://www.da.gov.ph/wp-content/uploads/2021/01/Price-Monitoring-January-04-2021.pdf,price_monitoring,0,2021-01-04,parsed,rowtable,27,f358e2c255a20ba4b71284f6005f457ff523e4c5d1f26e654eac0394dbfbdea6,2026-10-01T10:13:13.281109Z,
https://www.da.gov.ph/wp-content/uploads/2021/01/Price-Monitoring-January-05-2021.pdf,price_monitoring,0,2021-01-05,parsed,rowtable,27,0801e1f517ed0175857bfd42076455becf5cad747a922ca1e185349d561f04fa,2026-10-01T10:13:17.653183Z,
https://www.da.gov.ph/wp-content/uploads/2021/01/Price-Monitoring-January-06-2021.pdf,price_monitoring,0,2021-01-06,parsed,rowtable,28,128bbbcd978934e52c84be9bbfad41919012d83a47ff8db90d29c8582568e502,2026-10-01T10:13:21.970757Z,
https://www.da.gov.ph/wp-content/uploads/2021/01/Price-Monitoring-January-07-2021.pdf,price_monitoring,0,2021-01-07,parsed,rowtable,28,5ae8dcd975766146becae2335db07a41ab16ae9a5efd9ec3777b8b96195d85eb,2026-10-01T10:13:26.157696Z,
https://www.da.gov.ph/wp-content/uploads/2021/01/Price-Monitoring-January-08-2021.pdf,price_monitoring,0,2021-01-08,parsed,rowtable,28,eddf5aa5a891917544a1618c392c47ed8c1abdae4de40504e6065d727f5537ba,2026-10-01T10:13:30.468254Z,
https://www.da.gov.ph/wp-content/uploads/2021/01/Price-Monitoring-January-11-2021.pdf,price_monitoring,0,2021-01-11,parsed,rowtable,28,07967da03161df5b7d0f92bd5352e89da05c445e67828e9c0320e16b3be6991c,2026-10-01T10:13:34.889279Z,
https://www.da.gov.ph/wp-content/uploads/2021/01/Price-Monitoring-January-12-2021.pdf,price_monitoring,0,2021-01-12,parsed,rowtable,28,a8c1cb22cd9414d7d1f4f7182cdc0cad6e20adb128b1bfc1a6f9ecccdc5e3e87,2026-10-01T10:13:39.289101Z,
https://www.da.gov.ph/wp-content/uploads/2021/01/Price-Monitoring-January-13-2021.pdf,price_monitoring,0,2021-01-13,parsed,rowtable,28,32afd89ade5bdf8519260945926f2a955cd52ccb7b08ceb191f0a899fa51a68c,2026-10-01T10:13:43.480989Z,
https://www.da.gov.ph/wp-content/uploads/2021/01/Price-Monitoring-January-14-2021.pdf,price_monitoring,0,2021-01-14,parsed,rowtable,28,998ec27c7ba6b913069f293a7a94bb83c78d2f5e1ed26429f608a83eb6703d63,2026-10-01T10:13:47.688275Z,
https://www.da.gov.ph/wp-content/uploads/2021/01/Price-Monitoring-January-15-2021.pdf,price_monitoring,0,2021-01-15,parsed,rowtable,28,7f43aaa73f688eb7d003ad682df60ae00a7f01829745edf777d27e42bdaf50b8,2026-10-01T10:13:51.776845Z,
https://www.da.gov.ph/wp-content/uploads/2021/01/Price-Monitoring-January-18-2021.pdf,price_monitoring,0,2021-01-18,parsed,rowtable,28,3924ff6d188a1de2763a7bac9763175e8ea99a90f8c853aba7b13ba28842387a,2026-10-01T10:13:55.826441Z,
https://www.da.gov.ph/wp-content/uploads/2021/01/Price-Monitoring-January-19-2021.pdf,price_monitoring,0,2021-01-19,parsed,rowtable,28,77ef0a97065f12976bb1d73f3963d8df16918fdcc8b09a979eb39185681670d1,2026-10-01T10:14:00.261284Z,
https://www.da.gov.ph/wp-content/uploads/2021/01/Price-Monitoring-January-20-2021.pdf,price_monitoring,0,2021-01-20,parsed,rowtable,28,1778812b3c5dcaea9e1a39edc420598e07cb44d6d04f3891258abd66ece7e9b1,2026-10-01T10:14:04.822773Z,
https://www.da.gov.ph/wp-content/uploads/2021/01/Price-Monitoring-January-21-2021.pdf,price_monitoring,0,2021-01-21,parsed,rowtable,28,89dcb75bf9949a569061e27c8382a7a51d9cc26a62b312bcb14303ffcd2ef7ff,2026-10-01T10:14:08.906991Z,
https://www.da.gov.ph/wp-content/uploads/2021/01/Price-Monitoring-January-22-2021.pdf,price_monitoring,0,2021-01-22,parsed,rowtable,28,f723e069dc198591289cbd2866796c38bdb510660debd5794db60e1a1d4fb221,2026-10-01T10:14:13.008037Z,
https://www.da.gov.ph/wp-content/uploads/2021/01/Price-Monitoring-January-25-2021.pdf,price_monitoring,0,2021-01-25,parsed,rowtable,28,7dc2edb6c0186ef42fdebae346612a1685e71cde4bbcec43e88ed0d2e2d13b32,2026-10-01T10:14:17.128458Z,
https://www.da.gov.ph/wp-content/uploads/2021/01/Price-Monitoring-January-26-2021.pdf,price_monitoring,0,2021-01-26,parsed,rowtable,28,f7caafb633566704a9f348421a60d28112307969919e88d1cf901298ecb81be4,2026-10-01T10:14:21.341398Z,
https://www.da.gov.ph/wp-content/uploads/2021/01/Price-Monitoring-January-27-2021.pdf,price_monitoring,0,2021-01-27,parsed,rowtable,28,0e78359c5d70ecb5dd4fdc134338908cc536b6ad6603f1a82b5629c1e5d50a2d,2026-10-01T10:14:25.638381Z,
https://www.da.gov.ph/wp-content/uploads/2021/01/Price-Monitoring-January-28-2021.pdf,price_monitoring,0,2021-01-28,parsed,rowtable,28,91dea318d373fc17b3f2ac6f5bf1e7b3b0aac5ff7adb35c616fcf0a4b9ce90a7,2026-10-01T10:14:29.916420Z,
https://www.da.gov.ph/wp-content/uploads/2021/01/Price-Monitoring-January-29-2021.pdf,price_monitoring,0,2021-01-29,parsed,rowtable,28,509fd9ebf52b3b46747917c1e8c9589b2d6aef2a85d0b51b9ec327a9b45e8e7d,2026-10-01T10:14:34.103056Z,
https://www.da.gov.ph/wp-content/uploads/2021/02/Price-Monitoring-February-01-2021.pdf,price_monitoring,0,2021-02-01,parsed,rowtable,28,95acc35c97c60346c4deaf4491b07590389b2c8a3c26ae8c74857bd811bec0bc,2026-10-01T10:14:38.200754Z,
https://www.da.gov.ph/wp-content/uploads/2021/02/Price-Monitoring-February-02-2021.pdf,price_monitoring,0,2021-02-02,parsed,rowtable,27,26b2c565eb1c29954487969a79cad62cc31f914cdf642577b01a940afd70357c,2026-10-01T10:14:42.327725Z,
https://www.da.gov.ph/wp-content/uploads/2021/02/Price-Monitoring-February-03-2021.pdf,price_monitoring,0,2021-02-03,parsed,rowtable,28,0ccfbfbff9095473667ef564068e2927674aeed8b5605ac65bd98cb5724ece4f,2026-10-01T10:14:46.845622Z,
https://www.da.gov.ph/wp-content/uploads/2021/02/Price-Monitoring-February-04-2021.pdf,price_monitoring,0,2021-02-04,parsed,rowtable,28,a307835878c6748cc06d320cabfad2a4d48a5eba2d67d8e9a369d4ad08599161,2026-10-01T10:14:50.961225Z,
https://www.da.gov.ph/wp-content/uploads/2021/02/Price-Monitoring-February-05-2021.pdf,price_monitoring,0,2021-02-05,parsed,rowtable,28,aa492a24b13f43c28f8bda9296f1c92c0e9f55fec110c6b0e33dd36c08888f9c,2026-10-01T10:14:55.113853Z,
https://www.da.gov.ph/wp-content/uploads/2021/02/Price-Monitoring-February-08-2021.pdf,price_monitoring,0,2021-02-08,parsed,rowtable,28,3368ec281d51b554c4f90e3296b27a4f816d1764a26d6f9ecc0c90eb8a31b84b,2026-10-01T10:14:59.171530Z,
https://www.da.gov.ph/wp-content/uploads/2021/02/Price-Monitoring-February-09-2021.pdf,price_monitoring,0,2021-02-09,parsed,rowtable,28,7256e6707681c8487021d82d80b3949ae05d6586b912943bb02d0379e866490f,2026-10-01T10:15:03.451393Z,
https://www.da.gov.ph/wp-content/uploads/2021/02/Price-Monitoring-February-10-2021.pdf,price_monitoring,0,2021-02-10,parsed,rowtable,28,193c10c9875b45bb35bb7f64114f2733c2a696f41c554c87e74ff5d90c139a5f,2026-10-01T10:15:07.634425Z,
https://www.da.gov.ph/wp-content/uploads/2021/02/Price-Monitoring-February-11-2021.pdf,price_monitoring,0,2021-02-11,parsed,rowtable,28,8fac6cedd81e675d07bc19e7db2afd58433ecb3ae76d8d4fddb49afad0dc568a,2026-10-01T10:15:11.715154Z,
https://www.da.gov.ph/wp-content/uploads/2021/02/Price-Monitoring-February-12-2021.pdf,price_monitoring,0,2021-02-12,parsed,rowtable,28,fe5d0680d0ae2cc9ab2a3df39652be6b7fe9fcb29cf9f601fcd059fa8cbed018,2026-10-01T10:15:16.085283Z,
https://www.da.gov.ph/wp-content/uploads/2021/02/Price-Monitoring-February-15-2021.pdf,price_monitoring,0,2021-02-15,parsed,rowtable,28,1d98def00f23555431d9816ffba3a557fae352394ca54f3bfc4b1edc34a136c8,2026-10-01T10:15:19.766620Z,
https://www.da.gov.ph/wp-content/uploads/2021/02/Price-Monitoring-February-16-2021.pdf,price_monitoring,0,2021-02-16,parsed,rowtable,28,f38a401b08fe171b7992973b0ad7d32a0eba03790c3e35da95015531377b5fdd,2026-10-01T10:15:24.244005Z,
https://www.da.gov.ph/wp-content/uploads/2021/02/Price-Monitoring-February-17-2021.pdf,price_monitoring,0,2021-02-17,parsed,rowtable,28,286776f040dfd37d8a3b9c633251942179602c7d5be4cbb7ff7bcb73b725f691,2026-10-01T10:15:28.602021Z,
https://www.da.gov.ph/wp-content/uploads/2021/02/Price-Monitoring-February-18-2021.pdf,price_monitoring,0,2021-02-18,parsed,rowtable,28,2b06ed2c26246c0cc3f60d99a82128ee68ecef6f6f7b79524928a0f418cc69af,2026-10-01T10:15:32.964918Z,
https://www.da.gov.ph/wp-content/uploads/2021/02/Price-Monitoring-February-19-2021.pdf,price_monitoring,0,2021-02-19,parsed,rowtable,28,3977bb8fbc7cc34d4ba02895af85b902573e8e87206d16f125fc2c87c0c261c2,2026-10-01T10:15:37.196216Z,
https://www.da.gov.ph/wp-content/uploads/2021/02/Price-Monitoring-February-22-2021.pdf,price_monitoring,0,2021-02-22,parsed,rowtable,27,209c0c34a6fa07169babcae3381c29561a0cc76746f6d6a3aa9c75edcbc8c1b4,2026-10-01T10:15:41.397021Z,
https://www.da.gov.ph/wp-content/uploads/2021/02/Price-Monitoring-February-23-2021.pdf,price_monitoring,0,2021-02-23,parsed,rowtable,28,7021cde52aba733b5e48f694cef70910dfffc6441a1a37c6d44aad234a68ee70,2026-10-01T10:15:45.593615Z,
https://www.da.gov.ph/wp-content/uploads/2021/02/Price-Monitoring-February-24-2021.pdf,price_monitoring,0,2021-02-24,parsed,rowtable,28,5bdc1df670114503e5caa76b747be28f113dd38624dd103378b4f2db8128f184,2026-10-01T10:15:49.722601Z,
https://www.da.gov.ph/wp-content/uploads/2021/02/Price-Monitoring-February-25-2021.pdf,price_monitoring,0,2021-02-25,parsed,rowtable,28,1a16a0f7837801884236ff57e27e3c1b5c1a88a1edbc267d3fefcfa95ec50e92,2026-10-01T10:15:53.887578Z,
https://www.da.gov.ph/wp-content/uploads/2021/03/Price-Monitoring-February-26-2021.pdf,price_monitoring,0,2021-02-26,parsed,rowtable,28,59d321af274c522a12b791623f8c156dfc69209276ed4f5ddcfb8c91aef73e30,2026-10-01T10:15:58.196226Z,
https://www.da.gov.ph/wp-content/uploads/2021/03/Price-Monitoring-March-01-2021.pdf,price_monitoring,0,2021-03-01,parsed,rowtable,28,93063424f1acab51fab2fbad8a2e00819dfb1471a0b76e47a1b2a907a9f8ca6e,2026-10-01T10:16:02.708444Z,
https://www.da.gov.ph/wp-content/uploads/2021/03/Price-Monitoring-March-02-2021.pdf,price_monitoring,0,2021-03-02,parsed,rowtable,27,9d6b23fc0221ba75c870071fff20558c0ce1549189f0233f663935b6e1f3ff0d,2026-10-01T10:16:06.900211Z,
https://www.da.gov.ph/wp-content/uploads/2021/03/Price-Monitoring-March-03-2021.pdf,price_monitoring,0,2021-03-03,parsed,rowtable,27,9140cd2b26ae125112fa0b2202611e6b609789fdc971c10200f4ca423edf6f3f,2026-10-01T10:16:11.166002Z,
https://www.da.gov.ph/wp-content/uploads/2021/03/Price-Monitoring-March-04-2021.pdf,price_monitoring,0,2021-03-04,parsed,rowtable,27,90866e299c9cc49d9aa777bd767f4ad03ec381ff308ae1c14ea3615a32fb8f69,2026-10-01T10:16:15.580293Z,
https://www.da.gov.ph/wp-content/uploads/2021/03/Price-Monitoring-March-05-2021.pdf,price_monitoring,0,2021-03-05,parsed,rowtable,27,6271b5b61a6533c916258159528c18add7018c8d3d90a9b07c4f02600f434a41,2026-10-01T10:16:20.262937Z,
https://www.da.gov.ph/wp-content/uploads/2021/03/Price-Monitoring-March-08-2021.pdf,price_monitoring,0,2021-03-08,parsed,rowtable,30,3fb3a39ebd8c661cde71fd72e2372e074785e2b9979119a1bc40468c89eb6317,2026-10-01T10:16:24.849896Z,
https://www.da.gov.ph/wp-content/uploads/2021/03/Price-Monitoring-March-09-2021.pdf,price_monitoring,0,2021-03-09,parsed,rowtable,29,546eeeb752ed186c92d55413ce8e20cb4935fe982daf5802244255dace4ecbd5,2026-10-01T10:16:29.472238Z,
https://www.da.gov.ph/wp-content/uploads/2021/03/Price-Monitoring-March-10-2021.pdf,price_monitoring,0,2021-03-10,parsed,rowtable,29,9a066681bf02ac8bcc044bfb6bf76a12d4c427b88e5539f008bc1bc8299810d7,2026-10-01T10:16:33.871926Z,
https://www.da.gov.ph/wp-content/uploads/2021/03/Price-Monitoring-March-11-2021.pdf,price_monitoring,0,2021-03-11,parsed,rowtable,29,99180df45bcaa48bc3f2ee995611cb364eb12c506eb2c1674d4ae5ce79be6884,2026-10-01T10:16:38.108075Z,
https://www.da.gov.ph/wp-content/uploads/2021/03/Price-Monitoring-March-12-2021.pdf,price_monitoring,0,2021-03-12,parsed,rowtable,30,066c9ef3df872dcbb83a91e4d420066e41cd39f70237476a814f587d6fcab593,2026-10-01T10:16:42.429324Z,
https://www.da.gov.ph/wp-content/uploads/2021/03/Price-Monitoring-March-15-2021.pdf,price_monitoring,0,2021-03-15,parsed,rowtable,29,06865331ac4b77fb88011b3e79984011d2bd8d1ae317d7d8a0e72b6e795ab286,2026-10-01T10:16:47.393524Z,
https://www.da.gov.ph/wp-content/uploads/2021/03/Price-Monitoring-March-16-2021.pdf,price_monitoring,0,2021-03-16,parsed,rowtable,29,0b1de40edf7123c375f19662fcb76cb4617344c0d7513cb67d913a38ffa2534f,2026-10-01T10:16:51.585191Z,
https://www.da.gov.ph/wp-content/uploads/2021/03/Price-Monitoring-March-17-2021.pdf,price_monitoring,0,2021-03-17,parsed,rowtable,29,e1d5ca38665c2d793a8bb5a7c524c14fe13942eb13752e9fe406584ca37109a9,2026-10-01T10:16:56.698203Z,
https://www.da.gov.ph/wp-content/uploads/2021/03/Price-Monitoring-March-18-2021.pdf,price_monitoring,0,2021-03-18,parsed,rowtable,29,df9425a00366894dcb4abd80972408c573db7a51b9d2613f472c33635a262887,2026-10-01T10:17:01.215323Z,
https://www.da.gov.ph/wp-content/uploads/2021/03/Price-Monitoring-March-19-2021.pdf,price_monitoring,0,2021-03-19,parsed,rowtable,29,2a97f31e92608e8e5566421d19ab0f26851d0ba44628eb817cd6d0b7062c51a5,2026-10-01T10:17:05.445625Z,
https://www.da.gov.ph/wp-content/uploads/2021/03/Price-Monitoring-March-22-2021.pdf,price_monitoring,0,2021-03-22,parsed,rowtable,29,75c18e6d32ca27e83d282b989d6aaf1951be180de7518af8919253938bc7032c,2026-10-01T10:17:09.664772Z,
https://www.da.gov.ph/wp-content/uploads/2021/03/Price-Monitoring-March-23-2021.pdf,price_monitoring,0,2021-03-23,parsed,rowtable,29,4de0135e3c066fee060ca361343bf5464d70bff73e89182f7cfc7516856d684d,2026-10-01T10:17:14.004861Z,
https://www.da.gov.ph/wp-content/uploads/2021/03/Price-Monitoring-March-24-2021.pdf,price_monitoring,0,2021-03-24,parsed,rowtable,30,6e30e7a8c051aa23384ee73b7c61a9e4467d6795dbd3253c756f047955fdb9a1,2026-10-01T10:17:18.298691Z,
https://www.da.gov.ph/wp-content/uploads/2021/03/Price-Monitoring-March-25-2021.pdf,price_monitoring,0,2021-03-25,parsed,rowtable,30,27e96323785c98c1829a5868e84b473a327b82db1f52b6a2f9d1bd92d321d421,2026-10-01T10:17:22.584580Z,
https://www.da.gov.ph/wp-content/uploads/2021/03/Price-Monitoring-March-26-2021.pdf,price_monitoring,0,2021-03-26,parsed,rowtable,30,edc01cb0d17622fd2550d05c42883703238db5a9e913376f20b10ecb25fb9800,2026-10-01T10:17:26.898944Z,
https://www.da.gov.ph/wp-content/uploads/2021/03/Price-Monitoring-March-29-2021.pdf,price_monitoring,0,2021-03-29,parsed,rowtable,28,fffed849cc4d7ac20279127024d0e206116552a02af1e4018edb423f86e77fe8,2026-10-01T10:17:31.393170Z,
https://www.da.gov.ph/wp-content/uploads/2021/03/Price-Monitoring-March-30-2021.pdf,price_monitoring,0,2021-03-30,parsed,rowtable,28,27521dd900ae58f7e6e431ba756e2bb2e812cd4f6b1c466546df6d764b025265,2026-10-01T10:17:37.610570Z,
https://www.da.gov.ph/wp-content/uploads/2021/03/Price-Monitoring-March-31-2021.pdf,price_monitoring,0,2021-03-31,parsed,rowtable,28,5d25d7b0bde1a1ce6e25b3b3b3410a3e8389ad7336a3559f716a1caf806d228c,2026-10-01T10:17:42.238250Z,
https://www.da.gov.ph/wp-content/uploads/2021/04/Price-Monitoring-April-5-2021.pdf,price_monitoring,0,2021-04-05,parsed,rowtable,29,a000f6e10b2f1cef9fb2e4b37a2d726d4fa42baccfa354d2c34bf230248eb169,2026-10-01T10:17:46.849611Z,
https://www.da.gov.ph/wp-content/uploads/2021/04/Price-Monitoring-April-6-2021.pdf,price_monitoring,0,2021-04-06,parsed,rowtable,29,59b7d0624ef62fa383dfca94b3ddf9ec9afc41d02b0810c5519d7c61745a4558,2026-10-01T10:17:51.137910Z,
https://www.da.gov.ph/wp-content/uploads/2021/04/Price-Monitoring-April-7-2021.pdf,price_monitoring,0,2021-04-07,parsed,rowtable,28,0fccba03671590ca74e37b71745fe4bc790fdad2076c009765fef375e37c75c2,2026-10-01T10:17:55.605281Z,
https://www.da.gov.ph/wp-content/uploads/2021/04/Price-Monitoring-April-8-2021.pdf,price_monitoring,0,2021-04-08,parsed,rowtable,29,3fd167e3c9130ddad4d42226f2bd92423ec74b8a7949018b4addd66c89f36584,2026-10-01T10:17:59.904294Z,
https://www.da.gov.ph/wp-content/uploads/2021/04/Price-Monitoring-April-9-2021.pdf,price_monitoring,0,2021-04-09,parsed,rowtable,28,cae587c6c3689d4b2fa1b82bf11b20002176b957e435d01a1bb2262edbc037fb,2026-10-01T10:18:04.287935Z,
https://www.da.gov.ph/wp-content/uploads/2021/04/Price-Monitoring-April-12-2021.pdf,price_monitoring,0,2021-04-12,parsed,rowtable,30,3951cd45aedf2ff7893145392e6ac3e92460a9c40f526e9b897f570dbaeb9555,2026-10-01T10:18:08.620386Z,
https://www.da.gov.ph/wp-content/uploads/2021/04/Price-Monitoring-April-13-2021.pdf,price_monitoring,0,2021-04-13,parsed,rowtable,28,aad81a277ca3767339ed9ac280b3165e17dc539dbcb6285578169d8fad481dd4,2026-10-01T10:18:13.111770Z,
https://www.da.gov.ph/wp-content/uploads/2021/04/Price-Monitoring-April-14-2021.pdf,price_monitoring,0,2021-04-14,parsed,rowtable,28,0af289d3c8a4654ad729ffa64b2ad639687542e08d79dfd97bd9ae08d8fd8902,2026-10-01T10:18:17.804373Z,
https://www.da.gov.ph/wp-content/uploads/2021/04/Price-Monitoring-April-15-2021.pdf,price_monitoring,0,2021-04-15,parsed,rowtable,28,9eb305aa8c134cd04deca5e7cb76ae61fc700e080395f20fc6be01e356261b4b,2026-10-01T10:18:22.422351Z,
https://www.da.gov.ph/wp-content/uploads/2021/04/Price-Monitoring-April-16-2021.pdf,price_monitoring,0,2021-04-16,parsed,rowtable,30,86b8dc7a8a7dcdaf2370a28ac859d9980ceace8b0b8a015f48ee76c7df1cbae0,2026-10-01T10:18:26.903240Z,
https://www.da.gov.ph/wp-content/uploads/2021/04/Price-Monitoring-April-19-2021.pdf,price_monitoring,0,2021-04-19,parsed,rowtable,28,6323b2ee8ac68d17ec053a36869f3612d95d33f4f17030e02ccd923de4c13ccd,2026-10-01T10:18:31.286716Z,
https://www.da.gov.ph/wp-content/uploads/2021/04/Price-Monitoring-April-20-2021.pdf,price_monitoring,0,2021-04-20,parsed,rowtable,28,4208e1dd095b7368185eb07f373d2e40ee08e08fe7b0fc00b92510898f97aad7,2026-10-01T10:18:35.587145Z,
https://www.da.gov.ph/wp-content/uploads/2021/04/Price-Monitoring-April-21-2021.pdf,price_monitoring,0,2021-04-21,parsed,rowtable,27,1324cf9386a5d545dfff631e7f6c1cce03863cf371fb44b3058a23762af7c088,2026-10-01T10:18:39.893394Z,
https://www.da.gov.ph/wp-content/uploads/2021/04/Price-Monitoring-April-22-2021.pdf,price_monitoring,0,2021-04-22,parsed,rowtable,28,aa493c5de261480c07fca3cae79b869a1d901064ad941ff284d250aa21abd86d,2026-10-01T10:18:44.307576Z,
https://www.da.gov.ph/wp-content/uploads/2021/04/Price-Monitoring-April-23-2021.pdf,price_monitoring,0,2021-04-23,parsed,rowtable,28,62f67cf5406496a6da1212da561ec8f8588776b5cf13c8400eca4b4e40ed633e,2026-10-01T10:18:48.496595Z,
https://www.da.gov.ph/wp-content/uploads/2021/04/Price-Monitoring-April-26-2021.pdf,price_monitoring,0,2021-04-26,parsed,rowtable,27,80357606bd5ff9f97a9b0e86d78bbc8d4400c0f454257f368b3e7916ed49299a,2026-10-01T10:18:52.720333Z,
https://www.da.gov.ph/wp-content/uploads/2021/04/Price-Monitoring-April-27-2021.pdf,price_monitoring,0,2021-04-27,parsed,rowtable,27,e6bcf978390815e1758990fb0783ba611f384272a7d8f86ebcb2ae2968bef35f,2026-10-01T10:18:57.049803Z,
https://www.da.gov.ph/wp-content/uploads/2021/04/Price-Monitoring-April-28-2021.pdf,price_monitoring,0,2021-04-28,parsed,rowtable,27,265728a4325d60883709384d3b146552b711a2406032eebaa515ad1f26230735,2026-10-01T10:19:01.251606Z,
https://www.da.gov.ph/wp-content/uploads/2021/04/Price-Monitoring-April-29-2021.pdf,price_monitoring,0,2021-04-29,parsed,rowtable,28,f7ba5ce6bf610f63b4aaf466c191ec3f68ee01b8f7c43e3eaf628022b0b857ab,2026-10-01T10:19:05.457418Z,
https://www.da.gov.ph/wp-content/uploads/2021/04/Price-Monitoring-April-30-2021.pdf,price_monitoring,0,2021-04-30,parsed,rowtable,27,6cf9ef059088aa3050d1cbbc032b475af6574df215f76fe65bc738bd0f61f396,2026-10-01T10:19:09.600085Z,
https://www.da.gov.ph/wp-content/uploads/2021/05/Price-Monitoring-May-3-2021.pdf,price_monitoring,0,2021-05-03,parsed,rowtable,27,616c18d257e6603919a1bdf1136d97b4835a1eda7735f9e3a3fd62d240328a90,2026-10-01T10:19:13.902005Z,
https://www.da.gov.ph/wp-content/uploads/2021/05/Price-Monitoring-May-4-2021.pdf,price_monitoring,0,2021-05-04,parsed,rowtable,27,2c06b4153862607522ed07367df4da888860f17d061100c618e858d562114b28,2026-10-01T10:19:18.344552Z,
https://www.da.gov.ph/wp-content/uploads/2021/05/Price-Monitoring-May-5-2021.pdf,price_monitoring,0,2021-05-05,parsed,rowtable,28,c5a07d1cc6743a96c160a9736bb72e391871bab2f7b9ce268ed62bd0c8d0d2ba,2026-10-01T10:19:22.627263Z,
https://www.da.gov.ph/wp-content/uploads/2021/05/Price-Monitoring-May-6-2021.pdf,price_monitoring,0,2021-05-06,parsed,rowtable,28,27710534cdba89c4238815c7675b60e1e1c49d69a75bec06652841161d45ff14,2026-10-01T10:19:27.096292Z,
https://www.da.gov.ph/wp-content/uploads/2021/05/Price-Monitoring-May-10-2021.pdf,price_monitoring,0,2021-05-10,parsed,rowtable,27,d478c15a64bc4e17126c2f04d573b71b8bc690d291c3ba06ca2ba681bdf784f9,2026-10-01T10:19:31.381006Z,
https://www.da.gov.ph/wp-content/uploads/2021/05/Price-Monitoring-May-11-2021.pdf,price_monitoring,0,2021-05-11,parsed,rowtable,27,e3ed9814dd3962c8cc14d0df70a005e6133c01b421797d7f90c3d1ab353492a1,2026-10-01T10:19:35.617555Z,
https://www.da.gov.ph/wp-content/uploads/2021/05/Price-Monitoring-May-12-2021.pdf,price_monitoring,0,2021-05-12,parsed,rowtable,29,3932b58cf07e216f1820c4ff20d9cb8f65f5a064c2f9d34b30ffa9b5faf8cb77,2026-10-01T10:19:39.932069Z,
https://www.da.gov.ph/wp-content/uploads/2021/05/Price-Monitoring-May-13-2021.pdf,price_monitoring,0,2021-05-13,parsed,rowtable,27,b6ae512ddbef9885724d828621cc5aae1b0aadb66c7f9fbb45b9586160d01b9f,2026-10-01T10:19:44.448822Z,
https://www.da.gov.ph/wp-content/uploads/2021/05/Price-Monitoring-May-14-2021.pdf,price_monitoring,0,2021-05-14,parsed,rowtable,27,e4af9eb1710b6bb3ae171a6327e2d56cd83bfb9ea9aaada882bc9af0de013625,2026-10-01T10:19:48.891057Z,
https://www.da.gov.ph/wp-content/uploads/2021/05/Price-Monitoring-May-17-2021.pdf,price_monitoring,0,2021-05-17,parsed,rowtable,27,803585faffd3498de45d43c959d0dfa8d1b3be39413ce0382a3db10ef0c61ba2,2026-10-01T10:19:53.103735Z,
https://www.da.gov.ph/wp-content/uploads/2021/05/Price-Monitoring-May-18-2021.pdf,price_monitoring,0,2021-05-18,parsed,rowtable,28,143dda234e8f3ac975de5a04871a70fa70c87bde0c744d664e54a12f295ea7c7,2026-10-01T10:19:57.491422Z,
https://www.da.gov.ph/wp-content/uploads/2021/05/Price-Monitoring-May-19-2021.pdf,price_monitoring,0,2021-05-19,parsed,rowtable,29,6885d40e004b68936e277e61060e58eab0379a080390557f2f238ac0234b09f0,2026-10-01T10:20:01.896444Z,
https://www.da.gov.ph/wp-content/uploads/2021/05/Price-Monitoring-May-20-2021.pdf,price_monitoring,0,2021-05-20,parsed,rowtable,28,e212b3c44a105af010a74609bf6f47650eedd39ee484df5769271544004e6139,2026-10-01T10:20:06.229313Z,
https://www.da.gov.ph/wp-content/uploads/2021/05/Price-Monitoring-May-21-2021.pdf,price_monitoring,0,2021-05-21,parsed,rowtable,27,7c7900cb1cec26aa3bb1e368cb4cafb1d1f563c22d135b56447e8445f76cd040,2026-10-01T10:20:10.510076Z,
https://www.da.gov.ph/wp-content/uploads/2021/05/Price-Monitoring-May-24-2021.pdf,price_monitoring,0,2021-05-24,parsed,rowtable,28,3c7cd90e3c5fabf614f3794aed2c0829056b1bbacbb51cbbfb1611703b81ff9d,2026-10-01T10:20:14.700135Z,
https://www.da.gov.ph/wp-content/uploads/2021/05/Price-Monitoring-May-25-2021.pdf,price_monitoring,0,2021-05-25,parsed,rowtable,27,a97006632a2e178ebe29df0f754d9e47657f0d023308fcc724801f846aa41d50,2026-10-01T10:20:18.972555Z,
https://www.da.gov.ph/wp-content/uploads/2021/05/Price-Monitoring-May-26-2021.pdf,price_monitoring,0,2021-05-26,parsed,rowtable,28,793269bf3743f0fb3dc1efed41237b7f9af06dab9bfdf9211b7f604ea338a68c,2026-10-01T10:20:23.306738Z,
https://www.da.gov.ph/wp-content/uploads/2021/05/Price-Monitoring-May-27-2021.pdf,price_monitoring,0,2021-05-27,parsed,rowtable,28,2bb0646687798f5433423190816c8b5cb985663f066b410e8abee3f4c24fc929,2026-10-01T10:20:27.761820Z,
https://www.da.gov.ph/wp-content/uploads/2021/05/Price-Monitoring-May-28-2021.pdf,price_monitoring,0,2021-05-28,parsed,rowtable,28,9c4c95cb6d5c569b16c20dd3f838747e9893ef77f8c0db265d3747f77a6a95ea,2026-10-01T10:20:33.137667Z,
https://www.da.gov.ph/wp-content/uploads/2021/05/Price-Monitoring-May-31-2021.pdf,price_monitoring,0,2021-05-31,parsed,rowtable,27,015407e878db796256a91241aeae221e85ab1a1faf46f4f1786cbfb16e0cbfc4,2026-10-01T10:20:37.745591Z,
https://www.da.gov.ph/wp-content/uploads/2021/06/Price-Monitoring-June-1-2021.pdf,price_monitoring,0,2021-06-01,parsed,rowtable,27,d18c844f132e1e2aec5d946ae3e534a1332e58dda11141eb5422d2bf0002b1a5,2026-10-01T10:20:42.681199Z,
https://www.da.gov.ph/wp-content/uploads/2021/06/Price-Monitoring-June-2-2021.pdf,price_monitoring,0,2021-06-02,parsed,rowtable,27,a7d773f69424af8a4cd320580669e634bdc1e5f3c589a31b25fd49019a848943,2026-10-01T10:20:47.101898Z,
https://www.da.gov.ph/wp-content/uploads/2021/06/Price-Monitoring-June-3-2021.pdf,price_monitoring,0,2021-06-03,parsed,rowtable,27,d1ce7cc72fd62d9a1b4b7fe80db7c4136c7b78275a4468c79a2823e75083639b,2026-10-01T10:20:51.551490Z,
https://www.da.gov.ph/wp-content/uploads/2021/06/Price-Monitoring-June-4-2021.pdf,price_monitoring,0,2021-06-04,parsed,rowtable,28,d9f246be52e68e531802964ca6dd3823f33ac56414d7d013e0b406e69d81dc47,2026-10-01T10:20:56.737810Z,
https://www.da.gov.ph/wp-content/uploads/2021/06/Price-Monitoring-June-7-2021.pdf,price_monitoring,0,2021-06-07,parsed,rowtable,27,95b78a46e1b87f21fd09ce66a994a4adfbb97f951f2076173f5c267fe6c0afe6,2026-10-01T10:21:01.027872Z,
https://www.da.gov.ph/wp-content/uploads/2021/06/Price-Monitoring-June-8-2021.pdf,price_monitoring,0,2021-06-08,parsed,rowtable,27,5bf6deb89dfac016e3583ece8f23b7f570a6b49c93d8ef867e52ed30765deadb,2026-10-01T10:21:05.745226Z,
https://www.da.gov.ph/wp-content/uploads/2021/06/Price-Monitoring-June-9-2021.pdf,price_monitoring,0,2021-06-09,parsed,rowtable,27,08f255ccbe62f72442a02605d05659f6914aecda3397f4cd58fe78b307a70b9c,2026-10-01T10:21:10.282356Z,
https://www.da.gov.ph/wp-content/uploads/2021/06/Price-Monitoring-June-10-2021.pdf,price_monitoring,0,2021-06-10,parsed,rowtable,27,d308300f2563ee29d96eaf7c866491b8bf32d14f8c00bdb152ea9a4ec8c07347,2026-10-01T10:21:15.154539Z,
https://www.da.gov.ph/wp-content/uploads/2021/06/Price-Monitoring-June-11-2021.pdf,price_monitoring,0,2021-06-11,parsed,rowtable,28,e3f021ae98afae433ecbb6edb783e919017d4d8e3b39155bfbe75126038acec2,2026-10-01T10:21:20.131149Z,
https://www.da.gov.ph/wp-content/uploads/2021/06/Price-Monitoring-June-14-2021.pdf,price_monitoring,0,2021-06-14,parsed,rowtable,28,07161d3d6531708b4c2c7f64514783839de331a3078462aaafe036ee0d6b39ec,2026-10-01T10:21:24.530502Z,
https://www.da.gov.ph/wp-content/uploads/2021/06/Price-Monitoring-June-15-2021.pdf,price_monitoring,0,2021-06-15,parsed,rowtable,28,b4c98bdb8431ef973a4bd676969abbf883d7d1dd7dbbc5061552d4f3edd68e9f,2026-10-01T10:21:29.143848Z,
https://www.da.gov.ph/wp-content/uploads/2021/06/Price-Monitoring-June-16-2021.pdf,price_monitoring,0,2021-06-16,parsed,rowtable,28,7f67186b900021b86a7042717f7426bf722e68c03bc0a18433551bfdeb47ac9e,2026-10-01T10:21:33.893705Z,
https://www.da.gov.ph/wp-content/uploads/2021/06/Price-Monitoring-June-17-2021.pdf,price_monitoring,0,2021-06-17,parsed,rowtable,28,2a496d4bfd296f5e79523f2125d75225c181e573bcdd5fc54fb385fcef079324,2026-10-01T10:21:38.285159Z,
https://www.da.gov.ph/wp-content/uploads/2021/06/Price-Monitoring-June-18-2021.pdf,price_monitoring,0,2021-06-18,parsed,rowtable,28,5b912ff20a0b33971ec1c1eb8a90012ba002fd9c4de3ca552bef6faa98aa4a4c,2026-10-01T10:21:42.606394Z,
https://www.da.gov.ph/wp-content/uploads/2021/06/Price-Monitoring-June-21-2021.pdf,price_monitoring,0,2021-06-21,parsed,rowtable,27,38c5385928399a26f75ad5d07ef943fd21e2e588fe627bb33e26b4b6a7fc8293,2026-10-01T10:21:46.905683Z,
https://www.da.gov.ph/wp-content/uploads/2021/06/Price-Monitoring-June-22-2021.pdf,price_monitoring,0,2021-06-22,parsed,rowtable,27,a0840f300b8ebc06ba3daa399fabbe592f0985740ed26212ca9d5da0012e04f5,2026-10-01T10:21:51.160346Z,
https://www.da.gov.ph/wp-content/uploads/2021/06/Price-Monitoring-June-23-2021.pdf,price_monitoring,0,2021-06-23,parsed,rowtable,25,6355348705f03f6befb250fac6c943da20c0849c2dfe8d8963a9eaf4c14e1933,2026-10-01T10:21:55.398935Z,
https://www.da.gov.ph/wp-content/uploads/2021/06/Price-Monitoring-June-24-2021.pdf,price_monitoring,0,2021-06-24,parsed,rowtable,29,5845f957b90d6e0dcb4f4fcca408f7abc46cdc76091f10b51f5fcfb016e09263,2026-10-01T10:21:59.970125Z,
https://www.da.gov.ph/wp-content/uploads/2021/06/Price-Monitoring-June-25-2021.pdf,price_monitoring,0,2021-06-25,parsed,rowtable,29,4bffc04e14f63543cf3aafbf9613c98a80e8ba89f0e96b8239b83ba111d40145,2026-10-01T10:22:04.273003Z,
https://www.da.gov.ph/wp-content/uploads/2021/06/Price-Monitoring-June-28-2021.pdf,price_monitoring,0,2021-06-28,parsed,rowtable,27,0e85fe843c61355cc07b2514f011d0cc1eaa11d414ecbe703eccfcfce82dae7b,2026-10-01T10:22:08.593242Z,
https://www.da.gov.ph/wp-content/uploads/2021/06/Price-Monitoring-June-29-2021.pdf,price_monitoring,0,2021-06-29,parsed,rowtable,27,b4295373c9910a928a30dcbbfee35306f81c01dea2883689d7327a040b6083d4,2026-10-01T10:22:12.835646Z,
https://www.da.gov.ph/wp-content/uploads/2021/06/Price-Monitoring-June-30-2021.pdf,price_monitoring,0,2021-06-30,parsed,rowtable,27,b5bff884f1360104a5ce48efd0cacdbc6ec8023955e1b9435111d813de441fb7,2026-10-01T10:22:17.135990Z,
https://www.da.gov.ph/wp-content/uploads/2021/07/Price-Monitoring-July-1-2021.pdf,price_monitoring,0,2021-07-01,parsed,rowtable,27,b9f25076cdeba666e8f7447418daef41bde1e92c29f6ddfbfbb601bdf1809adc,2026-10-01T10:22:21.449487Z,
https://www.da.gov.ph/wp-content/uploads/2021/07/Price-Monitoring-July-2-2021.pdf,price_monitoring,0,2021-07-02,parsed,rowtable,28,b825f68fdb839d38cb26ed10473008bce27e52ca71be9623e71ff20bacc8cb07,2026-10-01T10:22:25.717998Z,
https://www.da.gov.ph/wp-content/uploads/2021/07/Price-Monitoring-July-5-2021.pdf,price_monitoring,0,2021-07-05,parsed,rowtable,28,e651de4c69e5b9ba2a139d508dd181cf87337280affc453079f80b9ac36b46ad,2026-10-01T10:22:30.227821Z,
https://www.da.gov.ph/wp-content/uploads/2021/07/Price-Monitoring-July-6-2021.pdf,price_monitoring,0,2021-07-06,parsed,rowtable,29,e5f62619809709af47d880a1e590ab403f8d1431d03ec68557fffddf0d1f04d2,2026-10-01T10:22:34.519903Z,
https://www.da.gov.ph/wp-content/uploads/2021/07/Price-Monitoring-July-7-2021.pdf,price_monitoring,0,2021-07-07,parsed,rowtable,29,8dc1acf7ce12cb01c38d162fe22a4d7dc345ca07e492f7c95b0711af4ee142e3,2026-10-01T10:22:38.899581Z,
https://www.da.gov.ph/wp-content/uploads/2021/07/Price-Monitoring-July-9-2021.pdf,price_monitoring,0,2021-07-09,parsed,rowtable,29,97159a2e8355f33b4c6701e5fc25487fc1bef3fc272e05e3219df259ceb0503f,2026-10-01T10:22:43.152113Z,
https://www.da.gov.ph/wp-content/uploads/2021/07/Price-Monitoring-July-12-2021.pdf,price_monitoring,0,2021-07-12,parsed,rowtable,29,23e6f0c21a3589c10c46b2aead220c29ca2dca3d4cc551f5340c9ba3e6898da2,2026-10-01T10:22:47.501825Z,
https://www.da.gov.ph/wp-content/uploads/2021/07/Price-Monitoring-July-13-2021.pdf,price_monitoring,0,2021-07-13,parsed,rowtable,29,36fb830239096d5251b2c01c36b76a6cf816aeeaf08f9dad273bdb90c86b3fe4,2026-10-01T10:22:51.909432Z,
https://www.da.gov.ph/wp-content/uploads/2021/07/Price-Monitoring-July-14-2021.pdf,price_monitoring,0,2021-07-14,parsed,rowtable,29,066a8812ba592cb0ae8c1f57517c6849eff72d8668a091d6b020f1aa773475fa,2026-10-01T10:22:56.656667Z,
https://www.da.gov.ph/wp-content/uploads/2021/07/Price-Monitoring-July-15-2021.pdf,price_monitoring,0,2021-07-15,parsed,rowtable,29,53f55ce1f1219ed9bc1cb91704df0b10ca7cfb43d74b425323933a5e030c7fe7,2026-10-01T10:23:01.021740Z,
https://www.da.gov.ph/wp-content/uploads/2021/07/Price-Monitoring-July-16-2021.pdf,price_monitoring,0,2021-07-16,parsed,rowtable,29,435dba4d0a3af495f829881b399067a43f1f86a6bf846b0cfa02b9db4891f2c0,2026-10-01T10:23:05.290167Z,
https://www.da.gov.ph/wp-content/uploads/2021/07/Price-Monitoring-July-19-2021.pdf,price_monitoring,0,2021-07-19,parsed,rowtable,29,ad799fd06998a8921846811ce37413dddd5b480ccdd85c71e11fa1cb39df1807,2026-10-01T10:23:09.426607Z,
https://www.da.gov.ph/wp-content/uploads/2021/07/Price-Monitoring-July-20-2021.pdf,price_monitoring,0,2021-07-20,parsed,rowtable,29,be78bf5147ef540d90ed97509c99b8cb1fc3a251edbb2ecd13ded3597d11f876,2026-10-01T10:23:13.756916Z,
https://www.da.gov.ph/wp-content/uploads/2021/07/Price-Monitoring-July-21-2021.pdf,price_monitoring,0,2021-07-21,parsed,rowtable,29,f9a89de698de9954c26df41f161f53b38510ccb038203978ff2e2e480fa9a6b1,2026-10-01T10:23:18.229360Z,
https://www.da.gov.ph/wp-content/uploads/2021/07/Price-Monitoring-July-22-2021.pdf,price_monitoring,0,2021-07-22,parsed,rowtable,29,891bbba1ba3ba010d9d747d9a96f2805c4c44ecf95fffadd3100435cef58a465,2026-10-01T10:23:22.585211Z,
https://www.da.gov.ph/wp-content/uploads/2021/07/Price-Monitoring-July-23-2021.pdf,price_monitoring,0,2021-07-23,parsed,rowtable,30,4f00dedd4917e8060973a89569d15a2d3328644c4dea4c97d8810c3a1081c001,2026-10-01T10:23:26.899661Z,
https://www.da.gov.ph/wp-content/uploads/2021/07/Price-Monitoring-July-26-2021.pdf,price_monitoring,0,2021-07-26,parsed,rowtable,28,29116f610bbad9735620b217914381d6f207c47d1913f5f751896c437ca4d6e7,2026-10-01T10:23:31.202049Z,
https://www.da.gov.ph/wp-content/uploads/2021/07/Price-Monitoring-July-27-2021.pdf,price_monitoring,0,2021-07-27,parsed,rowtable,30,6ec78cbc1747262f727a98e9295b2c3b4ecf50aa876f4f2fae8ceb6e0e4aa636,2026-10-01T10:23:35.565589Z,
https://www.da.gov.ph/wp-content/uploads/2021/07/Price-Monitoring-July-28-2021.pdf,price_monitoring,0,2021-07-28,parsed,rowtable,30,4b86ae2c81089e346a63c5ed0f7905298b453c5ed40fa01fd1b1cebc9a9535e8,2026-10-01T10:23:40.004446Z,
https://www.da.gov.ph/wp-content/uploads/2021/07/Price-Monitoring-July-29-2021.pdf,price_monitoring,0,2021-07-29,parsed,rowtable,30,55be72471c62d45727599f269aadf3d2cbf95d0721a72f6fd796720595011c1e,2026-10-01T10:23:44.743078Z,
https://www.da.gov.ph/wp-content/uploads/2021/07/Price-Monitoring-July-30-2021.pdf,price_monitoring,0,2021-07-30,parsed,rowtable,30,1d85f93012ba8c0cc7808a074af5c768f7e384751c2b3e6da92b748a7772cd02,2026-10-01T10:23:49.224610Z,
https://www.da.gov.ph/wp-content/uploads/2021/08/Price-Monitoring-August-2-2021.pdf,price_monitoring,0,2021-08-02,parsed,rowtable,30,c0898e71b5cf20449869627b75e553b84fc058f68cf7906941282f2d7da2e2f1,2026-10-01T10:23:55.277890Z,
https://www.da.gov.ph/wp-content/uploads/2021/08/Price-Monitoring-August-3-2021.pdf,price_monitoring,0,2021-08-03,parsed,rowtable,30,350f8f43874e8132f3529ffef6f2377cc8c27adc6d2ad4bfdcc29f42f3098c9a,2026-10-01T10:23:59.674284Z,
https://www.da.gov.ph/wp-content/uploads/2021/08/Price-Monitoring-August-4-2021.pdf,price_monitoring,0,2021-08-04,parsed,rowtable,30,38b42a8a87ffc4216ff1648ebabb4f8b097e50a8a2f984b9ed7523104894bf4f,2026-10-01T10:24:04.010721Z,
https://www.da.gov.ph/wp-content/uploads/2021/08/Price-Monitoring-August-5-2021.pdf,price_monitoring,0,2021-08-05,parsed,rowtable,30,c1ab81ab32630c565d2a4a733f25d20df6b91686ab978d602c196f7f78b957e7,2026-10-01T10:24:09.877899Z,
https://www.da.gov.ph/wp-content/uploads/2021/08/Price-Monitoring-August-6-2021.pdf,price_monitoring,0,2021-08-06,parsed,rowtable,30,35dbf9eb55f1b670498d208f0737f73511a3cdf6e404f8780ae212f1f53e4556,2026-10-01T10:24:14.270067Z,
https://www.da.gov.ph/wp-content/uploads/2021/08/Price-Monitoring-August-9-2021.pdf,price_monitoring,0,2021-08-09,parsed,rowtable,29,11e2432dbe96e42a6a5c1b9af5334b5cba0f443ea77dac12c4736889e247db00,2026-10-01T10:24:19.000303Z,
https://www.da.gov.ph/wp-content/uploads/2021/08/Price-Monitoring-August-10-2021.pdf,price_monitoring,0,2021-08-10,parsed,rowtable,29,03b56c486c21b7a07e8f59e84e8c919ac17db404ad58ed48a2e0debdcdcf4e97,2026-10-01T10:24:24.312921Z,
https://www.da.gov.ph/wp-content/uploads/2021/08/Price-Monitoring-August-11-2021.pdf,price_monitoring,0,2021-08-11,parsed,rowtable,29,74bfc6a1642b74b9786f8045dffefd758dff0e80570a4ea32e4e8505dee104ff,2026-10-01T10:24:29.068485Z,
https://www.da.gov.ph/wp-content/uploads/2021/08/Price-Monitoring-August-12-2021.pdf,price_monitoring,0,2021-08-12,parsed,rowtable,29,e1ff2489f21aa92a51168985bc30b06074738c8e6794cd575beb1a0afe3d8eed,2026-10-01T10:24:33.987386Z,
https://www.da.gov.ph/wp-content/uploads/2021/08/Price-Monitoring-August-13-2021.pdf,price_monitoring,0,2021-08-13,parsed,rowtable,29,ccd50fc601f3407067e7b3599304ab792ea9533928ec36c3e4c4eb2406fb8041,2026-10-01T10:24:38.623423Z,
https://www.da.gov.ph/wp-content/uploads/2021/08/Price-Monitoring-August-16-2021.pdf,price_monitoring,0,2021-08-16,parsed,rowtable,29,9519b1917e49bb0753daf746364f7e35286294007d24dcf9b38fd81e790b0e02,2026-10-01T10:24:43.017827Z,
https://www.da.gov.ph/wp-content/uploads/2021/08/Price-Monitoring-August-17-2021.pdf,price_monitoring,0,2021-08-17,parsed,rowtable,29,e05ac71ddaf371876dea493321afb22d53042b7e5ff6e203f3acf88917421e96,2026-10-01T10:24:47.507779Z,
https://www.da.gov.ph/wp-content/uploads/2021/08/Price-Monitoring-August-18-2021.pdf,price_monitoring,0,2021-08-18,parsed,rowtable,29,5339a05e0db60521d5b118b8955b90220d6c879fd67248e8be1115bf78adf0ed,2026-10-01T10:24:51.812089Z,
https://www.da.gov.ph/wp-content/uploads/2021/08/Price-Monitoring-August-19-2021.pdf,price_monitoring,0,2021-08-19,parsed,rowtable,29,f613070b91c098b63743610e75dda244be564ae516f553c8ee8e6c4c59b94145,2026-10-01T10:24:56.109633Z,
https://www.da.gov.ph/wp-content/uploads/2021/08/Price-Monitoring-August-20-2021.pdf,price_monitoring,0,2021-08-20,parsed,rowtable,30,0b24633a697dc18767c8a053b7391e7140edebd76821911c2a3cf967f22e6d5a,2026-10-01T10:25:00.634093Z,
https://www.da.gov.ph/wp-content/uploads/2021/08/Price-Monitoring-August-23-2021.pdf,price_monitoring,0,2021-08-23,parsed,rowtable,28,785d01442a8c3c95f65c181ef877de33a2e2f350b814c0e9f6a660cf9f56a7a9,2026-10-01T10:25:04.970300Z,
https://www.da.gov.ph/wp-content/uploads/2021/08/Price-Monitoring-August-24-2021.pdf,price_monitoring,0,2021-08-24,parsed,rowtable,28,efd0dd8b9b09470f19ca4c8012238b601b3f5480007bc8a9fc5c07c4ab9b3897,2026-10-01T10:25:09.328292Z,
https://www.da.gov.ph/wp-content/uploads/2021/08/Price-Monitoring-August-25-2021.pdf,price_monitoring,0,2021-08-25,parsed,rowtable,29,9ed02feea979a86de819e1c8a2ed8c0a531bf840bf4f2a68a3ba3cc0241e13e2,2026-10-01T10:25:13.587857Z,
https://www.da.gov.ph/wp-content/uploads/2021/08/Price-Monitoring-August-26-2021.pdf,price_monitoring,0,2021-08-26,parsed,rowtable,29,0d1fd51e3f9cadd726e0b10004864de5503a203b98d6390273cc5618b217ff68,2026-10-01T10:25:18.000336Z,
https://www.da.gov.ph/wp-content/uploads/2021/08/Price-Monitoring-August-27-2021.pdf,price_monitoring,0,2021-08-27,parsed,rowtable,29,e48f1c086766d4e6f30583c45497aa03deda9509fdfa7f11221181bf4a386105,2026-10-01T10:25:22.248310Z,
https://www.da.gov.ph/wp-content/uploads/2021/08/Price-Monitoring-August-30-2021.pdf,price_monitoring,0,2021-08-30,parsed,rowtable,29,3d60bb3b70217b33b0733704278d513c780a2c5b264aa8fd5fa90564aa8546fb,2026-10-01T10:25:27.067715Z,
https://www.da.gov.ph/wp-content/uploads/2021/08/Price-Monitoring-August-31-2021.pdf,price_monitoring,0,2021-08-31,parsed,rowtable,29,a7b12c76028ed26118a3d61d974cf4e02c21a97a62bf9cf1d6291c2cf4b5c062,2026-10-01T10:25:30.835586Z,
https://www.da.gov.ph/wp-content/uploads/2021/09/Price-Monitoring-September-1-2021-Final-Version.pdf,price_monitoring,1,2021-09-01,parsed,market+summary,29,7676c96e6c68ce6acf8beb388415d662f742c39f96d5b8417c1bef528ffe9303,2026-10-01T10:25:35.139528Z,
https://www.da.gov.ph/wp-content/uploads/2021/09/Price-Monitoring-September-2-2021-Final-Version.pdf,price_monitoring,1,2021-09-02,parsed,market+summary,29,0f1a43cd699f6b443ed8d84546f890b9e615bbc40dda8558cf00f77f5bb95dcb,2026-10-01T10:25:39.398470Z,
https://www.da.gov.ph/wp-content/uploads/2021/09/Price-Monitoring-September-3-2021.pdf,price_monitoring,0,2021-09-03,parsed,market+summary,29,810dc4b5917855f405d65b89a2c30651cb32a9780b72b2fbfe97a4f155952758,2026-10-01T10:25:43.398571Z,
https://www.da.gov.ph/wp-content/uploads/2021/09/Price-Monitoring-September-6-2021.pdf,price_monitoring,0,2021-09-06,parsed,market+summary,29,742d54a4458e7bc7af38ae5097778db89db27f6ee4b26a00c7999531f5c2f7c2,2026-10-01T10:25:47.447373Z,
https://www.da.gov.ph/wp-content/uploads/2021/09/Price-Monitoring-September-7-2021-Revised.pdf,price_monitoring,1,2021-09-07,parsed,market+summary,29,ff97abc39a5c465b7e39740b5c31505ad1b8581e4091599369a2d4b4491a3710,2026-10-01T10:25:51.642383Z,
https://www.da.gov.ph/wp-content/uploads/2021/09/Price-Monitoring-September-8-2021-Revised.pdf,price_monitoring,1,2021-09-08,parsed,market+summary,29,0ada5e3a26cde8903b00c05ec7ac54ee87ce260b44e60795c5fcacb98f062434,2026-10-01T10:25:55.681833Z,
https://www.da.gov.ph/wp-content/uploads/2021/09/Price-Monitoring-September-9-2021.pdf,price_monitoring,0,2021-09-09,parsed,market+summary,29,92288cd43996b307da642f78df4734541d5a17d1dbf17dee806464d1fe01abaf,2026-10-01T10:25:59.812897Z,
https://www.da.gov.ph/wp-content/uploads/2021/09/Price-Monitoring-September-10-2021-Revised.pdf,price_monitoring,1,2021-09-10,parsed,market+summary,29,37fe5924c1dec669e9775de0ccf01fb22e34e465945e68399af113fa67ae0f5e,2026-10-01T10:26:03.912688Z,
https://www.da.gov.ph/wp-content/uploads/2021/09/Price-Monitoring-September-13-2021.pdf,price_monitoring,0,2021-09-13,parsed,market+summary,29,c140dec7e1a05e532d5e850fd91c4d481c4bc5482b5ec19250270d2fbb47ce66,2026-10-01T10:26:08.122333Z,
https://www.da.gov.ph/wp-content/uploads/2021/09/Price-Monitoring-September-14-2021.pdf,price_monitoring,0,2021-09-14,parsed,market+summary,28,6f3d516cf1886adb650464c8e8a63fcd39f0d5ac70ea04a8e541e805b6e67381,2026-10-01T10:26:13.724373Z,
https://www.da.gov.ph/wp-content/uploads/2021/09/Price-Monitoring-September-15-2021.pdf,price_monitoring,0,2021-09-15,parsed,market+summary,28,a20ab14d091ec5e96172ed6f57e44c70b0aff6339eaffc511f97e3308ae4db9a,2026-10-01T10:26:17.659678Z,
https://www.da.gov.ph/wp-content/uploads/2021/09/Price-Monitoring-September-16-2021.pdf,price_monitoring,0,2021-09-16,parsed,market+summary,28,44b13c49f1d56606a8df8cc05018740c59f9e4f387b92ce3e3b8521adbf2556e,2026-10-01T10:26:21.693864Z,
https://www.da.gov.ph/wp-content/uploads/2021/09/Price-Monitoring-September-17-2021.pdf,price_monitoring,0,2021-09-17,parsed,market+summary,28,17b457fc42cd7385f84e53e99282152d57e0faf782f49dd4e93bc6ae29226c21,2026-10-01T10:26:25.647691Z,
https://www.da.gov.ph/wp-content/uploads/2021/09/Price-Monitoring-September-20-2021.pdf,price_monitoring,0,2021-09-20,parsed,market+summary,28,5704fd720018b565973ecfa0b0038da1581341bf310c19d9483820a5b333b440,2026-10-01T10:26:29.845857Z,
https://www.da.gov.ph/wp-content/uploads/2021/09/Price-Monitoring-September-21-2021.pdf,price_monitoring,0,2021-09-21,parsed,market+summary,28,8a5c4fdce7b8b52dfb5acf5b3611d00d393755f8daf18559044c541bb2aed14d,2026-10-01T10:26:34.157529Z,
https://www.da.gov.ph/wp-content/uploads/2021/09/Price-Monitoring-September-22-2021.pdf,price_monitoring,0,2021-09-22,parsed,market+summary,28,5f93408311ca002fc432cdef4c29c6c01bd775792727ce0cef57364e59756325,2026-10-01T10:26:38.264146Z,
https://www.da.gov.ph/wp-content/uploads/2021/09/Price-Monitoring-September-23-2021.pdf,price_monitoring,0,2021-09-23,parsed,market+summary,29,55d0646005e25eec57be974b2065f7fb00ff118c960caeed7ac709c524e19222,2026-10-01T10:26:42.417629Z,
https://www.da.gov.ph/wp-content/uploads/2021/09/Price-Monitoring-September-24-2021.pdf,price_monitoring,0,2021-09-24,parsed,market+summary,29,f4a8c7e9cd8cb79374d9f4e5822214d707e04b75be0ad00472bc5a7b2b3be527,2026-10-01T10:26:46.430298Z,
https://www.da.gov.ph/wp-content/uploads/2021/09/Price-Monitoring-September-27-2021.pdf,price_monitoring,0,2021-09-27,parsed,market+summary,29,70e5df4458ef259eb2434bf7f51b00c41c828d3ba8d0b294b119f2668a23876f,2026-10-01T10:26:50.612478Z,
https://www.da.gov.ph/wp-content/uploads/2021/09/Price-Monitoring-September-28-2021.pdf,price_monitoring,0,2021-09-28,parsed,market+summary,29,c39e6aa6ba37243295a71415e2b985be55fdcbf7a1c7c009055d8bea21de60a6,2026-10-01T10:26:54.823975Z,
https://www.da.gov.ph/wp-content/uploads/2021/09/Price-Monitoring-September-29-2021.pdf,price_monitoring,0,2021-09-29,parsed,summary,29,8856245061a29cdca994eb8c7a0aad77da8e4e71a0750185ab82a6449f386b39,2026-10-01T10:26:58.811678Z,
https://www.da.gov.ph/wp-content/uploads/2021/09/Price-Monitoring-September-30-2021.pdf,price_monitoring,0,2021-09-30,parsed,market+summary,29,d42c7d429f7e2aa88559cc30ea7b03507295a975a078040662f4fbf5e7f1b8ba,2026-10-01T10:27:02.850652Z,
https://www.da.gov.ph/wp-content/uploads/2021/10/Price-Monitoring-October-1-2021.pdf,price_monitoring,0,2021-10-01,parsed,market+summary,29,d600770cd33d180cf1b8854f15ac31da5e2ac5624aaa430d4347fd9d3ca3645f,2026-10-01T10:27:06.843453Z,
https://www.da.gov.ph/wp-content/uploads/2021/10/Price-Monitoring-October-4-2021.pdf,price_monitoring,0,2021-10-04,parsed,market+summary,29,f76838fc7111dd74a997664ba381a62f3df38ccf77d02775580b6766b4535a7d,2026-10-01T10:27:10.948595Z,
https://www.da.gov.ph/wp-content/uploads/2021/10/Price-Monitoring-October-5-2021.pdf,price_monitoring,0,2021-10-05,parsed,market+summary,25,81a946ea43230667e366a8f60a1932beb9d5419e0e53429360a3b3f147e2597e,2026-10-01T10:27:16.213946Z,
https://www.da.gov.ph/wp-content/uploads/2021/10/Price-Monitoring-October-6-2021.pdf,price_monitoring,0,2021-10-06,parsed,market+summary,25,6f5bc22fe526447bd8b80654593aef425e008dd266dbdf56bbe495b4b823aaad,2026-10-01T10:27:20.281613Z,
https://www.da.gov.ph/wp-content/uploads/2021/10/Price-Monitoring-October-7-2021.pdf,price_monitoring,0,2021-10-07,failed,,,a84c80d68835ca4e4b057a3d5ba813e2d760d2a10110b31909b0372efa0d9fb8,2026-10-01T10:27:24.227004Z,no_rows
https://www.da.gov.ph/wp-content/uploads/2021/10/Price-Monitoring-October-8-2021.pdf,price_monitoring,0,2021-10-08,failed,,,0ac1812484875a42b0664fb47c3421f1c8ccabc84414a390915bbd45bfca6603,2026-10-01T10:27:27.516655Z,no_rows
https://www.da.gov.ph/wp-content/uploads/2021/10/Price-Monitoring-October-11-2021.pdf,price_monitoring,0,2021-10-11,parsed,market+summary,30,95d66582043daa97ef9de1312bce936876b1ba31317a7a07908512940989a0a3,2026-10-01T10:27:30.949851Z,
https://www.da.gov.ph/wp-content/uploads/2021/10/Price-Monitoring-October-12-2021.pdf,price_monitoring,0,2021-10-12,parsed,market+summary,30,df06116e519929201a52ea63d36a029106cc8b4cb680fec34303c13c79861cca,2026-10-01T10:27:35.059418Z,
https://www.da.gov.ph/wp-content/uploads/2021/10/Price-Monitoring-October-13-2021.pdf,price_monitoring,0,2021-10-13,parsed,market+summary,30,7b43a0016081d8b355a9c65f2cac551fd87668c8a969886fe61b8647c631198c,2026-10-01T10:27:39.000326Z,
https://www.da.gov.ph/wp-content/uploads/2021/10/Price-Monitoring-October-14-2021.pdf,price_monitoring,0,2021-10-14,parsed,market+summary,30,92199c6ab11c8fa2aef368718e73bde3f2f9746fc45d94f338b3e97e37afc14f,2026-10-01T10:27:43.057029Z,
https://www.da.gov.ph/wp-content/uploads/2021/10/Price-Monitoring-October-15-2021.pdf,price_monitoring,0,2021-10-15,parsed,market+summary,30,3088b67c26242ba6392f42d16bd47ad3f4224559e1c77f7890cb2e69f3818caa,2026-10-01T10:27:47.070781Z,
https://www.da.gov.ph/wp-content/uploads/2021/10/Price-Monitoring-October-18-2021.pdf,price_monitoring,0,2021-10-18,parsed,market+summary,30,1579991d301a331fca67a905c6131ba8380d08d5a858bc1eebc1b1ca1d9e4d7a,2026-10-01T10:27:51.105823Z,
https://www.da.gov.ph/wp-content/uploads/2021/10/Price-Monitoring-October-19-2021.pdf,price_monitoring,0,2021-10-19,parsed,market+summary,29,d77f566b22d675ec09a602789b0963d288f28fd6144d88b5ec9e7c7e0f98cb20,2026-10-01T10:27:55.262456Z,
https://www.da.gov.ph/wp-content/uploads/2021/10/Price-Monitoring-October-20-2021.pdf,price_monitoring,0,2021-10-20,parsed,market+summary,29,9a74925eecb990165b28c8e603793a00eec692d8b9c00e58c63a0988c9e55ef0,2026-10-01T10:27:59.334136Z,
https://www.da.gov.ph/wp-content/uploads/2021/10/Price-Monitoring-October-21-2021.pdf,price_monitoring,0,2021-10-21,parsed,market+summary,29,a07718edc0e438db77f6356f500cdf67300c4c16e5efc54ccfc8a103d25584b0,2026-10-01T10:28:03.318719Z,
https://www.da.gov.ph/wp-content/uploads/2021/10/Price-Monitoring-October-22-2021.pdf,price_monitoring,0,2021-10-22,parsed,market+summary,29,765c51970c3e3d989db18d60a8a9c3d4d1bcece1c44e1c27aef48e2f30e1b9d6,2026-10-01T10:28:07.344016Z,
https://www.da.gov.ph/wp-content/uploads/2021/10/Price-Monitoring-October-25-2021.pdf,price_monitoring,0,2021-10-25,parsed,market+summary,29,96908b906dd97141d6bcdd44a90e49eede13abc16c3ddd54c0692a5d4fdf4a21,2026-10-01T10:28:11.432802Z,
https://www.da.gov.ph/wp-content/uploads/2021/10/Price-Monitoring-October-26-2021.pdf,price_monitoring,0,2021-10-26,parsed,market+market_only,7,c4b5ca3f85626804807b718632a56f823fc0f6b3a03605f8310ceb874736e373,2026-10-01T10:28:15.780865Z,
https://www.da.gov.ph/wp-content/uploads/2021/10/Price-Monitoring-October-27-2021.pdf,price_monitoring,0,2021-10-27,parsed,market+market_only,7,d41e8e7d3c55d7475d52d059c5fc26a3038aa5c71a3ec3b537203e9b329586d4,2026-10-01T10:28:20.225084Z,
https://www.da.gov.ph/wp-content/uploads/2021/10/Price-Monitoring-October-28-2021.pdf,price_monitoring,0,2021-10-28,parsed,market+market_only,7,d1a25c2cb42d99636b967460c71d5b89d1740904421d04195b9baf16340f0d83,2026-10-01T10:28:24.723741Z,
https://www.da.gov.ph/wp-content/uploads/2021/11/Price-Monitoring-October-29-2021.pdf,price_monitoring,0,2021-10-29,parsed,market+market_only,7,a581c760f07500316b2ab503514004766ec0d5e047c8358e3d446f3ef49c0537,2026-10-01T10:28:29.211539Z,
https://www.da.gov.ph/wp-content/uploads/2021/11/Price-Monitoring-November-2-2021.pdf,price_monitoring,0,2021-11-02,parsed,market+market_only,7,9b062fc8516c531c343033181d38ef5690f54b373306bcc738260a81291684ca,2026-10-01T10:28:33.796073Z,
https://www.da.gov.ph/wp-content/uploads/2021/11/Price-Monitoring-November-3-2021.pdf,price_monitoring,0,2021-11-03,parsed,market+market_only,7,56b0f647a13c3a21d7a32415c3a079561a4b8c2982123fb262deeb8eb1791a67,2026-10-01T10:28:38.855011Z,
https://www.da.gov.ph/wp-content/uploads/2021/11/Price-Monitoring-November-4-2021.pdf,price_monitoring,0,2021-11-04,parsed,market+market_only,7,c7b7abfaa50a397c0f555366bae44c07a9182ee9bc80812a39206b05eb276800,2026-10-01T10:28:43.422755Z,
https://www.da.gov.ph/wp-content/uploads/2021/11/Price-Monitoring-November-5-2021.pdf,price_monitoring,0,2021-11-05,parsed,market+market_only,7,0d2782a61cf17f4f5c9b841dc54acd2d88025dc984d19cde07bce82894c0a0df,2026-10-01T10:28:48.375565Z,
https://www.da.gov.ph/wp-content/uploads/2021/11/Price-Monitoring-November-8-2021.pdf,price_monitoring,0,2021-11-08,parsed,market+market_only,7,af0bfa0ef88aa4c5db0b18fb420a1046e26a4e25afd0121853d5026ae742ac54,2026-10-01T10:28:52.967021Z,
https://www.da.gov.ph/wp-content/uploads/2021/11/Price-Monitoring-November-9-2021.pdf,price_monitoring,0,2021-11-09,parsed,market+market_only,7,120a23c5f17eafe43fe4542a7b4f3cc7ebb90eb616819500cb6668e29c4b5ea3,2026-10-01T10:28:57.624407Z,
https://www.da.gov.ph/wp-content/uploads/2021/11/Price-Monitoring-November-10-2021.pdf,price_monitoring,0,2021-11-10,parsed,market+market_only,7,aecf4c68f92f324054e686289b567c0ec554f6a4fc0423031a9aac983ea0777b,2026-10-01T10:29:02.059691Z,
https://www.da.gov.ph/wp-content/uploads/2021/11/Price-Monitoring-November-11-2021.pdf,price_monitoring,0,2021-11-11,parsed,market+market_only,7,85c1c9001526d45ba72bdcf81e107d8064f1dd213c3d94f0e4b03b58932f96b2,2026-10-01T10:29:06.683003Z,
https://www.da.gov.ph/wp-content/uploads/2021/11/Price-Monitoring-November-12-2021.pdf,price_monitoring,0,2021-11-12,parsed,market+market_only,7,5c61845a0b47b3d25017de816c2dc4f348308e2187b456a066fbf8dba0d5f487,2026-10-01T10:29:11.334786Z,
https://www.da.gov.ph/wp-content/uploads/2021/11/Price-Monitoring-November-15-2021.pdf,price_monitoring,0,2021-11-15,parsed,market+market_only,7,3676c8960bb5337d991d9927e4bdb719ece012fae1f9f47ea96c843ae759db8b,2026-10-01T10:29:17.014778Z,
https://www.da.gov.ph/wp-content/uploads/2021/11/Price-Monitoring-November-16-2021.pdf,price_monitoring,0,2021-11-16,parsed,market+market_only,7,9415db4104b27414e86387a380886de2e6395ecc69de07246f3d7cb2e335e39a,2026-10-01T10:29:22.038727Z,
https://www.da.gov.ph/wp-content/uploads/2021/11/Price-Monitoring-November-17-2021.pdf,price_monitoring,0,2021-11-17,parsed,market+market_only,7,b138dd833289bb2221b8248f5662df47b0ab9026332a414243892680170cb561,2026-10-01T10:29:26.805132Z,
https://www.da.gov.ph/wp-content/uploads/2021/11/Price-Monitoring-November-18-2021.pdf,price_monitoring,0,2021-11-18,parsed,market+market_only,7,1f6ca7f44ec0665c76f69e8c6a832a79603a36ff8b6aa08daef60ed8ac4420ee,2026-10-01T10:29:31.560613Z,
https://www.da.gov.ph/wp-content/uploads/2021/11/Price-Monitoring-November-19-2021.pdf,price_monitoring,0,2021-11-19,parsed,market+market_only,7,c8bd787a99dbc230f7ea89f5d329112278e3d8e80303f5ba2ff926c34a666f22,2026-10-01T10:29:36.443774Z,
https://www.da.gov.ph/wp-content/uploads/2021/11/Price-Monitoring-November-22-2021.pdf,price_monitoring,0,2021-11-22,parsed,market+market_only,7,b931315e8238558333d8050db4ab86850190093cb1c0f96bd79e607b9b5fb378,2026-10-01T10:29:41.301097Z,
https://www.da.gov.ph/wp-content/uploads/2021/11/Price-Monitoring-November-23-2021.pdf,price_monitoring,0,2021-11-23,parsed,market+market_only,7,c2d5fde5adbd9ea49c8077fc583c0077b52987459538c3e6307b67fe7a74678e,2026-10-01T10:29:45.976990Z,
https://www.da.gov.ph/wp-content/uploads/2021/11/Price-Monitoring-November-24-2021.pdf,price_monitoring,0,2021-11-24,parsed,market+market_only,7,597897c92d6d2a532982ef2e9305de97d109b61ff6cfd8023f65bd85bcc97d00,2026-10-01T10:29:50.607379Z,
https://www.da.gov.ph/wp-content/uploads/2021/11/Price-Monitoring-November-25-2021.pdf,price_monitoring,0,2021-11-25,parsed,market+market_only,7,96283ba484b3ca61e590d1db40e48861203d1b8a318fe5c0efc0ca5b98429479,2026-10-01T10:29:55.186710Z,
https://www.da.gov.ph/wp-content/uploads/2021/11/Price-Monitoring-November-26-2021.pdf,price_monitoring,0,2021-11-26,parsed,market+market_only,7,4b15d3cbeb6ac13de77bbded7e5632c9ff750d616ec79609ad3af9e22c00607f,2026-10-01T10:29:59.752565Z,
https://www.da.gov.ph/wp-content/uploads/2021/11/Price-Monitoring-November-29-2021.pdf,price_monitoring,0,2021-11-29,parsed,market+market_only,7,4c4664139a17594e54404ede4c2d9cdf01d74fafbcb742a3b55a492af83bbc85,2026-10-01T10:30:04.568381Z,
https://www.da.gov.ph/wp-content/uploads/2021/12/Price-Monitoring-November-30-2021.pdf,price_monitoring,0,2021-11-30,parsed,market+market_only,7,942d55ba99fb05b8eb124ce3d6b50d93c6648f00c6f0fe697fb6c0c2fe7cd37d,2026-10-01T10:30:09.212810Z,
https://www.da.gov.ph/wp-content/uploads/2021/12/Price-Monitoring-December-1-2021.pdf,price_monitoring,0,2021-12-01,parsed,market+market_only,7,731f97bfde3274c9fab44105568af4fa8afca8098af2c1e8dbd3227d6c2a5f92,2026-10-01T10:30:13.738566Z,
https://www.da.gov.ph/wp-content/uploads/2021/12/Price-Monitoring-December-2-2021.pdf,price_monitoring,0,2021-12-02,parsed,market+market_only,7,3b9daf7859af1432b6e2051cbc416e30194930539cf86381ded457d229558d7e,2026-10-01T10:30:19.574942Z,
https://www.da.gov.ph/wp-content/uploads/2021/12/Price-Monitoring-December-3-2021.pdf,price_monitoring,0,2021-12-03,parsed,market+market_only,7,f3934123ea0258dff68d1692badf7544c5a645966bef36c277d97313c76819ca,2026-10-01T10:30:28.586065Z,
https://www.da.gov.ph/wp-content/uploads/2021/12/Price-Monitoring-December-6-2021.pdf,price_monitoring,0,2021-12-06,parsed,market+market_only,7,e249c1bf73c7a60817affa957a0f5b3fb06c5a968baba20020892a7dd19bc37e,2026-10-01T10:30:33.455769Z,
https://www.da.gov.ph/wp-content/uploads/2021/12/Price-Monitoring-December-7-2021.pdf,price_monitoring,0,2021-12-07,parsed,market+market_only,7,278183c8aef38c67aac24849044e44a64874199008da18889c1d73f711c26112,2026-10-01T10:30:38.107693Z,
https://www.da.gov.ph/wp-content/uploads/2021/12/Price-Monitoring-December-8-2021.pdf,price_monitoring,0,2021-12-08,parsed,market+market_only,7,0c90df23f86f6df1515a47057987f82124eced443a5f3f50f7d57c91c8a393f3,2026-10-01T10:30:42.764699Z,
https://www.da.gov.ph/wp-content/uploads/2021/12/Price-Monitoring-December-9-2021.pdf,price_monitoring,0,2021-12-09,parsed,market+market_only,7,6d5814333a306caa8d0863585ae1d9d1ccb64939c2ae41ef3ce2f86594c51207,2026-10-01T10:30:47.826661Z,
https://www.da.gov.ph/wp-content/uploads/2021/12/Price-Monitoring-December-10-2021.pdf,price_monitoring,0,2021-12-10,parsed,market+market_only,7,6d3c684ff86c0344f50eaf91249d846ca9548f04b33c1ba0a471c6f4991d1caa,2026-10-01T10:30:52.854509Z,
https://www.da.gov.ph/wp-content/uploads/2021/12/Price-Monitoring-December-13-2021.pdf,price_monitoring,0,2021-12-13,parsed,market+market_only,7,ba67bb2f4a2522f17e52f89277c4206b1fb0e3cfc281bbf6a05acf4b500123be,2026-10-01T10:30:59.699891Z,
https://www.da.gov.ph/wp-content/uploads/2021/12/Price-Monitoring-December-14-2021.pdf,price_monitoring,0,2021-12-14,parsed,market+market_only,7,a715317447b16e625fc42011fb1076f16fd7e6edad46dbd182b9a76f5e738e9a,2026-10-01T10:31:06.731012Z,
https://www.da.gov.ph/wp-content/uploads/2021/12/Price-Monitoring-December-15-2021.pdf,price_monitoring,0,2021-12-15,parsed,market+market_only,7,39a35d229ffac21fac67005477da4dbdd8b24214a47c6e722c6c0c753e630be5,2026-10-01T10:31:13.893134Z,
https://www.da.gov.ph/wp-content/uploads/2021/12/Price-Monitoring-December-16-2021.pdf,price_monitoring,0,2021-12-16,parsed,market+market_only,7,c9766f03c089a89328b831a64c70a91a812ef6475bef5665de65d2705bab53c2,2026-10-01T10:31:19.493025Z,
https://www.da.gov.ph/wp-content/uploads/2021/12/Price-Monitoring-December-20-2021.pdf,price_monitoring,0,2021-12-20,parsed,market+market_only,7,b4d7ff5b77d77a38f1503cfa45d529a29f47ba83d409f3640715e5c8a829f287,2026-10-01T10:31:24.954368Z,
https://www.da.gov.ph/wp-content/uploads/2021/12/Price-Monitoring-December-21-2021.pdf,price_monitoring,0,2021-12-21,parsed,market+market_only,7,ffa8cc4cfdb6c29636de11f7c1fb3b95a87948ae826c40b2c712309bca83b393,2026-10-01T10:31:29.601183Z,
https://www.da.gov.ph/wp-content/uploads/2021/12/Price-Monitoring-December-22-2021.pdf,price_monitoring,0,2021-12-22,parsed,market+market_only,7,4e17fde64efbd338bd3a72f20f4196e14f0145f80548fa578b5a8cc9f3031e46,2026-10-01T10:31:34.137258Z,
https://www.da.gov.ph/wp-content/uploads/2021/12/Price-Monitoring-December-23-2021.pdf,price_monitoring,0,2021-12-23,parsed,market+market_only,7,7566bf13831d470c119d457c0bec8461798b11f78b588fc3a6e4b658ab9d4e5d,2026-10-01T10:31:38.793454Z,
https://www.da.gov.ph/wp-content/uploads/2021/12/Price-Monitoring-December-27-2021.pdf,price_monitoring,0,2021-12-27,parsed,market+market_only,7,5f29b108fa798652f708cd418e2e5c4448c237ece51d759e4e64b0e36519d3dd,2026-10-01T10:31:44.005124Z,
https://www.da.gov.ph/wp-content/uploads/2021/12/Price-Monitoring-December-28-2021.pdf,price_monitoring,0,2021-12-28,parsed,market+market_only,7,770bfb85d5b5736f74bf31b424a9f35a527eb84962f2fb8678b2590b821d3c12,2026-10-01T10:31:48.854659Z,
https://www.da.gov.ph/wp-content/uploads/2021/12/Price-Monitoring-December-29-2021.pdf,price_monitoring,0,2021-12-29,parsed,market+market_only,7,32914c81cfbe4c11f9c8c61364d3824cc6d984397530496ea74a731f3edd88ee,2026-10-01T10:31:53.644515Z,
https://www.da.gov.ph/wp-content/uploads/2022/01/Price-Monitoring-December-30-2021.pdf,price_monitoring,0,2021-12-30,parsed,market+market_only,7,4e0405d40146b607e0c71368272ef48992bb1332d95e420edbe08f475cbeec9f,2026-10-01T10:32:01.952942Z,
https://www.da.gov.ph/wp-content/uploads/2022/01/Price-Monitoring-December-31-2021.pdf,price_monitoring,0,2021-12-31,parsed,market+market_only,7,360ac6c26c2d903baff63bb347afeaef7d430b8ed668f994d369e0703ba4b4f7,2026-10-01T10:32:06.849702Z,
https://www.da.gov.ph/wp-content/uploads/2022/01/Price-Monitoring-January-3-2022.pdf,price_monitoring,0,2022-01-03,parsed,market+market_only,7,8d9b9c9215a3df1952281746c1f8d28994743a76ab6fd5cf1b12ed1903cc638a,2026-10-01T10:32:11.679967Z,
https://www.da.gov.ph/wp-content/uploads/2022/01/Price-Monitoring-January-4-2022.pdf,price_monitoring,0,2022-01-04,parsed,market+summary,29,eb235e3e90c2964dd5f78196817efb1bd15bd871ed4a49e5ca45166fa7214f56,2026-10-01T10:32:15.781599Z,
https://www.da.gov.ph/wp-content/uploads/2022/01/Price-Monitoring-January-5-2022.pdf,price_monitoring,0,2022-01-05,parsed,market+summary,29,ca5c1856c3147cbfc71ce9054503e7f8cb4f0b16c9a05e42b10c5cf28d4eed52,2026-10-01T10:32:20.038123Z,
https://www.da.gov.ph/wp-content/uploads/2022/01/Price-Monitoring-January-6-2022.pdf,price_monitoring,0,2022-01-06,parsed,market+summary,29,116b53d10561f2fb35c91e82140a89460844d222cb8e952434d57e70be69a162,2026-10-01T10:32:24.052078Z,
https://www.da.gov.ph/wp-content/uploads/2022/01/Price-Monitoring-January-7-2022.pdf,price_monitoring,0,2022-01-07,parsed,market+summary,29,50ff99508791451935f201417569ec59df58386f4fe66710f7e9e4cc19eaa786,2026-10-01T10:32:27.942562Z,
https://www.da.gov.ph/wp-content/uploads/2022/01/Price-Monitoring-January-10-2022.pdf,price_monitoring,0,2022-01-10,parsed,market+summary,29,d509c5eac4e9573c8abfc91d9454704558326c585ed410f6ffa07cb2ebbe234b,2026-10-01T10:32:31.981070Z,
https://www.da.gov.ph/wp-content/uploads/2022/01/Price-Monitoring-January-11-2022.pdf,price_monitoring,0,2022-01-11,parsed,market+summary,29,041e59227dee743e5237150e5dd22e1a36b0ff2234a3131339e568a22fd91e8a,2026-10-01T10:32:36.245007Z,
https://www.da.gov.ph/wp-content/uploads/2022/01/Price-Monitoring-January-12-2022.pdf,price_monitoring,0,2022-01-12,parsed,market+summary,29,2109d64a9307b0436dfe338cfba881f3249604618168f8e48ff14cbebe5ed952,2026-10-01T10:32:40.222872Z,
https://www.da.gov.ph/wp-content/uploads/2022/01/Price-Monitoring-January-13-2022.pdf,price_monitoring,0,2022-01-13,parsed,market+summary,29,7ab1a4d96be66a80bbc4a309f2439d116aaf51d42852a3417d9721e3418a2431,2026-10-01T10:32:44.346935Z,
https://www.da.gov.ph/wp-content/uploads/2022/01/Price-Monitoring-January-14-2022.pdf,price_monitoring,0,2022-01-14,parsed,market+summary,29,0c53bfc07dda350a557c6fc414d20de56790a97c860d85774f797d249852481d,2026-10-01T10:32:48.667982Z,
https://www.da.gov.ph/wp-content/uploads/2022/01/Price-Monitoring-January-17-2022.pdf,price_monitoring,0,2022-01-17,parsed,market+summary,28,10c1716cf8c991d1a96e10968412ecbe047858bda8b893d17a74be410e2ffc85,2026-10-01T10:32:52.808369Z,
https://www.da.gov.ph/wp-content/uploads/2022/01/Price-Monitoring-January-18-2022.pdf,price_monitoring,0,2022-01-18,parsed,market+summary,29,837a013104d3bc1db44cc5562e569247c04b419fe19a43a6a1752eb95b25838e,2026-10-01T10:32:57.195068Z,
https://www.da.gov.ph/wp-content/uploads/2022/01/Price-Monitoring-January-19-2022.pdf,price_monitoring,0,2022-01-19,parsed,market+summary,29,3a6a126861c4f3b27fd3862ce62e612f345bb85075671e11986ed11211ec4f2f,2026-10-01T10:33:01.543534Z,
https://www.da.gov.ph/wp-content/uploads/2022/01/Price-Monitoring-January-20-2022.pdf,price_monitoring,0,2022-01-20,parsed,market+summary,29,ce45482bc5fd974bd2bd05e7b6c907efa0776a9e072a5a28c6d8af2eb63aadc3,2026-10-01T10:33:05.499062Z,
https://www.da.gov.ph/wp-content/uploads/2022/01/Price-Monitoring-January-21-2022.pdf,price_monitoring,0,2022-01-21,parsed,market+summary,29,91f7663ddaf7682a2cde8d60904f89c334adc5f88c936ace4b5d5a01cc05303a,2026-10-01T10:33:09.487316Z,
https://www.da.gov.ph/wp-content/uploads/2022/01/Price-Monitoring-January-24-2022.pdf,price_monitoring,0,2022-01-24,parsed,market+summary,29,df754df8fa67aafaf6549aea91e855d65eb4d77b99190bdb3cc64e74ab245dca,2026-10-01T10:33:13.759130Z,
https://www.da.gov.ph/wp-content/uploads/2022/01/Price-Monitoring-January-25-2022.pdf,price_monitoring,0,2022-01-25,parsed,market+summary,29,0d8adf574a52df807f51d3249e833c22f69364668248f9b0f5d55445dd33ac54,2026-10-01T10:33:18.795155Z,
https://www.da.gov.ph/wp-content/uploads/2022/01/Price-Monitoring-January-26-2022.pdf,price_monitoring,0,2022-01-26,parsed,market+summary,29,fa2ff0050e2bf1736dcf2a80d82b8df412bd569844aca745cb4913a97047afe4,2026-10-01T10:33:24.183856Z,
https://www.da.gov.ph/wp-content/uploads/2022/01/Price-Monitoring-January-27-2022.pdf,price_monitoring,0,2022-01-27,parsed,market+summary,30,928a66df9ff68b9d66b572036aff5c4892f918274ee694295fa2f1b6bdfc640c,2026-10-01T10:33:28.309404Z,
https://www.da.gov.ph/wp-content/uploads/2022/01/Price-Monitoring-January-28-2022-Revised.pdf,price_monitoring,1,2022-01-28,parsed,market+summary,30,462290aa1fbb127a9c538396656cae77ced5f585fdb46a1a536163154aade5da,2026-10-01T10:33:32.349568Z,
https://www.da.gov.ph/wp-content/uploads/2022/01/Price-Monitoring-January-31-2022.pdf,price_monitoring,0,2022-01-31,parsed,market+summary,30,cd55c8cd825dfe788e0231b109abcfcb8ebe20f219221e54ca3ffa9e6d55428f,2026-10-01T10:33:36.676936Z,
https://www.da.gov.ph/wp-content/uploads/2022/02/Price-Monitoring-February-1-2022.pdf,price_monitoring,0,2022-02-01,parsed,market+summary,30,80b1600013ebcf72b4a73a2c0a37c67ed035e65e051f533c2ca41d43a3cca5b5,2026-10-01T10:33:41.128802Z,
https://www.da.gov.ph/wp-content/uploads/2022/02/Price-Monitoring-February-2-2022.pdf,price_monitoring,0,2022-02-02,parsed,market+summary,30,7d3ea89ef6aa629489a16fb0460c7673c2c40367ef555226024e237bf60ee997,2026-10-01T10:33:45.257010Z,
https://www.da.gov.ph/wp-content/uploads/2022/02/Price-Monitoring-February-3-2022.pdf,price_monitoring,0,2022-02-03,parsed,market+summary,30,421872cb1ee494a34189b5a4e9b9c1f33e7c1078d63d15cac1c6f2a7aae891e8,2026-10-01T10:33:49.367163Z,
https://www.da.gov.ph/wp-content/uploads/2022/02/Price-Monitoring-February-4-2022.pdf,price_monitoring,0,2022-02-04,parsed,market+summary,30,c9d26b504fa35b43644a770dc3131a4b6dddcaac0cc590a7f22c007a323e7e86,2026-10-01T10:33:53.445311Z,
https://www.da.gov.ph/wp-content/uploads/2022/02/Price-Monitoring-February-7-2022.pdf,price_monitoring,0,2022-02-07,parsed,market+summary,30,2a24e8e4aac14b57ce2fde98943623473f266f0d1275425e2f35b895f393d7cd,2026-10-01T10:33:57.545821Z,
https://www.da.gov.ph/wp-content/uploads/2022/02/Price-Monitoring-February-8-2022.pdf,price_monitoring,0,2022-02-08,parsed,market+summary,30,f8bf797a7019ff74eda1552fd3702ba0155c5a04f8c0b259a8a96f98474e16dd,2026-10-01T10:34:02.290305Z,
https://www.da.gov.ph/wp-content/uploads/2022/02/Price-Monitoring-February-9-2022.pdf,price_monitoring,0,2022-02-09,parsed,market+summary,30,d2cb8c0b346ff2c5b3367f752213874934770024ca53f4dd25f52f5a68cd8c89,2026-10-01T10:34:06.353625Z,
https://www.da.gov.ph/wp-content/uploads/2022/02/Price-Monitoring-February-10-2022.pdf,price_monitoring,0,2022-02-10,parsed,market+summary,30,59cf8c2ebc371aab8f723d364e8e2fa510580132febca9491178772e57f69fba,2026-10-01T10:34:10.387206Z,
https://www.da.gov.ph/wp-content/uploads/2022/02/Price-Monitoring-February-11-2022.pdf,price_monitoring,0,2022-02-11,parsed,market+summary,30,61088425fc300f0c36ce2f02f1b65429a3605e0f2ada77d110d40d7b0dfb9e3f,2026-10-01T10:34:14.748770Z,
https://www.da.gov.ph/wp-content/uploads/2022/02/Price-Monitoring-February-14-2022.pdf,price_monitoring,0,2022-02-14,parsed,market+summary,30,533f5d53b8b68da7114a233bcde7d83fa5aed551c7bea2319fb800bf597a06d4,2026-10-01T10:34:18.920658Z,
https://www.da.gov.ph/wp-content/uploads/2022/02/Price-Monitoring-February-15-2022.pdf,price_monitoring,0,2022-02-15,parsed,market+summary,30,ac4476500fa3b1b8bb540dac9c738113b7dd36bed8ec4ec8aa8377a3959cffc5,2026-10-01T10:34:23.434067Z,
https://www.da.gov.ph/wp-content/uploads/2022/02/Price-Monitoring-February-17-2022.pdf,price_monitoring,0,2022-02-17,parsed,market+summary,30,23318cfea1c7a9656d395cfe8426643e38f3c86c85cb7353aa6198c45de38c6a,2026-10-01T10:34:27.812523Z,
https://www.da.gov.ph/wp-content/uploads/2022/02/Price-Monitoring-February-18-2022.pdf,price_monitoring,0,2022-02-18,parsed,market+summary,30,da7617577e4c4f937f767048e1caf200a00421043fe7b0db011191e98170976e,2026-10-01T10:34:32.171431Z,
https://www.da.gov.ph/wp-content/uploads/2022/02/Price-Monitoring-February-21-2022.pdf,price_monitoring,0,2022-02-21,parsed,market+summary,30,c71a80180582ce97bd630179e00dc8461ba5087b6ba42f2fd89803c2bd14f5eb,2026-10-01T10:34:36.683881Z,
https://www.da.gov.ph/wp-content/uploads/2022/02/Price-Monitoring-February-22-2022.pdf,price_monitoring,0,2022-02-22,parsed,market+summary,29,abf0aac273424c7830dbe8c838d0c0b10fc49cd4d85a2477fb27742a28937e79,2026-10-01T10:34:41.322326Z,
https://www.da.gov.ph/wp-content/uploads/2022/02/Price-Monitoring-February-23-2022.pdf,price_monitoring,0,2022-02-23,parsed,market+summary,30,53ce6ea099291ecc232d9f7cb763f565dc47f3b120e153514db0a12106f575e4,2026-10-01T10:34:45.438169Z,
https://www.da.gov.ph/wp-content/uploads/2022/02/Price-Monitoring-February-24-2022.pdf,price_monitoring,0,2022-02-24,parsed,market+summary,30,aef73ac09a4133f08dff02720c8ed5a6d975ea75b1a963d0e8cf31f650a4b974,2026-10-01T10:34:51.387366Z,
https://www.da.gov.ph/wp-content/uploads/2022/02/Price-Monitoring-February-25-2022.pdf,price_monitoring,0,2022-02-25,parsed,market+summary,30,9db5adc56bfd58613ddae9f238db732c91064fd47bea6c062d602cd69cf1de8b,2026-10-01T10:34:55.426277Z,
https://www.da.gov.ph/wp-content/uploads/2022/02/Price-Monitoring-February-28-2022.pdf,price_monitoring,0,2022-02-28,parsed,market+summary,30,75e261602e4af7ade47b8c50c997ce6b1daeb0f48d7d32fd68505ca7884581d2,2026-10-01T10:34:59.679132Z,
https://www.da.gov.ph/wp-content/uploads/2022/03/Price-Monitoring-March-1-2022.pdf,price_monitoring,0,2022-03-01,parsed,summary,30,b98e99c83588627502ddc55c7ad344b51a25aa227101966bd1233644a87b6879,2026-10-01T10:35:03.974618Z,
https://www.da.gov.ph/wp-content/uploads/2022/03/Price-Monitoring-March-2-2022.pdf,price_monitoring,0,2022-03-02,parsed,market+summary,30,8677851786cc497fc0e8a5d55fb1d5f63260c48ed8cd0cb9d9277752484e24dc,2026-10-01T10:35:08.030926Z,
https://www.da.gov.ph/wp-content/uploads/2022/03/Price-Monitoring-March-3-2022.pdf,price_monitoring,0,2022-03-03,parsed,market+summary,30,a44ef4e1399cfa3c0bc86ec70d1a4bace6283577f487a88c031bd3f960984f4b,2026-10-01T10:35:12.152164Z,
https://www.da.gov.ph/wp-content/uploads/2022/03/Price-Monitoring-March-4-2022-Revised.pdf,price_monitoring,1,2022-03-04,parsed,market+summary,30,ee4b0a8bdc69215f123d2f4903f95a53b1de002735afad17d31b63ec86e4eeef,2026-10-01T10:35:16.135139Z,
https://www.da.gov.ph/wp-content/uploads/2022/03/Price-Monitoring-March-7-2022.pdf,price_monitoring,0,2022-03-07,parsed,market+summary,30,1954a2654e826236e492e877dee2c1b81d5f524c99672e64549aac44b358ad5f,2026-10-01T10:35:20.353057Z,
https://www.da.gov.ph/wp-content/uploads/2022/03/Price-Monitoring-March-8-2022.pdf,price_monitoring,0,2022-03-08,parsed,summary,29,1383884b6f18dd475514ae56934d08471a163508f16040ab72bdcd7d2680439a,2026-10-01T10:35:24.525948Z,
https://www.da.gov.ph/wp-content/uploads/2022/03/Price-Monitoring-March-9-2022.pdf,price_monitoring,0,2022-03-09,parsed,market+summary,30,7f901aa332c84d8ce840a40213cbff5d4df8b5e3142ad44de96ace5183bf344f,2026-10-01T10:35:28.561217Z,
https://www.da.gov.ph/wp-content/uploads/2022/03/Price-Monitoring-March-10-2022.pdf,price_monitoring,0,2022-03-10,parsed,market+summary,30,fb386b0526123f476f1e826a47937cc49b505a3bb0df8d4ef14ae49d0fe90683,2026-10-01T10:35:32.708844Z,
https://www.da.gov.ph/wp-content/uploads/2022/03/Price-Monitoring-March-11-2022-Revised.pdf,price_monitoring,1,2022-03-11,parsed,market+summary,30,0851a413421192a651f7bb6ae3ba9a2819d6fe82baec73701831ec936a0efa13,2026-10-01T10:35:36.908902Z,
https://www.da.gov.ph/wp-content/uploads/2022/03/Price-Monitoring-March-14-2022.pdf,price_monitoring,0,2022-03-14,parsed,market+summary,30,c4bc585843e377bee2a2136ef8cd723e8ef50a7cd6f2ff2845ddbbfc2967f9de,2026-10-01T10:35:41.369407Z,
https://www.da.gov.ph/wp-content/uploads/2022/03/Price-Monitoring-March-15-2022.pdf,price_monitoring,0,2022-03-15,parsed,market+summary,30,0104726f47e5fe1b0199ba1a5bca4835b3a7b57a452ac6093900bd12c8656170,2026-10-01T10:35:45.675816Z,
https://www.da.gov.ph/wp-content/uploads/2022/03/Price-Monitoring-March-16-2022.pdf,price_monitoring,0,2022-03-16,parsed,market+summary,30,58ffb5910f278d6984c82b426a7258f129fd4fd56f24066c2419f09f5e9bfd64,2026-10-01T10:35:49.823246Z,
https://www.da.gov.ph/wp-content/uploads/2022/03/Price-Monitoring-March-17-2022.pdf,price_monitoring,0,2022-03-17,parsed,market+summary,30,0a310aea7782df867fe6e06f37fbc89db0c55c8e6cce59b95a92ba6fbc828326,2026-10-01T10:35:53.839826Z,
https://www.da.gov.ph/wp-content/uploads/2022/03/Price-Monitoring-March-18-2022.pdf,price_monitoring,0,2022-03-18,parsed,market+summary,30,683a1207c6ddc355fc45e319ff4a21437293405fcb3fc382173da42cbe6f9b6a,2026-10-01T10:35:57.919368Z,
https://www.da.gov.ph/wp-content/uploads/2022/03/Price-Monitoring-March-21-2022.pdf,price_monitoring,0,2022-03-21,parsed,market+summary,30,73e0539fe0e2abc391fcba3a081e27c1827d5b7c4f5eeb9e77bfaaa066b8c4b8,2026-10-01T10:36:02.188991Z,
https://www.da.gov.ph/wp-content/uploads/2022/03/Price-Monitoring-March-22-2022.pdf,price_monitoring,0,2022-03-22,parsed,market+summary,30,0b972ea86988501b39f74ef28448f6f93975a444449d7871873a71b2511854ad,2026-10-01T10:36:06.582815Z,
https://www.da.gov.ph/wp-content/uploads/2022/03/Price-Monitoring-March-23-2022.pdf,price_monitoring,0,2022-03-23,parsed,market+summary,30,a691b6f88b12709cb5627f5be22693747c1d5ac8d39b9aa6ac285489310baa0d,2026-10-01T10:36:11.266505Z,
https://www.da.gov.ph/wp-content/uploads/2022/03/Price-Monitoring-March-24-2022.pdf,price_monitoring,0,2022-03-24,parsed,market+summary,30,29ce7a1f8b359aedf6708220c0c24c8b016028b90dcbe6d4ddd5e258cc7d1a94,2026-10-01T10:36:15.334713Z,
https://www.da.gov.ph/wp-content/uploads/2022/03/Price-Monitoring-March-25-2022.pdf,price_monitoring,0,2022-03-25,parsed,market+summary,30,8f5b7e6be9611207cc53725ff2d6451e8aa7b98973bf8ed6210522ea639c381a,2026-10-01T10:36:19.585776Z,
https://www.da.gov.ph/wp-content/uploads/2022/03/Price-Monitoring-March-28-2022.pdf,price_monitoring,0,2022-03-28,parsed,market+summary,30,a5cc3a05e7de683fb4be7197e696caea8bda5cc458c2c8222389ce488396bddd,2026-10-01T10:36:25.124713Z,
https://www.da.gov.ph/wp-content/uploads/2022/03/Price-Monitoring-March-29-2022.pdf,price_monitoring,0,2022-03-29,parsed,market+summary,30,4fe839230cffa83aa923a1fe5cb45d81fe4497e67f4b140158350bf2e16bc73b,2026-10-01T10:36:29.551648Z,
https://www.da.gov.ph/wp-content/uploads/2022/03/Price-Monitoring-March-30-2022.pdf,price_monitoring,0,2022-03-30,parsed,market+summary,30,70777c0207cbcfe3a6a269f61a3d7e429c2b70f07c7ecbb338a9a467765f13c8,2026-10-01T10:36:33.716038Z,
https://www.da.gov.ph/wp-content/uploads/2022/03/Price-Monitoring-March-31-2022.pdf,price_monitoring,0,2022-03-31,parsed,market+summary,30,ffda30d5a5a6e3c02118e03de0e7264ca09aead5124b0dbf22b9a591030b3fec,2026-10-01T10:36:37.864092Z,
https://www.da.gov.ph/wp-content/uploads/2022/04/Price-Monitoring-April-1-2022.pdf,price_monitoring,0,2022-04-01,parsed,market+summary,29,9c5d28af49e526d2be11592b5224dca3d0c0402a014eca345a938d2eb2d86871,2026-10-01T10:36:42.132068Z,
https://www.da.gov.ph/wp-content/uploads/2022/04/Price-Monitoring-April-4-2022.pdf,price_monitoring,0,2022-04-04,parsed,market+summary,30,4a3163027c57314aaffe3e5a48748b355b55bc2efbc452724d6b86c696a4e62d,2026-10-01T10:36:46.560268Z,
https://www.da.gov.ph/wp-content/uploads/2022/04/Price-Monitoring-April-5-2022.pdf,price_monitoring,0,2022-04-05,parsed,market+summary,30,268671af5bef08a7aaa59efe4670341e3ad7a80dea29b897dcf577801f4a4af6,2026-10-01T10:36:50.947410Z,
https://www.da.gov.ph/wp-content/uploads/2022/04/Price-Monitoring-April-6-2022.pdf,price_monitoring,0,2022-04-06,parsed,market+summary,30,339d492860f1e8ab9747a1f02b53a5f1140dfeb5da4563e022298ca28c55a44e,2026-10-01T10:36:55.201491Z,
https://www.da.gov.ph/wp-content/uploads/2022/04/Price-Monitoring-April-7-2022.pdf,price_monitoring,0,2022-04-07,parsed,market+summary,30,a41b229b2560e9b05c8f1a92286c1877a8ea2050b5949861ed22138b8856b053,2026-10-01T10:36:59.446693Z,
https://www.da.gov.ph/wp-content/uploads/2022/04/Price-Monitoring-April-8-2022.pdf,price_monitoring,0,2022-04-08,parsed,market+summary,30,ddc83ca7358e7cdabc40f67c5202139d837c805506883b4aef1ea62b9240ed5d,2026-10-01T10:37:03.559997Z,
https://www.da.gov.ph/wp-content/uploads/2022/04/Price-Monitoring-April-11-2022.pdf,price_monitoring,0,2022-04-11,parsed,market+summary,30,c4b6f0dd50221a9045af7db98215a2cfba6fc25a5c00ff449b0f05ef7c1ce7e3,2026-10-01T10:37:07.920759Z,
https://www.da.gov.ph/wp-content/uploads/2022/04/Price-Monitoring-April-12-2022.pdf,price_monitoring,0,2022-04-12,parsed,market+summary,30,4644c3dcfad0b04a82c10545ee27dc6b6d53fab26fb2a654ee8181387db6fbec,2026-10-01T10:37:12.341653Z,
https://www.da.gov.ph/wp-content/uploads/2022/04/Price-Monitoring-April-13-2022.pdf,price_monitoring,0,2022-04-13,parsed,market+summary,30,70198c4c4ff02db401a4b43cb95e1a341c595364b4d675044249c0d2420660ef,2026-10-01T10:37:17.247198Z,
https://www.da.gov.ph/wp-content/uploads/2022/04/Price-Monitoring-April-18-2022.pdf,price_monitoring,0,2022-04-18,parsed,market+summary,30,eb2211508e5d17777d9e436ec989a1b74d5ddfe0f96aa1db4abbd6fd89b47c13,2026-10-01T10:37:21.314443Z,
https://www.da.gov.ph/wp-content/uploads/2022/04/Price-Monitoring-April-19-2022.pdf,price_monitoring,0,2022-04-19,parsed,market+summary,30,84cfe0ad35a20b18c8bfd62f19412c5e585b486c8b5b451316b8a5587b5bcb0e,2026-10-01T10:37:25.711525Z,
https://www.da.gov.ph/wp-content/uploads/2022/04/Price-Monitoring-April-20-2022.pdf,price_monitoring,0,2022-04-20,parsed,market+summary,30,c63b9b99c81b9765e948f7614cd4c39b43faf6a6f93f381b7598762de99d8c58,2026-10-01T10:37:29.983154Z,
https://www.da.gov.ph/wp-content/uploads/2022/04/Price-Monitoring-April-21-2022.pdf,price_monitoring,0,2022-04-21,parsed,market+summary,29,70c718aaac2ab42bb811097c6cc26a6e2cbfa21175c4b0fcbd22634c9d2073cb,2026-10-01T10:37:34.161399Z,
https://www.da.gov.ph/wp-content/uploads/2022/04/Price-Monitoring-April-22-2022.pdf,price_monitoring,0,2022-04-22,parsed,market+summary,30,2dd04c2bf993241c7b2b68841c7e6d1bf711032dc5f4ffcbb71d647bd340d96b,2026-10-01T10:37:38.941328Z,
https://www.da.gov.ph/wp-content/uploads/2022/04/Price-Monitoring-April-25-2022.pdf,price_monitoring,0,2022-04-25,parsed,market+summary,30,49a95da6dcf7b8b2df437466eec5853a43b39b08480e463458df02c0171689a5,2026-10-01T10:37:43.532323Z,
https://www.da.gov.ph/wp-content/uploads/2022/04/Price-Monitoring-April-26-2022.pdf,price_monitoring,0,2022-04-26,parsed,market+summary,29,dffdcbb1e292bb9860435d3124bac033766055a6979176dd60d79e89cc42413b,2026-10-01T10:37:48.138128Z,
https://www.da.gov.ph/wp-content/uploads/2022/04/Price-Monitoring-April-27-2022.pdf,price_monitoring,0,2022-04-27,parsed,market+summary,30,720677f3cc29ad56855b7a84a87b5c4b8819ba50e0f6f94e935648f5662ae869,2026-10-01T10:37:52.328638Z,
https://www.da.gov.ph/wp-content/uploads/2022/04/Price-Monitoring-April-28-2022.pdf,price_monitoring,0,2022-04-28,parsed,market+summary,29,0a5c20f9a7f711552a6d8e83b4334e669f8377536b48a6710c3bc7188c5ca511,2026-10-01T10:37:56.457176Z,
https://www.da.gov.ph/wp-content/uploads/2022/04/Price-Monitoring-April-29-2022.pdf,price_monitoring,0,2022-04-29,parsed,market+summary,28,beeab3c303b961ef94bb47772716696d055c48d4dfda72907fc88a58f068d05e,2026-10-01T10:38:00.550064Z,
https://www.da.gov.ph/wp-content/uploads/2022/05/Price-Monitoring-May-2-2022.pdf,price_monitoring,0,2022-05-02,parsed,market+summary,28,c95931b179f06bd207734c73254a82c753fe2d6913e558523ec8dadd28db4cc7,2026-10-01T10:38:04.961771Z,
https://www.da.gov.ph/wp-content/uploads/2022/05/Price-Monitoring-May-3-2022.pdf,price_monitoring,0,2022-05-03,parsed,market+summary,28,43e38340ec43c6416f1292dcad24109e8b545bd9b6fed841f1745f19b2c33615,2026-10-01T10:38:09.438943Z,
https://www.da.gov.ph/wp-content/uploads/2022/05/Price-Monitoring-May-4-2022.pdf,price_monitoring,0,2022-05-04,parsed,market+summary,30,4154d62fe5e49941de1690d9833c67c6b73556a46d556a3c4436559c63931292,2026-10-01T10:38:13.662370Z,
https://www.da.gov.ph/wp-content/uploads/2022/05/Price-Monitoring-May-5-2022.pdf,price_monitoring,0,2022-05-05,parsed,market+summary,30,08ec4cf166fde725c4fb9602e969e9c36d0133aedd3a4ea98056a80ba2f239eb,2026-10-01T10:38:17.858949Z,
https://www.da.gov.ph/wp-content/uploads/2022/05/Price-Monitoring-May-6-2022.pdf,price_monitoring,0,2022-05-06,parsed,market+summary,28,2772bbb5962c215ec4b002b37e97cda4f4719df84800f6b5e89cd9d4d09f41bd,2026-10-01T10:38:22.008956Z,
https://www.da.gov.ph/wp-content/uploads/2022/05/Price-Monitoring-May-10-2022.pdf,price_monitoring,0,2022-05-10,parsed,market+summary,28,81aa6ce503998d1b793eeee1b15e4c4d2d5e6e88b576737234ac187c809b56a5,2026-10-01T10:38:26.504850Z,
https://www.da.gov.ph/wp-content/uploads/2022/05/Price-Monitoring-May-11-2022.pdf,price_monitoring,0,2022-05-11,parsed,market+summary,28,6f8fe5cb0278dcc653e0c82d32bfa2ad19fd8349dec67006e26739fa23f70b7e,2026-10-01T10:38:30.680084Z,
https://www.da.gov.ph/wp-content/uploads/2022/05/Price-Monitoring-May-12-2022.pdf,price_monitoring,0,2022-05-12,parsed,market+summary,30,640ad52618b597ea083a8c2990a307a2f7d86862a3a2d91aab84cbdd25de0348,2026-10-01T10:38:34.968924Z,
https://www.da.gov.ph/wp-content/uploads/2022/05/Price-Monitoring-May-13-2022.pdf,price_monitoring,0,2022-05-13,parsed,market+summary,30,2f6bdf20dcb68786ff3c906fbe43b765e99c86553b98ea36228cc5f6b31e53b6,2026-10-01T10:38:39.161185Z,
https://www.da.gov.ph/wp-content/uploads/2022/05/Price-Monitoring-May-16-2022.pdf,price_monitoring,0,2022-05-16,parsed,market+summary,30,58add899a23604f37dbf5f681b0fb49e3f1af705157dc6414fe151f3a0bd5541,2026-10-01T10:38:43.555525Z,
https://www.da.gov.ph/wp-content/uploads/2022/05/Price-Monitoring-May-17-2022.pdf,price_monitoring,0,2022-05-17,parsed,market+summary,30,ad3bbc5e566e93a253bf449031c3a8dd58a9a7acf2daa8f092a900c858fe20ba,2026-10-01T10:38:47.951513Z,
https://www.da.gov.ph/wp-content/uploads/2022/05/Price-Monitoring-May-18-2022.pdf,price_monitoring,0,2022-05-18,parsed,market+summary,29,48b294651d8a4fbabccab8287ed1f66f35c3c6892f14eef1bff939510776abd8,2026-10-01T10:38:52.084527Z,
https://www.da.gov.ph/wp-content/uploads/2022/05/Price-Monitoring-May-19-2022.pdf,price_monitoring,0,2022-05-19,parsed,market+summary,28,52f561e6c9a35e9d74db77dd0617b154199b446b9d8e029f08976b333ee88531,2026-10-01T10:38:56.224293Z,
https://www.da.gov.ph/wp-content/uploads/2022/05/Price-Monitoring-May-20-2022.pdf,price_monitoring,0,2022-05-20,parsed,market+summary,29,5ac375ed7d83854243cf98d5614639c9e9e4b689b64165c8d6368c82dff9c60b,2026-10-01T10:39:00.363170Z,
https://www.da.gov.ph/wp-content/uploads/2022/05/Price-Monitoring-May-23-2022.pdf,price_monitoring,0,2022-05-23,parsed,market+summary,29,fa5e4e1d6754276e3f9f1bbb18bad7a8c87bee8a0f3af60fda699fb4447d6019,2026-10-01T10:39:04.740357Z,
https://www.da.gov.ph/wp-content/uploads/2022/05/Price-Monitoring-May-24-2022.pdf,price_monitoring,0,2022-05-24,parsed,market+summary,28,735c5cf8cf34c818871050ce35fcb124e0813a7af9eb817c5bd794deb24776d5,2026-10-01T10:39:09.135420Z,
https://www.da.gov.ph/wp-content/uploads/2022/05/Price-Monitoring-May-25-2022.pdf,price_monitoring,0,2022-05-25,parsed,summary,28,9357e7bc62b04d0373a5f758d979972b6c14b735a4bbee6a89d3e88151b5cc23,2026-10-01T10:39:14.089185Z,
https://www.da.gov.ph/wp-content/uploads/2022/05/Price-Monitoring-May-26-2022.pdf,price_monitoring,0,2022-05-26,parsed,market+summary,28,7ce953f6ccd8811af9e173ac1032d535ceafeb2fdd574075ccb58c5076dbaa68,2026-10-01T10:39:18.087456Z,
https://www.da.gov.ph/wp-content/uploads/2022/05/Price-Monitoring-May-27-2022.pdf,price_monitoring,0,2022-05-27,parsed,market+summary,28,b8a7c0f47e7b363fcdc20f1a20b976a549d1fb821667c4e98fe373b9c12dc0b2,2026-10-01T10:39:22.294593Z,
https://www.da.gov.ph/wp-content/uploads/2022/05/Price-Monitoring-May-30-2022.pdf,price_monitoring,0,2022-05-30,parsed,market+summary,28,0da0b0ca935f616e39dcfa10f5785062cb39f2027103b06f11d9f62b415c8e8f,2026-10-01T10:39:26.866276Z,
https://www.da.gov.ph/wp-content/uploads/2022/05/Price-Monitoring-May-31-2022.pdf,price_monitoring,0,2022-05-31,parsed,market+summary,28,78d4f896acc6a359fa9d36a9a19a385cd856b3b9966ab4a1f005347aa59ce3f1,2026-10-01T10:39:31.656270Z,
https://www.da.gov.ph/wp-content/uploads/2022/06/Price-Monitoring-June-1-2022.pdf,price_monitoring,0,2022-06-01,parsed,market+summary,28,26b05e3d7a92098e0de2b9ee583223272ebe7e41d404f19924b2321d5d58e667,2026-10-01T10:39:35.870172Z,
https://www.da.gov.ph/wp-content/uploads/2022/06/Price-Monitoring-June-2-2022.pdf,price_monitoring,0,2022-06-02,parsed,market+summary,28,69f68947e8d36c85c3675827af5bdf5f21b0ae03951f915e8b293657ead7f05e,2026-10-01T10:39:39.964354Z,
https://www.da.gov.ph/wp-content/uploads/2022/06/Price-Monitoring-June-3-2022.pdf,price_monitoring,0,2022-06-03,parsed,market+summary,28,8cbeee7156456cd989e0ec56f206a2b0dabacf16ff1d457c60206b025d96bad3,2026-10-01T10:39:44.096175Z,
https://www.da.gov.ph/wp-content/uploads/2022/06/Price-Monitoring-June-6-2022.pdf,price_monitoring,0,2022-06-06,parsed,market+summary,28,d08b0f9669619a22c3d770cb65824af6db3c93855584512e441706ec1fe0cfac,2026-10-01T10:39:48.504600Z,
https://www.da.gov.ph/wp-content/uploads/2022/06/Price-Monitoring-June-7-2022.pdf,price_monitoring,0,2022-06-07,parsed,market+summary,28,08ae118c5a96611d5177c70d33d7d37ea566933eac6db1403a202491f82b15fc,2026-10-01T10:39:53.152366Z,
https://www.da.gov.ph/wp-content/uploads/2022/06/Price-Monitoring-June-8-2022.pdf,price_monitoring,0,2022-06-08,parsed,market+summary,28,c34642c395fdfc2462502abf916d6e8fdc457312654c75cda1a44f4e495d033c,2026-10-01T10:39:57.682447Z,
https://www.da.gov.ph/wp-content/uploads/2022/06/Price-Monitoring-June-9-2022.pdf,price_monitoring,0,2022-06-09,parsed,market+summary,28,58dae4e339da999ee2870231830e348492799dc930f45493828c7944c9de0a5c,2026-10-01T10:40:02.151398Z,
https://www.da.gov.ph/wp-content/uploads/2022/06/Price-Monitoring-June-10-2022.pdf,price_monitoring,0,2022-06-10,parsed,market+summary,28,ccf1faf3f9d96079b707327028d14e2b3252794352df6e56d87f3b5a1962b7fe,2026-10-01T10:40:06.442215Z,
https://www.da.gov.ph/wp-content/uploads/2022/06/Price-Monitoring-June-13-2022.pdf,price_monitoring,0,2022-06-13,parsed,market+summary,28,afdcee9b3ad4f0fc1106fd7426b938439619e1e30ae1a541f51f3d3dffa2059c,2026-10-01T10:40:13.206323Z,
https://www.da.gov.ph/wp-content/uploads/2022/06/Price-Monitoring-June-14-2022.pdf,price_monitoring,0,2022-06-14,parsed,market+summary,28,3849cdcbe2314a6ac4b8655ab34df3a9b4011cdd979993dcf3fc6e861cb41629,2026-10-01T10:40:17.616003Z,
https://www.da.gov.ph/wp-content/uploads/2022/06/Price-Monitoring-June-15-2022.pdf,price_monitoring,0,2022-06-15,parsed,market+summary,28,4df9dc0b4df1b80578f5c640c60fd7d66e81c6df135346d279f81c6cf1745e91,2026-10-01T10:40:21.774661Z,
https://www.da.gov.ph/wp-content/uploads/2022/06/Price-Monitoring-June-16-2022.pdf,price_monitoring,0,2022-06-16,parsed,market+summary,29,876b02ab37b06555e0506321894ee14fc176209bf685f187a53b12bb813e8159,2026-10-01T10:40:28.142678Z,
https://www.da.gov.ph/wp-content/uploads/2022/06/Price-Monitoring-June-17-2022.pdf,price_monitoring,0,2022-06-17,parsed,market+summary,29,973aee17cdd5d9a3269ed0c3c85827068ed03041f9bd95029561d4d1b4068deb,2026-10-01T10:40:44.938698Z,
https://www.da.gov.ph/wp-content/uploads/2022/06/Price-Monitoring-June-20-2022-Revised.pdf,price_monitoring,1,2022-06-20,parsed,market+summary,29,1aabfdb98b398c9e8bcc6e19435d5e7bdd1234a25c2604f516c93573b57b220f,2026-10-01T10:40:50.634834Z,
https://www.da.gov.ph/wp-content/uploads/2022/06/Price-Monitoring-June-21-2022.pdf,price_monitoring,0,2022-06-21,parsed,market+summary,29,295d34f88024b1ddd3f82d780a836795fef9d63fad4245dfc88dcd8a987d7f03,2026-10-01T10:40:55.189176Z,
https://www.da.gov.ph/wp-content/uploads/2022/06/Price-Monitoring-June-22-2022.pdf,price_monitoring,0,2022-06-22,parsed,market+summary,29,d651b60e78934e5544147632bc181aa2bd6ffbf116f391aa1942fe006fa90ea9,2026-10-01T10:40:59.606143Z,
https://www.da.gov.ph/wp-content/uploads/2022/06/Price-Monitoring-June-23-2022.pdf,price_monitoring,0,2022-06-23,parsed,market+summary,29,ac88835ea3beabe2977c1a1785637e1e6039ab72b6cff81f48224d5f01eb2843,2026-10-01T10:41:04.242023Z,
https://www.da.gov.ph/wp-content/uploads/2022/06/Price-Monitoring-June-24-2022.pdf,price_monitoring,0,2022-06-24,parsed,market+summary,29,52460d263c6e8e6f7893fb16d826c4686f5944e912c836ca2e2beb07003bdebf,2026-10-01T10:41:09.990318Z,
https://www.da.gov.ph/wp-content/uploads/2022/06/Price-Monitoring-June-27-2022.pdf,price_monitoring,0,2022-06-27,parsed,market+summary,28,c93d60741ab6818a53f44dcbb5c6b4b689ee864fc40e42050739f6e80e2c4fc5,2026-10-01T10:41:14.278362Z,
https://www.da.gov.ph/wp-content/uploads/2022/06/Price-Monitoring-June-28-2022.pdf,price_monitoring,0,2022-06-28,parsed,market+summary,28,9ee7dcbed9624a3d588f14ff6c0aff3c7d2406a75d48f32e2b065bb35b67c6a0,2026-10-01T10:41:18.714535Z,
https://www.da.gov.ph/wp-content/uploads/2022/06/Price-Monitoring-June-29-2022.pdf,price_monitoring,0,2022-06-29,parsed,market+summary,28,bf1b2592e28b78bdfa9f100bd80513639bce6de3672dc8f18fabb1f91860ba35,2026-10-01T10:41:22.985290Z,
https://www.da.gov.ph/wp-content/uploads/2022/06/Price-Monitoring-June-30-2022.pdf,price_monitoring,0,2022-06-30,parsed,market+summary,28,a3f1336242a95f2526a232c0834366840ea1ba7cb6f6ab9c3c4a50b40b062f6b,2026-10-01T10:41:27.315561Z,
https://www.da.gov.ph/wp-content/uploads/2022/07/Price-Monitoring-July-1-2022.pdf,price_monitoring,0,2022-07-01,parsed,market+summary,28,ab45313827a732c90a6ded322384e95d5679089e99f5b50edd9a14f8f8b59b3d,2026-10-01T10:41:31.847041Z,
https://www.da.gov.ph/wp-content/uploads/2022/07/Price-Monitoring-July-4-2022.pdf,price_monitoring,0,2022-07-04,parsed,market+summary,29,6a152728ba94cab2c3964743eea9f793110f8fbe7a5c53168cb1af58a3ce587d,2026-10-01T10:41:36.623836Z,
https://www.da.gov.ph/wp-content/uploads/2022/07/Price-Monitoring-July-5-2022.pdf,price_monitoring,0,2022-07-05,parsed,market+summary,29,28feecc307852af04e13189f663c666399a8d01863a8a7bba96e5fec0717b0c0,2026-10-01T10:41:41.789309Z,
https://www.da.gov.ph/wp-content/uploads/2022/07/Price-Monitoring-July-6-2022.pdf,price_monitoring,0,2022-07-06,parsed,market+summary,29,83006709827afe9fad3c5872b695eacbdf3870c5196552ce0a92ba852bc06050,2026-10-01T10:41:45.964315Z,
https://www.da.gov.ph/wp-content/uploads/2022/07/Price-Monitoring-July-7-2022.pdf,price_monitoring,0,2022-07-07,parsed,market+summary,29,331cea2411e665922c79ddde43500f7c6779efb17a803df077e8c14b16b5c75f,2026-10-01T10:41:50.034806Z,
https://www.da.gov.ph/wp-content/uploads/2022/07/Price-Monitoring-July-8-2022.pdf,price_monitoring,0,2022-07-08,parsed,market+summary,30,a4d9b332a50c16bea4c4ec4bb9e28623a1e12d337a97bd30f5ef5f7562b66f77,2026-10-01T10:41:54.174765Z,
https://www.da.gov.ph/wp-content/uploads/2022/07/Price-Monitoring-July-11-2022.pdf,price_monitoring,0,2022-07-11,parsed,market+summary,30,91347dd51504653da352835787b1749213b6e948cd88996f4e7242b20a32155e,2026-10-01T10:41:59.127775Z,
https://www.da.gov.ph/wp-content/uploads/2022/07/Price-Monitoring-July-12-2022.pdf,price_monitoring,0,2022-07-12,parsed,market+summary,30,23d5768c1ecc2897e0fa30c554fe008a8fc9a2f03c83b91fcce67784849b589f,2026-10-01T10:42:03.779269Z,
https://www.da.gov.ph/wp-content/uploads/2022/07/Price-Monitoring-July-13-2022.pdf,price_monitoring,0,2022-07-13,parsed,market+summary,30,66c546438dbafc5c32c06f3e4140648a04cfbb5dffb5243f67462e0d9f3bab94,2026-10-01T10:42:08.043234Z,
https://www.da.gov.ph/wp-content/uploads/2022/07/Price-Monitoring-July-14-2022.pdf,price_monitoring,0,2022-07-14,parsed,market+summary,30,c1414633dd4c5bf83045ba506b600f456fc89289fe3f47c662e904f7167c953a,2026-10-01T10:42:12.287407Z,
https://www.da.gov.ph/wp-content/uploads/2022/07/Price-Monitoring-July-15-2022.pdf,price_monitoring,0,2022-07-15,parsed,market+summary,30,b31dbd08aeb39e9692fd535040605d015c52d6a9ece670fe6368698846697877,2026-10-01T10:42:16.445545Z,
https://www.da.gov.ph/wp-content/uploads/2022/07/Price-Monitoring-July-18-2022.pdf,price_monitoring,0,2022-07-18,parsed,market+summary,30,2d4049dbd12f15941dc70e403a8bba1243c36c9817d563a1e38973e5edde02a3,2026-10-01T10:42:20.808029Z,
https://www.da.gov.ph/wp-content/uploads/2022/07/Price-Monitoring-July-19-2022-Revised.pdf,price_monitoring,1,2022-07-19,parsed,market+summary,29,48980815cb9b4443e6f72bfde843fb2d64dfd767c0470fe7cccba353cf45e08d,2026-10-01T10:42:25.082870Z,
https://www.da.gov.ph/wp-content/uploads/2022/07/Price-Monitoring-July-20-2022.pdf,price_monitoring,0,2022-07-20,parsed,market+summary,28,2dc9ac205a57f547ad7ca102270700a5a220d2215694a48df89212f967c3506b,2026-10-01T10:42:29.669818Z,
https://www.da.gov.ph/wp-content/uploads/2022/07/Price-Monitoring-July-21-2022.pdf,price_monitoring,0,2022-07-21,parsed,market+summary,28,01c9e9b9e988eb72a1b05a8aba958d9e93b25fd34e1e30a6e77151ba3b0b3f89,2026-10-01T10:42:34.924262Z,
https://www.da.gov.ph/wp-content/uploads/2022/07/Price-Monitoring-July-22-2022.pdf,price_monitoring,0,2022-07-22,parsed,market+summary,28,06a9a47b06e0b4889db787c845e25c01ac625ad05714090a6087cff1ddd14c5e,2026-10-01T10:42:39.639985Z,
https://www.da.gov.ph/wp-content/uploads/2022/07/Price-Monitoring-July-25-2022.pdf,price_monitoring,0,2022-07-25,parsed,market+summary,28,3ddbfaefa831764c3d2dca2deb0354091cfa3e473ee93733414c3df248440c1c,2026-10-01T10:42:43.987533Z,
https://www.da.gov.ph/wp-content/uploads/2022/07/Price-Monitoring-July-26-2022.pdf,price_monitoring,0,2022-07-26,parsed,market+summary,28,ae4227568e0e145472ea738a91b481d6780b381332c92ce4c141f1d011702ad2,2026-10-01T10:42:48.487084Z,
https://www.da.gov.ph/wp-content/uploads/2022/07/Price-Monitoring-July-27-2022.pdf,price_monitoring,0,2022-07-27,parsed,summary,28,44f9af1b18d57d75320422aa227a35cc0ab7e1e7fbe33eec8077a411736cf93d,2026-10-01T10:42:52.738486Z,
https://www.da.gov.ph/wp-content/uploads/2022/07/Price-Monitoring-July-28-2022.pdf,price_monitoring,0,2022-07-28,parsed,market+summary,28,c9ebeb6b27f45fa95ae919abfd076caf686ca0acf5f50dd989c9bd8b40599464,2026-10-01T10:42:56.672395Z,
https://www.da.gov.ph/wp-content/uploads/2022/07/Price-Monitoring-July-29-2022.pdf,price_monitoring,0,2022-07-29,parsed,market+summary,28,73286364684ef67539503d4e627fbdf066b6e98c1d831580e6d1dc2d551a64e3,2026-10-01T10:43:01.603362Z,
https://www.da.gov.ph/wp-content/uploads/2022/08/Price-Monitoring-August-1-2022.pdf,price_monitoring,0,2022-08-01,parsed,market+summary,28,df5a54a4295ca173282bb4a7b5d3fff12e0b942c7774e840797ab4d0096ffb54,2026-10-01T10:43:06.041256Z,
https://www.da.gov.ph/wp-content/uploads/2022/08/Price-Monitoring-August-2-2022.pdf,price_monitoring,0,2022-08-02,parsed,market+summary,28,857defa4e4b41e76f241126e3a9dab37f390e4c57091e4c18242d2c6b5fcb9c2,2026-10-01T10:43:10.381538Z,
https://www.da.gov.ph/wp-content/uploads/2022/08/Price-Monitoring-August-3-2022.pdf,price_monitoring,0,2022-08-03,parsed,market+summary,28,40b604dea965a825d20900e65b16695a86394c0788912cddb056a951e90ef9f1,2026-10-01T10:43:14.667621Z,
https://www.da.gov.ph/wp-content/uploads/2022/08/Price-Monitoring-August-4-2022.pdf,price_monitoring,0,2022-08-04,parsed,market+summary,28,5184b857ff03cd886081be68a0bd60a84f1ed00df015083007d2079b371e722e,2026-10-01T10:43:19.196259Z,
https://www.da.gov.ph/wp-content/uploads/2022/08/Price-Monitoring-August-5-2022.pdf,price_monitoring,0,2022-08-05,parsed,market+summary,28,dc070d99ccb2ab20667c49ad526560d1b6430efd028a0c7e4283f44a598034f8,2026-10-01T10:43:24.205896Z,
https://www.da.gov.ph/wp-content/uploads/2022/08/Price-Monitoring-August-8-2022.pdf,price_monitoring,0,2022-08-08,parsed,market+summary,28,192d08a569bb7875610047aa635531b0fcf7214d3ecc95869b56134d32ccd79b,2026-10-01T10:43:28.695937Z,
https://www.da.gov.ph/wp-content/uploads/2022/08/Price-Monitoring-August-9-2022.pdf,price_monitoring,0,2022-08-09,parsed,market+summary,27,c84e4276ee201c408be37e55ceaaa224bbf7b826534a24c7f95b394f28cafbef,2026-10-01T10:43:32.980670Z,
https://www.da.gov.ph/wp-content/uploads/2022/08/Price-Monitoring-August-10-2022.pdf,price_monitoring,0,2022-08-10,parsed,market+summary,29,5cf47a94fbf41e9570e04e2969b7cb07fb8449d116914db5e98e616ffe2bec0b,2026-10-01T10:43:37.225972Z,
https://www.da.gov.ph/wp-content/uploads/2022/08/Price-Monitoring-August-11-2022.pdf,price_monitoring,0,2022-08-11,parsed,market+summary,29,d06de6e4927bcead8c39d142b8d7ca4d5df5a8e73266802282fabd0748309ba4,2026-10-01T10:43:41.319607Z,
https://www.da.gov.ph/wp-content/uploads/2022/08/Price-Monitoring-August-12-2022.pdf,price_monitoring,0,2022-08-12,parsed,market+summary,28,d3c13af8ffa9825b631e62eb9663568a666afc0c0bf59cb554bc30f81f440154,2026-10-01T10:43:45.406365Z,
https://www.da.gov.ph/wp-content/uploads/2022/08/Price-Monitoring-August-15-2022.pdf,price_monitoring,0,2022-08-15,parsed,market+summary,27,74ca39204708a6258943a08fc104ee467439959b02fefbe7939dd6e3e74e99cd,2026-10-01T10:43:49.778711Z,
https://www.da.gov.ph/wp-content/uploads/2022/08/Price-Monitoring-August-16-2022.pdf,price_monitoring,0,2022-08-16,parsed,market+summary,27,d1a390af164fbf29e9e58e18011fd4a341ca7bdc7ce3a0e356f564923600cf8f,2026-10-01T10:43:54.048475Z,
https://www.da.gov.ph/wp-content/uploads/2022/08/Price-Monitoring-August-17-2022.pdf,price_monitoring,0,2022-08-17,parsed,market+summary,27,9a764c5322669938c5a5379b27e278dece61a93cd3a725331fc1c06297b4446e,2026-10-01T10:43:58.308194Z,
https://www.da.gov.ph/wp-content/uploads/2022/08/Price-Monitoring-August-18-2022.pdf,price_monitoring,0,2022-08-18,parsed,market+summary,27,fc503b1fd53730786689ea157915c28a0d0c9b6fe651d8122c4bfb3e562403ca,2026-10-01T10:44:03.660995Z,
https://www.da.gov.ph/wp-content/uploads/2022/08/Price-Monitoring-August-19-2022.pdf,price_monitoring,0,2022-08-19,parsed,market+summary,26,9bb600c8b7d32396b3bb99f2d8ec5dee225ad9d09b47e9d548c8dba8101b7851,2026-10-01T10:44:07.836609Z,
https://www.da.gov.ph/wp-content/uploads/2022/08/Price-Monitoring-August-22-2022.pdf,price_monitoring,0,2022-08-22,parsed,market+summary,27,65cf929745e4acbe14f92c13a6ac0f0c60e7cdfd253806569aff4df7f9e695a3,2026-10-01T10:44:12.277489Z,
https://www.da.gov.ph/wp-content/uploads/2022/08/Price-Monitoring-August-23-2022.pdf,price_monitoring,0,2022-08-23,parsed,summary,27,b6aa971d362bca09621d2fa8f19804eb0734df4abaa1342f81aee0e48c980335,2026-10-01T10:44:16.544336Z,
https://www.da.gov.ph/wp-content/uploads/2022/08/Price-Monitoring-August-24-2022.pdf,price_monitoring,0,2022-08-24,parsed,market+summary,27,735aa01691ab26a2038998887f69d95d6eee512d3c651959368034f5518651b3,2026-10-01T10:44:20.593268Z,
https://www.da.gov.ph/wp-content/uploads/2022/08/Price-Monitoring-August-25-2022.pdf,price_monitoring,0,2022-08-25,parsed,market+summary,27,296b260394d2a966a453d7b906255979609e19eccf30eb5b4c1ac60a664ddf85,2026-10-01T10:44:24.621408Z,
https://www.da.gov.ph/wp-content/uploads/2022/08/Price-Monitoring-August-26-2022.pdf,price_monitoring,0,2022-08-26,parsed,market+summary,27,4efbea01f6120b0b96579888af04b394607e7de9ce65b9269a58ce2a2178549e,2026-10-01T10:44:28.835295Z,
https://www.da.gov.ph/wp-content/uploads/2022/08/Price-Monitoring-August-29-2022.pdf,price_monitoring,0,2022-08-29,parsed,market+summary,27,70edb2b7f049ef32b1b73fde99ca064e1e31c8f3ba2e0b35eca2f8df1412a017,2026-10-01T10:44:33.115826Z,
https://www.da.gov.ph/wp-content/uploads/2022/08/Price-Monitoring-August-30-2022.pdf,price_monitoring,0,2022-08-30,parsed,market+summary,27,37cace9c32721f2e925349870550e0074254aad0891642c0e58e126a9adca7c8,2026-10-01T10:44:37.465451Z,
https://www.da.gov.ph/wp-content/uploads/2022/08/Price-Monitoring-August-31-2022.pdf,price_monitoring,0,2022-08-31,parsed,market+summary,27,4759657fd0e208db081f671220663838b03ee93263b80ac0bf953d2b965834f1,2026-10-01T10:44:41.562369Z,
https://www.da.gov.ph/wp-content/uploads/2022/09/Price-Monitoring-September-1-2022.pdf,price_monitoring,0,2022-09-01,parsed,market+summary,27,453e11a391aa05b245ec1e529dfa6176cec88f5a8d77e7a4de22a381fc721214,2026-10-01T10:44:45.659704Z,
https://www.da.gov.ph/wp-content/uploads/2022/09/Price-Monitoring-September-2-2022.pdf,price_monitoring,0,2022-09-02,parsed,market+summary,26,8d27df47082fcb0b31ec9a5421f6b6429d75ea0e08320bd58ad0c89a36ce366e,2026-10-01T10:44:49.783717Z,
https://www.da.gov.ph/wp-content/uploads/2022/09/Price-Monitoring-September-5-2022.pdf,price_monitoring,0,2022-09-05,parsed,market+summary,26,f60fd829130ce54deda8bcdda8938dd5e88ff01c560bd1e6408265f4a29d9a70,2026-10-01T10:44:53.963984Z,
https://www.da.gov.ph/wp-content/uploads/2022/09/Price-Monitoring-September-6-2022.pdf,price_monitoring,0,2022-09-06,parsed,market+summary,26,aa4f54fff66374c75136dcf76e5d02df8f61b31d94814e9ddc6a6bc88bf7219e,2026-10-01T10:44:58.137030Z,
https://www.da.gov.ph/wp-content/uploads/2022/09/Price-Monitoring-September-7-2022.pdf,price_monitoring,0,2022-09-07,parsed,market+summary,27,5e94c6c42ad5821dfb33320284b09d0bffed8610dc29e9e1384fac2a0554c6bc,2026-10-01T10:45:02.476827Z,
https://www.da.gov.ph/wp-content/uploads/2022/09/Price-Monitoring-September-8-2022.pdf,price_monitoring,0,2022-09-08,parsed,market+summary,27,36683390b666059c0ae8b1d150a88b2d4a701936ad5bae5c901f3d40a8622df4,2026-10-01T10:45:06.651997Z,
https://www.da.gov.ph/wp-content/uploads/2022/09/Price-Monitoring-September-9-2022.pdf,price_monitoring,0,2022-09-09,parsed,market+summary,27,307089baaccd5832d49c3f82caca320a6cbdcb631c9889b34841b3a38898d994,2026-10-01T10:45:10.677937Z,
https://www.da.gov.ph/wp-content/uploads/2022/09/Price-Monitoring-September-12-2022.pdf,price_monitoring,0,2022-09-12,parsed,market+summary,0,9074c0012a1105107efa45808b1e78005838c9ed5e41aaba37520e2169c27383,2026-10-01T10:45:14.978208Z,
https://www.da.gov.ph/wp-content/uploads/2022/09/Price-Monitoring-September-13-2022.pdf,price_monitoring,0,2022-09-13,parsed,market+summary,27,de9a264a74883146f6e3a17620950b4c93b420180337e7a8f48ea128c251eb94,2026-10-01T10:45:19.217540Z,
https://www.da.gov.ph/wp-content/uploads/2022/09/Price-Monitoring-September-14-2022.pdf,price_monitoring,0,2022-09-14,parsed,market+summary,27,4f0a08967c3ed4bd6212f3c9ce8d72e99af5b6e114c8f7f65a857355b610acb1,2026-10-01T10:45:23.440612Z,
https://www.da.gov.ph/wp-content/uploads/2022/09/Price-Monitoring-September-15-2022.pdf,price_monitoring,0,2022-09-15,parsed,market+summary,27,f41aedfad31235926f6972b6ac3bf4f081af98dbfe02ea86e41dcbe1238f36e2,2026-10-01T10:45:27.605325Z,
https://www.da.gov.ph/wp-content/uploads/2022/09/Price-Monitoring-September-16-2022.pdf,price_monitoring,0,2022-09-16,parsed,market+summary,27,c1ebb3a1841abfdf3d0bb9d1856dfd5d257aff857b118d465ef7b4b9ba8bf81b,2026-10-01T10:45:31.739306Z,
https://www.da.gov.ph/wp-content/uploads/2022/09/Price-Monitoring-September-19-2022.pdf,price_monitoring,0,2022-09-19,parsed,market+summary,27,76e56da9fa02b807b1ddbcfdda59ed1731577ddf028d6a06ba66af6aee051a67,2026-10-01T10:45:36.270669Z,
https://www.da.gov.ph/wp-content/uploads/2022/09/Price-Monitoring-September-21-2022.pdf,price_monitoring,0,2022-09-21,parsed,market+summary,27,ef26ef3110a1ed1da2f9469ade906652075dc8b213dd025477c2174091b54dd7,2026-10-01T10:45:40.469736Z,
https://www.da.gov.ph/wp-content/uploads/2022/09/Price-Monitoring-September-22-2022.pdf,price_monitoring,0,2022-09-22,parsed,market+summary,27,f3465d8484acab377ef4230c9250cd9fc7fe3db65c991b3a3a5ffe9e4c8aaef5,2026-10-01T10:45:44.569426Z,
https://www.da.gov.ph/wp-content/uploads/2022/09/Price-Monitoring-September-23-2022.pdf,price_monitoring,0,2022-09-23,parsed,market+summary,27,ca7706ba5868cbc5a9d20534bf01761f21e979aa18d796ec1d41ebbb33988bb7,2026-10-01T10:45:48.706761Z,
https://www.da.gov.ph/wp-content/uploads/2022/09/Price-Monitoring-September-26-2022.pdf,price_monitoring,0,2022-09-26,parsed,market+summary,27,d01fefa353e4a128c4a60937ab0a204f761e133f1ec2c9ff9d69292674cb909c,2026-10-01T10:45:52.867182Z,
https://www.da.gov.ph/wp-content/uploads/2022/09/Price-Monitoring-September-27-2022.pdf,price_monitoring,0,2022-09-27,parsed,market+summary,27,d2fb61e79f377aa2cbb21c8720ecdbeaa1113fa4f89787cc59f9303e1fcc1dac,2026-10-01T10:45:57.407044Z,
https://www.da.gov.ph/wp-content/uploads/2022/09/Price-Monitoring-September-28-2022.pdf,price_monitoring,0,2022-09-28,parsed,market+summary,27,c19484c8a5c7dbc0e79e46c8123477fc670640bdfc97facebc4b7ff5620fe760,2026-10-01T10:46:01.837138Z,
https://www.da.gov.ph/wp-content/uploads/2022/09/Price-Monitoring-September-29-2022.pdf,price_monitoring,0,2022-09-29,parsed,market+summary,26,9f56a404034501138119a6a7a1bbbda8f62a2c9409307158601d0099184bfcf5,2026-10-01T10:46:06.025301Z,
https://www.da.gov.ph/wp-content/uploads/2022/10/Price-Monitoring-September-30-2022.pdf,price_monitoring,0,2022-09-30,parsed,market+summary,26,c96843621765d2521b260a42ada74bb619a7af0f642c29e3121b0a636c272896,2026-10-01T10:46:10.275043Z,
https://www.da.gov.ph/wp-content/uploads/2022/10/Price-Monitoring-October-3-2022.pdf,price_monitoring,0,2022-10-03,parsed,market+summary,26,0153ba922811542491dbc3dadb6a6bf715fa4a6eb9a8a61fd6efa326bb6d9481,2026-10-01T10:46:14.706235Z,
https://www.da.gov.ph/wp-content/uploads/2022/10/Price-Monitoring-October-4-2022.pdf,price_monitoring,0,2022-10-04,parsed,market+summary,26,15ae452aff4b5f5022301962ad9fa3ffd6e7f211e9cfa37ba7b3a039b5c5421a,2026-10-01T10:46:19.042132Z,
https://www.da.gov.ph/wp-content/uploads/2022/10/Price-Monitoring-October-5-2022.pdf,price_monitoring,0,2022-10-05,parsed,market+summary,27,356cb2a8c1a5836062b255f1ff5dbf4b9aafb4e505f2ddc7847575fe887e23dc,2026-10-01T10:46:23.654199Z,
https://www.da.gov.ph/wp-content/uploads/2022/10/Price-Monitoring-October-6-2022.pdf,price_monitoring,0,2022-10-06,parsed,market+summary,27,3f16591a21a310b7581d94820cfc67ea0e7ee7f59d055859ca0e8420eee575b7,2026-10-01T10:46:27.851318Z,
https://www.da.gov.ph/wp-content/uploads/2022/10/Price-Monitoring-October-7-2022.pdf,price_monitoring,0,2022-10-07,parsed,market+summary,28,ba54e4e76e21fd069d13f957b133d4476c96e17f969e463bd83971f12fe75d6f,2026-10-01T10:46:32.083018Z,
https://www.da.gov.ph/wp-content/uploads/2022/10/Price-Monitoring-October-10-2022-Revised.pdf,price_monitoring,1,2022-10-10,parsed,market+summary,28,63243350684ed9a8e7017fcf7de90320b9aad979691b256a4bcdae54a7492656,2026-10-01T10:46:36.349555Z,
https://www.da.gov.ph/wp-content/uploads/2022/10/Price-Monitoring-October-11-2022.pdf,price_monitoring,0,2022-10-11,parsed,market+summary,27,ec9c82fbc551cdd71b67a48578bb0fbbf5bbfee53001e588ef87070bb9358eaf,2026-10-01T10:46:40.580128Z,
https://www.da.gov.ph/wp-content/uploads/2022/10/Price-Monitoring-October-12-2022.pdf,price_monitoring,0,2022-10-12,parsed,market+summary,27,53c45e34e0c1caf8c66bd6514d591371e40de0ffb0ce87529aa5fb6ff135ecb7,2026-10-01T10:46:44.688098Z,
https://www.da.gov.ph/wp-content/uploads/2022/10/Price-Monitoring-October-13-2022.pdf,price_monitoring,0,2022-10-13,parsed,market+summary,27,451977af6de85d99a4612edb25124381202d7e03cf0ce114be21bfbe97fe5781,2026-10-01T10:46:48.838588Z,
https://www.da.gov.ph/wp-content/uploads/2022/10/Price-Monitoring-October-14-2022.pdf,price_monitoring,0,2022-10-14,parsed,market+summary,28,6f3ee541814cf593bc3049109b7d1afd0c778af0c88b3c05166a2e3c52195ea9,2026-10-01T10:46:53.068626Z,
https://www.da.gov.ph/wp-content/uploads/2022/10/Price-Monitoring-October-17-2022.pdf,price_monitoring,0,2022-10-17,parsed,market+summary,28,5f629de6d932b50deb47d02ed40138f5f907474bd86abb155f43f5d2c8980096,2026-10-01T10:46:57.270974Z,
https://www.da.gov.ph/wp-content/uploads/2022/10/Price-Monitoring-October-18-2022.pdf,price_monitoring,0,2022-10-18,parsed,market+summary,28,2fec759addd361acb5000f5e2db1ab57b9f6fa48488f7b5725a6e07247a94a83,2026-10-01T10:47:01.467275Z,
https://www.da.gov.ph/wp-content/uploads/2022/10/Price-Monitoring-October-19-2022.pdf,price_monitoring,0,2022-10-19,parsed,market+summary,28,db4d8656f0795859b2c7e562db1fdcfa7bb0c5dc9e8bf4efd6741c7a12019884,2026-10-01T10:47:05.564328Z,
https://www.da.gov.ph/wp-content/uploads/2022/10/Price-Monitoring-October-20-2022.pdf,price_monitoring,0,2022-10-20,parsed,market+summary,28,854e4ade2a92b0d808573f467e34ca4f61a9914bc0a605eab94b08c6fb2d300e,2026-10-01T10:47:09.675664Z,
https://www.da.gov.ph/wp-content/uploads/2022/10/Price-Monitoring-October-21-2022.pdf,price_monitoring,0,2022-10-21,parsed,market+summary,28,28c5f6cc2bfde6ca50e6b5508c8bc3654232bfc4ad186f4305b9396fe09aab72,2026-10-01T10:47:13.771661Z,
https://www.da.gov.ph/wp-content/uploads/2022/10/Price-Monitoring-October-24-2022-Revised.pdf,price_monitoring,1,2022-10-24,parsed,market+summary,28,6a0f6dd4336b43771dacc2f73069520aaff57d2a1fc7726ed0717c7cdc32f2c9,2026-10-01T10:47:18.273578Z,
https://www.da.gov.ph/wp-content/uploads/2022/10/Price-Monitoring-October-25-2022.pdf,price_monitoring,0,2022-10-25,parsed,market+summary,28,9eabc6349dcd3ac402a731abf278a5e8843d3c88b49cb9ff335a098a8663b293,2026-10-01T10:47:22.494259Z,
https://www.da.gov.ph/wp-content/uploads/2022/10/Price-Monitoring-October-26-2022.pdf,price_monitoring,0,2022-10-26,parsed,market+summary,28,05ecc88d2b24a1049d8982f9e0d6cc34956b8287929063b21a03644661d52270,2026-10-01T10:47:26.648611Z,
https://www.da.gov.ph/wp-content/uploads/2022/10/Price-Monitoring-October-27-2022.pdf,price_monitoring,0,2022-10-27,parsed,market+summary,28,dd2595b30b6985bc6fc474d750cb4f1e60ff34e688f0f251e52873f3ada468a8,2026-10-01T10:47:30.800612Z,
https://www.da.gov.ph/wp-content/uploads/2022/10/Price-Monitoring-October-28-2022.pdf,price_monitoring,0,2022-10-28,parsed,market+summary,28,4d917b6a0ae5e18257fcfb071841424066a2c1cd2ccc39d95de57e146a1f18b3,2026-10-01T10:47:34.964575Z,
https://www.da.gov.ph/wp-content/uploads/2022/11/Price-Monitoring-October-31-2022.pdf,price_monitoring,0,2022-10-31,parsed,market+summary,27,e0d78d4eacb60bae36cf0a8d563e5714a7549b6668a911fed7b6608178dea0ef,2026-10-01T10:47:39.163978Z,
https://www.da.gov.ph/wp-content/uploads/2022/11/Price-Monitoring-November-2-2022.pdf,price_monitoring,0,2022-11-02,parsed,market+summary,28,2edb1871f1601b3d23d0a9c481f5f0af1503bc6945362fed2e5c3af6b3e9b29a,2026-10-01T10:47:43.484635Z,
https://www.da.gov.ph/wp-content/uploads/2022/11/Price-Monitoring-November-3-2022.pdf,price_monitoring,0,2022-11-03,parsed,market+summary,28,17881407e33c33d54447a8e6070f8d82acfe079c3aaa46d5c921f949560650bc,2026-10-01T10:47:47.826794Z,
https://www.da.gov.ph/wp-content/uploads/2022/11/Price-Monitoring-November-4-2022.pdf,price_monitoring,0,2022-11-04,parsed,summary,28,3e735c0675036bb4f39c3511e55d69a0ff330945fdc1151a659daa9c748cd832,2026-10-01T10:47:51.899941Z,
https://www.da.gov.ph/wp-content/uploads/2022/11/Price-Monitoring-November-7-2022.pdf,price_monitoring,0,2022-11-07,parsed,market+summary,28,377cf50241b9043356b1d6f90085d34a93d11f8f3cdc983e7fd17345075c3973,2026-10-01T10:47:56.199563Z,
https://www.da.gov.ph/wp-content/uploads/2022/11/Price-Monitoring-November-8-2022.pdf,price_monitoring,0,2022-11-08,parsed,market+summary,28,252089e6f7b9c1fc059bfe0e218f3cdadeda9ff5eb987d149ce6c39e2caf36d3,2026-10-01T10:48:00.644055Z,
https://www.da.gov.ph/wp-content/uploads/2022/11/Price-Monitoring-November-9-2022.pdf,price_monitoring,0,2022-11-09,parsed,market+summary,27,79ab07e95216388671de96f2bd2ff29ede137d5c8da676f1bb39d2916e42c2e9,2026-10-01T10:48:05.128937Z,
https://www.da.gov.ph/wp-content/uploads/2022/11/Price-Monitoring-November-10-2022-Revised.pdf,price_monitoring,1,2022-11-10,parsed,market+summary,27,8d982274d7306fb558c1b724a8583336c243fefabc46e68c9ae3614aadcdd568,2026-10-01T10:48:09.350139Z,
https://www.da.gov.ph/wp-content/uploads/2022/11/Price-Monitoring-November-11-2022.pdf,price_monitoring,0,2022-11-11,parsed,market+summary,27,da44a7bf276cd20940b4989da27efdda61a58dc8bd408c1cb040becbee7132b8,2026-10-01T10:48:14.816355Z,
https://www.da.gov.ph/wp-content/uploads/2022/11/Price-Monitoring-November-14-2022.pdf,price_monitoring,0,2022-11-14,parsed,market+summary,27,8a788ef619f2cb41a8ac1915de2eaebbb0aee18230cceb383cfeb587f265bc33,2026-10-01T10:48:19.077012Z,
https://www.da.gov.ph/wp-content/uploads/2022/11/Price-Monitoring-November-15-2022.pdf,price_monitoring,0,2022-11-15,parsed,market+summary,27,606da6686dc8e6b0e3a914dea0c97404d93fadfb51007820cff653ad64ad048d,2026-10-01T10:48:23.319757Z,
https://www.da.gov.ph/wp-content/uploads/2022/11/Price-Monitoring-November-16-2022.pdf,price_monitoring,0,2022-11-16,parsed,market+summary,27,06daf19db45c24f4841ac5b4b753bb202bad0bb9435706b468024af64c263180,2026-10-01T10:48:27.383955Z,
https://www.da.gov.ph/wp-content/uploads/2022/11/Price-Monitoring-November-17-2022.pdf,price_monitoring,0,2022-11-17,parsed,market+summary,26,428453d99ffecdd2f318e5506641ffeffc5ad735b10328a31e068a5ceadcaef0,2026-10-01T10:48:31.427240Z,
https://www.da.gov.ph/wp-content/uploads/2022/11/Price-Monitoring-November-18-2022.pdf,price_monitoring,0,2022-11-18,parsed,market+summary,26,4ba16304c01a41a35e3cec88c43cdab2707ae16533d28b7a7a9a5288a15724a0,2026-10-01T10:48:35.441889Z,
https://www.da.gov.ph/wp-content/uploads/2022/11/Price-Monitoring-November-21-2022.pdf,price_monitoring,0,2022-11-21,parsed,market+summary,26,35fa3095ad630025c4ed8f2214baeda13586488c98d9b01ce5288f88836c9910,2026-10-01T10:48:39.552566Z,
https://www.da.gov.ph/wp-content/uploads/2022/11/Price-Monitoring-November-22-2022.pdf,price_monitoring,0,2022-11-22,parsed,market+summary,26,70c563bbb483cb215d48fe5ad4daf4a97c945689d1d894fc1dee5b4c18b19183,2026-10-01T10:48:43.696162Z,
https://www.da.gov.ph/wp-content/uploads/2022/11/Price-Monitoring-November-23-2022.pdf,price_monitoring,0,2022-11-23,parsed,market+summary,26,2fe3325c8e12c6f58caf639904952ff66b2fc6e537955217134952410ae28501,2026-10-01T10:48:48.616748Z,
https://www.da.gov.ph/wp-content/uploads/2022/11/Price-Monitoring-November-24-2022.pdf,price_monitoring,0,2022-11-24,parsed,market+summary,26,532ac2df5e47ca3b6b125812291ed675bc217688887eaa7727d6783006a9e04f,2026-10-01T10:48:52.859276Z,
https://www.da.gov.ph/wp-content/uploads/2022/11/Price-Monitoring-November-25-2022.pdf,price_monitoring,0,2022-11-25,parsed,market+summary,27,960da704a729e79dd56d3a2eea3cc00ec02e8dc48e65d2feb68933430b79026c,2026-10-01T10:48:57.231257Z,
https://www.da.gov.ph/wp-content/uploads/2022/11/Price-Monitoring-November-28-2022.pdf,price_monitoring,0,2022-11-28,parsed,market+summary,27,22af753fca15ae191d9c46e84c83435463d0164b4fae40b451ffdf6e84c4fe4a,2026-10-01T10:49:01.429164Z,
https://www.da.gov.ph/wp-content/uploads/2022/11/Price-Monitoring-November-29-2022.pdf,price_monitoring,0,2022-11-29,parsed,market+summary,27,9c19f403e6f1392eb81809072a2fab25b32f9035115584c95081bd1dbef47c5e,2026-10-01T10:49:05.559018Z,
https://www.da.gov.ph/wp-content/uploads/2022/12/Price-Monitoring-November-30-2022.pdf,price_monitoring,0,2022-11-30,parsed,market+summary,27,3f8bb2196b6eb259f98b7ee022367cf3914a775321f5ec4a5c29a98150f407f5,2026-10-01T10:49:09.744765Z,
https://www.da.gov.ph/wp-content/uploads/2022/12/Price-Monitoring-December-1-2022.pdf,price_monitoring,0,2022-12-01,parsed,market+summary,27,e49e9758dab2e7eff85904f090c48eee2b36d500d8a2def2987783982557add9,2026-10-01T10:49:13.890443Z,
https://www.da.gov.ph/wp-content/uploads/2022/12/Price-Monitoring-December-2-2022.pdf,price_monitoring,0,2022-12-02,parsed,market+summary,27,5f5fdf5200175a4a0cec1896877e8f6a1fe0a8cd40601b0645feabd5cdc4762b,2026-10-01T10:49:18.000397Z,
https://www.da.gov.ph/wp-content/uploads/2022/12/Price-Monitoring-December-5-2022.pdf,price_monitoring,0,2022-12-05,parsed,market+summary,27,bcee4c87fc3de05a77540860b0e3877e52ef9172af639a1accb8bbaee1215ba3,2026-10-01T10:49:22.180883Z,
https://www.da.gov.ph/wp-content/uploads/2022/12/Price-Monitoring-December-6-2022.pdf,price_monitoring,0,2022-12-06,parsed,market+summary,26,342775c65a4f651a958a5456add4f7e399ef9fd07d6e4f4fafefbc0530e4fb39,2026-10-01T10:49:26.403602Z,
https://www.da.gov.ph/wp-content/uploads/2022/12/Price-Monitoring-December-7-2022.pdf,price_monitoring,0,2022-12-07,parsed,market+summary,27,a9f2eb0e4dc117126f5517d5bf7e9257dc48dc5f857d63129b75471859e7369b,2026-10-01T10:49:30.536221Z,
https://www.da.gov.ph/wp-content/uploads/2022/12/Price-Monitoring-December-8-2022.pdf,price_monitoring,0,2022-12-08,parsed,market+summary,27,a727e3d16d53101d4aafcb76a4fdd7c9c0776c471eb181807c52c51782a7e8ff,2026-10-01T10:49:34.748779Z,
https://www.da.gov.ph/wp-content/uploads/2022/12/Price-Monitoring-December-9-2022.pdf,price_monitoring,0,2022-12-09,parsed,market+summary,27,a025d9c239ac353810995f6aa346078930d3214f62cf7cf0aabdb156832090e4,2026-10-01T10:49:38.869488Z,
https://www.da.gov.ph/wp-content/uploads/2022/12/Price-Monitoring-December-12-2022.pdf,price_monitoring,0,2022-12-12,parsed,market+summary,27,e9bab6a9ed400f2b15b0045daa777c6cf8ceb04a1b107233f6d868031a4cedf4,2026-10-01T10:49:43.185885Z,
https://www.da.gov.ph/wp-content/uploads/2022/12/Price-Monitoring-December-13-2022.pdf,price_monitoring,0,2022-12-13,parsed,market+summary,27,542aea6756a5db2dac566ca527ef7abdd90a80c664efd33c1d8662f2807c155f,2026-10-01T10:49:47.506961Z,
https://www.da.gov.ph/wp-content/uploads/2022/12/Price-Monitoring-December-14-2022.pdf,price_monitoring,0,2022-12-14,parsed,market+summary,27,3dcef96f60df07e3606547eb39cb4e970088e5dbfeba96eec5fce41da05b86e6,2026-10-01T10:49:51.657560Z,
https://www.da.gov.ph/wp-content/uploads/2022/12/Price-Monitoring-December-15-2022.pdf,price_monitoring,0,2022-12-15,parsed,market+summary,27,86a9fa9a01ba9cc7cc99db3002e428861c6a06231383c925ec627706a31e2836,2026-10-01T10:49:55.859929Z,
https://www.da.gov.ph/wp-content/uploads/2022/12/Price-Monitoring-December-16-2022.pdf,price_monitoring,0,2022-12-16,parsed,market+summary,27,dceb2f023acc20a0b59504d77dd68215f7c4610e0b6112d0492702119476b851,2026-10-01T10:49:59.893794Z,
https://www.da.gov.ph/wp-content/uploads/2022/12/Price-Monitoring-December-19-2022.pdf,price_monitoring,0,2022-12-19,parsed,market+summary,27,5d6595cff96889560c43c502b10a0c1e83fce7f0a28f86d21967039a8c939382,2026-10-01T10:50:04.054220Z,
https://www.da.gov.ph/wp-content/uploads/2022/12/Price-Monitoring-December-20-2022.pdf,price_monitoring,0,2022-12-20,parsed,market+summary,27,5aeb80aa1fca653e7e7cfbcff948dec7e16effd9408b94eadea20bc1dd699517,2026-10-01T10:50:08.296999Z,
https://www.da.gov.ph/wp-content/uploads/2022/12/Price-Monitoring-December-21-2022.pdf,price_monitoring,0,2022-12-21,parsed,market+summary,27,9b76b77ac0318c19fd8dcd863f30406a038aac5a50622ce877cad13525cbfa7a,2026-10-01T10:50:12.397586Z,
https://www.da.gov.ph/wp-content/uploads/2022/12/Price-Monitoring-December-22-2022.pdf,price_monitoring,0,2022-12-22,parsed,market+summary,27,982ae7dfa409ba4962e2de2af44b917c2ce40828f821991471928e91e01d5b9b,2026-10-01T10:50:16.469850Z,
https://www.da.gov.ph/wp-content/uploads/2022/12/Price-Monitoring-December-23-2022.pdf,price_monitoring,0,2022-12-23,parsed,market+summary,28,36ab2202674679f5e8279a36936a98b84899c7a83a81bd4a446f1306e85dd898,2026-10-01T10:50:20.517334Z,
https://www.da.gov.ph/wp-content/uploads/2022/12/Price-Monitoring-December-26-2022.pdf,price_monitoring,0,2022-12-26,parsed,market+summary,27,8d42766e9c40bc7ef5b8641bd7a52fac4773c0d1a1ccd70eaf599e02b9537670,2026-10-01T10:50:24.646532Z,date_mismatch body=2022-12-27
https://www.da.gov.ph/wp-content/uploads/2022/12/Price-Monitoring-December-27-2022.pdf,price_monitoring,0,2022-12-27,parsed,market+summary,27,4a046e2ec7c8dc17c032d6f57d14daf02b2e4626762a7afc251eb1e2d55739ba,2026-10-01T10:50:28.803251Z,
https://www.da.gov.ph/wp-content/uploads/2022/12/Price-Monitoring-December-28-2022.pdf,price_monitoring,0,2022-12-28,parsed,market+summary,26,03d481d17ea76693ff65852012a1fcff3e0b088c724bba3d8edb2a92d55c7f3b,2026-10-01T10:50:32.869297Z,
https://www.da.gov.ph/wp-content/uploads/2022/12/Price-Monitoring-December-29-2022.pdf,price_monitoring,0,2022-12-29,parsed,market+summary,27,7571f7e3bd6980ff091967e1fa4c14a897b8ce983d80073c441df9f5709611d4,2026-10-01T10:50:37.028001Z,
https://www.da.gov.ph/wp-content/uploads/2023/01/Price-Monitoring-December-30-2022.pdf,price_monitoring,0,2022-12-30,parsed,market+summary,28,6b4e16872a65f10c5a4ea398931a11531494326fcbc98c44f4fc0073ba731e3c,2026-10-01T10:50:41.158495Z,
https://www.da.gov.ph/wp-content/uploads/2023/01/Price-Monitoring-January-2-2023.pdf,price_monitoring,0,2023-01-02,parsed,market+summary,28,aff97a058dc55e550957547f0e24a27e05318fabb4537721b0a606cb7c3476d3,2026-10-01T10:50:45.345627Z,
https://www.da.gov.ph/wp-content/uploads/2023/01/Price-Monitoring-January-3-2023.pdf,price_monitoring,0,2023-01-03,parsed,market+summary,27,5202d3ee1c3f9c8aca01c006debfc6d9faad38201a485786ab0aa802fb1461d9,2026-10-01T10:50:49.510637Z,
https://www.da.gov.ph/wp-content/uploads/2023/01/Price-Monitoring-January-4-2023.pdf,price_monitoring,0,2023-01-04,parsed,market+summary,26,73ae45b97ff843f6aaab9ab354d6a4d4968ad9e94b1206618b0933f0541717a2,2026-10-01T10:50:53.590079Z,
https://www.da.gov.ph/wp-content/uploads/2023/01/Price-Monitoring-January-5-2023.pdf,price_monitoring,0,2023-01-05,parsed,market+summary,26,c6c68e8494da90772ff0609b33a019597b611ab1c5dc1fbc9657316f2e1349d0,2026-10-01T10:50:57.723980Z,
https://www.da.gov.ph/wp-content/uploads/2023/01/Price-Monitoring-January-6-2023.pdf,price_monitoring,0,2023-01-06,parsed,market+summary,28,c8a124401cd1da001048cf8f7d7061d36919a12721b90e3a985bbd891d40d5a1,2026-10-01T10:51:01.819375Z,
https://www.da.gov.ph/wp-content/uploads/2023/01/Price-Monitoring-January-9-2023.pdf,price_monitoring,0,2023-01-09,parsed,market+summary,28,507e96bf0b9328d16455c8ac974fa1bd605121fbdc51d0604110084095b9be18,2026-10-01T10:51:06.030837Z,
https://www.da.gov.ph/wp-content/uploads/2023/01/Price-Monitoring-January-10-2023.pdf,price_monitoring,0,2023-01-10,parsed,market+summary,28,cc6f32f8c21cfa2b7b5703b67fb0011586c81aa0af38c74c0d454d6abca66b2a,2026-10-01T10:51:10.254135Z,
https://www.da.gov.ph/wp-content/uploads/2023/01/Price-Monitoring-January-11-2023.pdf,price_monitoring,0,2023-01-11,parsed,market+summary,25,47f3fb78cf4ac212d9a6374d9f524adc634faf68fcb6dac17b5b2277234a2e52,2026-10-01T10:51:14.407143Z,
https://www.da.gov.ph/wp-content/uploads/2023/01/Price-Monitoring-January-12-2023-Revised.pdf,price_monitoring,1,2023-01-12,parsed,market+summary,24,f132ea90281ceec37899d76e7f3c7034601e4bb346effc50ef4ed10c1ddd69ac,2026-10-01T10:51:18.516180Z,date_mismatch body=2023-01-13
https://www.da.gov.ph/wp-content/uploads/2023/01/Price-Monitoring-January-13-2023.pdf,price_monitoring,0,2023-01-13,parsed,market+summary,24,1acbb857087862461007bba3ae97a1b1f016030daaa457d66e151dea7ef3d4f6,2026-10-01T10:51:23.732626Z,
https://www.da.gov.ph/wp-content/uploads/2023/01/Price-Monitoring-January-16-2023.pdf,price_monitoring,0,2023-01-16,parsed,market+summary,27,687de40e5b4dd0af510d63af54163bf2b41eca36fb8e0d6960ea3d81616da8f2,2026-10-01T10:51:27.880903Z,
https://www.da.gov.ph/wp-content/uploads/2023/01/Price-Monitoring-January-17-2023.pdf,price_monitoring,0,2023-01-17,parsed,market+summary,24,df7b9a1599b95766f140d928a3d4d00f26382fc40d448bc61ed7a9cad89b220e,2026-10-01T10:51:32.073533Z,
https://www.da.gov.ph/wp-content/uploads/2023/01/Price-Monitoring-January-18-2023.pdf,price_monitoring,0,2023-01-18,parsed,market+summary,24,488b1d2482590d3a959d99534512bcc5bf03c45db6809e7152d394ea8f84d207,2026-10-01T10:51:36.153889Z,
https://www.da.gov.ph/wp-content/uploads/2023/01/Price-Monitoring-January-19-2023.pdf,price_monitoring,0,2023-01-19,parsed,market+summary,24,0003ac199858c7fae3da0f02f414d1eefc6b0d7871f7793a001c52ef0079d480,2026-10-01T10:51:40.274980Z,
https://www.da.gov.ph/wp-content/uploads/2023/01/Price-Monitoring-January-20-2023.pdf,price_monitoring,0,2023-01-20,parsed,market+summary,25,bb74a74e74b436d410247cc41d1be814a108fd33c080d3a81f9739f570b8c971,2026-10-01T10:51:44.675140Z,
https://www.da.gov.ph/wp-content/uploads/2023/01/Price-Monitoring-January-23-2023.pdf,price_monitoring,0,2023-01-23,parsed,market+summary,26,78083e8b1762333ac47cffb395ebf8028be0f7f7c56605460fb5d21228bd5ac2,2026-10-01T10:51:49.210191Z,
https://www.da.gov.ph/wp-content/uploads/2023/01/Price-Monitoring-January-24-2023.pdf,price_monitoring,0,2023-01-24,parsed,market+summary,24,bdef7d628ed991f385d2980adb4248672f1c623ca167c8cfd55f95ee2e998c6b,2026-10-01T10:51:53.546795Z,
https://www.da.gov.ph/wp-content/uploads/2023/01/Price-Monitoring-January-25-2023.pdf,price_monitoring,0,2023-01-25,parsed,market+summary,26,a3a75517d80f5cc1a3eff60cafc47cca19ac1dfa280e690de307fcbdcd03d13f,2026-10-01T10:51:57.674779Z,
https://www.da.gov.ph/wp-content/uploads/2023/01/Price-Monitoring-January-26-2023.pdf,price_monitoring,0,2023-01-26,parsed,market+summary,27,3293a05368e15b5a82f49af44cfb4a3b02738bec425b57e9da697465a88e8388,2026-10-01T10:52:01.763368Z,
https://www.da.gov.ph/wp-content/uploads/2023/01/Price-Monitoring-January-27-2023.pdf,price_monitoring,0,2023-01-27,parsed,market+summary,27,21a6a616673499f4983243e6d830dfdc34052cf73d5bbc8569788fbc3237d8d0,2026-10-01T10:52:05.850104Z,
https://www.da.gov.ph/wp-content/uploads/2023/01/Price-Monitoring-January-30-2023.pdf,price_monitoring,0,2023-01-30,parsed,market+summary,28,51d2df56a71d2d794c2ecbf3743ab9d94472be827ba71ad7a97b539fb00497c1,2026-10-01T10:52:10.078420Z,
https://www.da.gov.ph/wp-content/uploads/2023/01/Price-Monitoring-January-31-2023.pdf,price_monitoring,0,2023-01-31,parsed,market+summary,28,0530859663551380bed5bd0f034a1b563c74441d10fabd5ce765151447d0b922,2026-10-01T10:52:14.442212Z,
https://www.da.gov.ph/wp-content/uploads/2023/02/Price-Monitoring-February-1-2023.pdf,price_monitoring,0,2023-02-01,parsed,market+summary,28,fdabd667b230bf828804a4bc75d3e9353c17d09150dc6dce97df3b39f279fa22,2026-10-01T10:52:18.607433Z,
https://www.da.gov.ph/wp-content/uploads/2023/02/Price-Monitoring-February-2-2023.pdf,price_monitoring,0,2023-02-02,parsed,market+summary,28,92649ba17668f9e15e37d918c1d2d6b9804502d5ec2aa524083a86d7c76f3eae,2026-10-01T10:52:23.394464Z,
https://www.da.gov.ph/wp-content/uploads/2023/02/Price-Monitoring-February-3-2023.pdf,price_monitoring,0,2023-02-03,parsed,market+summary,26,dcaca386d0a8deb5899cea1bb39467a07f9b8c804e21895918b5a9387f134057,2026-10-01T10:52:27.541916Z,
https://www.da.gov.ph/wp-content/uploads/2023/02/Price-Monitoring-February-6-2023.pdf,price_monitoring,0,2023-02-06,parsed,market+summary,26,e7b62815d6a6d64a2f44adeb02dc7ffca54f34f53bb6ae94747754d8457a5876,2026-10-01T10:52:31.740317Z,
https://www.da.gov.ph/wp-content/uploads/2023/02/Price-Monitoring-February-7-2023.pdf,price_monitoring,0,2023-02-07,parsed,market+summary,28,ed742491c5c54e2288c0d0d5a201c7f64d36f22288ffb29903cd13dae0bc136e,2026-10-01T10:52:36.170353Z,
https://www.da.gov.ph/wp-content/uploads/2023/02/Price-Monitoring-February-8-2023.pdf,price_monitoring,0,2023-02-08,parsed,market+summary,29,2a17b631d9404ad1c33e40afda69e8a5ea7e9b55eb89a756825392b07ce2fc62,2026-10-01T10:52:40.457433Z,
https://www.da.gov.ph/wp-content/uploads/2023/02/Price-Monitoring-February-9-2023.pdf,price_monitoring,0,2023-02-09,parsed,market+summary,29,cf437b748b53a7f7e64b67cd4db1c35857cf62333c877e3fe9685e6fa3f23774,2026-10-01T10:52:44.653667Z,
https://www.da.gov.ph/wp-content/uploads/2023/02/Price-Monitoring-February-10-2023.pdf,price_monitoring,0,2023-02-10,parsed,market+summary,29,15910efb25304bd52f9abc1627a19ce706d8381b073f3c870609f32e03330329,2026-10-01T10:52:48.874491Z,
https://www.da.gov.ph/wp-content/uploads/2023/02/Price-Monitoring-February-13-2023.pdf,price_monitoring,0,2023-02-13,parsed,market+summary,29,cd6efc8a2324a6ec15a26b8087f05d96588526b85292bf8d1ef8d37dc6f20c43,2026-10-01T10:52:53.245874Z,
https://www.da.gov.ph/wp-content/uploads/2023/02/Revised-Price-Monitoring-February-14-2023.pdf,price_monitoring,1,2023-02-14,parsed,market+summary,29,ff98bd533476010875229596c3f69f49cdcb7d39a2bc4c2e9a53255d4aec77ee,2026-10-01T10:52:57.471385Z,
https://www.da.gov.ph/wp-content/uploads/2023/02/Price-Monitoring-February-15-2023.pdf,price_monitoring,0,2023-02-15,parsed,market+summary,29,3e9e8216e58276be36d0a7da79fddf493dcb305556d9b72bd42df08715596af3,2026-10-01T10:53:01.550450Z,
https://www.da.gov.ph/wp-content/uploads/2023/02/Price-Monitoring-February-16-2023.pdf,price_monitoring,0,2023-02-16,parsed,market+summary,29,523d3bd415d0c20b9a9797a2e1f54e1ac15ee908e804059613690b70c51f660f,2026-10-01T10:53:05.643948Z,
https://www.da.gov.ph/wp-content/uploads/2023/02/Price-Monitoring-February-17-2023.pdf,price_monitoring,0,2023-02-17,parsed,market+summary,29,9d57737d75240cad88b267bf1abc3b0d972dfcfc0eb2bd9ee5e703192b28bee4,2026-10-01T10:53:09.843373Z,
https://www.da.gov.ph/wp-content/uploads/2023/02/Price-Monitoring-February-20-2023.pdf,price_monitoring,0,2023-02-20,parsed,market+summary,29,c851599798d7f08744b760ba807d7554b205f0d8dbf7c75a277cfcb1538be4ac,2026-10-01T10:53:14.139249Z,
https://www.da.gov.ph/wp-content/uploads/2023/02/Price-Monitoring-February-21-2023.pdf,price_monitoring,0,2023-02-21,parsed,market+summary,29,0af510c6ca7406618295afe93dc24cd92dffa76501a5b2e34e63cf25152c9e69,2026-10-01T10:53:18.382924Z,
https://www.da.gov.ph/wp-content/uploads/2023/02/Price-Monitoring-February-22-2023.pdf,price_monitoring,0,2023-02-22,parsed,market+summary,29,d42ee24ba48d469f20972e928f58b388a9864a0d9f397c8d58a8b7344a9f97d2,2026-10-01T10:53:22.506696Z,
https://www.da.gov.ph/wp-content/uploads/2023/02/Price-Monitoring-February-23-2023.pdf,price_monitoring,0,2023-02-23,parsed,market+summary,29,ed461ff68b8947b2360ee81328f19e090aa0322acc2f11ea602a18fb578f84d8,2026-10-01T10:53:26.657232Z,
https://www.da.gov.ph/wp-content/uploads/2023/02/Revised-Price-Monitoring-February-24-2023.pdf,price_monitoring,1,2023-02-24,parsed,market+summary,29,c9d82a32a08fb83d9d343ac0bbb9c3ecce4f4e2b97c764238e63c4bd731e8801,2026-10-01T10:53:30.810158Z,
https://www.da.gov.ph/wp-content/uploads/2023/02/Price-Monitoring-February-27-2023.pdf,price_monitoring,0,2023-02-27,parsed,market+summary,29,5afb8d8a0646659c7cd36bf9bc059ad0128f95b0efe2ca51166f1aeb322a23bf,2026-10-01T10:53:35.296978Z,
https://www.da.gov.ph/wp-content/uploads/2023/02/Price-Monitoring-February-28-2023.pdf,price_monitoring,0,2023-02-28,parsed,market+summary,29,eaff2c26f75c82918cf438d9e2b4261994a22173860f067ccc62d1ed6376fe74,2026-10-01T10:53:39.578976Z,
https://www.da.gov.ph/wp-content/uploads/2023/03/Price-Monitoring-March-1-2023.pdf,price_monitoring,0,2023-03-01,parsed,market+summary,29,527d971ac09862712056d31eb9e54f9db1267677d2c85253e114a68e61a015e9,2026-10-01T10:53:43.755401Z,
https://www.da.gov.ph/wp-content/uploads/2023/03/Price-Monitoring-March-2-2023.pdf,price_monitoring,0,2023-03-02,parsed,market+summary,29,941421f72fc876ebbd2a7ffb1f50eb9a4dbb1344c7403d772aa617d62e71808d,2026-10-01T10:53:47.957600Z,
https://www.da.gov.ph/wp-content/uploads/2023/03/Price-Monitoring-March-3-2023.pdf,price_monitoring,0,2023-03-03,parsed,market+summary,29,4a64fa1f983d3e0af3c73a68822509bae7a3d92acb4bb92f43205ac809d2377f,2026-10-01T10:53:52.107587Z,
https://www.da.gov.ph/wp-content/uploads/2023/03/Price-Monitoring-March-6-2023.pdf,price_monitoring,0,2023-03-06,parsed,market+summary,26,12c05436e0cd36a81c4f1e19226c0a2039a761fe44bbd1432852664b52726557,2026-10-01T10:53:56.356588Z,
https://www.da.gov.ph/wp-content/uploads/2023/03/Price-Monitoring-March-7-2023.pdf,price_monitoring,0,2023-03-07,parsed,market+summary,28,65570e471588a9d627b726ed5544ae615a4a7b72a84cabe1e435e51fa4209e47,2026-10-01T10:54:00.720144Z,
https://www.da.gov.ph/wp-content/uploads/2023/03/Price-Monitoring-March-8-2023.pdf,price_monitoring,0,2023-03-08,parsed,market+summary,28,66b8be5eb081f6aa4b6f73c41ba859389c89376d1cf5dc1a29a23b58b0e06230,2026-10-01T10:54:05.304226Z,
https://www.da.gov.ph/wp-content/uploads/2023/03/Price-Monitoring-March-9-2023.pdf,price_monitoring,0,2023-03-09,parsed,market+summary,29,11a26eaadfc5b8c89e1abd20a8540aef146fc83b7721b98ce650eae0a426d675,2026-10-01T10:54:09.453807Z,
https://www.da.gov.ph/wp-content/uploads/2023/03/Price-Monitoring-March-10-2023.pdf,price_monitoring,0,2023-03-10,parsed,market+summary,27,a366a7126844a72cbdf41e75f7fda6155d54293cd337483417690a8a1e3f247e,2026-10-01T10:54:13.837652Z,
https://www.da.gov.ph/wp-content/uploads/2023/03/Price-Monitoring-March-13-2023.pdf,price_monitoring,0,2023-03-13,parsed,market+summary,28,f3037fe569404f675dcc13724695d5252b4563be67e7e058ecdf129b8ed2d38a,2026-10-01T10:54:18.182006Z,
https://www.da.gov.ph/wp-content/uploads/2023/03/Price-Monitoring-March-14-2023.pdf,price_monitoring,0,2023-03-14,parsed,market+summary,29,12e082c7ffa070fef16a2f123da46378e91331a03ef136cb7a2e8aff9645e22c,2026-10-01T10:54:22.494735Z,
https://www.da.gov.ph/wp-content/uploads/2023/03/Revised-Price-Monitoring-March-15-2023.pdf,price_monitoring,1,2023-03-15,parsed,market+summary,29,cb405bf1bd4fe23fa6118c5dd9ec43a660fc359c0451063666dfb0d13f18faa4,2026-10-01T10:54:26.785003Z,
https://www.da.gov.ph/wp-content/uploads/2023/03/Price-Monitoring-March-16-2023.pdf,price_monitoring,0,2023-03-16,parsed,market+summary,29,462911c67433ac58a014162d743be96eea044675778e03eea10ab120e586a71a,2026-10-01T10:54:30.956630Z,
https://www.da.gov.ph/wp-content/uploads/2023/03/Price-Monitoring-March-17-2023.pdf,price_monitoring,0,2023-03-17,parsed,market+summary,29,4157f1381eb7550833ff2ddb94c35d1a9980e1d3139cb54e24a869acf7e6da8a,2026-10-01T10:54:35.103339Z,
https://www.da.gov.ph/wp-content/uploads/2023/03/Price-Monitoring-March-20-2023.pdf,price_monitoring,0,2023-03-20,parsed,market+summary,29,56ab6cc0f20e3041deb4bdaec9ff04bd2b962a322f9f899156cde6d662022ec0,2026-10-01T10:54:39.340233Z,
https://www.da.gov.ph/wp-content/uploads/2023/03/Price-Monitoring-March-21-2023.pdf,price_monitoring,0,2023-03-21,parsed,market+summary,29,c92ccf1d37f0dca0ffe0bc725691866826b43733f4c91fcaa17e1b89d0eb5777,2026-10-01T10:54:43.548619Z,
https://www.da.gov.ph/wp-content/uploads/2023/03/Price-Monitoring-March-22-2023.pdf,price_monitoring,0,2023-03-22,parsed,market+summary,29,90bfc906056abe26e082ac10d330351b7b643502d0808205252f3c87fbdc4562,2026-10-01T10:54:47.716100Z,
https://www.da.gov.ph/wp-content/uploads/2023/03/Price-Monitoring-March-23-2023.pdf,price_monitoring,0,2023-03-23,parsed,market+summary,28,f0828374a2c8dcd85a2fd29bd33986c474a3a77d190c847444213f1fa14b9124,2026-10-01T10:54:51.928601Z,
https://www.da.gov.ph/wp-content/uploads/2023/03/Price-Monitoring-March-24-2023.pdf,price_monitoring,0,2023-03-24,parsed,summary,28,8d6a223654bf07be26c6a7981d942e0bd64673ba22e87425c0b1d0c19e8bbed3,2026-10-01T10:54:56.060182Z,
https://www.da.gov.ph/wp-content/uploads/2023/03/Price-Monitoring-March-27-2023.pdf,price_monitoring,0,2023-03-27,parsed,market+summary,28,452b636f084471b251e8baf637e78b680460347d206b53cebe660d800c2eaf5e,2026-10-01T10:55:00.910388Z,
https://www.da.gov.ph/wp-content/uploads/2023/03/Price-Monitoring-March-28-2023.pdf,price_monitoring,0,2023-03-28,parsed,market+summary,28,733081f41b23ebe4fb3367334a9a9cb32958a580a5ffe38c451a4eb16c2a81c9,2026-10-01T10:55:05.514322Z,
https://www.da.gov.ph/wp-content/uploads/2023/03/Price-Monitoring-March-29-2023.pdf,price_monitoring,0,2023-03-29,parsed,market+summary,28,6c16ae1fac699efa014a3b76025672a03b361ed5bcf34d42e37f4a26369f35f8,2026-10-01T10:55:09.690424Z,
https://www.da.gov.ph/wp-content/uploads/2023/03/Price-Monitoring-March-30-2023.pdf,price_monitoring,0,2023-03-30,parsed,market+summary,28,360adc48136c08697a1536edef1640adb84d5172dd866c3c85d44c677ae30c34,2026-10-01T10:55:13.855861Z,
https://www.da.gov.ph/wp-content/uploads/2023/04/Price-Monitoring-March-31-2023.pdf,price_monitoring,0,2023-03-31,parsed,market+summary,28,8b5c8f1fd37d9e6be2e691c5ec09bb0ca2f129e98f1519171fbdb0a708d291a4,2026-10-01T10:55:18.032782Z,
https://www.da.gov.ph/wp-content/uploads/2023/04/Price-Monitoring-April-3-2023.pdf,price_monitoring,0,2023-04-03,parsed,market+summary,28,3b1884d5dde78a18047e1e7001683c2fba8ab91f0239ef6f4395b257365392b1,2026-10-01T10:55:22.235681Z,
https://www.da.gov.ph/wp-content/uploads/2023/04/Price-Monitoring-April-4-2023.pdf,price_monitoring,0,2023-04-04,parsed,market+summary,26,3fbb17cfad98264bf148963fce60ce1b4d86ec41404922645127d4f1d532dc6b,2026-10-01T10:55:26.464627Z,
https://www.da.gov.ph/wp-content/uploads/2023/04/Price-Monitoring-April-5-2023.pdf,price_monitoring,0,2023-04-05,parsed,market+summary,26,2c4d629c6e24eec5666a7a5f213fcfa14066fd5bd52966363709659215c9f617,2026-10-01T10:55:30.639893Z,
https://www.da.gov.ph/wp-content/uploads/2023/04/Price-Monitoring-April-11-2023.pdf,price_monitoring,0,2023-04-11,parsed,market+summary,26,d13d526bf67462e1812b1a39b6a0f1d6a7983c73c24b7f4195698fd3b18dbbbd,2026-10-01T10:55:34.825769Z,
https://www.da.gov.ph/wp-content/uploads/2023/04/Price-Monitoring-April-12-2023.pdf,price_monitoring,0,2023-04-12,parsed,market+summary,26,f33875fd1d800ea7b00a2eb2bf697be0d7a0a736f4b0fed2c3702c7bad578084,2026-10-01T10:55:39.058716Z,
https://www.da.gov.ph/wp-content/uploads/2023/04/Price-Monitoring-April-13-2023.pdf,price_monitoring,0,2023-04-13,parsed,market+summary,26,5748a91b13802ecf3276e55b7781699f7b85af2dfa2949ed7b644133d7101877,2026-10-01T10:55:43.218558Z,
https://www.da.gov.ph/wp-content/uploads/2023/04/Price-Monitoring-April-14-2023.pdf,price_monitoring,0,2023-04-14,parsed,market+summary,26,20184e59e063f2cadf40f2f1b38f4165bb775a0b2f56cebab08e898dd47545b7,2026-10-01T10:55:47.332043Z,
https://www.da.gov.ph/wp-content/uploads/2023/04/Price-Monitoring-April-17-2023.pdf,price_monitoring,0,2023-04-17,parsed,market+summary,26,4256e10eeb52dda50cfa61cadc9ba78bc348933e409e25f56463508ba2a631be,2026-10-01T10:55:51.477595Z,
https://www.da.gov.ph/wp-content/uploads/2023/04/Price-Monitoring-April-18-2023.pdf,price_monitoring,0,2023-04-18,parsed,market+summary,27,286f62e1a9071d3a84e750717c2f62e956c036475593857c3bd269fe1359eb43,2026-10-01T10:55:55.613756Z,
https://www.da.gov.ph/wp-content/uploads/2023/04/Price-Monitoring-April-19-2023.pdf,price_monitoring,0,2023-04-19,parsed,market+summary,27,b856ba4d67616dced734111e002c4e65c6351fb895e82ef7db2d495ae7c34d57,2026-10-01T10:55:59.779962Z,
https://www.da.gov.ph/wp-content/uploads/2023/04/Price-Monitoring-April-20-2023.pdf,price_monitoring,0,2023-04-20,parsed,market+summary,27,3f634078894f0cb3e37c3dc84abe48c34ec26aaf0049e279268207607bbdab57,2026-10-01T10:56:03.920048Z,
https://www.da.gov.ph/wp-content/uploads/2023/04/Price-Monitoring-April-21-2023.pdf,price_monitoring,0,2023-04-21,parsed,market+summary,27,76bdc78e94ca8836ecdbbc5ef08edc92792097ad664c6480259af3da59f22403,2026-10-01T10:56:08.069289Z,
https://www.da.gov.ph/wp-content/uploads/2023/04/Price-Monitoring-April-24-2023.pdf,price_monitoring,0,2023-04-24,parsed,market+summary,26,0aa31240e8f0ecab4a89b6a578e026d1abe236832901a9caeaccb5f78ec49fdb,2026-10-01T10:56:12.304148Z,
https://www.da.gov.ph/wp-content/uploads/2023/04/Price-Monitoring-April-25-2023.pdf,price_monitoring,0,2023-04-25,parsed,market+summary,27,2bd34ce0b865d39d343843b9ff2cf578cf08c7c8bcf190e2c04c1f869690356a,2026-10-01T10:56:16.542118Z,
https://www.da.gov.ph/wp-content/uploads/2023/04/Price-Monitoring-April-26-2023.pdf,price_monitoring,0,2023-04-26,parsed,market+summary,27,c6a65b608bf2449646f868686a6907765a4a7c36d6900dafd3117527623da645,2026-10-01T10:56:20.650760Z,
https://www.da.gov.ph/wp-content/uploads/2023/04/Price-Monitoring-April-27-2023.pdf,price_monitoring,0,2023-04-27,parsed,summary,27,920de8cf388369a12c69cd1b1b3e81d325a4fefa16e3239b61a049b39d137bae,2026-10-01T10:56:24.810638Z,
https://www.da.gov.ph/wp-content/uploads/2023/04/Price-Monitoring-April-28-2023.pdf,price_monitoring,0,2023-04-28,parsed,market+summary,27,b8bcfc0aa8f4ee6cd3b995912f778072378b76a287aec4db5855b146f1cfebba,2026-10-01T10:56:29.069033Z,
https://www.da.gov.ph/wp-content/uploads/2023/05/Revised-Price-Monitoring-May-1-2023.pdf,price_monitoring,1,2023-05-01,parsed,market+summary,27,e98a7e3a63cc22e116048640ad9caab045df281f24f09e91a0ad88bb3902375d,2026-10-01T10:56:33.280403Z,
https://www.da.gov.ph/wp-content/uploads/2023/05/Price-Monitoring-May-2-2023.pdf,price_monitoring,0,2023-05-02,parsed,market+summary,27,9ddad2bb3d8e6ebd70e1953b0a0ab02915d079638aff14498101569a1a1504e5,2026-10-01T10:56:37.530602Z,
https://www.da.gov.ph/wp-content/uploads/2023/05/Price-Monitoring-May-3-2023.pdf,price_monitoring,0,2023-05-03,parsed,market+summary,27,95b335bce2fd3f99f4ad4097a3d972347813f7b525afb96c0694a06d39e36f6d,2026-10-01T10:56:41.681094Z,
https://www.da.gov.ph/wp-content/uploads/2023/05/Price-Monitoring-May-4-2023.pdf,price_monitoring,0,2023-05-04,parsed,market+summary,27,75657e8a41a79ba6fde55001c784e72fa96380746f02957f2cb44ebe3e7f7030,2026-10-01T10:56:45.785303Z,
https://www.da.gov.ph/wp-content/uploads/2023/05/Price-Monitoring-May-5-2023.pdf,price_monitoring,0,2023-05-05,failed,,,98f280522aace4f4442cf72b17694eb8b4cf48061871be1ddfd1940f9c8742e8,2026-10-01T10:56:49.876651Z,no_rows
https://www.da.gov.ph/wp-content/uploads/2023/05/Price-Monitoring-May-8-2023.pdf,price_monitoring,0,2023-05-08,parsed,market+summary,27,bc3eb122efb6210f2c5aa938aba86bbe03670897b82cf59b0410724f46e8d5de,2026-10-01T10:56:53.430121Z,
https://www.da.gov.ph/wp-content/uploads/2023/05/Price-Monitoring-May-9-2023.pdf,price_monitoring,0,2023-05-09,parsed,market+summary,27,8b6cc0af8cd101a6a35169b8341b79664534bb6e396f81a517540e244fb9ca51,2026-10-01T10:56:57.592136Z,
https://www.da.gov.ph/wp-content/uploads/2023/05/Price-Monitoring-May-10-2023.pdf,price_monitoring,0,2023-05-10,parsed,market+summary,27,3093e51f2ffe286a54ec711fb15280752d430eb16d88e41ec6e4c349407a88bf,2026-10-01T10:57:01.686456Z,
https://www.da.gov.ph/wp-content/uploads/2023/05/Price-Monitoring-May-11-2023.pdf,price_monitoring,0,2023-05-11,parsed,market+summary,27,d45ac4efebd42e527d22cde92d4ea9895da85184196f10986b8623b186a6c003,2026-10-01T10:57:05.764865Z,
https://www.da.gov.ph/wp-content/uploads/2023/05/Price-Monitoring-May-12-2023.pdf,price_monitoring,0,2023-05-12,parsed,market+summary,27,71bfc9cb5945436965d666754585419af8ec5c9381e3b1ce92a3158c2de9e4a9,2026-10-01T10:57:09.823817Z,
https://www.da.gov.ph/wp-content/uploads/2023/05/Price-Monitoring-May-15-2023.pdf,price_monitoring,0,2023-05-15,parsed,market+summary,27,ac8ad9cb9d20e3ce9326f0bad302a1e93134bdd11eb6908fec1cf497d038032e,2026-10-01T10:57:14.163276Z,
https://www.da.gov.ph/wp-content/uploads/2023/05/Price-Monitoring-May-16-2023.pdf,price_monitoring,0,2023-05-16,parsed,market+summary,27,06b8e148e0cf2fba673575c79aa1700f9dc5dfa884ab0e8e0683e060edf8d45b,2026-10-01T10:57:18.372653Z,
https://www.da.gov.ph/wp-content/uploads/2023/05/Price-Monitoring-May-17-2023.pdf,price_monitoring,0,2023-05-17,parsed,market+summary,27,92f3703756163a89412481946022a8f61fd9ae1b87802c46a742a22da8847b54,2026-10-01T10:57:22.491842Z,
https://www.da.gov.ph/wp-content/uploads/2023/05/Price-Monitoring-May-18-2023.pdf,price_monitoring,0,2023-05-18,parsed,market+summary,27,18981194f75bafd1f677b3aafd067fe9be0344885665b8b18627b1979910dd5f,2026-10-01T10:57:26.630862Z,
https://www.da.gov.ph/wp-content/uploads/2023/05/Price-Monitoring-May-19-2023.pdf,price_monitoring,0,2023-05-19,parsed,market+summary,27,2d6c9e5df0b3c760b30945deb2adc441d7b7537f3b3c04ebc2cd42820465e562,2026-10-01T10:57:30.842462Z,
https://www.da.gov.ph/wp-content/uploads/2023/05/Updated-Price-Monitoring-May-22-2023.pdf,price_monitoring,1,2023-05-22,parsed,market+summary,27,27dbf00a69dfa16920ff1206c1b3070e07f7daad19c2e765651e012a22ca3abf,2026-10-01T10:57:35.192318Z,
https://www.da.gov.ph/wp-content/uploads/2023/05/Price-Monitoring-May-23-2023.pdf,price_monitoring,0,2023-05-23,parsed,market+summary,27,3d6f7b23044b265766de0802ebce2073dee3ce27cd32ee29de2f40c0a39b28c4,2026-10-01T10:57:39.484090Z,
https://www.da.gov.ph/wp-content/uploads/2023/05/Price-Monitoring-May-24-2023.pdf,price_monitoring,0,2023-05-24,parsed,market+summary,27,c086a662612e5ca94c3b0450479d899d836258b51da709912350e1c6f231d31e,2026-10-01T10:57:43.629471Z,
https://www.da.gov.ph/wp-content/uploads/2023/05/Price-Monitoring-May-25-2023.pdf,price_monitoring,0,2023-05-25,parsed,market+summary,27,565dc5984a80b8b7066b0708d01f904750611cab330c00cdaf15711b6430faff,2026-10-01T10:57:47.812344Z,
https://www.da.gov.ph/wp-content/uploads/2023/05/Price-Monitoring-May-26-2023.pdf,price_monitoring,0,2023-05-26,parsed,market+summary,27,bca7710952cba7570bf80563fdfc85bf504dd226c32500b1ec88d200fef4ea3a,2026-10-01T10:57:51.997258Z,
https://www.da.gov.ph/wp-content/uploads/2023/05/Price-Monitoring-May-29-2023.pdf,price_monitoring,0,2023-05-29,parsed,market+summary,27,e11b55bb926c2e31fdbb6bbd3985a9a9e446c9f689fde76ef0b22f2c800edc11,2026-10-01T10:57:56.244944Z,
https://www.da.gov.ph/wp-content/uploads/2023/05/Price-Monitoring-May-30-2023.pdf,price_monitoring,0,2023-05-30,parsed,market+summary,27,99c49ea417f830258e2330e60732801033e903f5db135d282f510c17d8ce69bb,2026-10-01T10:58:00.881820Z,
https://www.da.gov.ph/wp-content/uploads/2023/06/Price-Monitoring-May-31-2023.pdf,price_monitoring,0,2023-05-31,parsed,market+summary,27,049a757be9a62a537a69b144563474378a1a4c1543b6755022c9bfcbbe80c477,2026-10-01T10:58:05.129558Z,
https://www.da.gov.ph/wp-content/uploads/2023/06/Price-Monitoring-June-1-2023.pdf,price_monitoring,0,2023-06-01,parsed,market+summary,26,537ee25da59ccb37d9eea222308a2b2d6bb1d23a967f140cf9bc13e44ba534d7,2026-10-01T10:58:09.304157Z,
https://www.da.gov.ph/wp-content/uploads/2023/06/Price-Monitoring-June-2-2023.pdf,price_monitoring,0,2023-06-02,parsed,market+summary,27,c2ffb2cb86d9490530f02083c83ca9effc945af91acf73ce101c438b062acd26,2026-10-01T10:58:13.423347Z,
https://www.da.gov.ph/wp-content/uploads/2023/06/Price-Monitoring-June-5-2023.pdf,price_monitoring,0,2023-06-05,parsed,market+summary,26,d2c2fdedf1b318fb2aac4b2235cd4f27389c40faae853d2dc225c9087ddf307d,2026-10-01T10:58:17.606485Z,
https://www.da.gov.ph/wp-content/uploads/2023/06/Price-Monitoring-June-6-2023.pdf,price_monitoring,0,2023-06-06,failed,,,24e96bedc044dfa5e6c086f655ace82480c7d96d4c0275f8d07f53501ed4e830,2026-10-01T10:58:21.796786Z,no_rows
https://www.da.gov.ph/wp-content/uploads/2023/06/Price-Monitoring-June-7-2023.pdf,price_monitoring,0,2023-06-07,parsed,market+summary,27,c853543b854a6078cce351d3a242a1a9add15ee3b96f42cd08ef1b4345424b52,2026-10-01T10:58:25.324984Z,
https://www.da.gov.ph/wp-content/uploads/2023/06/Price-Monitoring-June-8-2023.pdf,price_monitoring,0,2023-06-08,failed,,,862fab4ed2538affc89e490bf3e6f318207e3fb7ad25860a9240896b071ee2fd,2026-10-01T10:58:29.398936Z,no_rows
https://www.da.gov.ph/wp-content/uploads/2023/06/Price-Monitoring-June-9-2023.pdf,price_monitoring,0,2023-06-09,parsed,market+summary,27,56db9b360a67c43b134c825cdeb5e71200c0cd53aa01b5ad61b4ea6a49f75b48,2026-10-01T10:58:32.983733Z,
https://www.da.gov.ph/wp-content/uploads/2023/06/Price-Monitoring-June-12-2023.pdf,price_monitoring,0,2023-06-12,parsed,market+summary,27,902e49f2df106df06b6e94e0c5a66b728746156aadaa4899969d89cfcb471e20,2026-10-01T10:58:37.224135Z,
https://www.da.gov.ph/wp-content/uploads/2023/06/Price-Monitoring-June-13-2023.pdf,price_monitoring,0,2023-06-13,failed,,,3ff97d69848703b9bdebfbb924afbf5ea14c1bdea834d144c0eef73c47c04e9e,2026-10-01T10:58:41.403501Z,no_rows
https://www.da.gov.ph/wp-content/uploads/2023/06/Price-Monitoring-June-14-2023.pdf,price_monitoring,0,2023-06-14,failed,,,96456486740193ff1700867179e0e689358c05f1e2b1c73fe8841505738d3ea2,2026-10-01T10:58:44.794235Z,no_rows
https://www.da.gov.ph/wp-content/uploads/2023/06/Price-Monitoring-June-15-2023.pdf,price_monitoring,0,2023-06-15,failed,,,7e39d8c063decfe7f4561ef11122539349185c32735d567e50088ba3bfb0630e,2026-10-01T10:58:48.191821Z,no_rows
https://www.da.gov.ph/wp-content/uploads/2023/06/Price-Monitoring-June-16-2023.pdf,price_monitoring,0,2023-06-16,failed,,,b763c7e946315c77e9b85e4d951230c1f8152f1255ea03d696a3e463e8a627e2,2026-10-01T10:58:51.597612Z,no_rows
https://www.da.gov.ph/wp-content/uploads/2023/06/Price-Monitoring-June-19-2023.pdf,price_monitoring,0,2023-06-19,parsed,market+summary,27,2b4b43b801870c21c7d573158249b9cae8c1ecaf06ccf9162c8eb33c689d96fc,2026-10-01T10:58:55.153704Z,
https://www.da.gov.ph/wp-content/uploads/2023/06/Price-Monitoring-June-20-2023.pdf,price_monitoring,0,2023-06-20,parsed,market+summary,27,67d902de12da02f4c3c190f2aac1051d9e2031d015b2fdf205669d74bf3dd726,2026-10-01T10:58:59.351647Z,
https://www.da.gov.ph/wp-content/uploads/2023/06/Price-Monitoring-June-21-2023.pdf,price_monitoring,0,2023-06-21,parsed,market+summary,27,d07056e2051f5dca51bba4f91348c70bf89f6f3a4ee57951ee31c7adec349326,2026-10-01T10:59:04.802512Z,
https://www.da.gov.ph/wp-content/uploads/2023/06/Price-Monitoring-June-22-2023.pdf,price_monitoring,0,2023-06-22,failed,,,19f26c9a3b61dc717429150c8313524103b11fae904f2e0c3a72b5531b6b4c0d,2026-10-01T10:59:08.856190Z,no_rows
https://www.da.gov.ph/wp-content/uploads/2023/06/Price-Monitoring-June-23-2023.pdf,price_monitoring,0,2023-06-23,parsed,market+summary,26,8e85cafa51dcbd6174682fca52015f90afd3bc5f8423578396c41da168968a20,2026-10-01T10:59:12.339149Z,
https://www.da.gov.ph/wp-content/uploads/2023/06/Price-Monitoring-June-26-2023.pdf,price_monitoring,0,2023-06-26,parsed,market+summary,26,384265e235fb642fa30e59cf3472614bcd9b22d4fc9df7281d9843364821a4a1,2026-10-01T10:59:16.680790Z,
https://www.da.gov.ph/wp-content/uploads/2023/06/Price-Monitoring-June-27-2023.pdf,price_monitoring,0,2023-06-27,parsed,market+summary,27,9f9cd4a52d25eb59cdb5a74761831cbd25ac6ad54675b3bf3f9c7eddc00bbc2e,2026-10-01T10:59:20.901941Z,
https://www.da.gov.ph/wp-content/uploads/2023/06/Price-Monitoring-June-28-2023.pdf,price_monitoring,0,2023-06-28,parsed,market+summary,27,43dca7d149fd4e3c992c4cc2e50c07a507432b822034d8689b9b507ac76a20f5,2026-10-01T10:59:25.072541Z,
https://www.da.gov.ph/wp-content/uploads/2023/06/Price-Monitoring-June-29-2023.pdf,price_monitoring,0,2023-06-29,parsed,market+summary,27,7fd83da8d1f478040a23b03298a81094d6d6fcfa1ea2772311b64878127abf1d,2026-10-01T10:59:29.422024Z,
https://www.da.gov.ph/wp-content/uploads/2023/06/Price-Monitoring-June-30-2023.pdf,price_monitoring,0,2023-06-30,failed,,,9ee286c9edd185e49715a556d6f0fc45a5fd05989046d0dd2f4b3963b7757daa,2026-10-01T10:59:33.611483Z,no_rows
https://www.da.gov.ph/wp-content/uploads/2023/07/Price-Monitoring-July-3-2023.pdf,price_monitoring,0,2023-07-03,parsed,market+summary,27,8c3e841e3109b01489ebaa6d27f65fdc1822789b3031d5cddf02122d942f1584,2026-10-01T10:59:38.230460Z,
https://www.da.gov.ph/wp-content/uploads/2023/07/Price-Monitoring-July-4-2023.pdf,price_monitoring,0,2023-07-04,parsed,market+summary,27,950722df9bf9d5aa520b1591425e84eb0aa3f6a6cd7af95142d49230da0e6c9e,2026-10-01T10:59:42.480828Z,
https://www.da.gov.ph/wp-content/uploads/2023/07/Price-Monitoring-July-5-2023.pdf,price_monitoring,0,2023-07-05,parsed,market+summary,27,b26d3c4b44eb2480875ebae040408051c4173e048bd48c4b73b7c2d1e623bf02,2026-10-01T10:59:46.671152Z,
https://www.da.gov.ph/wp-content/uploads/2023/07/Price-Monitoring-July-6-2023.pdf,price_monitoring,0,2023-07-06,parsed,market+summary,27,1a03a687d9cf8961afe3e851f523ef2ea3c4d57a0c8d4236d16152c8b99c19a8,2026-10-01T10:59:50.796684Z,
https://www.da.gov.ph/wp-content/uploads/2023/07/Price-Monitoring-July-7-2023.pdf,price_monitoring,0,2023-07-07,parsed,market+summary,27,ac606034888662d5cfbd2ed479eba1c3fa35fbe42b1ea58f878b3c39573975b9,2026-10-01T10:59:54.919317Z,
https://www.da.gov.ph/wp-content/uploads/2023/07/Price-Monitoring-July-10-2023.pdf,price_monitoring,0,2023-07-10,parsed,market+summary,27,d91d5e8fa5737cd525bc724ca82fc01c957e702f47dfa5455f3c9d71152337b2,2026-10-01T10:59:59.201155Z,
https://www.da.gov.ph/wp-content/uploads/2023/07/Price-Monitoring-July-11-2023.pdf,price_monitoring,0,2023-07-11,parsed,market+summary,27,a56d476c354c84d32fb17839965ba5fe36c4fdd8046d585f5210a4376ca65d9b,2026-10-01T11:00:03.619273Z,
https://www.da.gov.ph/wp-content/uploads/2023/07/Revised-Price-Monitoring-July-12-2023.pdf,price_monitoring,1,2023-07-12,parsed,market+summary,27,e4537f2de0a907a648f28d37f92ffbda9a395a9dc4ebfdff224344b18cdd0510,2026-10-01T11:00:07.920221Z,
https://www.da.gov.ph/wp-content/uploads/2023/07/Price-Monitoring-July-13-2023.pdf,price_monitoring,0,2023-07-13,parsed,market+summary,27,3d81f871a1506838847128205ec91205e919b98a26e2bd25a469fb7391ebaf58,2026-10-01T11:00:12.200444Z,
https://www.da.gov.ph/wp-content/uploads/2023/07/Price-Monitoring-July-14-2023.pdf,price_monitoring,0,2023-07-14,parsed,market+summary,28,3d20060e21387fc41ae026623b9663e9cda54ef311fd53fcd45d58fe04811af8,2026-10-01T11:00:16.515410Z,
https://www.da.gov.ph/wp-content/uploads/2023/07/Price-Monitoring-July-17-2023.pdf,price_monitoring,0,2023-07-17,parsed,market+summary,26,363d9295b3c1684bb5ddc22bcbefa78237fb280ba82959b392b69b45661cc618,2026-10-01T11:00:20.591807Z,
https://www.da.gov.ph/wp-content/uploads/2023/07/Price-Monitoring-July-18-2023.pdf,price_monitoring,0,2023-07-18,parsed,market+summary,27,93c6f68a723545bea0c3ec4320f2bcd12e1c492c673b6d64fb46c4dc2c77e833,2026-10-01T11:00:24.882796Z,
https://www.da.gov.ph/wp-content/uploads/2023/07/Price-Monitoring-July-19-2023.pdf,price_monitoring,0,2023-07-19,parsed,market+summary,27,9cbe93df1b828d8215ab3f96d131e9d0ac23979f428d60dd26004af23f24d53b,2026-10-01T11:00:29.146062Z,
https://www.da.gov.ph/wp-content/uploads/2023/07/Revised-Price-Monitoring-July-20-2023.pdf,price_monitoring,1,2023-07-20,parsed,market+summary,28,be87d409074dcdd4f1d9e907f37b8366e8da1b0be372ce2aa551b9a8fc6a9df3,2026-10-01T11:00:33.500750Z,
https://www.da.gov.ph/wp-content/uploads/2023/07/Price-Monitoring-July-21-2023.pdf,price_monitoring,0,2023-07-21,parsed,market+summary,28,37114c214e80215ada5f636db89eb51c593f1eef71dbc75c554dc62e9b66f0a8,2026-10-01T11:00:37.754648Z,
https://www.da.gov.ph/wp-content/uploads/2023/07/Price-Monitoring-July-24-2023.pdf,price_monitoring,0,2023-07-24,parsed,market+summary,28,7ab8d42eb78da00d26ea2186fd5ee4772724d678a9d2c6af5728d2d948319421,2026-10-01T11:00:42.095080Z,
https://www.da.gov.ph/wp-content/uploads/2023/07/Price-Monitoring-July-25-2023.pdf,price_monitoring,0,2023-07-25,parsed,market+summary,28,e5e3ba4d70a08928b1960a646201ed9aada8055a9cd405832924381d41887736,2026-10-01T11:00:46.407530Z,
https://www.da.gov.ph/wp-content/uploads/2023/07/Price-Monitoring-July-26-2023.pdf,price_monitoring,0,2023-07-26,parsed,market+summary,28,abf9022963d91ada5618a55fed96df474c30af04714bee69511c749b4afaca93,2026-10-01T11:00:50.617668Z,
https://www.da.gov.ph/wp-content/uploads/2023/07/Price-Monitoring-July-27-2023.pdf,price_monitoring,0,2023-07-27,parsed,market+summary,27,2375eb1834e728ebf927dc8f684f35f1d5f17ebf294dc7dda13708c258b60323,2026-10-01T11:00:54.761977Z,
https://www.da.gov.ph/wp-content/uploads/2023/07/Price-Monitoring-July-28-2023.pdf,price_monitoring,0,2023-07-28,parsed,market+market_only,7,8d05dd8df5698d2c745e195607f2d36910347b0c16f1548925094802b529b1c6,2026-10-01T11:00:58.961678Z,
https://www.da.gov.ph/wp-content/uploads/2023/07/Price-Monitoring-July-31-2023.pdf,price_monitoring,0,2023-07-31,parsed,market+summary,28,4293afcc8066ad9ce4824bd86eeaa5371fee56124f66ed719f1dcd57e2a8de01,2026-10-01T11:01:02.670245Z,
https://www.da.gov.ph/wp-content/uploads/2023/08/Price-Monitoring-August-1-2023.pdf,price_monitoring,0,2023-08-01,parsed,market+summary,28,95485312b8948e63955eb402c9b3bfac0f329029db99076ba1ebcb4e5bfe9eee,2026-10-01T11:01:06.946072Z,
https://www.da.gov.ph/wp-content/uploads/2023/08/Price-Monitoring-August-2-2023.pdf,price_monitoring,0,2023-08-02,parsed,market+summary,28,11a444c069ca1aceeed035ba21d8eb8b71880b2ad09bf481a67b41926fc11a8c,2026-10-01T11:01:11.117273Z,
https://www.da.gov.ph/wp-content/uploads/2023/08/Price-Monitoring-August-3-2023.pdf,price_monitoring,0,2023-08-03,parsed,market+summary,28,5b6d2ab6eea83f191dcec15a51a8b5171cab3cf82330a051e705419913a8d60e,2026-10-01T11:01:15.292580Z,
https://www.da.gov.ph/wp-content/uploads/2023/08/Price-Monitoring-August-4-2023.pdf,price_monitoring,0,2023-08-04,parsed,market+summary,28,b88154c148ef263e90c29699adbb725e15ae2741ad5b891ce1079a7ba9eefd74,2026-10-01T11:01:19.539892Z,
https://www.da.gov.ph/wp-content/uploads/2023/08/Price-Monitoring-August-7-2023.pdf,price_monitoring,0,2023-08-07,parsed,market+summary,28,59e80146f2a2c1764e2a278a8c9d1c7e8948fd83669c61deb2afac1af27668ad,2026-10-01T11:01:23.909035Z,
https://www.da.gov.ph/wp-content/uploads/2023/08/Price-Monitoring-August-8-2023.pdf,price_monitoring,0,2023-08-08,parsed,market+summary,29,3c571353674043daca76553b136fe6afc8a92e07988b2979383cef702fa6fed7,2026-10-01T11:01:28.307375Z,
https://www.da.gov.ph/wp-content/uploads/2023/08/Price-Monitoring-August-9-2023.pdf,price_monitoring,0,2023-08-09,parsed,market+summary,27,6ba1ebbe9db04300f07d008745211b8515dc6da5e3a32b2fde204599f6d661c4,2026-10-01T11:01:32.606365Z,
https://www.da.gov.ph/wp-content/uploads/2023/08/Price-Monitoring-August-10-2023.pdf,price_monitoring,0,2023-08-10,parsed,market+summary,28,31d004c3fccfb439169e8f6c254ea46f99ef876ec34bb275d87cf6ec43cf379c,2026-10-01T11:01:36.783613Z,
https://www.da.gov.ph/wp-content/uploads/2023/08/Price-Monitoring-August-11-2023.pdf,price_monitoring,0,2023-08-11,parsed,market+summary,28,af89676ca32850c0c99df9aaae216289ed7d3ce324914eae65455f901f52c2ce,2026-10-01T11:01:41.074744Z,
https://www.da.gov.ph/wp-content/uploads/2023/08/Price-Monitoring-August-14-2023.pdf,price_monitoring,0,2023-08-14,parsed,market+summary,28,a1152d128260582df3d139bf1e82a32bdf411ca524cdef1075ddf33de06c1cea,2026-10-01T11:01:45.310476Z,
https://www.da.gov.ph/wp-content/uploads/2023/08/Price-Monitoring-August-15-2023.pdf,price_monitoring,0,2023-08-15,parsed,market+summary,29,56b1a4dd3fb82d6ec35cfab57f3c333075f55767d214303adb1c6675bed71645,2026-10-01T11:01:49.623765Z,
https://www.da.gov.ph/wp-content/uploads/2023/08/Price-Monitoring-August-16-2023.pdf,price_monitoring,0,2023-08-16,parsed,market+summary,29,f41468eaaf671a3a990b65e55cbf1b25ff85e60bdf96e3862391c1ca06893976,2026-10-01T11:01:53.822660Z,
https://www.da.gov.ph/wp-content/uploads/2023/08/Price-Monitoring-August-17-2023.pdf,price_monitoring,0,2023-08-17,parsed,market+summary,29,34436a69d2b7c60f3e66d7589ecaccafc48dba17e9b8c29052054ef18a8682fd,2026-10-01T11:01:58.010124Z,
https://www.da.gov.ph/wp-content/uploads/2023/08/Price-Monitoring-August-18-2023.pdf,price_monitoring,0,2023-08-18,parsed,market+summary,29,84b0224044e85abe9c70b7fa9fcbb81f7df5308dc59657626323756117ce8b9b,2026-10-01T11:02:02.281630Z,
https://www.da.gov.ph/wp-content/uploads/2023/08/Price-Monitoring-August-21-2023.pdf,price_monitoring,0,2023-08-21,parsed,market+summary,28,5561f7c8024e0c4f32ca3c12fb4c412148afc853c64f7521eea94f4f7a7db238,2026-10-01T11:02:06.517440Z,
https://www.da.gov.ph/wp-content/uploads/2023/08/Price-Monitoring-August-22-2023.pdf,price_monitoring,0,2023-08-22,parsed,market+summary,28,dbe2ace883ba5f22979d1ff65f3d654073f59c64ecd4f04a709a11105fa67002,2026-10-01T11:02:10.797396Z,
https://www.da.gov.ph/wp-content/uploads/2023/08/Revised-Price-Monitoring-August-23-2023.pdf,price_monitoring,1,2023-08-23,parsed,market+summary,28,9f73555979b9d5b1aea2a40221bf1c8e52e51d07a166990dbcba4af367c8eb09,2026-10-01T11:02:16.380629Z,
https://www.da.gov.ph/wp-content/uploads/2023/08/Price-Monitoring-August-24-2023.pdf,price_monitoring,0,2023-08-24,parsed,market+summary,28,b6c4aeb5ddb82e2e365e1cbd2059e68d87f6381410f188a55b5c93a1c3c30ebf,2026-10-01T11:02:20.532963Z,
https://www.da.gov.ph/wp-content/uploads/2023/08/Price-Monitoring-August-25-2023.pdf,price_monitoring,0,2023-08-25,parsed,market+summary,29,fa2102a936fb0c20e9e4ce601945b14544227cb6c3276e6e3788923446911037,2026-10-01T11:02:24.758009Z,
https://www.da.gov.ph/wp-content/uploads/2023/08/Price-Monitoring-August-28-2023.pdf,price_monitoring,0,2023-08-28,parsed,market+summary,28,a1bdc9bd821ade1dd60ee680f246ccc1e027387274cd72bf0bb178ecc762ac6f,2026-10-01T11:02:29.109663Z,
https://www.da.gov.ph/wp-content/uploads/2023/08/Price-Monitoring-August-29-2023.pdf,price_monitoring,0,2023-08-29,parsed,summary,29,5afcda753c853e96a7c890f40a35f2d8a6034d2bd94ab0501f56a281d90396ce,2026-10-01T11:02:33.512021Z,
https://www.da.gov.ph/wp-content/uploads/2023/08/Price-Monitoring-August-30-2023.pdf,price_monitoring,0,2023-08-30,parsed,market+summary,29,b83d234e7ab5b8c9c196bd31bb1e088d344029984f1cbd857424b6e621b5b668,2026-10-01T11:02:37.685001Z,
https://www.da.gov.ph/wp-content/uploads/2023/09/Price-Monitoring-August-31-2023.pdf,price_monitoring,0,2023-08-31,parsed,market+summary,29,cf29edd994b227a11a514ce9a24ca3d6056dcc35e84928adc0251e6a4a36e298,2026-10-01T11:02:42.042149Z,
https://www.da.gov.ph/wp-content/uploads/2023/09/Price-Monitoring-September-1-2023.pdf,price_monitoring,0,2023-09-01,parsed,market+summary,29,e31436b5bd91d23120d20285464d6fead2cb0274abd741715be47804cebab5c2,2026-10-01T11:02:46.343350Z,
https://www.da.gov.ph/wp-content/uploads/2023/09/Revised-Weekly-Average-Price-August-28-September-1-2023.pdf,skip,1,2023-09-01,skipped,,,,,not_a_price_report
https://www.da.gov.ph/wp-content/uploads/2023/09/Price-Monitoring-September-4-2023.pdf,price_monitoring,0,2023-09-04,parsed,market+summary,29,a1ecd550ac189918d34482c0fc3cb45ef8e0e812bcd8bb07a257d3a228f5070d,2026-10-01T11:02:50.647565Z,
https://www.da.gov.ph/wp-content/uploads/2023/09/Price-Monitoring-September-5-2023.pdf,price_monitoring,0,2023-09-05,parsed,market+summary,29,2e84f8bcb46dc7e054e939d2391c3957d7700840d608d55843605a28b41caf67,2026-10-01T11:02:55.102442Z,
https://www.da.gov.ph/wp-content/uploads/2023/09/Price-Monitoring-September-6-2023.pdf,price_monitoring,0,2023-09-06,parsed,market+summary,29,4731b8b8fc159603ca147e8c401e713257c58d369100ca1bc009b6898d3bcf38,2026-10-01T11:02:59.412672Z,
https://www.da.gov.ph/wp-content/uploads/2023/09/Price-Monitoring-September-7-2023.pdf,price_monitoring,0,2023-09-07,parsed,market+summary,29,0b80886fa5515b65e5a2ccb86b796d71337ac926fda543cc2a59a53f1b8f6764,2026-10-01T11:03:03.732061Z,
https://www.da.gov.ph/wp-content/uploads/2023/09/Price-Monitoring-September-8-2023.pdf,price_monitoring,0,2023-09-08,parsed,market+summary,29,b6fba60e00af4bd9df60d9a1257afe1ecdb5387890ce55d8ea0c25516d3902e3,2026-10-01T11:03:07.987914Z,
https://www.da.gov.ph/wp-content/uploads/2023/09/Price-Monitoring-September-11-2023.pdf,price_monitoring,0,2023-09-11,parsed,market+summary,28,2bbf5e8af207e57437042cf14496d750750b1f2924ac89137ab5560755c84183,2026-10-01T11:03:12.328218Z,
https://www.da.gov.ph/wp-content/uploads/2023/09/Price-Monitoring-September-12-2023.pdf,price_monitoring,0,2023-09-12,parsed,market+summary,28,60048773e74dbc128b2f0556e9a6eed7a6e62e4280128af1084b71f73b907c99,2026-10-01T11:03:16.582200Z,
https://www.da.gov.ph/wp-content/uploads/2023/09/Price-Monitoring-September-13-2023.pdf,price_monitoring,0,2023-09-13,parsed,market+summary,29,a0402e85c315f3873fc54cf81dded5c4fe74d719af3887a3ba1b6e24025272d5,2026-10-01T11:03:20.712791Z,
https://www.da.gov.ph/wp-content/uploads/2023/09/Price-Monitoring-September-14-2023.pdf,price_monitoring,0,2023-09-14,parsed,market+summary,28,604ae9eb3384a6055e180ad6e54ec71f2812f9c1ca3f460ae61ca1feb19166d2,2026-10-01T11:03:24.939806Z,
https://www.da.gov.ph/wp-content/uploads/2023/09/Price-Monitoring-September-15-2023.pdf,price_monitoring,0,2023-09-15,parsed,market+summary,28,92f4bf9aa4c2c7d70302bb43b8f57a3c6dc02b865805588527ed90249553eb1b,2026-10-01T11:03:29.147671Z,
https://www.da.gov.ph/wp-content/uploads/2023/09/Price-Monitoring-September-18-2023.pdf,price_monitoring,0,2023-09-18,parsed,market+summary,28,f87c1b98b27d205adb5e4a8c5f1eadd2f1680dbad6ca61a2c3416c81e8283dc1,2026-10-01T11:03:33.465316Z,
https://www.da.gov.ph/wp-content/uploads/2023/09/Price-Monitoring-September-19-2023.pdf,price_monitoring,0,2023-09-19,parsed,market+summary,29,75541c0d42794497d2f6a943cd125538beebe0c35839315463d102814567b8ea,2026-10-01T11:03:37.779939Z,
https://www.da.gov.ph/wp-content/uploads/2023/09/Price-Monitoring-September-20-2023.pdf,price_monitoring,0,2023-09-20,parsed,market+summary,28,3bd414d760e3ced6e092109438aa5354d672875b45a751c13b10b613b500efb3,2026-10-01T11:03:42.226144Z,
https://www.da.gov.ph/wp-content/uploads/2023/09/Price-Monitoring-September-21-2023.pdf,price_monitoring,0,2023-09-21,parsed,market+summary,29,e0a6c3bd6bd0995fe1a503e087b9abec83bfdee10c0a2a5cbf310161b449899e,2026-10-01T11:03:46.689948Z,
https://www.da.gov.ph/wp-content/uploads/2023/09/Price-Monitoring-September-22-2023.pdf,price_monitoring,0,2023-09-22,parsed,market+summary,28,c07307c9515bd5640908a995c90e4f350618d4b0140069b232e3474d95dcadff,2026-10-01T11:03:51.273881Z,
https://www.da.gov.ph/wp-content/uploads/2023/09/Price-Monitoring-September-25-2023.pdf,price_monitoring,0,2023-09-25,parsed,market+summary,28,dec47628c0dd6b9fd07d98eebae31dfe05308dac405bd2a4f60b48d604901983,2026-10-01T11:03:56.154797Z,
https://www.da.gov.ph/wp-content/uploads/2023/09/Price-Monitoring-September-26-2023.pdf,price_monitoring,0,2023-09-26,parsed,market+summary,29,bfd13d852c8ac6d95461513ae06dfbdcd073019bd8550ee79e219ec64deea89a,2026-10-01T11:04:00.406264Z,
https://www.da.gov.ph/wp-content/uploads/2023/09/Price-Monitoring-September-27-2023.pdf,price_monitoring,0,2023-09-27,parsed,market+summary,29,434b437cd0b00ecb50fc3620f375fd0ffd53a0a18b19b72f0b50b8c07aa672cd,2026-10-01T11:04:04.629973Z,
https://www.da.gov.ph/wp-content/uploads/2023/09/Price-Monitoring-September-28-2023.pdf,price_monitoring,0,2023-09-28,parsed,market+summary,29,404d4b71a91c03c663ddb00c4292d1a6b5f5947cb6d6322a737905037ec3c83c,2026-10-01T11:04:08.824282Z,
https://www.da.gov.ph/wp-content/uploads/2023/10/Price-Monitoring-September-29-2023.pdf,price_monitoring,0,2023-09-29,parsed,market+summary,29,d1855d8b13c9dcaf6f2fcdad3a3d8268c61eaab769f462a0403dec2074f05b22,2026-10-01T11:04:13.098845Z,
https://www.da.gov.ph/wp-content/uploads/2023/10/Price-Monitoring-October-2-2023.pdf,price_monitoring,0,2023-10-02,parsed,market+summary,29,958b3f5de10f0c70286613ac0bf8c957221678d89060d373eb0b94710352d21d,2026-10-01T11:04:17.685210Z,
https://www.da.gov.ph/wp-content/uploads/2023/10/Price-Monitoring-October-3-2023.pdf,price_monitoring,0,2023-10-03,parsed,market+summary,28,cd4faf1ad360622a90db3deff688008cfafd6944725df8c70d759cc57fd50f78,2026-10-01T11:04:22.094583Z,
https://www.da.gov.ph/wp-content/uploads/2023/10/Price-Monitoring-October-4-2023.pdf,price_monitoring,0,2023-10-04,parsed,market+summary,29,61c7f2b6f4bfcac4c189058c2c2945c15fa97189183c97b908d3675800ef749e,2026-10-01T11:04:26.421274Z,
https://www.da.gov.ph/wp-content/uploads/2023/10/Price-Monitoring-October-5-2023.pdf,price_monitoring,0,2023-10-05,parsed,market+summary,29,83757389a7a7bf0de345d3c1a23a7af30ceb8c91559bba8b997c1b53e76c56c2,2026-10-01T11:04:30.664972Z,
https://www.da.gov.ph/wp-content/uploads/2023/10/Price-Monitoring-October-6-2023.pdf,price_monitoring,0,2023-10-06,parsed,market+summary,29,114361e2e47d58eea41c81908d1dd5978b315af704a6a779eb14201e5eea6c49,2026-10-01T11:04:34.974196Z,
https://www.da.gov.ph/wp-content/uploads/2023/10/Price-Monitoring-October-9-2023.pdf,price_monitoring,0,2023-10-09,parsed,market+summary,28,2abb2126eb353b37533c52b6804fe267f925be86e97c36be0ba6ea5fc01dc041,2026-10-01T11:04:39.366147Z,
https://www.da.gov.ph/wp-content/uploads/2023/10/Price-Monitoring-October-10-2023.pdf,price_monitoring,0,2023-10-10,parsed,market+summary,28,2f4b662ef4a76e482ca119058e2b66028d0bd0304f9f0c7df8c289d38816ee6a,2026-10-01T11:04:44.181465Z,
https://www.da.gov.ph/wp-content/uploads/2023/10/Price-Monitoring-October-11-2023.pdf,price_monitoring,0,2023-10-11,parsed,market+summary,28,12d79e9c7e02f09ac88b6f4eff6e39da063391c1617e5f2a9b2528379bc0c360,2026-10-01T11:04:48.539653Z,
https://www.da.gov.ph/wp-content/uploads/2023/10/Price-Monitoring-October-12-2023.pdf,price_monitoring,0,2023-10-12,parsed,market+summary,28,c296721d1db9f216d8ad5f2037f90af77e54f14779d399c8f050a7422ab7ff0c,2026-10-01T11:04:53.679577Z,
https://www.da.gov.ph/wp-content/uploads/2023/10/Price-Monitoring-October-13-2023.pdf,price_monitoring,0,2023-10-13,parsed,market+summary,29,18a7ee75670ee09f21a438f6ec5d02dbc8e82b585faf3d7c0d55ace221a231c1,2026-10-01T11:04:57.961458Z,
https://www.da.gov.ph/wp-content/uploads/2023/10/Price-Monitoring-October-16-2023.pdf,price_monitoring,0,2023-10-16,parsed,market+summary,29,df4bd97e67d5ea4fbc5dc1277c13976e5f5ab3b2839009279cd78fc8615566ba,2026-10-01T11:05:02.283385Z,
https://www.da.gov.ph/wp-content/uploads/2023/10/Price-Monitoring-October-17-2023.pdf,price_monitoring,0,2023-10-17,parsed,market+summary,29,d75886c9d78e08e902a2b8907d25b4abfcfd426861b1366c31f9725547a0f287,2026-10-01T11:05:06.584259Z,
https://www.da.gov.ph/wp-content/uploads/2023/10/Price-Monitoring-October-18-2023.pdf,price_monitoring,0,2023-10-18,parsed,market+summary,29,9b1583ee1b4061e5a34239844e5aad615e30f77bd10b91c784559e82dd927fe4,2026-10-01T11:05:10.860654Z,
https://www.da.gov.ph/wp-content/uploads/2023/10/Price-Monitoring-October-19-2023.pdf,price_monitoring,0,2023-10-19,parsed,market+summary,29,c0295585a3eda7e0086428c1a52a53f133cab4f7625f63b8db6971b66bc9e1f2,2026-10-01T11:05:15.216756Z,
https://www.da.gov.ph/wp-content/uploads/2023/10/Price-Monitoring-October-20-2023.pdf,price_monitoring,0,2023-10-20,parsed,market+summary,28,32df6d391a11e7e26cc2f6b145d3eb65bf19d411bc74619215ba8ded6481f9f4,2026-10-01T11:05:19.494565Z,
https://www.da.gov.ph/wp-content/uploads/2023/10/Price-Monitoring-October-23-2023.pdf,price_monitoring,0,2023-10-23,parsed,market+summary,28,ef0c57a90751fd0196e6d812e82f196eeb08ba04df1cc6b7f65fc073bce00208,2026-10-01T11:05:23.828851Z,
https://www.da.gov.ph/wp-content/uploads/2023/10/Price-Monitoring-October-24-2023.pdf,price_monitoring,0,2023-10-24,parsed,market+summary,28,6d846bc2a9fd6c6eb8b251cc71e49dd39fb6df9b1a16561912ad3b4d130cbc3c,2026-10-01T11:05:28.103645Z,
https://www.da.gov.ph/wp-content/uploads/2023/10/Price-Monitoring-October-25-2023.pdf,price_monitoring,0,2023-10-25,parsed,market+summary,28,7ab8cd7faf70bddadd3e70f4ab04dffe6f788377cd1c1c5128e6ba78b7f23436,2026-10-01T11:05:32.284351Z,
https://www.da.gov.ph/wp-content/uploads/2023/10/Price-Monitoring-October-26-2023.pdf,price_monitoring,0,2023-10-26,parsed,market+summary,28,543b06a34769b0f95223fd2d8cfdc2349d3cb5a0c9b5bf41704731c76d2d0cf8,2026-10-01T11:05:36.503371Z,
https://www.da.gov.ph/wp-content/uploads/2023/10/Price-Monitoring-October-27-2023.pdf,price_monitoring,0,2023-10-27,parsed,market+summary,28,96531f93532b6abe448a6f551d17ea62cef65699fd7a3b945d953e5e31db2f3c,2026-10-01T11:05:40.776616Z,
https://www.da.gov.ph/wp-content/uploads/2023/10/Price-Monitoring-October-30-2023.pdf,price_monitoring,0,2023-10-30,parsed,market+summary,28,162955775da236702cd1da9edd9aa91b9cfcebccf03c705c5bbf6ef65a1c1752,2026-10-01T11:05:45.224812Z,
https://www.da.gov.ph/wp-content/uploads/2023/10/Price-Monitoring-October-31-2023.pdf,price_monitoring,0,2023-10-31,parsed,market+summary,28,46c392809f1bd1a2c2052d5402c2fe0318d2253e2af70ddca47b043b8da7d6fa,2026-10-01T11:05:49.528852Z,
https://www.da.gov.ph/wp-content/uploads/2023/11/Price-Monitoring-November-2-2023.pdf,price_monitoring,0,2023-11-02,parsed,market+summary,29,d75f4fb10154121cdfd27cae9fd6ee291b21fc97bef593a91804a14b59b4c1ab,2026-10-01T11:05:53.730635Z,
https://www.da.gov.ph/wp-content/uploads/2023/11/Price-Monitoring-November-3-2023.pdf,price_monitoring,0,2023-11-03,parsed,market+summary,28,6522fcb21a883a56dafe8440d53010a32cfdce54fbe66ffb85819102525f9a44,2026-10-01T11:05:58.028744Z,
https://www.da.gov.ph/wp-content/uploads/2023/11/Weekly-Average-Prices-October-30-November-3-2023.pdf,skip,0,2023-11-03,skipped,,,,,not_a_price_report
https://www.da.gov.ph/wp-content/uploads/2023/11/Price-Monitoring-November-6-2023.pdf,price_monitoring,0,2023-11-06,parsed,market+summary,28,9e6be506a2f202d84ab7c0ff91d189f001dd1956316595447d522e4327677441,2026-10-01T11:06:02.343879Z,
https://www.da.gov.ph/wp-content/uploads/2023/11/Price-Monitoring-November-7-2023.pdf,price_monitoring,0,2023-11-07,parsed,market+summary,30,5adfb60b998ec83f8e4d1b815f676f591d86b6772fc0520a9930dbef6a78d648,2026-10-01T11:06:06.776580Z,
https://www.da.gov.ph/wp-content/uploads/2023/11/Price-Monitoring-November-8-2023.pdf,price_monitoring,0,2023-11-08,parsed,market+summary,30,e8f884efd41f79bfac939cd40db0e22a86a7a86598c01121a2627b3fb1bb81e1,2026-10-01T11:06:11.310441Z,
https://www.da.gov.ph/wp-content/uploads/2023/11/Price-Monitoring-November-9-2023.pdf,price_monitoring,0,2023-11-09,parsed,market+summary,30,75e92ff8c78fbdcd2aba62f066a636017b4eaf5e08a5a6b93d6887c04d9ab940,2026-10-01T11:06:16.595017Z,
https://www.da.gov.ph/wp-content/uploads/2023/11/Price-Monitoring-November-10-2023.pdf,price_monitoring,0,2023-11-10,parsed,market+summary,29,bc0d632a86038e58eeae5c3b3103a4d60b5fdf9e6962603a5677febbeccb3bb5,2026-10-01T11:06:20.935744Z,
https://www.da.gov.ph/wp-content/uploads/2023/11/Price-Monitoring-November-13-2023.pdf,price_monitoring,0,2023-11-13,parsed,market+summary,29,9850392c22e9e6009f4b892985d61d98878e7573cf2b6e34a815dc6716afbb4d,2026-10-01T11:06:25.404670Z,
https://www.da.gov.ph/wp-content/uploads/2023/11/Price-Monitoring-November-14-2023.pdf,price_monitoring,0,2023-11-14,parsed,market+summary,29,bfa810193e5cf876156514ffc1215ff9a321b7f51994b4bae79b2423c2ed7e89,2026-10-01T11:06:29.937959Z,
https://www.da.gov.ph/wp-content/uploads/2023/11/Price-Monitoring-November-15-2023.pdf,price_monitoring,0,2023-11-15,parsed,market+summary,29,9f5043972f52b0132e8c01970eeb705832525e563c473a0239423a01a1c51368,2026-10-01T11:06:34.460122Z,
https://www.da.gov.ph/wp-content/uploads/2023/11/Price-Monitoring-November-16-2023.pdf,price_monitoring,0,2023-11-16,parsed,market+summary,29,4691ce68861b4330b343909fbad341fedb912b5b231112a52fac72885ce91bab,2026-10-01T11:06:39.193776Z,
https://www.da.gov.ph/wp-content/uploads/2023/11/Price-Monitoring-November-17-2023.pdf,price_monitoring,0,2023-11-17,parsed,market+summary,29,4c20c1d6d8799d1b6e5f7424faf8108951ff409b6c1c807b4f06f8a1b195baed,2026-10-01T11:06:43.523658Z,
https://www.da.gov.ph/wp-content/uploads/2023/11/Price-Monitoring-November-20-2023.pdf,price_monitoring,0,2023-11-20,parsed,market+summary,29,a8c6e172cb2a1831185ae055d8a717dfa646035f9045ef22811f7f42d8b88621,2026-10-01T11:06:48.052044Z,
https://www.da.gov.ph/wp-content/uploads/2023/11/Price-Monitoring-November-21-2023.pdf,price_monitoring,0,2023-11-21,parsed,market+summary,30,29ce4c224d29e611eb19bc18bc81d837d77db192a9b53b96acc71b11332de885,2026-10-01T11:06:52.405738Z,
https://www.da.gov.ph/wp-content/uploads/2023/11/Price-Monitoring-November-22-2023.pdf,price_monitoring,0,2023-11-22,parsed,market+summary,30,82bc2efb17d5614794ec2f67f28d937ed769995ed29ef92eeb9e4942e991e341,2026-10-01T11:06:56.758079Z,
https://www.da.gov.ph/wp-content/uploads/2023/11/Price-Monitoring-November-23-2023.pdf,price_monitoring,0,2023-11-23,parsed,market+summary,29,6c0e14717cc7971b9266c6e1c0059df23286b89228447b24852ac9c404c67137,2026-10-01T11:07:01.112737Z,
https://www.da.gov.ph/wp-content/uploads/2023/11/Price-Monitoring-November-24-2023.pdf,price_monitoring,0,2023-11-24,parsed,market+summary,29,5e73a5d6ead4f0901f075140e9c0f92bf4be304e5d494cd52cdbd480f9ddb299,2026-10-01T11:07:05.525322Z,
https://www.da.gov.ph/wp-content/uploads/2023/11/Price-Monitoring-November-27-2023.pdf,price_monitoring,0,2023-11-27,parsed,market+summary,29,c64c39990b0c215297705784ed6976754fbaa1b4d1bb70162b8113be36293795,2026-10-01T11:07:09.978399Z,
https://www.da.gov.ph/wp-content/uploads/2023/11/Price-Monitoring-November-28-2023.pdf,price_monitoring,0,2023-11-28,parsed,market+summary,29,4d88d259ea9785b524594831b0618ca3b6af22711732dcbfb1e3a3a48f5b7d25,2026-10-01T11:07:15.020334Z,
https://www.da.gov.ph/wp-content/uploads/2023/12/Final-Price-Monitoring-November-29-2023.pdf,skip,0,2023-11-29,skipped,,,,,not_a_price_report
https://www.da.gov.ph/wp-content/uploads/2023/11/Price-Monitoring-November-30-2023.pdf,price_monitoring,0,2023-11-30,parsed,market+summary,29,80e3f636428ef4a3caba7fa70c6b8ab67a41448b174d6df071bbe1d5d6f6ecaf,2026-10-01T11:07:19.430948Z,
https://www.da.gov.ph/wp-content/uploads/2023/12/Price-Monitoring-December-1-2023.pdf,price_monitoring,0,2023-12-01,parsed,market+summary,29,9c375fa4c5ed4c02f9e42e1d9d6a42a811f42a14ebf88c1b2134d96ce740b29d,2026-10-01T11:07:24.272066Z,
https://www.da.gov.ph/wp-content/uploads/2023/12/Weekly-Average-Prices-November-27-December-1-2023.pdf,skip,0,2023-12-01,skipped,,,,,not_a_price_report
https://www.da.gov.ph/wp-content/uploads/2023/12/Price-Monitoring-December-4-2023.pdf,price_monitoring,0,2023-12-04,parsed,market+summary,29,3e2cbb0dce6b7e31bb1a48d4d70e5d888a8cffbc84a19553a55bc143531f9613,2026-10-01T11:07:28.727451Z,
https://www.da.gov.ph/wp-content/uploads/2023/12/Price-Monitoring-December-5-2023.pdf,price_monitoring,0,2023-12-05,parsed,market+summary,30,96cef5100949183ff1f3ae1ee3cde2fd544841eb4b448166235a32118c6aa220,2026-10-01T11:07:33.227174Z,
https://www.da.gov.ph/wp-content/uploads/2023/12/Price-Monitoring-December-6-2023-Revised.pdf,price_monitoring,1,2023-12-06,parsed,market+summary,30,59b9c953856e4614062929e356421314f3600120e943c0b37ff89cb53462fa20,2026-10-01T11:07:37.719142Z,
https://www.da.gov.ph/wp-content/uploads/2023/12/Price-Monitoring-December-7-2023.pdf,price_monitoring,0,2023-12-07,parsed,market+summary,29,0438780882a10a6e0de4415974a6f02eec367e066a902643eb2b451cd70ebab3,2026-10-01T11:07:42.484915Z,
https://www.da.gov.ph/wp-content/uploads/2023/12/Price-Monitoring-December-8-2023.pdf,price_monitoring,0,2023-12-08,parsed,market+summary,30,b128c7f76974a94e478a0f78b2d6ca1cda137137d9a4318a3f049d62a0a38b1a,2026-10-01T11:07:47.085172Z,
https://www.da.gov.ph/wp-content/uploads/2023/12/Price-Monitoring-December-11-2023.pdf,price_monitoring,0,2023-12-11,parsed,market+summary,29,0ba25572ab7369289762420b723a773b7fdbb84045cb6cf75f5dabd28e1f1785,2026-10-01T11:07:51.640143Z,
https://www.da.gov.ph/wp-content/uploads/2023/12/Price-Monitoring-December-12-2023.pdf,price_monitoring,0,2023-12-12,parsed,market+summary,29,490aeff1c03d0e10116b904edda1f178b54a441a39ebbede4897ba5824304c52,2026-10-01T11:07:56.221663Z,
https://www.da.gov.ph/wp-content/uploads/2023/12/Price-Monitoring-December-13-2023.pdf,price_monitoring,0,2023-12-13,parsed,market+summary,30,4281d5665c7d5d328888f0dee17c363d694ba9450d8b14aa6104fff154853aa4,2026-10-01T11:08:00.574313Z,
https://www.da.gov.ph/wp-content/uploads/2023/12/Price-Monitoring-December-14-2023.pdf,price_monitoring,0,2023-12-14,parsed,market+summary,30,e4c2d34775b28968da5e0c81f2e67da31907dfffd487cc2beaa1c8d159b80b14,2026-10-01T11:08:05.118238Z,
https://www.da.gov.ph/wp-content/uploads/2023/12/Price-Monitoring-December-15-2023.pdf,price_monitoring,0,2023-12-15,failed,,,c7129c3936697e6b3131751428cb35c75754c65b5b62c3f55d4a239a0f9b7fad,2026-10-01T11:08:09.821122Z,no_rows
https://www.da.gov.ph/wp-content/uploads/2023/12/Price-Monitoring-December-18-2023.pdf,price_monitoring,0,2023-12-18,parsed,market+summary,29,3a1a6df5b89c0ea2519adb4d47ed147978e4261b037f28d3135dc204e0fb56cf,2026-10-01T11:08:13.160706Z,
https://www.da.gov.ph/wp-content/uploads/2023/12/Price-Monitoring-December-19-2023.pdf,price_monitoring,0,2023-12-19,parsed,market+summary,30,ab26e0b87b4b223ea751833987150340e8bced14cf48ebd7fb323c1db902a930,2026-10-01T11:08:17.560909Z,
https://www.da.gov.ph/wp-content/uploads/2023/12/Price-Monitoring-December-20-2023.pdf,price_monitoring,0,2023-12-20,parsed,market+summary,30,599cc40dce6ecd89f48c32b3b0426e45ba8a53cd1b26b671646816fd9c5732e3,2026-10-01T11:08:21.957068Z,
https://www.da.gov.ph/wp-content/uploads/2023/12/Revised-Price-Monitoring-December-21-2023.pdf,price_monitoring,1,2023-12-21,parsed,market+summary,30,cf86408adc96180ddec8ae1f00b1812e4aa1ae3454f30239115f9a4066d09058,2026-10-01T11:08:26.324107Z,
https://www.da.gov.ph/wp-content/uploads/2023/12/Price-Monitoring-December-22-2023.pdf,price_monitoring,0,2023-12-22,parsed,market+summary,30,f7699063438d0ea241f569249fedce6f6f37005ec83d206a7f23dfd8570ce5c0,2026-10-01T11:08:30.770147Z,
https://www.da.gov.ph/wp-content/uploads/2023/12/Price-Monitoring-December-26-2023.pdf,price_monitoring,0,2023-12-26,parsed,market+summary,30,efac3a62adec5ad732ad0371d85e1582e07f868ba57327022b76ccb74b192f1f,2026-10-01T11:08:35.180352Z,
https://www.da.gov.ph/wp-content/uploads/2023/12/Price-Monitoring-December-27-2023.pdf,price_monitoring,0,2023-12-27,parsed,market+summary,30,35e0b44fbd7b32ed4f16da583bc5056e998ed6d04a880900f7a15e7b7de621f5,2026-10-01T11:08:39.631961Z,
https://www.da.gov.ph/wp-content/uploads/2023/12/Price-Monitoring-December-28-2023.pdf,price_monitoring,0,2023-12-28,parsed,market+summary,30,04dfe8032b0fa0309a0b0fe142097dafa5134600ff00cd62c79e9706b2da45a5,2026-10-01T11:08:44.144564Z,
https://www.da.gov.ph/wp-content/uploads/2023/12/Price-Monitoring-December-29-2023.pdf,price_monitoring,0,2023-12-29,parsed,market+summary,30,f099f43a8c4b46700432daf621744fc5ed480dc19cdd2e963523211213673987,2026-10-01T11:08:48.660348Z,
https://www.da.gov.ph/wp-content/uploads/2024/01/Price-Monitoring-January-2-2024.pdf,price_monitoring,0,2024-01-02,parsed,market+summary,29,693251f068f2b0233cdfeb38cbab84d5e770df0eac36b52b61d96ed99934a61d,2026-10-01T11:08:53.098495Z,
https://www.da.gov.ph/wp-content/uploads/2024/01/Price-Monitoring-January-3-2024.pdf,price_monitoring,0,2024-01-03,parsed,market+summary,30,a1391508a345ac330d4c08c6594050e54c8ac5e0ddf77ad884022f0320f3c12c,2026-10-01T11:08:57.498471Z,
https://www.da.gov.ph/wp-content/uploads/2024/01/Price-Monitoring-January-4-2024.pdf,price_monitoring,0,2024-01-04,parsed,market+summary,30,216deec7ef369690dbf4bd8432ade7a94371893aa4e6cdf1371b434b57e80caf,2026-10-01T11:09:01.913228Z,
https://www.da.gov.ph/wp-content/uploads/2024/01/Revised-Price-Monitoring-January-5-2024.pdf,price_monitoring,1,2024-01-05,parsed,market+summary,30,7d9f02b327e17e3a4562c21dbf171deb82da490343fe78207e246a2e2ac7b60d,2026-10-01T11:09:06.446693Z,
https://www.da.gov.ph/wp-content/uploads/2024/01/Revised-Price-Monitoring-January-8-2024.pdf,price_monitoring,1,2024-01-08,parsed,summary,30,1cbe0e0fa4f96f57a635cce204035480b3027c41409ef0db4e46b9eeb36839f0,2026-10-01T11:09:10.977431Z,
https://www.da.gov.ph/wp-content/uploads/2024/01/Price-Monitoring-January-9-2024.pdf,price_monitoring,0,2024-01-09,parsed,market+summary,30,3554a377039e8841a5f839c2c20703b0cb6faeb773e107263455e698333bb9db,2026-10-01T11:09:15.255294Z,
https://www.da.gov.ph/wp-content/uploads/2024/01/Price-Monitoring-January-10-2024.pdf,price_monitoring,0,2024-01-10,parsed,market+summary,31,15fd70596aa568259b4ebc85aaea5b83afe2c264bc22b235f3c9bf4fb27673b1,2026-10-01T11:09:19.779237Z,
https://www.da.gov.ph/wp-content/uploads/2024/01/Price-Monitoring-January-11-2024.pdf,price_monitoring,0,2024-01-11,parsed,market+summary,32,b7f2dd55c7d52f8400c08a5c4c3e5a55ca982173f754e42ae8be7d419486fc86,2026-10-01T11:09:25.703407Z,
https://www.da.gov.ph/wp-content/uploads/2024/01/Price-Monitoring-January-12-2024.pdf,price_monitoring,0,2024-01-12,parsed,market+summary,32,3c1f0f87debacf72aae0ba7e18258038af91b1473d2deabf90ed10e4deaa04cc,2026-10-01T11:09:30.278560Z,
https://www.da.gov.ph/wp-content/uploads/2024/01/Revised-Price-Monitoring-January-15-2024.pdf,price_monitoring,1,2024-01-15,parsed,market+summary,32,87abf14ea764743a485652955e8ca00183822685087a6fff71b87169c9378f5d,2026-10-01T11:09:34.774936Z,
https://www.da.gov.ph/wp-content/uploads/2024/01/Price-Monitoring-January-16-2024.pdf,price_monitoring,0,2024-01-16,parsed,market+summary,32,9d75af4dab26ffde2d98210105a1db82613d19b2d6ea6c3668bd25951505c201,2026-10-01T11:09:39.282304Z,
https://www.da.gov.ph/wp-content/uploads/2024/01/Price-Monitoring-January-17-2024.pdf,price_monitoring,0,2024-01-17,parsed,market+summary,32,895412b3484540bdf4a92fafc8526ed162c23a2a3f3df9e116e21f056b16e413,2026-10-01T11:09:43.860853Z,
https://www.da.gov.ph/wp-content/uploads/2024/01/Price-Monitoring-January-18-2024.pdf,price_monitoring,0,2024-01-18,parsed,market+summary,32,639efd4bf4c915d75aa3e1b7d1c671da76935572bd03182083db50f6004960be,2026-10-01T11:09:48.317466Z,
https://www.da.gov.ph/wp-content/uploads/2024/01/Price-Monitoring-January-19-2024.pdf,price_monitoring,0,2024-01-19,parsed,market+summary,32,99e32fa690235fa5dfa7920485cb4d7a99d4c235dd250fc91975f8a2e2e41488,2026-10-01T11:09:52.761307Z,
https://www.da.gov.ph/wp-content/uploads/2024/01/Price-Monitoring-January-22-2024.pdf,price_monitoring,0,2024-01-22,parsed,market+summary,32,2fbe93e5ab610867cad055dce6cc0a131dd65e3c3974278aef0d68b1f3c9c9d8,2026-10-01T11:09:57.155143Z,
https://www.da.gov.ph/wp-content/uploads/2024/01/Price-Monitoring-January-23-2024.pdf,price_monitoring,0,2024-01-23,parsed,market+summary,32,ee929be40d841187de7f618ced3cbaf466c92a5aa4d34fb10f48a9cbf2b4f3c9,2026-10-01T11:10:01.658376Z,
https://www.da.gov.ph/wp-content/uploads/2024/01/Price-Monitoring-January-24-2024.pdf,price_monitoring,0,2024-01-24,parsed,market+summary,32,9bac92b2ca8b0c91d5865feb88c53bcd8a203031647b35cef85223bc296ce903,2026-10-01T11:10:06.098599Z,
https://www.da.gov.ph/wp-content/uploads/2024/01/Price-Monitoring-January-25-2024.pdf,price_monitoring,0,2024-01-25,parsed,market+summary,32,c9b56238cb635adb57b640b55d5cb33a5f8f03531787a40dbf4cbb51016f0e5d,2026-10-01T11:10:10.599459Z,
https://www.da.gov.ph/wp-content/uploads/2024/01/Price-Monitoring-January-26-2024.pdf,price_monitoring,0,2024-01-26,parsed,market+summary,32,858ed77b4aabaf53cd40a434a852598251f7503abf4c0d9aaa70a0bb7fac0f09,2026-10-01T11:10:15.140631Z,
https://www.da.gov.ph/wp-content/uploads/2024/01/Price-Monitoring-January-29-2024.pdf,price_monitoring,0,2024-01-29,parsed,market+summary,32,b9eb0e43b967299f0ef7084e2e071ff736e8ec78fd41114e404da684e3f088ec,2026-10-01T11:10:19.627463Z,
https://www.da.gov.ph/wp-content/uploads/2024/01/Price-Monitoring-January-30-2024.pdf,price_monitoring,0,2024-01-30,parsed,market+summary,32,2862fe55732d4960172cbe95c028d7b1e36282deb6c3562fb6732f1d71127c6e,2026-10-01T11:10:24.196585Z,
https://www.da.gov.ph/wp-content/uploads/2024/01/Price-Monitoring-January-31-2024.pdf,price_monitoring,0,2024-01-31,parsed,market+summary,32,a3ca7b73fef6fb02640ea742d2537557b6730e7dedc44f4e3900c397b38f4688,2026-10-01T11:10:28.820762Z,
https://www.da.gov.ph/wp-content/uploads/2024/02/Price-Monitoring-February-1-2024.pdf,price_monitoring,0,2024-02-01,parsed,market+summary,32,3c479f41ad7a72920c0912d960cca8d2e6a41d60ebb470a68dfc027deb623a18,2026-10-01T11:10:33.426491Z,
https://www.da.gov.ph/wp-content/uploads/2024/02/Price-Monitoring-February-2-2024.pdf,price_monitoring,0,2024-02-02,parsed,market+summary,32,dd4123fa20f103106a1adeb613185f831224d2c83167609bb8e8e9eb1fd366f7,2026-10-01T11:10:38.074617Z,
https://www.da.gov.ph/wp-content/uploads/2024/02/Weekly-Average-Prices-January-29-February-2-2024.pdf,skip,0,2024-02-02,skipped,,,,,not_a_price_report
https://www.da.gov.ph/wp-content/uploads/2024/02/Price-Monitoring-February-5-2024.pdf,price_monitoring,0,2024-02-05,parsed,market+summary,32,a7a530e1b8682f971278a7e7459277fd226a604c04215caa504667cccf891e35,2026-10-01T11:10:43.921575Z,
https://www.da.gov.ph/wp-content/uploads/2024/02/Price-Monitoring-February-6-2024.pdf,price_monitoring,0,2024-02-06,parsed,market+summary,32,b141525d569483cb7cbca1b4125278ecf6435d3cd5342ab468f07386c8e544ee,2026-10-01T11:10:48.519848Z,
https://www.da.gov.ph/wp-content/uploads/2024/02/Price-Monitoring-February-7-2024.pdf,price_monitoring,0,2024-02-07,parsed,market+summary,32,7376ee761b246ab6ee5590d1d4e0499d6eaa1c587cd190502de4f5a47d6a7234,2026-10-01T11:10:53.032294Z,
https://www.da.gov.ph/wp-content/uploads/2024/02/Price-Monitoring-February-8-2024.pdf,price_monitoring,0,2024-02-08,parsed,market+summary,32,7692e44841a0e09ed2751ab5dde174e60b12525eea92e6dc64b7f3cbe3b7d12b,2026-10-01T11:10:57.488531Z,
https://www.da.gov.ph/wp-content/uploads/2024/02/Price-Monitoring-February-9-2024.pdf,price_monitoring,0,2024-02-09,parsed,market+summary,32,9d01f8d5221652c1decdb036054792d5089584abb9c22d4ec2c369554f7595f6,2026-10-01T11:11:02.022391Z,
https://www.da.gov.ph/wp-content/uploads/2024/02/Price-Monitoring-February-12-2024.pdf,price_monitoring,0,2024-02-12,parsed,market+summary,32,317e7808a9b780c96116497ca68eeb7e8c54edc5ac30093525920d933ca98b50,2026-10-01T11:11:06.473090Z,
https://www.da.gov.ph/wp-content/uploads/2024/02/Price-Monitoring-February-13-2024.pdf,price_monitoring,0,2024-02-13,parsed,market+summary,32,d92c018d87f7846311bb77712432f5ec3930ab65b2afdc2849e06ab02dd14416,2026-10-01T11:11:10.929325Z,
https://www.da.gov.ph/wp-content/uploads/2024/02/Price-Monitoring-February-14-2024.pdf,price_monitoring,0,2024-02-14,parsed,market+summary,32,04c49fc61684e53bab0751a21032514581dcda86a6a9e3c09d5fd593d3303a03,2026-10-01T11:11:15.948363Z,
https://www.da.gov.ph/wp-content/uploads/2024/02/Price-Monitoring-February-15-2024.pdf,price_monitoring,0,2024-02-15,parsed,market+summary,32,54fda4e1eaa27a8bc87f7f1fe676c2d7514545439939c5b61b906b2eb6b3415c,2026-10-01T11:11:20.475818Z,
https://www.da.gov.ph/wp-content/uploads/2024/02/Price-Monitoring-February-16-2024.pdf,price_monitoring,0,2024-02-16,parsed,market+summary,34,c4256ef0317ceeba0d226dd58a6d211339f52a3d8d070e3cbbd461712c9986f7,2026-10-01T11:11:24.982030Z,
https://www.da.gov.ph/wp-content/uploads/2024/02/Price-Monitoring-February-19-2024.pdf,price_monitoring,0,2024-02-19,parsed,market+summary,34,58a38f8f5e5f95b13ed612cdb42291f7450c3267079a67d4069a202fbf5e014f,2026-10-01T11:11:29.716063Z,
https://www.da.gov.ph/wp-content/uploads/2024/02/Price-Monitoring-February-20-2024.pdf,price_monitoring,0,2024-02-20,parsed,market+summary,34,b1c30dc6c51c158cfcf8a18a3e9f568f13c9dad66acdaf19335f6d0b42f822e5,2026-10-01T11:11:34.414284Z,
https://www.da.gov.ph/wp-content/uploads/2024/02/Revised-Price-Monitoring-February-21-2024.pdf,price_monitoring,1,2024-02-21,parsed,market+summary,34,6b8d01645c7ec1432d320647c6e8f210efeecbb9feb9e225e7a4a81ba028cf38,2026-10-01T11:11:39.093054Z,
https://www.da.gov.ph/wp-content/uploads/2024/02/Price-Monitoring-February-22-2024.pdf,price_monitoring,0,2024-02-22,parsed,market+summary,34,58d919171c8e58952aaa2d8b057385263d2a9487c9aa52f05476f20a4e69cafe,2026-10-01T11:11:43.749679Z,
https://da.gov.ph/wp-content/uploads/2024/02/Price-Monitoring-February-23-2024.pdf,price_monitoring,0,2024-02-23,parsed,market+summary,34,f8dc7c4659009d7f1a91fc71652ca117ee0b2d9e9ef92376a73714bd1e44c9c3,2026-10-01T11:11:48.274083Z,
https://www.da.gov.ph/wp-content/uploads/2024/02/Price-Monitoring-February-26-2024.pdf,price_monitoring,0,2024-02-26,parsed,market+summary,34,fec4d1b0e40ef522e664c93fac220d7e8ffb8425989ba6c97451356bbb550957,2026-10-01T11:11:52.829445Z,
https://www.da.gov.ph/wp-content/uploads/2024/02/Price-Monitoring-February-27-2024.pdf,price_monitoring,0,2024-02-27,parsed,market+summary,34,b3cb73dcccdac4a7cfd0c26640e31f6e5ff355020ba4fc9b7248057274c86011,2026-10-01T11:11:57.353420Z,
https://www.da.gov.ph/wp-content/uploads/2024/02/Price-Monitoring-February-28-2024.pdf,price_monitoring,0,2024-02-28,parsed,market+summary,33,d14d762616b3ce76437776df11d56d832a1c258c26cbb107f94b24338645beae,2026-10-01T11:12:01.835029Z,
https://www.da.gov.ph/wp-content/uploads/2024/03/Price-Monitoring-February-29-2024.pdf,price_monitoring,0,2024-02-29,parsed,market+summary,33,b4bde2f6abc59d276e22cab8389d27a56040ceeb556805c132bd08e2987dfdb5,2026-10-01T11:12:06.288561Z,
https://www.da.gov.ph/wp-content/uploads/2024/03/Price-Monitoring-March-1-2024.pdf,price_monitoring,0,2024-03-01,parsed,market+summary,33,86bf26a7092f8d42ba26915a2a3e6ff6dfa9df4f9d9744736d424123e240a825,2026-10-01T11:12:10.754044Z,
https://www.da.gov.ph/wp-content/uploads/2024/03/Weekly-Average-Prices-February-26-March-1-2024.pdf,skip,0,2024-03-01,skipped,,,,,not_a_price_report
https://www.da.gov.ph/wp-content/uploads/2024/03/Price-Monitoring-March-4-2024.pdf,price_monitoring,0,2024-03-04,parsed,market+market_only,9,a5582a92d16451952f2b5e40be0807df2f85c530a72efa7ec0c12077c0d9dc89,2026-10-01T11:12:15.669857Z,
https://www.da.gov.ph/wp-content/uploads/2024/03/Price-Monitoring-March-5-2024.pdf,price_monitoring,0,2024-03-05,parsed,market+summary,34,55d4cc523d3d195db539e4dc66b621a7bef939b6c7cd4b7e5a224554b998d74f,2026-10-01T11:12:19.518673Z,
https://www.da.gov.ph/wp-content/uploads/2024/03/Price-Monitoring-March-6-2024.pdf,price_monitoring,0,2024-03-06,parsed,market+summary,34,9f3bedb476e176d972babf3dcc651744a82c00495fa0d8cb225754a46494bca6,2026-10-01T11:12:25.104308Z,
https://www.da.gov.ph/wp-content/uploads/2024/03/Price-Monitoring-March-7-2024.pdf,price_monitoring,0,2024-03-07,parsed,market+summary,33,638d44d8a936be4241c333e62c1416c841b3f62705d94c4445bfaf7bfc846259,2026-10-01T11:12:29.562288Z,
https://www.da.gov.ph/wp-content/uploads/2024/03/Price-Monitoring-March-8-2024.pdf,price_monitoring,0,2024-03-08,parsed,market+summary,32,5a2a9963f794e9104eb2fa852877b50bb6fa331cbfdc8105d8cfdd5d3f28ad8b,2026-10-01T11:12:34.118039Z,
https://www.da.gov.ph/wp-content/uploads/2024/03/Price-Monitoring-March-11-2024.pdf,price_monitoring,0,2024-03-11,parsed,market+summary,33,df42f5c5189df3f1ca52ef75453a25d1dac8e11d9c9d0e81bad13a4a373bb29d,2026-10-01T11:12:38.575605Z,
https://www.da.gov.ph/wp-content/uploads/2024/03/Price-Monitoring-March-12-2024.pdf,price_monitoring,0,2024-03-12,parsed,summary,33,c95f941ec5f212591b0bdef0afc2517ab31fb0c85d91d9e1f1617e54c52ccecf,2026-10-01T11:12:43.203988Z,
https://www.da.gov.ph/wp-content/uploads/2024/03/Price-Monitoring-March-13-2024.pdf,price_monitoring,0,2024-03-13,parsed,market+summary,34,c1a9e55f3d23527b08b6e3949c1ad7f80e83273be45c7693de16db4b6e27ed02,2026-10-01T11:12:47.564332Z,
https://www.da.gov.ph/wp-content/uploads/2024/03/Price-Monitoring-March-14-2024.pdf,price_monitoring,0,2024-03-14,parsed,market+summary,33,b86b45a087b576c3a8509e0bc623521f855c55097749d7f4cce16eded49787a9,2026-10-01T11:12:52.134526Z,
https://www.da.gov.ph/wp-content/uploads/2024/03/Price-Monitoring-March-15-2024.pdf,price_monitoring,0,2024-03-15,parsed,market+summary,33,db78b18efb899c7fb6b9372d9ef71a827d114cf1d5f40c7f029f671d9a93086e,2026-10-01T11:12:57.036379Z,
https://www.da.gov.ph/wp-content/uploads/2024/03/Revised-Price-Monitoring-March-18-2024.pdf,price_monitoring,1,2024-03-18,parsed,market+summary,34,796d957aaaf49298cfaa589a4b2b1eee8c71ef05969606202de620b91dc51854,2026-10-01T11:13:01.553656Z,
https://www.da.gov.ph/wp-content/uploads/2024/03/Price-Monitoring-March-19-2024.pdf,price_monitoring,0,2024-03-19,parsed,market+summary,34,ebc0f0e30f3663b3b3176974d032ae4dec78befde43237e0b71dc231e98a5984,2026-10-01T11:13:06.214941Z,
https://www.da.gov.ph/wp-content/uploads/2024/03/Price-Monitoring-March-20-2024.pdf,price_monitoring,0,2024-03-20,parsed,market+summary,33,98eed3c826d12c7d49cb785e1c31ceea530c5bd2468ad718654d99c3b75f14e4,2026-10-01T11:13:10.793557Z,
https://www.da.gov.ph/wp-content/uploads/2024/03/Price-Monitoring-March-21-2024.pdf,price_monitoring,0,2024-03-21,parsed,market+summary,34,5c4d7e2083f5ff7a4f270119181bf30a14c82a1977489e6465a1206ff68d2594,2026-10-01T20:50:46.958206Z,
https://www.da.gov.ph/wp-content/uploads/2024/03/Price-Monitoring-March-22-2024.pdf,price_monitoring,0,2024-03-22,parsed,market+summary,34,f522f369f4ca8eb83875c8ded90ec3a524739dfeef58a33c655890a5a93658bb,2026-10-01T20:50:48.407205Z,
https://www.da.gov.ph/wp-content/uploads/2024/03/Price-Monitoring-March-25-2024.pdf,price_monitoring,0,2024-03-25,parsed,market+summary,33,5aa8c99f90a20f9019f1bbfcfa12516ed8383ea29e17326073bf6e5b1d2f50dd,2026-10-01T20:51:13.381969Z,
https://www.da.gov.ph/wp-content/uploads/2024/03/Price-Monitoring-March-26-2024.pdf,price_monitoring,0,2024-03-26,parsed,market+summary,32,07715024fcf03af3bdb686d0d6388998407b1fa6f3b9078b38c8cc1eb78fa850,2026-10-01T20:51:17.927774Z,
https://www.da.gov.ph/wp-content/uploads/2024/03/Price-Monitoring-March-27-2024.pdf,price_monitoring,0,2024-03-27,parsed,market+summary,30,ccd764bc445f802c88496d8b84031ca5e1e07026acf10b2260448252b38eeb10,2026-10-01T20:51:22.364057Z,
https://www.da.gov.ph/wp-content/uploads/2024/04/Price-Monitoring-April-1-2024.pdf,price_monitoring,0,2024-04-01,parsed,market+summary,33,bf82178bd19584fae91d8a6d7e4aadbbf781c163c5a23f299ed99a3fb08b853d,2026-10-01T20:51:27.032605Z,
https://www.da.gov.ph/wp-content/uploads/2024/04/Price-Monitoring-April-2-2024.pdf,price_monitoring,0,2024-04-02,parsed,market+summary,32,9ae4d0ff694a3e4a8414ab420e08246786614a950357a55e330a61be324b0569,2026-10-01T20:51:31.590942Z,
https://www.da.gov.ph/wp-content/uploads/2024/04/Price-Monitoring-April-3-2024.pdf,price_monitoring,0,2024-04-03,parsed,market+summary,32,fe46d105366f623656be2ee038899500d862032e8aa1f9942d2a72d1f3fc811a,2026-10-01T20:51:36.251203Z,
https://www.da.gov.ph/wp-content/uploads/2024/04/Price-Monitoring-April-4-2024.pdf,price_monitoring,0,2024-04-04,parsed,market+summary,32,979d40554c3a812e82163897086b6cf2ca1f76b0bbba2dbf2d74056cb9bab2cd,2026-10-01T20:51:40.840673Z,
https://www.da.gov.ph/wp-content/uploads/2024/04/Price-Monitoring-April-5-2024.pdf,price_monitoring,0,2024-04-05,parsed,market+summary,32,e914638e8fb9c6a642388fdad5f681ba93330c54c5879afd0fecf4fe59b109c1,2026-10-01T20:51:45.307459Z,
https://www.da.gov.ph/wp-content/uploads/2024/04/Price-Monitoring-April-8-2024.pdf,price_monitoring,0,2024-04-08,parsed,market+summary,32,ca25d2007433641f9288eda0e6268a1c17c5a0129583cbb6911dce37c0e80d55,2026-10-01T20:51:49.762336Z,
https://www.da.gov.ph/wp-content/uploads/2024/04/Price-Monitoring-April-11-2024.pdf,price_monitoring,0,2024-04-11,parsed,market+summary,32,27a4921a218b5ade535ba56b5967b261baa71bfbfeff37658a794d1f6d026e32,2026-10-01T20:51:54.366694Z,
https://www.da.gov.ph/wp-content/uploads/2024/04/Revised-Price-Monitoring-April-12-2024.pdf,price_monitoring,1,2024-04-12,parsed,market+summary,32,c74fe191805e61f5503b5c30f68ca890daaa5b4b51ed930fae31fc96f1d75e09,2026-10-01T20:51:58.827317Z,
https://www.da.gov.ph/wp-content/uploads/2024/04/Price-Monitoring-April-15-2024.pdf,price_monitoring,0,2024-04-15,parsed,market+summary,32,73c61283d5bc502c6393ab83cb92e3aa2be63e81a2baddf9fb58ceb0ecf2629d,2026-10-01T20:52:03.269782Z,
https://www.da.gov.ph/wp-content/uploads/2024/04/Price-Monitoring-April-16-2024.pdf,price_monitoring,0,2024-04-16,parsed,market+summary,37,7aed6e6a5b4841218dba08236354760efa621c64003fc4d4fe7c000ae5730374,2026-10-01T20:52:07.818277Z,
https://www.da.gov.ph/wp-content/uploads/2024/04/Price-Monitoring-April-17-2024.pdf,price_monitoring,0,2024-04-17,parsed,market+summary,35,013d1637714d9ceb0311ead3feb5917ff59da3c1d362be72ea9ea67236849fcc,2026-10-01T20:52:12.630094Z,
https://www.da.gov.ph/wp-content/uploads/2024/04/Price-Monitoring-April-18-2024.pdf,price_monitoring,0,2024-04-18,parsed,market+summary,37,b4228579f115837bce42ccd1d1dcd766cf361d1baeb679998169060921c231a7,2026-10-01T20:52:17.431697Z,
https://www.da.gov.ph/wp-content/uploads/2024/04/Price-Monitoring-April-19-2024.pdf,price_monitoring,0,2024-04-19,parsed,market+summary,38,c73b8bbb5febe93bb9589e6640b12b0367d61db587beafaa203e523e551d7317,2026-10-01T20:52:22.064338Z,
https://www.da.gov.ph/wp-content/uploads/2024/04/Price-Monitoring-April-20-2024.pdf,price_monitoring,0,2024-04-20,parsed,market+summary,38,64db8f97c2c50c1f85afd6bc23b8fbaa32bbaa15455e4d113956a11183ed74f4,2026-10-01T20:52:26.601532Z,
https://www.da.gov.ph/wp-content/uploads/2024/04/Price-Monitoring-April-22-2024.pdf,price_monitoring,0,2024-04-22,parsed,market+summary,38,60369b661f4f90878382611e68ea4e63c794c8f57ac5688fe484bf397f77e718,2026-10-01T20:52:31.307071Z,
https://www.da.gov.ph/wp-content/uploads/2024/04/Price-Monitoring-April-23-2024.pdf,price_monitoring,0,2024-04-23,parsed,market+summary,37,8b79990fbcc28c34ca9c2a4113d99e1268818a316278ed9d3ca86bf1bb23c939,2026-10-01T20:52:35.784851Z,
https://www.da.gov.ph/wp-content/uploads/2024/04/Price-Monitoring-April-24-2024.pdf,price_monitoring,0,2024-04-24,parsed,market+summary,37,56e4e3793e0f4114f6afd0f48ed86e06af40756cf3c02859a4c24499428d0fa3,2026-10-01T20:52:40.475678Z,
https://www.da.gov.ph/wp-content/uploads/2024/04/Price-Monitoring-April-25-2024.pdf,price_monitoring,0,2024-04-25,parsed,market+summary,36,8fa35fd2354d4cf8abe1adffcab60d12709fd8b01b7f7712880a7fcbe7c1b204,2026-10-01T20:52:45.075395Z,
https://www.da.gov.ph/wp-content/uploads/2024/04/Price-Monitoring-April-26-2024.pdf,price_monitoring,0,2024-04-26,parsed,market+summary,36,26f7509a3a99638f12a3df72c3b100df5b49d4eaf8c16259aed34d2f2c020527,2026-10-01T20:52:49.708904Z,
https://www.da.gov.ph/wp-content/uploads/2024/04/Price-Monitoring-April-27-2024.pdf,price_monitoring,0,2024-04-27,parsed,market+summary,36,13b2887a0a93557eecbe6e9d646f50a05a81bd99a1d908001262aae5fba47f22,2026-10-01T20:52:54.312019Z,
https://www.da.gov.ph/wp-content/uploads/2024/04/Price-Monitoring-April-29-2024.pdf,price_monitoring,0,2024-04-29,parsed,market+summary,37,3b1b2df45e11406fd7cb6e8fb40eb3a905bbb4e356feeab89cacdd648d8e945e,2026-10-01T20:52:58.782058Z,
https://www.da.gov.ph/wp-content/uploads/2024/05/Price-Monitoring-April-30-2024.pdf,price_monitoring,0,2024-04-30,parsed,market+summary,37,163bc4f859e267fa6a0f26202feb5ec3ad5dd161454355433b55d9c5ba290cc5,2026-10-01T20:53:03.195828Z,
https://www.da.gov.ph/wp-content/uploads/2024/05/Price-Monitoring-May-1-2024.pdf,price_monitoring,0,2024-05-01,parsed,market+summary,39,084600867af14ba8a4ac9349b243edb533e2966fac909b29fb1edb2b0d4db0cd,2026-10-01T20:58:15.705590Z,
https://www.da.gov.ph/wp-content/uploads/2024/05/Price-Monitoring-May-2-2024.pdf,price_monitoring,0,2024-05-02,parsed,market+summary,37,98ce0dd407bdbb6c219c24d5e40edae8769806d05705d09f93aa670dd1f1723f,2026-10-01T20:58:16.957787Z,
https://www.da.gov.ph/wp-content/uploads/2024/05/Price-Monitoring-May-3-2024.pdf,price_monitoring,0,2024-05-03,parsed,market+summary,37,b5e3f9ce44a4953bc5ad417acd05f359036bc51b4c093d677ced0ce1c63f3f07,2026-10-01T20:58:18.262070Z,
https://www.da.gov.ph/wp-content/uploads/2024/05/Price-Monitoring-May-4-2024.pdf,price_monitoring,0,2024-05-04,parsed,market+summary,37,a3dc9082181a92cbc6fd735a2a22abde3504f9a4fa2a317a8b08f2b2b38677f9,2026-10-01T20:58:19.555288Z,
https://www.da.gov.ph/wp-content/uploads/2024/05/Weekly-Average-Prices-April-29-May-4-2024.pdf,skip,0,2024-05-04,skipped,,,,,not_a_price_report
https://www.da.gov.ph/wp-content/uploads/2024/05/Price-Monitoring-May-6-2024.pdf,price_monitoring,0,2024-05-06,parsed,market+summary,36,4c6e7ae39c6930429ad160a4be30aefe12e023588a65dfaa22bea8de862a5b27,2026-10-01T20:58:20.819130Z,
https://www.da.gov.ph/wp-content/uploads/2024/05/Price-Monitoring-May-7-2024.pdf,price_monitoring,0,2024-05-07,parsed,market+summary,36,9d3a1a991e21ccf2d870466751ba330b6f1cb3d11c585171995522964d3e9298,2026-10-01T20:58:22.141625Z,
https://www.da.gov.ph/wp-content/uploads/2024/05/Price-Monitoring-May-8-2024.pdf,price_monitoring,0,2024-05-08,parsed,market+summary,36,63f6af3aad1d8eb69342052f6b58b8a5de43c6b71cf5d0eacc3ff6b9f3e7abc9,2026-10-01T20:58:23.509675Z,
https://www.da.gov.ph/wp-content/uploads/2024/05/Price-Monitoring-May-9-2024.pdf,price_monitoring,0,2024-05-09,parsed,market+summary,36,ba1b32309b9b39cb07b44b938a603c1ec45c44fec8be972ae7d53d8bfa2d9dd3,2026-10-01T20:58:24.791050Z,
https://www.da.gov.ph/wp-content/uploads/2024/05/Price-Monitoring-May-10-2024.pdf,price_monitoring,0,2024-05-10,parsed,market+summary,34,0fef6ef99d5c62883bbde70204bee2a5cc1ca9dbfd36141abedcda619c23d961,2026-10-01T20:58:26.082994Z,
https://www.da.gov.ph/wp-content/uploads/2024/05/Price-Monitoring-May-11-2024.pdf,price_monitoring,0,2024-05-11,parsed,summary,36,77a50b6689f0b8af301d62558edcf05fca0932deb71046eea13df8b077966ebe,2026-10-01T20:58:27.413343Z,
https://www.da.gov.ph/wp-content/uploads/2024/05/Price-Monitoring-May-13-2024.pdf,price_monitoring,0,2024-05-13,parsed,market+summary,35,3c3604cc520e04d8ab814ba24983c32e4871f22de950b1baa0af42e1590d3378,2026-10-01T20:58:28.336553Z,
https://www.da.gov.ph/wp-content/uploads/2024/05/Price-Monitoring-May-14-2024.pdf,price_monitoring,0,2024-05-14,parsed,market+summary,35,30af4a5017154268d0108447b4bafc04d7049fdcb51b16ed36790e0f0c26dac1,2026-10-01T20:58:29.583796Z,
https://www.da.gov.ph/wp-content/uploads/2024/05/Price-Monitoring-May-15-2024.pdf,price_monitoring,0,2024-05-15,parsed,market+summary,35,28c096755463136420412bc8f26d7fe9c0241b138284fd56670f6120031025c3,2026-10-01T20:58:30.865567Z,
https://www.da.gov.ph/wp-content/uploads/2024/05/Price-Monitoring-May-16-2024.pdf,price_monitoring,0,2024-05-16,parsed,market+summary,35,a8f03d8836322b1d46220187204f95bf4d04fa4258996b26fa7eb1e07c64d80a,2026-10-01T20:58:32.456801Z,
https://www.da.gov.ph/wp-content/uploads/2024/05/Price-Monitoring-May-17-2024.pdf,price_monitoring,0,2024-05-17,parsed,market+summary,35,73cf4ffcd838d0b0d1fce51d56385715a06009f1d51b7d7d2e0d52cce842e16a,2026-10-01T20:58:37.046507Z,
https://www.da.gov.ph/wp-content/uploads/2024/05/Price-Monitoring-May-18-2024.pdf,price_monitoring,0,2024-05-18,parsed,market+summary,35,7ec06dffe94f477b39f7653fdcd6dde5c0d9ede07f9ccf10d8b5dd360e812798,2026-10-01T20:58:42.334818Z,
https://www.da.gov.ph/wp-content/uploads/2024/05/Price-Monitoring-May-20-2024.pdf,price_monitoring,0,2024-05-20,parsed,market+summary,34,fdb05f845f090ad295a47001be29f7da28677519ad3cf0a933484ad387d00071,2026-10-01T20:58:47.022326Z,
https://www.da.gov.ph/wp-content/uploads/2024/05/Price-Monitoring-May-21-2024.pdf,price_monitoring,0,2024-05-21,parsed,market+summary,34,155e8b1d80694fe32d11641e3eb84a3a1ae788e1f4579d3705dda561076fa394,2026-10-01T20:58:51.776911Z,
https://www.da.gov.ph/wp-content/uploads/2024/05/Price-Monitoring-May-22-2024.pdf,price_monitoring,0,2024-05-22,parsed,market+summary,35,09369cc85c53647990de9d68ed59610881e9d313839800ddccb262cfa567a9b4,2026-10-01T20:58:56.500764Z,
https://www.da.gov.ph/wp-content/uploads/2024/05/Price-Monitoring-May-23-2024.pdf,price_monitoring,0,2024-05-23,parsed,market+summary,35,93400dbbc2ac600ae3c57a85f4898ec1aa49473635393ca08c82503722d1201d,2026-10-01T20:59:01.099395Z,
https://www.da.gov.ph/wp-content/uploads/2024/05/Price-Monitoring-May-24-2024.pdf,price_monitoring,0,2024-05-24,parsed,market+summary,36,2d9e0f27ec17d4df8ae068de21d7680d451be9491014f53108ed3c9c34e9a9f4,2026-10-01T20:59:05.807241Z,
https://www.da.gov.ph/wp-content/uploads/2024/05/Price-Monitoring-May-25-2024.pdf,price_monitoring,0,2024-05-25,parsed,market+summary,36,0ad6e7748f2f2334d934bd4b6313c96a6410ef13a2f3e973eee39620768c5c61,2026-10-01T20:59:10.519381Z,
https://www.da.gov.ph/wp-content/uploads/2024/05/Price-Monitoring-May-27-2024.pdf,price_monitoring,0,2024-05-27,parsed,market+summary,37,e4e1123bbd881c42ea9f5be9ee025aed7f2b92277277a759378c4cb140ab446b,2026-10-01T20:59:15.249601Z,
https://www.da.gov.ph/wp-content/uploads/2024/05/Price-Monitoring-May-28-2024.pdf,price_monitoring,0,2024-05-28,parsed,market+summary,37,b8133904642b2cceb4b8e11b8f11965b8aa67343efc9863da2c36db28016d4ba,2026-10-01T20:59:19.933101Z,
https://www.da.gov.ph/wp-content/uploads/2024/05/Price-Monitoring-May-29-2024.pdf,price_monitoring,0,2024-05-29,parsed,market+summary,37,48046f700a27c8a2e0af982cad3bceda5fa65a16ace1e6653a9b0068607b5ab0,2026-10-01T20:59:24.646152Z,
https://www.da.gov.ph/wp-content/uploads/2024/05/Price-Monitoring-May-30-2024.pdf,price_monitoring,0,2024-05-30,parsed,market+summary,37,255a425d7a5780127794eb399aff189f9280608402fb50523dec2c229a67b905,2026-10-01T20:59:29.379135Z,
https://www.da.gov.ph/wp-content/uploads/2024/05/Price-Monitoring-May-31-2024.pdf,price_monitoring,0,2024-05-31,parsed,market+summary,38,99519b99cff154cf60bb81e262c8755b2284a7d0acdd13bf3fbc8dfcebc9652c,2026-10-01T20:59:34.009306Z,
https://www.da.gov.ph/wp-content/uploads/2024/06/Price-Monitoring-June-1-2024.pdf,price_monitoring,0,2024-06-01,parsed,market+summary,37,8478dff15cee847474c491a220f140c6ebae429a7098cf1b870e1abc444633ae,2026-10-01T20:59:38.697565Z,
https://www.da.gov.ph/wp-content/uploads/2024/06/Price-Monitoring-June-3-2024.pdf,price_monitoring,0,2024-06-03,parsed,market+summary,35,07185c2c4d76cfe648a37ffdca105a9e2f33e37da7c186c67001248645efe84f,2026-10-01T20:59:43.300466Z,
https://www.da.gov.ph/wp-content/uploads/2024/06/Price-Monitoring-June-4-2024.pdf,price_monitoring,0,2024-06-04,parsed,market+summary,36,1b07c82aeb283ced73503670bc5a4b1c691930ea97f0553782d528639139375f,2026-10-01T20:59:47.845488Z,
https://www.da.gov.ph/wp-content/uploads/2024/06/Price-Monitoring-June-5-2024.pdf,price_monitoring,0,2024-06-05,parsed,market+summary,36,58c25b0e8ac95d140024e0019b31b9ad4f0cddf1edd709f58fc37cda4882285d,2026-10-01T20:59:52.477163Z,
https://www.da.gov.ph/wp-content/uploads/2024/06/Price-Monitoring-June-6-2024.pdf,price_monitoring,0,2024-06-06,parsed,market+summary,36,850ce912182e063f779410fe02dfbb290741dd3d943e9d8e94fd1bbdd229a7c5,2026-10-01T20:59:57.204409Z,
https://www.da.gov.ph/wp-content/uploads/2024/06/Price-Monitoring-June-7-2024.pdf,price_monitoring,0,2024-06-07,parsed,market+summary,33,e862c2d2bc49a9f2386386fa06478c5151b9b7808937840a38632e0fd3ac957b,2026-10-01T21:00:01.802129Z,
https://www.da.gov.ph/wp-content/uploads/2024/06/Price-Monitoring-June-8-2024.pdf,price_monitoring,0,2024-06-08,parsed,market+summary,35,1f722e296c1c3af00b2cadf7f9eb353e84a094c84c771fb3225a4ea6e652a88a,2026-10-01T21:00:06.416858Z,
https://www.da.gov.ph/wp-content/uploads/2024/06/Price-Monitoring-June-10-2024.pdf,price_monitoring,0,2024-06-10,parsed,market+summary,35,569f2ce76b59f83ce5e2f5815e5a41311d3a4e78bcc8a971e8b0fe5d99a9f9de,2026-10-01T21:00:11.132469Z,
https://www.da.gov.ph/wp-content/uploads/2024/06/Price-Monitoring-June-11-2024.pdf,price_monitoring,0,2024-06-11,parsed,market+summary,36,7b0eda01abdf900ae1a5aa419fa1e90a90a01b89b7a28a13e500143d13643ba6,2026-10-01T21:00:15.904679Z,
https://www.da.gov.ph/wp-content/uploads/2024/06/Price-Monitoring-June-12-2024.pdf,price_monitoring,0,2024-06-12,parsed,market+summary,36,89c38e4f6d74b7c9cd2042a0befe7e676a4a70f5a788275a09a84b0046357b8a,2026-10-01T21:00:20.659786Z,
https://www.da.gov.ph/wp-content/uploads/2024/06/Price-Monitoring-June-13-2024.pdf,price_monitoring,0,2024-06-13,parsed,market+summary,36,58b78d49db402c4298abb7e4d3ac04d0c11b9ede8a6880a1e4982b473514c03d,2026-10-01T21:00:25.438638Z,
https://www.da.gov.ph/wp-content/uploads/2024/06/Price-Monitoring-June-14-2024.pdf,price_monitoring,0,2024-06-14,parsed,market+summary,35,d9257eb372bda5e17d4cfc757268838eb8507619b54316064fb2b32261cc2231,2026-10-01T21:00:30.264805Z,
https://www.da.gov.ph/wp-content/uploads/2024/06/Price-Monitoring-June-15-2024.pdf,price_monitoring,0,2024-06-15,parsed,market+summary,36,961675194be40357f525a5fda65078cd5399831ab06c7c6f725eebd8f7b799d0,2026-10-01T21:00:35.041957Z,
https://www.da.gov.ph/wp-content/uploads/2024/06/Price-Monitoring-June-17-2024.pdf,price_monitoring,0,2024-06-17,parsed,market+summary,36,59b3d5ff98483f56eca6cc910b6fe8eaafecad1afa5fd6475a77a1c97bacf937,2026-10-01T21:00:39.686548Z,
https://www.da.gov.ph/wp-content/uploads/2024/06/Price-Monitoring-June-18-2024.pdf,price_monitoring,0,2024-06-18,parsed,market+summary,36,5895b2abea6a0b11ed2050720ee9840fed351b89a93767173b8819048ebdf505,2026-10-01T21:00:44.352084Z,
https://www.da.gov.ph/wp-content/uploads/2024/06/Price-Monitoring-June-19-2024.pdf,price_monitoring,0,2024-06-19,parsed,market+summary,36,d77ae30cd7a1c7586d00b8505598e9acc64179698b735d482e41e87246886ddd,2026-10-01T21:00:49.051477Z,
https://www.da.gov.ph/wp-content/uploads/2024/06/Price-Monitoring-June-20-2024.pdf,price_monitoring,0,2024-06-20,parsed,market+summary,36,f5acae7f390e406ba94ecf8a52801af16ea78ad54cca42cb5cc5a15b387da3e6,2026-10-01T21:00:53.780115Z,
https://www.da.gov.ph/wp-content/uploads/2024/06/Price-Monitoring-June-21-2024.pdf,price_monitoring,0,2024-06-21,parsed,market+summary,36,a955bd84ff796fb03307c70cb7d6ba2267aa810d8af2f69974917a0917ea1038,2026-10-01T21:00:58.494393Z,
https://www.da.gov.ph/wp-content/uploads/2024/06/Price-Monitoring-June-22-2024.pdf,price_monitoring,0,2024-06-22,parsed,market+summary,35,4fdcfbeab60320003d2cf3f9c04db74d9f88e5ae3880a612350123a169c9daaa,2026-10-01T21:01:03.224136Z,
https://www.da.gov.ph/wp-content/uploads/2024/06/Price-Monitoring-June-24-2024.pdf,price_monitoring,0,2024-06-24,parsed,market+summary,35,acb0a0d6a0a6c15f0a07f67e42c7d50e20d0d6d45586a058504e2cf62ee1b01f,2026-10-01T21:01:08.173803Z,
https://www.da.gov.ph/wp-content/uploads/2024/06/Price-Monitoring-June-25-2024.pdf,price_monitoring,0,2024-06-25,parsed,market+summary,36,ec254bb139852cd3a5508bd24013e84767106b698d0dcf56422e86e3b64846a8,2026-10-01T21:01:12.996949Z,
https://www.da.gov.ph/wp-content/uploads/2024/06/Price-Monitoring-June-26-2024.pdf,price_monitoring,0,2024-06-26,parsed,market+summary,36,d32009b2b1f4621dfd80ae13e0eb2b5ffa896e0511e94dfea5d67d69bb89ddbd,2026-10-01T21:01:17.753379Z,
https://www.da.gov.ph/wp-content/uploads/2024/06/Price-Monitoring-June-27-2024.pdf,price_monitoring,0,2024-06-27,parsed,market+summary,35,d35ed5f697d9f470895e175f0ab802073eb9ea860fd1d209d4dff8119cad2714,2026-10-01T21:01:22.415875Z,
https://www.da.gov.ph/wp-content/uploads/2024/07/Price-Monitoring-June-28-2024.pdf,price_monitoring,0,2024-06-28,parsed,market+summary,36,82b3a7bb2d0db379171e2b51066e4ebab863877619c8d6fbaac9659eb59bf732,2026-10-01T21:45:24.310732Z,
https://www.da.gov.ph/wp-content/uploads/2024/07/Price-Monitoring-June-29-2024.pdf,price_monitoring,0,2024-06-29,parsed,market+summary,36,50534edf8f1454e441bb9582251e926f4ce695412b1a62c646973d4398221b56,2026-10-01T21:45:25.768401Z,
https://www.da.gov.ph/wp-content/uploads/2024/07/Price-Monitoring-July-1-2024.pdf,price_monitoring,0,2024-07-01,parsed,market+summary,36,cae2d376df9bfc37c66d9399cf5dabc02a3a581ef8e41764613de19d136d44de,2026-10-01T21:45:27.139502Z,
https://www.da.gov.ph/wp-content/uploads/2024/07/Price-Monitoring-July-2-2024.pdf,price_monitoring,0,2024-07-02,parsed,market+summary,36,8df96933d5b7a0219ed09e60bc9e134c967d3a0924db91a8ff62a6b73214b142,2026-10-01T21:45:28.444998Z,
https://www.da.gov.ph/wp-content/uploads/2024/07/Price-Monitoring-July-3-2024.pdf,price_monitoring,0,2024-07-03,parsed,market+summary,36,83dc07e8d8a4d2a67512438678b800918c86be3d43b4051667be2059ef1146ab,2026-10-01T21:45:29.804222Z,
https://www.da.gov.ph/wp-content/uploads/2024/07/Price-Monitoring-July-4-2024.pdf,price_monitoring,0,2024-07-04,parsed,market+summary,36,81c81d0b69324f785b142173cd608ff71662f87fa55649f2ad9cee0051e6fcc7,2026-10-01T21:45:31.169528Z,
https://www.da.gov.ph/wp-content/uploads/2024/07/Price-Monitoring-July-5-2024.pdf,price_monitoring,0,2024-07-05,parsed,market+summary,36,7c4b9b5ce9507b10350c9fd9f4dc5b79293c2e7ce04609394741a83ec8a277e5,2026-10-01T21:45:32.507343Z,
https://www.da.gov.ph/wp-content/uploads/2024/07/Price-Monitoring-July-6-2024.pdf,price_monitoring,0,2024-07-06,parsed,market+summary,36,97bc0747196facd3daef7a0cc45fe458183ca92512b574d24b096de3dea3255c,2026-10-01T21:45:33.866574Z,
https://www.da.gov.ph/wp-content/uploads/2024/07/Price-Monitoring-July-8-2024.pdf,price_monitoring,0,2024-07-08,parsed,market+summary,36,4ea68608f8fd7ec4545438e60ec70937be02415ac7cc96d2b19a0d5b4bcab7fb,2026-10-01T21:45:35.188015Z,
https://www.da.gov.ph/wp-content/uploads/2024/07/Price-Monitoring-July-9-2024.pdf,price_monitoring,0,2024-07-09,parsed,market+summary,36,b4b6e4630e6b59da97a8f40d3b921ac16a70c7852e5e7ddf5e76530e610914d9,2026-10-01T21:45:36.498919Z,
https://www.da.gov.ph/wp-content/uploads/2024/07/Price-Monitoring-July-10-2024.pdf,price_monitoring,0,2024-07-10,parsed,market+summary,36,ca3753dd470260fc96df8d7d740fc8160f5bc6182c4add948aeeb943f1930ad0,2026-10-01T21:45:37.914530Z,
https://www.da.gov.ph/wp-content/uploads/2024/07/Price-Monitoring-July-11-2024.pdf,price_monitoring,0,2024-07-11,parsed,market+summary,36,4f5b53abf79da3061c250d04f78c7950ab6ed69b8b1c7f736e7163c09b2246ce,2026-10-01T21:45:39.229104Z,
https://www.da.gov.ph/wp-content/uploads/2024/07/Price-Monitoring-July-12-2024.pdf,price_monitoring,0,2024-07-12,parsed,market+summary,35,b05ad2adcac54fbd1fc3f5d5e7746ac6978a6dc8827b13215494b2dca29a6674,2026-10-01T21:45:40.692338Z,
https://www.da.gov.ph/wp-content/uploads/2024/07/Price-Monitoring-July-13-2024.pdf,price_monitoring,0,2024-07-13,parsed,market+summary,35,d1a398791720beafa99f2c4de2297ae04b851b8a5dba62279093ccf9c75c5ace,2026-10-01T21:45:42.041337Z,
https://www.da.gov.ph/wp-content/uploads/2024/07/Price-Monitoring-July-15-2024.pdf,price_monitoring,0,2024-07-15,parsed,market+summary,36,72db7aef526c28f7ec7fd0fc36841e8cb7a302f93a8815fa59a7b5b39dec2567,2026-10-01T21:45:43.420386Z,
https://www.da.gov.ph/wp-content/uploads/2024/07/Price-Monitoring-July-16-2024.pdf,price_monitoring,0,2024-07-16,parsed,market+summary,36,4f4fedaeb190b549d89bb4735d58a84fcc92e6016e1774f6b52c15d3593fb045,2026-10-01T21:45:44.746204Z,
https://www.da.gov.ph/wp-content/uploads/2024/07/Price-Monitoring-July-17-2024.pdf,price_monitoring,0,2024-07-17,parsed,market+summary,36,2b2255213839d3e428a2003369b4b6bb34a743d77a3b800a79aa47cb26daa5af,2026-10-01T21:45:46.089407Z,
https://www.da.gov.ph/wp-content/uploads/2024/07/Price-Monitoring-July-18-2024.pdf,price_monitoring,0,2024-07-18,parsed,market+summary,36,41a6f73c07f8dd0d865478a5cdd91efd3310d685fa2a1988fe3bc94d587f18a2,2026-10-01T21:45:47.433424Z,
https://www.da.gov.ph/wp-content/uploads/2024/07/Price-Monitoring-July-19-2024.pdf,price_monitoring,0,2024-07-19,parsed,market+summary,36,fc5be171c323cab745b4523374e26d848d920500c0d1bb7e293b91c024366c5e,2026-10-01T21:45:48.755958Z,
https://www.da.gov.ph/wp-content/uploads/2024/07/Price-Monitoring-July-20-2024.pdf,price_monitoring,0,2024-07-20,parsed,market+summary,36,4c2623e3602e79f71443f75e3048e97868f0777938acac25bfff91613c22dedd,2026-10-01T21:45:50.085691Z,
https://www.da.gov.ph/wp-content/uploads/2024/07/Price-Monitoring-July-22-2024.pdf,price_monitoring,0,2024-07-22,parsed,market+summary,37,c5a96821cc793cc466ea0d24a644dd703a255d3594cb2a6bf91ed06b7a89f1a5,2026-10-01T21:45:51.387747Z,
https://www.da.gov.ph/wp-content/uploads/2024/07/Price-Monitoring-July-23-2024.pdf,price_monitoring,0,2024-07-23,parsed,market+summary,37,bb05257db8f4c5b0aa6effa491ae43fcb703895a96150d7da341fa9b09fc4d73,2026-10-01T21:45:52.802827Z,
https://www.da.gov.ph/wp-content/uploads/2024/07/Price-Monitoring-July-24-2024.pdf,price_monitoring,0,2024-07-24,parsed,market+summary,36,77627a3d0c306f175383db46b1a205189b1e661290c86d3d38059d4dcb933e2c,2026-10-01T21:45:54.209084Z,
https://www.da.gov.ph/wp-content/uploads/2024/07/Price-Monitoring-July-25-2024.pdf,price_monitoring,0,2024-07-25,parsed,market+summary,35,eaf5a903a7ea27a32f6cffe2efe36ea4cf3d9f3b61f3b5153935eb27ea063129,2026-10-01T21:45:55.457916Z,
https://www.da.gov.ph/wp-content/uploads/2024/07/Price-Monitoring-July-26-2024.pdf,price_monitoring,0,2024-07-26,parsed,market+summary,37,56dd9bcc0d68e0e426e636753e4dbab25ac5e9c74d9d711a56c1d5db850d9cb0,2026-10-01T21:45:56.938093Z,
https://www.da.gov.ph/wp-content/uploads/2024/07/Price-Monitoring-July-27-2024.pdf,price_monitoring,0,2024-07-27,parsed,market+summary,36,c8bbfb54bd9414904f3eb1da7df3aec7edd5770ad8988303d1a2f6e24535c673,2026-10-01T21:53:09.781171Z,
https://www.da.gov.ph/wp-content/uploads/2024/07/Price-Monitoring-July-29-2024.pdf,price_monitoring,0,2024-07-29,parsed,market+summary,36,437447e34bcf5fe4163283aac3fa1b09c478511437edeb89cb973bbdd352a60c,2026-10-01T21:53:11.073788Z,
https://www.da.gov.ph/wp-content/uploads/2024/07/Price-Monitoring-July-30-2024.pdf,price_monitoring,0,2024-07-30,parsed,market+summary,37,a0160a95a58bc27e5cf2e6c715d0d090849ae5b2d54b0164cb6f47530446ae44,2026-10-01T21:53:12.386683Z,
https://www.da.gov.ph/wp-content/uploads/2024/08/Price-Monitoring-July-31-2024.pdf,price_monitoring,0,2024-07-31,parsed,market+summary,35,f6299bed1dd26af2ba2e5c7965eca9ec0eb420cfb99a144227babcb1d13d6dd7,2026-10-01T21:53:13.721556Z,
https://www.da.gov.ph/wp-content/uploads/2024/08/Price-Monitoring-August-1-2024.pdf,price_monitoring,0,2024-08-01,parsed,market+summary,36,5f637b90f7b29ca1327983f46a62a0ade266bab1efc23aa0e4753b2525335ac0,2026-10-01T21:53:15.116979Z,
https://www.da.gov.ph/wp-content/uploads/2024/08/Price-Monitoring-August-2-2024.pdf,price_monitoring,0,2024-08-02,parsed,market+summary,35,3ce17838fc68a78872ee39e4edbba0e66325d6e992d39e5bddac03569921ff2f,2026-10-01T21:53:16.743635Z,
https://www.da.gov.ph/wp-content/uploads/2024/08/Price-Monitoring-August-3-2024.pdf,price_monitoring,0,2024-08-03,parsed,market+summary,36,eca649b6a005949a48df7f29fc5903148fc49cf59ed6bc84ba81be3482e5d35e,2026-10-01T21:53:21.422051Z,
https://www.da.gov.ph/wp-content/uploads/2024/08/Weekly-Average-Prices-July-29-August-3-2024.pdf,skip,0,2024-08-03,skipped,,,,,not_a_price_report
https://www.da.gov.ph/wp-content/uploads/2024/09/Price-Monitoring-August-5-2024.pdf,price_monitoring,0,2024-08-05,parsed,market+summary,36,f1d1595864f81c7060268816c572c0c307281bf5fbef58efd79a89eb5865a327,2026-10-01T21:53:26.141507Z,
https://www.da.gov.ph/wp-content/uploads/2024/08/Price-Monitoring-August-6-2024.pdf,price_monitoring,0,2024-08-06,parsed,market+summary,35,dd787e3abf74748bf511eacc1ff32ee699b523bd6ee22c86c8bf53d8968e3849,2026-10-01T21:53:30.781144Z,
https://www.da.gov.ph/wp-content/uploads/2024/08/Price-Monitoring-August-7-2024.pdf,price_monitoring,0,2024-08-07,parsed,market+summary,35,191753f1d2430a51923d02a85f993e923e0cdec0577778d0ba9066f651864954,2026-10-01T21:53:35.441019Z,
https://www.da.gov.ph/wp-content/uploads/2024/08/Price-Monitoring-August-8-2024.pdf,price_monitoring,0,2024-08-08,parsed,market+summary,35,a4dbe17082c368ac0d7cdde9e0d3d68202f220519ea10ef604e57dff8fc2ca4c,2026-10-01T21:53:40.131807Z,
https://www.da.gov.ph/wp-content/uploads/2024/08/Price-Monitoring-August-9-2024.pdf,price_monitoring,0,2024-08-09,parsed,market+summary,35,cf40e3c69966063d873ba7ee0c54f215512fe2331c89a5f160b353259ccde301,2026-10-01T21:53:44.807309Z,
https://www.da.gov.ph/wp-content/uploads/2024/08/Price-Monitoring-August-10-2024.pdf,price_monitoring,0,2024-08-10,parsed,market+summary,36,2bc80530232435677e1da9794a39444674703058cd303314b9a2f6a2474d8038,2026-10-01T21:53:49.474361Z,
https://www.da.gov.ph/wp-content/uploads/2024/08/Price-Monitoring-August-12-2024.pdf,price_monitoring,0,2024-08-12,parsed,market+summary,37,32319b14912d8841c74c78fb3e8f30b42de839f6cd6ac346571bb34bd226ebcb,2026-10-01T21:53:54.027405Z,
https://www.da.gov.ph/wp-content/uploads/2024/08/Price-Monitoring-August-13-2024.pdf,price_monitoring,0,2024-08-13,parsed,market+summary,36,0d44bc2aeaf1c9762aa726c2ea97e17c86bacd9dcbe3c4c714bdd4d40e41eb3f,2026-10-01T21:53:58.740804Z,
https://www.da.gov.ph/wp-content/uploads/2024/08/Price-Monitoring-August-14-2024.pdf,price_monitoring,0,2024-08-14,parsed,market+summary,36,5c83fbba80547398e529139932f3c8f0c4a6e04744b1ce6ef96973073c6fd0f7,2026-10-01T21:54:03.437561Z,
https://www.da.gov.ph/wp-content/uploads/2024/08/Price-Monitoring-August-15-2024.pdf,price_monitoring,0,2024-08-15,parsed,market+summary,36,788197889ab07e66d63ac2d28d98c80eb1a6c6ea22002f043fe15edda5093d3f,2026-10-01T21:54:08.132236Z,
https://www.da.gov.ph/wp-content/uploads/2024/08/Price-Monitoring-August-16-2024.pdf,price_monitoring,0,2024-08-16,parsed,market+summary,37,581ad37eb044c58b462806d11f4d7fb1064df0bc9a04eb94b6819f16823dc332,2026-10-01T21:54:12.818032Z,
https://www.da.gov.ph/wp-content/uploads/2024/08/Price-Monitoring-August-17-2024.pdf,price_monitoring,0,2024-08-17,parsed,market+summary,31,957276e7f80c2b9deac35391eddbcf5d00a88eb9cc488e81a62cd681188464d6,2026-10-01T21:54:17.561581Z,
https://www.da.gov.ph/wp-content/uploads/2024/08/Price-Monitoring-August-19-2024.pdf,price_monitoring,0,2024-08-19,parsed,market+summary,36,fe4d3af18abfd8f3614d1c34e26fb86b97125a53a909026e15fcaf76c029799e,2026-10-01T21:54:22.659826Z,
https://www.da.gov.ph/wp-content/uploads/2024/08/Price-Monitoring-August-20-2024.pdf,price_monitoring,0,2024-08-20,parsed,market+summary,32,f21d7a1716397b7fc33c8f69beaf32508356d6b19ed6324e466fadeda04b96c5,2026-10-01T21:54:28.009887Z,
https://www.da.gov.ph/wp-content/uploads/2024/08/Price-Monitoring-August-21-2024.pdf,price_monitoring,0,2024-08-21,parsed,market+summary,32,ca025a7c45549d4f0174f09bc7222b521b35f740f4baf3c8b50ba6c0ae2866e8,2026-10-01T21:54:33.093715Z,
https://www.da.gov.ph/wp-content/uploads/2024/08/Price-Monitoring-August-22-2024.pdf,price_monitoring,0,2024-08-22,parsed,market+summary,32,2fa81d656503f434f38c9092875f366ce0e30cebca45064ec5b929fb4c0f0788,2026-10-01T21:54:38.375245Z,
https://www.da.gov.ph/wp-content/uploads/2024/08/Price-Monitoring-August-23-2024.pdf,price_monitoring,0,2024-08-23,parsed,market+summary,36,f81292c67ce8bf4017257d718bee2414a63e68dbad59506e5b26484bf065d9d8,2026-10-01T21:54:43.438819Z,
https://www.da.gov.ph/wp-content/uploads/2024/08/Price-Monitoring-August-24-2024.pdf,price_monitoring,0,2024-08-24,parsed,market+summary,36,d115a6cae45abff951a8036059863add3d3479d45a32aefd9078bb7c55123039,2026-10-01T21:54:48.200505Z,
https://www.da.gov.ph/wp-content/uploads/2024/08/Price-Monitoring-August-26-2024.pdf,price_monitoring,0,2024-08-26,parsed,market+summary,36,3ee5a238ec709a14ecb21fdb2f518b2120b80308c2cfcf0b8c2c96ec3417aad3,2026-10-01T21:54:52.991995Z,
https://www.da.gov.ph/wp-content/uploads/2024/08/Price-Monitoring-August-27-2024.pdf,price_monitoring,0,2024-08-27,parsed,market+summary,36,c180f0bc8c48df106a1c405a78703cb858b2c4b84b431afa4b10a8f78a61c7c2,2026-10-01T21:54:57.681627Z,
https://www.da.gov.ph/wp-content/uploads/2024/08/Price-Monitoring-August-28-2024.pdf,price_monitoring,0,2024-08-28,parsed,market+summary,36,90a7c4600a82b9fe914d65ebf3c6fef065c532284555b9951a1e112e6f74c7d0,2026-10-01T21:55:02.443483Z,
https://www.da.gov.ph/wp-content/uploads/2024/08/Price-Monitoring-August-29-2024.pdf,price_monitoring,0,2024-08-29,parsed,market+summary,36,b613f698ea1f50b763b7bc053ed1334acdc1dc1eaa8c8ad0634c8af205d66071,2026-10-01T21:55:07.503404Z,
https://www.da.gov.ph/wp-content/uploads/2024/09/Price-Monitoring-August-30-2024.pdf,price_monitoring,0,2024-08-30,parsed,market+summary,36,9ece6d0d831b064b8c4e64811fa169e508d37cf5f13178b782ff320d493b5a70,2026-10-01T21:55:13.504034Z,
https://www.da.gov.ph/wp-content/uploads/2024/09/Price-Monitoring-August-31-2024.pdf,price_monitoring,0,2024-08-31,parsed,market+summary,36,d6fd9ec38de4da6868357794568ac398e8ddfeb9e3a2c798a1664a85d93b3d18,2026-10-01T21:55:18.754617Z,
https://www.da.gov.ph/wp-content/uploads/2024/09/Price-Monitoring-September-2-2024.pdf,price_monitoring,0,2024-09-02,parsed,market+summary,37,ef973163f7abc13dc6c3ebacc692b3beedef4c44394059238f9bacd9b988ba2e,2026-10-01T21:55:23.964196Z,
https://www.da.gov.ph/wp-content/uploads/2024/09/Price-Monitoring-September-3-2024.pdf,price_monitoring,0,2024-09-03,parsed,market+summary,37,e9d715ff77b05d85f48d5249f0214c9634313cbe270a846b23625a60793f27c7,2026-10-01T21:55:29.039477Z,
https://www.da.gov.ph/wp-content/uploads/2024/09/Price-Monitoring-September-4-2024.pdf,price_monitoring,0,2024-09-04,parsed,market+summary,37,45f6bb5fff957b26cb667399b494b11b5914eb5a0556fb083c6a72685c877f8e,2026-10-01T21:55:34.038618Z,
https://www.da.gov.ph/wp-content/uploads/2024/09/Price-Monitoring-September-5-2024.pdf,price_monitoring,0,2024-09-05,parsed,market+summary,36,1194855a04b39162918b1df7e767ee6ef03d9a7f053b75e05026ec45d15f1ba0,2026-10-01T21:55:38.776903Z,
https://www.da.gov.ph/wp-content/uploads/2024/09/Price-Monitoring-September-6-2024.pdf,price_monitoring,0,2024-09-06,parsed,market+summary,36,c11596177d6f87b1c3d10314546879b1e58088b38786def80065bef5889e69e1,2026-10-01T21:55:43.463119Z,
https://www.da.gov.ph/wp-content/uploads/2024/09/Price-Monitoring-September-7-2024.pdf,price_monitoring,0,2024-09-07,parsed,market+summary,36,acf82b3ddb4878e6371ca718d81415714c1055b88962a26ac557bd61b1c9fb16,2026-10-01T21:55:48.134579Z,
https://www.da.gov.ph/wp-content/uploads/2024/09/Price-Monitoring-September-9-2024.pdf,price_monitoring,0,2024-09-09,parsed,market+summary,36,d9ea9070082509215c2b4466bf3eb01c4a65c3e2c4cb8a65b758bcb423260a2b,2026-10-01T21:55:52.804441Z,
https://www.da.gov.ph/wp-content/uploads/2024/09/Price-Monitoring-September-10-2024.pdf,price_monitoring,0,2024-09-10,parsed,market+summary,37,c0914e2a584eb483d5e017734d7819006a2c51a322ea7eb38f42d8124263c291,2026-10-01T21:55:57.471055Z,
https://www.da.gov.ph/wp-content/uploads/2024/09/Price-Monitoring-September-11-2024.pdf,price_monitoring,0,2024-09-11,parsed,market+summary,36,da46a4a639c8a3e29231ad75b2c486df4bd3396b3aea9574fb3456834d1aafa6,2026-10-01T21:56:02.208641Z,
https://www.da.gov.ph/wp-content/uploads/2024/09/Price-Monitoring-September-12-2024.pdf,price_monitoring,0,2024-09-12,parsed,market+summary,37,dc89eb1e714c409008d2072193555a2d286abcd6918c923935e22903206088fb,2026-10-01T21:56:06.902566Z,
https://www.da.gov.ph/wp-content/uploads/2024/09/Price-Monitoring-September-13-2024.pdf,price_monitoring,0,2024-09-13,parsed,market+summary,37,016bd2d2163ffb8949eeb435964d5693d625c081d5985648c1a2b66c3c6e4c45,2026-10-01T21:56:11.596940Z,
https://www.da.gov.ph/wp-content/uploads/2024/09/Price-Monitoring-September-14-2024.pdf,price_monitoring,0,2024-09-14,parsed,market+summary,37,ccc0470d33c4174e701f939864b57170b4775b431a4eba258d534b5b3c3f8d02,2026-10-01T21:56:16.272944Z,
https://www.da.gov.ph/wp-content/uploads/2024/09/Price-Monitoring-September-16-2024.pdf,price_monitoring,0,2024-09-16,parsed,market+summary,37,a0e678bb4618daaae153011f18cd14f48a47868bd58a8782418b4938d321c09b,2026-10-01T21:56:20.854326Z,
https://www.da.gov.ph/wp-content/uploads/2024/09/Price-Monitoring-September-17-2024.pdf,price_monitoring,0,2024-09-17,parsed,market+summary,37,1aba420e0f993587dedf7a0e0053afbe33e73dcbeeeb25b18917a11725809c35,2026-10-01T21:56:25.607518Z,
https://www.da.gov.ph/wp-content/uploads/2024/09/Price-Monitoring-September-18-2024.pdf,price_monitoring,0,2024-09-18,parsed,market+summary,37,5e3083531212b95f88fc79a373ed94204730e58f8cec9a6673c12ea6ecce29f1,2026-10-01T21:56:30.279359Z,
https://www.da.gov.ph/wp-content/uploads/2024/09/Price-Monitoring-September-19-2024.pdf,price_monitoring,0,2024-09-19,parsed,market+summary,37,90439ba8dfcb31d57aef0b4b7c044b018b3a6c5968b82417e9c2636c3a6d7644,2026-10-01T21:56:34.973572Z,
https://www.da.gov.ph/wp-content/uploads/2024/09/Price-Monitoring-September-20-2024.pdf,price_monitoring,0,2024-09-20,parsed,market+summary,37,90b29d496cdcdbe4b8b6ba3003a9ffa383e3d792dd0e57710a64c0809cf67e7b,2026-10-01T21:56:39.707150Z,
https://www.da.gov.ph/wp-content/uploads/2024/09/Price-Monitoring-September-21-2024.pdf,price_monitoring,0,2024-09-21,parsed,market+summary,37,18ef1bd9c92dcb745059747d064268287a84840891219eafc5478cc2a6e3f9eb,2026-10-01T21:56:44.502134Z,
https://www.da.gov.ph/wp-content/uploads/2024/09/Price-Monitoring-September-23-2024.pdf,price_monitoring,0,2024-09-23,parsed,market+summary,37,bb32fa035fe43d964562e158013e340befb1f876cda510578cae7a73ececd154,2026-10-01T21:56:49.259205Z,
https://www.da.gov.ph/wp-content/uploads/2024/09/Price-Monitoring-September-24-2024.pdf,price_monitoring,0,2024-09-24,parsed,market+summary,37,d04aa4af2f3ca626597e7b02be0a56b43697a7ad04b530c57167d729e85387da,2026-10-01T21:56:54.096798Z,
https://www.da.gov.ph/wp-content/uploads/2024/09/Price-Monitoring-September-25-2024.pdf,price_monitoring,0,2024-09-25,parsed,market+summary,37,1e15acc23650b5f5b480ee85930b458c430468e4c598722402874e4d2e5c5228,2026-10-01T21:56:58.886669Z,
https://www.da.gov.ph/wp-content/uploads/2024/09/Price-Monitoring-September-26-2024.pdf,price_monitoring,0,2024-09-26,parsed,market+summary,37,083619786e12dd5e9cbf4a43224f9a967226b672bf3c016adde8f9c7c4c8caa8,2026-10-01T21:57:03.597289Z,
https://www.da.gov.ph/wp-content/uploads/2024/09/Price-Monitoring-September-27-2024.pdf,price_monitoring,0,2024-09-27,parsed,market+summary,37,f44753ca2a6c59efe116915d4474ceeef467c817e17f9e9660ef9cc687f8bbcc,2026-10-01T21:57:08.342405Z,
https://www.da.gov.ph/wp-content/uploads/2024/10/Price-Monitoring-September-28-2024.pdf,price_monitoring,0,2024-09-28,parsed,market+summary,37,d452596dcc30cd3a2172428b0790deca14f75580fa80126a51101961e96e8575,2026-10-01T21:57:13.109875Z,
https://www.da.gov.ph/wp-content/uploads/2024/10/Price-Monitoring-September-30-2024.pdf,price_monitoring,0,2024-09-30,parsed,market+summary,37,986f7f7e6ba963850417112b4b7092b1bf99a2da8560c54a88409464792813d5,2026-10-01T21:57:17.787152Z,
https://www.da.gov.ph/wp-content/uploads/2024/10/Price-Monitoring-October-1-2024.pdf,price_monitoring,0,2024-10-01,parsed,market+summary,38,bc12d0fc2a72a2493939b59e70b633465c3a3adf7086dab00e855b3099de3016,2026-10-01T21:57:22.641229Z,
https://www.da.gov.ph/wp-content/uploads/2024/10/Price-Monitoring-October-2-2024.pdf,price_monitoring,0,2024-10-02,parsed,market+summary,38,b812b0b9aeaaa177c60c20dc51c7ddc7c01773d9013e0ec229f07d3819501544,2026-10-01T21:57:27.527367Z,
https://www.da.gov.ph/wp-content/uploads/2024/10/Price-Monitoring-October-3-2024.pdf,price_monitoring,0,2024-10-03,parsed,market+summary,38,50f1d620e4879bcb88ba8c803036eb2efd51ddfe357c00c7a1d043cde0200aa4,2026-10-01T21:57:32.326991Z,
https://www.da.gov.ph/wp-content/uploads/2024/10/Price-Monitoring-October-4-2024.pdf,price_monitoring,0,2024-10-04,failed,,,4186957fc2248a650fff1ad5952cf15db73b775842f7bc02d2834858db076d99,2026-10-01T21:57:37.126529Z,no_rows
https://www.da.gov.ph/wp-content/uploads/2024/10/Price-Monitoring-October-5-2024.pdf,price_monitoring,0,2024-10-05,parsed,market+summary,38,098b6aba4ef3fe846d8b9e67bb67698df44bb49692430e00cbb9900017f3387e,2026-10-01T21:57:40.467922Z,
https://www.da.gov.ph/wp-content/uploads/2024/10/Weekly-Average-Prices-September-30-October-5-2024.pdf,skip,0,2024-10-05,skipped,,,,,not_a_price_report
https://www.da.gov.ph/wp-content/uploads/2024/10/Price-Monitoring-October-7-2024.pdf,price_monitoring,0,2024-10-07,parsed,market+summary,38,80ddbfc6680e6b61d1e3bff44d4bc933d02b1691cad2e3270a83bf47df30ed84,2026-10-01T21:57:45.200163Z,
https://www.da.gov.ph/wp-content/uploads/2024/10/Price-Monitoring-October-8-2024.pdf,price_monitoring,0,2024-10-08,parsed,market+summary,37,7ba8ea2ff46853991012787e5f930f61502c96d6f3395aae043426f162bb78d1,2026-10-01T21:57:49.928027Z,
https://www.da.gov.ph/wp-content/uploads/2024/10/Price-Monitoring-October-9-2024.pdf,price_monitoring,0,2024-10-09,parsed,market+summary,37,2a2cdc9058f4829f178a5671200496cb738a43179f006798c1307aedafa0a74c,2026-10-01T21:57:54.794002Z,
https://www.da.gov.ph/wp-content/uploads/2024/10/Price-Monitoring-October-10-2024.pdf,price_monitoring,0,2024-10-10,parsed,market+summary,37,6020787f5f569e2d7c734c58a3955b6543f4dc822a739c960854257861eb24e6,2026-10-01T21:57:59.652896Z,
https://www.da.gov.ph/wp-content/uploads/2024/10/Price-Monitoring-October-11-2024.pdf,price_monitoring,0,2024-10-11,failed,,,207c0e8d7baec2b52cca3ddc59f500856dd625e527b00c5ea81bbe425c190899,2026-10-01T21:58:04.441921Z,no_rows
https://www.da.gov.ph/wp-content/uploads/2024/10/Price-Monitoring-October-12-2024.pdf,price_monitoring,0,2024-10-12,parsed,market+summary,37,da214e536b40df3f3b1e8bcdcbc18f2f98ad3ba7dabb73efe45dd678bac7d80c,2026-10-01T21:58:07.758575Z,
https://www.da.gov.ph/wp-content/uploads/2024/10/Price-Monitoring-October-14-2024.pdf,price_monitoring,0,2024-10-14,parsed,market+summary,37,f99a0dda1b2d55a4f2ea03a2a5cc416e283d36cced1f5f17cc17a87666c4400c,2026-10-01T21:58:12.536909Z,
https://www.da.gov.ph/wp-content/uploads/2024/10/Price-Monitoring-October-15-2024.pdf,price_monitoring,0,2024-10-15,parsed,market+summary,36,1409a67e41eb2a94676581cf17836f35a20f622a111963ef0b96038123b62098,2026-10-01T21:58:17.276707Z,
https://www.da.gov.ph/wp-content/uploads/2024/10/Price-Monitoring-October-16-2024.pdf,price_monitoring,0,2024-10-16,parsed,market+summary,37,dbedea366429849b18d11914f883d3226375540896be951c232fd45df0228cb2,2026-10-01T21:58:22.062919Z,
https://www.da.gov.ph/wp-content/uploads/2024/10/Price-Monitoring-October-17-2024.pdf,price_monitoring,0,2024-10-17,parsed,market+summary,37,c5850f9df787a8870dad820650aa85ff0ab8a18110538dd120d5e8b34962d4b5,2026-10-01T21:58:26.946426Z,
https://www.da.gov.ph/wp-content/uploads/2024/10/Price-Monitoring-October-18-2024.pdf,price_monitoring,0,2024-10-18,parsed,market+summary,38,f386be1035f270ec69f33e120268e6ccfae722c056b0ee87b7ef4a7464f4d36f,2026-10-01T21:58:31.777449Z,
https://www.da.gov.ph/wp-content/uploads/2024/10/Price-Monitoring-October-19-2024.pdf,price_monitoring,0,2024-10-19,parsed,market+summary,36,c127c7f402bb3885b13a5a6c1f6182baf5c28ab39fe1a317d683a6dbdab75f23,2026-10-01T21:58:36.548344Z,
https://www.da.gov.ph/wp-content/uploads/2024/10/Price-Monitoring-October-21-2024.pdf,price_monitoring,0,2024-10-21,parsed,market+summary,38,849007a9b5bc4ae5a2d771b4a4f9cf981c867d617aa22f39a2be030530cf9c4a,2026-10-01T21:58:41.282093Z,
https://www.da.gov.ph/wp-content/uploads/2024/10/Price-Monitoring-October-22-2024.pdf,price_monitoring,0,2024-10-22,parsed,market+summary,38,e638f39d4ebbfceffb22b7268764f12de9af895eaf09d71cd13c76dcd2cefe0c,2026-10-01T21:58:46.052340Z,
https://www.da.gov.ph/wp-content/uploads/2024/10/Price-Monitoring-October-23-2024.pdf,price_monitoring,0,2024-10-23,parsed,market+summary,38,75d4938838240b7c28f621e5ac2524ba12a755063d25ecc550964ed307c06120,2026-10-01T21:58:50.917327Z,
https://www.da.gov.ph/wp-content/uploads/2024/10/Price-Monitoring-October-24-2024.pdf,price_monitoring,0,2024-10-24,parsed,market+summary,38,3d7a609e76fe98a067ec3210a75255d5606d7b88be226a878d3133551bbbdbbc,2026-10-01T21:58:55.705916Z,
https://www.da.gov.ph/wp-content/uploads/2024/10/Price-Monitoring-October-25-2024.pdf,price_monitoring,0,2024-10-25,parsed,market+summary,38,522bc363a683aa195992d188a5c4d7dcdeebfdcdcf2ee60aa03c23fefdd76ba8,2026-10-01T21:59:00.395611Z,
https://www.da.gov.ph/wp-content/uploads/2024/10/Price-Monitoring-October-26-2024.pdf,price_monitoring,0,2024-10-26,failed,,,455b16461964d40f1abf9a2c25808314a1d3e4018853e3f6fb06f17db35168cd,2026-10-01T21:59:05.025471Z,no_rows
https://www.da.gov.ph/wp-content/uploads/2024/10/Price-Monitoring-October-28-2024.pdf,price_monitoring,0,2024-10-28,parsed,market+summary,36,1b1d49caeddc16edab1a15a19c3a3a97da574314e77dac359d253d89aae74e4d,2026-10-01T21:59:08.338383Z,
https://www.da.gov.ph/wp-content/uploads/2024/10/Price-Monitoring-October-29-2024.pdf,price_monitoring,0,2024-10-29,parsed,market+summary,38,c3196ec78a075dc1ef9e1b71229f35e2ebebe18ab883d1c2e8bd28b1fc3b7bcc,2026-10-01T21:59:13.230769Z,
https://www.da.gov.ph/wp-content/uploads/2024/10/Price-Monitoring-October-30-2024.pdf,price_monitoring,0,2024-10-30,parsed,market+summary,38,1b74ffae4c14ceb4ccd77682b7f826e07923bcc2960660c2b7278b2fc96ce253,2026-10-01T21:59:18.072695Z,
https://www.da.gov.ph/wp-content/uploads/2024/11/Price-Monitoring-October-31-2024.pdf,price_monitoring,0,2024-10-31,parsed,market+summary,38,a074c279136a2b002fc583eaf15cf4e8e3823a9eea6df2fe6cc82af016574564,2026-10-01T21:59:22.996040Z,
https://www.da.gov.ph/wp-content/uploads/2024/11/Price-Monitoring-November-2-2024.pdf,price_monitoring,0,2024-11-02,parsed,market+summary,36,85a068bc766537a8dc5985f27d84c6c96b3a6e21a5621da4c60a08ac7c34b348,2026-10-01T21:59:27.833841Z,
https://www.da.gov.ph/wp-content/uploads/2024/11/Weekly-Average-Prices-October-28-November-2-2024.pdf,skip,0,2024-11-02,skipped,,,,,not_a_price_report
https://www.da.gov.ph/wp-content/uploads/2024/11/Price-Monitoring-November-4-2024.pdf,price_monitoring,0,2024-11-04,parsed,market+summary,36,7c43123248bb27dfcf0e4fcddffb19beceb0c15bc8f121a278855ee3813cc965,2026-10-01T21:59:32.375405Z,
https://www.da.gov.ph/wp-content/uploads/2024/11/Price-Monitoring-November-5-2024.pdf,price_monitoring,0,2024-11-05,parsed,market+summary,38,2300df1f31fe823c065cdd041102feb3235f67b09c8558c54c800996e684d261,2026-10-01T21:59:37.360083Z,
https://www.da.gov.ph/wp-content/uploads/2024/11/Price-Monitoring-November-6-2024.pdf,price_monitoring,0,2024-11-06,parsed,market+summary,36,67dd789c7aa5afe2cd6646b2494211d48356e58e376c7af412837824f4c8e620,2026-10-01T21:59:42.290353Z,
https://www.da.gov.ph/wp-content/uploads/2024/11/Price-Monitoring-November-7-2024.pdf,price_monitoring,0,2024-11-07,parsed,market+summary,38,373cdd7c6f290ee4bd37b8cf896d6b074f073210e7c2ac0e82b5b348252d9698,2026-10-01T21:59:47.034763Z,
https://www.da.gov.ph/wp-content/uploads/2024/11/Price-Monitoring-November-8-2024.pdf,price_monitoring,0,2024-11-08,parsed,market+summary,38,968c69ce02835ba045fbc365feecfad6b8dd0dea574a1cf17df5c0922f1a08b5,2026-10-01T21:59:51.796476Z,
https://www.da.gov.ph/wp-content/uploads/2024/11/Price-Monitoring-November-9-2024.pdf,price_monitoring,0,2024-11-09,parsed,market+summary,38,491aa4b499b22b171886d8f6e81438341dfaa92fe0b12effc4728ce0ce9022f3,2026-10-01T21:59:56.583561Z,
https://www.da.gov.ph/wp-content/uploads/2024/11/Price-Monitoring-November-11-2024.pdf,price_monitoring,0,2024-11-11,parsed,market+summary,37,7b9592ee62c915f3f3e5e32a286db4b34a44b1ffae3c90bf0c5b74d337f225d7,2026-10-01T22:00:01.328136Z,
https://www.da.gov.ph/wp-content/uploads/2024/11/Price-Monitoring-November-12-2024.pdf,price_monitoring,0,2024-11-12,parsed,market+summary,38,0a56c5055345f3f4c5df4526213f271d61717b97160142620219baaec26f6784,2026-10-01T22:00:06.104214Z,
https://www.da.gov.ph/wp-content/uploads/2024/11/Price-Monitoring-November-13-2024.pdf,price_monitoring,0,2024-11-13,parsed,market+summary,38,2b252c57d0564643f2303b4ec2207a8d3dcd00a5c1502c1b689fa83abd01e115,2026-10-01T22:00:10.936413Z,
https://www.da.gov.ph/wp-content/uploads/2024/11/Price-Monitoring-November-14-2024.pdf,price_monitoring,0,2024-11-14,parsed,market+summary,38,1001dae6ebedfbcfd357e97f5a7b274a47770625b1c9a6dfc3d769eae8146809,2026-10-01T22:00:15.735586Z,
https://www.da.gov.ph/wp-content/uploads/2024/11/Price-Monitoring-November-15-2024.pdf,price_monitoring,0,2024-11-15,failed,,,236c8ae04ec7001590de6547ce1cd5910e42bfe25e276b32d0b64f0444b4adea,2026-10-01T22:00:20.572354Z,no_rows
https://www.da.gov.ph/wp-content/uploads/2024/11/Price-Monitoring-November-16-2024.pdf,price_monitoring,0,2024-11-16,parsed,market+summary,38,346b4e63827df625663aae864d5fefbc30e57fc4b2a3c22da93f9f856c41013a,2026-10-01T22:00:23.873747Z,
https://www.da.gov.ph/wp-content/uploads/2024/11/Price-Monitoring-November-18-2024.pdf,price_monitoring,0,2024-11-18,parsed,market+summary,47,4a3375424cb0cff7f2f06630b48b26a57f0ac936ebede3a6250a1af99f72e21d,2026-10-01T22:00:28.785754Z,
https://www.da.gov.ph/wp-content/uploads/2024/11/Price-Monitoring-November-19-2024.pdf,price_monitoring,0,2024-11-19,parsed,market+summary,47,959f866e56628e152b233aa601f6826e0a6412c14ca616e02fb4c776250041d5,2026-10-01T22:00:33.869950Z,
https://www.da.gov.ph/wp-content/uploads/2024/11/Price-Monitoring-November-20-2024.pdf,price_monitoring,0,2024-11-20,parsed,market+summary,47,5359af1ec828005d6f869a944074a4c99de1396a54ba9bb9ea97b4ca620e4748,2026-10-01T22:00:38.925386Z,
https://www.da.gov.ph/wp-content/uploads/2024/11/Price-Monitoring-November-21-2024.pdf,price_monitoring,0,2024-11-21,parsed,market+summary,47,965322efca4c5144143af225555d178a7a5d210ec3bf6e42ddccfa6f858d3313,2026-10-01T22:00:44.000417Z,
https://www.da.gov.ph/wp-content/uploads/2024/11/Price-Monitoring-November-22-2024.pdf,price_monitoring,0,2024-11-22,parsed,market+summary,47,95d0a320e8a4be69a96d61c53c9a7f5fc38456a0d53a5a83dbdf3a6930ebe036,2026-10-01T22:00:49.143826Z,
https://www.da.gov.ph/wp-content/uploads/2024/11/Price-Monitoring-November-23-2024.pdf,price_monitoring,0,2024-11-23,parsed,market+summary,47,d88d25dac2408539749fc1014a4bf45ff572121a0db4b5c77bb847af163ebae5,2026-10-01T22:00:54.163889Z,
https://www.da.gov.ph/wp-content/uploads/2024/11/Price-Monitoring-November-25-2024.pdf,price_monitoring,0,2024-11-25,parsed,market+summary,47,b81fb895bf63cda19a963c590ad3d26f415ee3385c91cfd45da95373da381311,2026-10-01T22:00:59.071057Z,
https://www.da.gov.ph/wp-content/uploads/2024/11/Price-Monitoring-November-26-2024.pdf,price_monitoring,0,2024-11-26,parsed,market+summary,47,ac474603b177cc18bccc6830f28ed97ef396afd9e48c572a0e3856f90ae672e0,2026-10-01T22:01:03.998479Z,
https://www.da.gov.ph/wp-content/uploads/2024/11/Price-Monitoring-November-27-2024.pdf,price_monitoring,0,2024-11-27,parsed,market+summary,47,a037e719ec8005bd0c82a80fdda8641d085270579538a8a321f3592e0a85d291,2026-10-01T22:01:08.931228Z,
https://www.da.gov.ph/wp-content/uploads/2024/12/Price-Monitoring-November-28-2024.pdf,price_monitoring,0,2024-11-28,parsed,market+summary,47,09d589fc651f80f8bb96c8bef7aea50c19af72b3a816dd779ddd4f5f632d9361,2026-10-01T22:01:13.982209Z,
https://www.da.gov.ph/wp-content/uploads/2024/12/Price-Monitoring-November-29-2024.pdf,price_monitoring,0,2024-11-29,parsed,market+summary,47,75e75acae46b16053a1ab800361d7aadb88f9cb2f0fca5c7d9cd090a147cce68,2026-10-01T22:01:18.996420Z,
https://www.da.gov.ph/wp-content/uploads/2024/12/Price-Monitoring-November-30-2024.pdf,price_monitoring,0,2024-11-30,parsed,market+summary,46,ee02d98846224d83d9cc348670fc6b7da3a5d46975586c671f8b4a860a496f19,2026-10-01T22:01:24.107115Z,
https://www.da.gov.ph/wp-content/uploads/2024/12/Price-Monitoring-December-2-2024.pdf,price_monitoring,0,2024-12-02,parsed,market+summary,47,c91b806c1563c2d10eb6f34dcb5ebf8bd92ce925fa549ad2efd20daa789a122c,2026-10-01T22:01:29.007772Z,
https://www.da.gov.ph/wp-content/uploads/2024/12/Price-Monitoring-December-3-2024.pdf,price_monitoring,0,2024-12-03,parsed,market+summary,47,d02b61fee19d9da3ea3b7aa2e74445f9ac817f4024e448ef24c57a0cab0d5178,2026-10-01T22:01:34.094082Z,
https://www.da.gov.ph/wp-content/uploads/2024/12/Price-Monitoring-December-4-2024.pdf,price_monitoring,0,2024-12-04,parsed,market+summary,47,5ae7ada17ae0f8416781d0a0756da5a523987ba1eda07544d92d1e098d5ba7cc,2026-10-01T22:01:39.234893Z,
https://www.da.gov.ph/wp-content/uploads/2024/12/Revised-Price-Monitoring-December-5-2024.pdf,price_monitoring,1,2024-12-05,parsed,summary,47,90f757cf07888f7042a16593189c8b965ea57e1d891d7675bacf70cf0042c815,2026-10-01T22:01:44.280912Z,
https://www.da.gov.ph/wp-content/uploads/2024/12/Price-Monitoring-December-6-2024.pdf,price_monitoring,0,2024-12-06,failed,,,b87fae448c5f743bcf9f2a7699438b99e7bcbe352405aa4f864b27c38cf03c14,2026-10-01T22:01:49.050304Z,no_rows
https://www.da.gov.ph/wp-content/uploads/2024/12/Price-Monitoring-December-7-2024.pdf,price_monitoring,0,2024-12-07,parsed,market+summary,46,b5fa32a84a0dff7c23880f7898e82ea64640fbb5af5abe5394bfa177e994c397,2026-10-01T22:01:52.373575Z,
https://www.da.gov.ph/wp-content/uploads/2024/12/Price-Monitoring-December-9-2024.pdf,price_monitoring,0,2024-12-09,parsed,market+summary,46,eda1fd41790fc5038e50f80577eb9e04bed8486d43a951c336e2441bb4efb3f7,2026-10-01T22:01:57.392149Z,
https://www.da.gov.ph/wp-content/uploads/2024/12/Price-Monitoring-December-10-2024.pdf,price_monitoring,0,2024-12-10,parsed,market+summary,46,7176db1f9576142044435f892c1cd58a85d8a2c5b15ce7b2d5de98abf09c7d44,2026-10-01T22:02:02.379111Z,
https://www.da.gov.ph/wp-content/uploads/2024/12/Price-Monitoring-December-11-2024.pdf,price_monitoring,0,2024-12-11,failed,,,6bba8ce7071a8869f711c15dc20f019d733933afd12b9138fe7be6cee9a1b56b,2026-10-01T22:02:07.374792Z,no_rows
https://www.da.gov.ph/wp-content/uploads/2024/12/Price-Monitoring-December-12-2024.pdf,price_monitoring,0,2024-12-12,parsed,market+summary,48,2bc056df957a6497bff613dd0ce08bfc220ad3b1505dd1bc22358003f6e1ec80,2026-10-01T22:02:10.707932Z,
https://www.da.gov.ph/wp-content/uploads/2024/12/Price-Monitoring-December-13-2024.pdf,price_monitoring,0,2024-12-13,parsed,market+summary,46,e108d46cff1143a897eb6591aecbf1bf87d3c2d9ab1e876a73a2fa628d3e37d0,2026-10-01T22:02:15.823100Z,
https://www.da.gov.ph/wp-content/uploads/2024/12/Price-Monitoring-December-14-2024.pdf,price_monitoring,0,2024-12-14,parsed,market+summary,46,7404d8bbb8d9cc5034b9170b017fdf4407176f8ccce44eca4d9c756d92138d0f,2026-10-01T22:02:20.830128Z,
https://www.da.gov.ph/wp-content/uploads/2024/12/Price-Monitoring-December-16-2024.pdf,price_monitoring,0,2024-12-16,parsed,market+summary,46,f811e80ba44dc718db13e517203fcf48fdea37691810e75c280d56468d3bde9b,2026-10-01T22:02:25.879326Z,
https://www.da.gov.ph/wp-content/uploads/2024/12/Price-Monitoring-December-17-2024.pdf,price_monitoring,0,2024-12-17,parsed,market+summary,46,1743e3224460aa05022013075c1a5518f7477ff95a827b209faada30c63cbdf4,2026-10-01T22:02:30.996956Z,
https://www.da.gov.ph/wp-content/uploads/2024/12/Price-Monitoring-December-18-2024.pdf,price_monitoring,0,2024-12-18,failed,,,b9a42a1cf8506e4e95687060a57d20cc6143e4fa0d86952d2b7abcf88c8b5b53,2026-10-01T22:02:36.079445Z,no_rows
https://www.da.gov.ph/wp-content/uploads/2024/12/Price-Monitoring-December-19-2024.pdf,price_monitoring,0,2024-12-19,parsed,market+summary,48,4a9c338a57e3cec61f711f782baf027b9c884861537b67d25d154c7cf3281669,2026-10-01T22:02:39.451665Z,
https://www.da.gov.ph/wp-content/uploads/2024/12/Price-Monitoring-December-20-2024.pdf,price_monitoring,0,2024-12-20,parsed,market+summary,48,b87416a421f2cbc8077c6b2127a325392a657bcee460c4e404598ec307151bbc,2026-10-01T22:02:44.544034Z,
https://www.da.gov.ph/wp-content/uploads/2024/12/Price-Monitoring-December-21-2024.pdf,price_monitoring,0,2024-12-21,parsed,market+summary,47,4eac24d5f18673cff7f1fc727aee19c6da7ea2563ee2f39b57a7dcc74497aa77,2026-10-01T22:02:49.668015Z,
https://www.da.gov.ph/wp-content/uploads/2024/12/Price-Monitoring-December-23-2024.pdf,price_monitoring,0,2024-12-23,parsed,market+summary,48,282dd302bfe5b6bdb7e584af8e8328b38dd7e5f5efd5ae1ed423104143982614,2026-10-01T22:02:54.782531Z,
https://www.da.gov.ph/wp-content/uploads/2025/01/Price-Monitoring-December-24-2024.pdf,price_monitoring,0,2024-12-24,parsed,market+summary,46,d1454c82ba27ff26ca86b01a54fe4f5c3d2b49a0865c22d726635a6dc867ecb1,2026-10-01T22:02:59.880883Z,
https://www.da.gov.ph/wp-content/uploads/2025/01/Price-Monitoring-December-26-2024.pdf,price_monitoring,0,2024-12-26,parsed,market+summary,48,15510699539a6134a3718e33f92b500f725519dc785561ebfc5aa0a47cf2e5fe,2026-10-01T22:03:04.980229Z,
https://www.da.gov.ph/wp-content/uploads/2025/01/Price-Monitoring-December-27-2024.pdf,price_monitoring,0,2024-12-27,parsed,market+summary,48,e2a32171c78b657804e0d79c163860414b1b450d82e9b5c49ad84e0ec12ff0ba,2026-10-01T22:03:10.130633Z,
https://www.da.gov.ph/wp-content/uploads/2025/01/Price-Monitoring-December-28-2024.pdf,price_monitoring,0,2024-12-28,parsed,market+summary,48,5400eedd38e4cab30cde4ab51c7da9c2d6d61c55763ae06c995c8ba79056a0bd,2026-10-01T22:03:15.234095Z,
https://www.da.gov.ph/wp-content/uploads/2025/01/Price-Monitoring-December-30-2024.pdf,price_monitoring,0,2024-12-30,parsed,market+summary,48,fc22dd8959d0f28a7f9911fa14183e4d847a750213438690e330474e616fb36c,2026-10-01T22:03:20.214649Z,
https://www.da.gov.ph/wp-content/uploads/2025/01/Weekly-Average-Prices-December-30-2024-January-4-2025.pdf,skip,0,2024-12-30,skipped,,,,,not_a_price_report
https://www.da.gov.ph/wp-content/uploads/2025/01/Price-Monitoring-December-31-2024.pdf,price_monitoring,0,2024-12-31,parsed,market+summary,46,3836678e839fb16a1203611b507c1a844eff9a6256c4d7aa088559211af3ee8b,2026-10-01T22:03:25.346872Z,
https://www.da.gov.ph/wp-content/uploads/2025/01/Price-Monitoring-January-2-2025.pdf,price_monitoring,0,2025-01-02,parsed,market+summary,46,1b667c1741273b235c8fd6c0962d6e02a373da93358c7b85087b08d3704b80a7,2026-10-01T22:03:30.548190Z,
https://www.da.gov.ph/wp-content/uploads/2025/01/Price-Monitoring-January-3-2025.pdf,price_monitoring,0,2025-01-03,failed,,,119f00fc5ebd41e7864cd3269c4a4c54064f2f940e50b9f8475aa3372bf3916b,2026-10-01T22:03:35.719324Z,no_rows
https://www.da.gov.ph/wp-content/uploads/2025/01/Price-Monitoring-January-4-2025.pdf,price_monitoring,0,2025-01-04,parsed,market+summary,46,ba3ecef47f3e53c3c85b12ad57c9e4d15ad4219e0e34c97adbf3824b118efad7,2026-10-01T22:03:39.137416Z,
https://www.da.gov.ph/wp-content/uploads/2025/01/Price-Monitoring-January-6-2025.pdf,price_monitoring,0,2025-01-06,parsed,market+summary,46,0869b9c37fe3fb28cf12cd7dfd987d9436db86fa0f27bbb2dae6d41a2937fb70,2026-10-01T22:03:44.053492Z,
https://www.da.gov.ph/wp-content/uploads/2025/01/Price-Monitoring-January-7-2025.pdf,price_monitoring,0,2025-01-07,parsed,market+summary,46,59db95b17616504446265041c1bd2ae516b6e6e67c1d84437a33a00ef14a9bec,2026-10-01T22:03:49.059146Z,
https://www.da.gov.ph/wp-content/uploads/2025/01/Price-Monitoring-January-8-2025.pdf,price_monitoring,0,2025-01-08,parsed,market+summary,46,42c115b924e3db31fa78caea497d6d7d8082216c516a6bef437545b79831277d,2026-10-01T22:03:54.126622Z,
https://www.da.gov.ph/wp-content/uploads/2025/01/Price-Monitoring-January-9-2025.pdf,price_monitoring,0,2025-01-09,parsed,market+summary,46,bf8f666cb57b39aee5cf56d97c71277301409232d0d75457fb9b75a486595ee4,2026-10-01T22:03:59.232344Z,
https://www.da.gov.ph/wp-content/uploads/2025/01/Price-Monitoring-January-10-2025.pdf,price_monitoring,0,2025-01-10,failed,,,2e16908339e3064dc066756f287111e6f1240edfbdb40f4ee288046204dfd25e,2026-10-01T22:04:04.320075Z,no_rows
https://www.da.gov.ph/wp-content/uploads/2025/01/Price-Monitoring-January-11-2025.pdf,price_monitoring,0,2025-01-11,parsed,market+summary,46,ef7cb3efcddf7388156b7cfa08ad161f14b8f0539dc7939638d95a0b49cf5f44,2026-10-01T22:04:07.670163Z,
https://www.da.gov.ph/wp-content/uploads/2025/01/Price-Monitoring-January-13-2025.pdf,price_monitoring,0,2025-01-13,parsed,market+summary,46,ae7b26c173072e93915747783f98c43ac400602cb7471a131aca6a3058322593,2026-10-01T22:04:12.770960Z,
https://www.da.gov.ph/wp-content/uploads/2025/01/Price-Monitoring-January-14-2025.pdf,price_monitoring,0,2025-01-14,parsed,market+summary,46,88f80ff73271aae8d56f4029cf7782f0b71936d291f4b09b5cafd714862d37d2,2026-10-01T22:04:17.800254Z,
https://www.da.gov.ph/wp-content/uploads/2025/01/Price-Monitoring-January-15-2025.pdf,price_monitoring,0,2025-01-15,parsed,market+summary,46,96a6eb461de4467213800bf841930aa90dba2db5e5edb381c9bffdaf58349805,2026-10-01T22:04:22.934968Z,
https://www.da.gov.ph/wp-content/uploads/2025/01/Price-Monitoring-January-16-2025.pdf,price_monitoring,0,2025-01-16,parsed,market+summary,48,36629912c43d30beb301ec8faebf217ac763ef7771993047d2983b53bbe7a286,2026-10-01T22:04:28.124878Z,
https://www.da.gov.ph/wp-content/uploads/2025/01/Revised-Price-Monitoring-January-17-2025.pdf,price_monitoring,1,2025-01-17,parsed,market+summary,48,3d2479ae6c08be95a3f2da892ed066673c07804933b78c3f2245eb9bc7f5438c,2026-10-01T22:04:32.978826Z,
https://www.da.gov.ph/wp-content/uploads/2025/01/Revised-Price-Monitoring-January-18-2025.pdf,price_monitoring,1,2025-01-18,parsed,market+summary,48,9dbfc33cccc1f6159e4629575014222d9fb23dbcb14c960f7c62a7697e2f9dc2,2026-10-01T22:04:37.912726Z,
https://www.da.gov.ph/wp-content/uploads/2025/01/Revised-Price-Monitoring-January-20-2025.pdf,price_monitoring,1,2025-01-20,parsed,market+summary,48,ad058bfb5a43c4a973832a760628a42c778d0f1b9fd01d25aef82fa706595f8d,2026-10-01T22:04:43.019625Z,
https://www.da.gov.ph/wp-content/uploads/2025/01/Revised-Price-Monitoring-January-21-2025.pdf,price_monitoring,1,2025-01-21,parsed,market+summary,48,c813705ea919df27231c724deeaaf90f9985bb848fcd20390af8b49a7e721097,2026-10-01T22:04:47.908911Z,
https://www.da.gov.ph/wp-content/uploads/2025/01/Revised-Price-Monitoring-January-22-2025.pdf,price_monitoring,1,2025-01-22,parsed,market+summary,48,49703fc4ed2d6e34ad392a70c84e7b33dba4d9f1fd5e069bf542d42eac14ce9d,2026-10-01T22:04:52.928223Z,
https://www.da.gov.ph/wp-content/uploads/2025/01/Price-Monitoring-January-23-2025.pdf,price_monitoring,0,2025-01-23,parsed,market+summary,48,69019c5060cca9bf1bb50e727123a86fa67b76f7c9a638f21ea276a58181ce86,2026-10-01T22:04:57.745001Z,
https://www.da.gov.ph/wp-content/uploads/2025/01/Price-Monitoring-January-24-2025.pdf,price_monitoring,0,2025-01-24,parsed,market+summary,48,0d3b08b84358448dbadf4a919442286ad7e6ca9bc27bdb2a7fb4637647c8e998,2026-10-01T22:05:02.637973Z,
https://www.da.gov.ph/wp-content/uploads/2025/01/Price-Monitoring-January-25-2025.pdf,price_monitoring,0,2025-01-25,parsed,market+summary,48,b4adcb7a63e4047d673fb081ef831fe16d0ce6c8ef765718d0a239ab1e2d44ed,2026-10-01T22:05:07.542509Z,
https://www.da.gov.ph/wp-content/uploads/2025/01/Price-Monitoring-January-27-2025.pdf,price_monitoring,0,2025-01-27,parsed,market+summary,48,abd386a914a610abe5d5929e9c314789dd5f7a1e0c8f49090aaa534ce44ad968,2026-10-01T22:05:12.478196Z,
https://www.da.gov.ph/wp-content/uploads/2025/01/Price-Monitoring-January-28-2025.pdf,price_monitoring,0,2025-01-28,parsed,market+summary,48,3c128d12ad32c61d693a89d10ce57f6eabd2ed626a5c2d7c339ddc33bb092608,2026-10-01T22:05:17.508688Z,
https://www.da.gov.ph/wp-content/uploads/2025/01/Price-Monitoring-January-29-2025.pdf,price_monitoring,0,2025-01-29,parsed,market+summary,48,a0914889444de9d5c2a93e68d1d0be699c8aaa244dc3ddae2abb6a9f2022b5a5,2026-10-01T22:05:22.425212Z,
https://www.da.gov.ph/wp-content/uploads/2025/02/Price-Monitoring-January-30-2025.pdf,price_monitoring,0,2025-01-30,parsed,market+summary,48,d842d71e58740a180f556f994fbb91f4d7e17f2ccc0227a0b3385d0edb3b8e54,2026-10-01T22:05:27.370710Z,
https://www.da.gov.ph/wp-content/uploads/2025/02/Price-Monitoring-January-31-2025.pdf,price_monitoring,0,2025-01-31,parsed,market+summary,48,be6583d7a6ae80933dbcc3c073e674cfde8962aafdb2680c81084f87d5ae5097,2026-10-01T22:05:32.324551Z,
https://www.da.gov.ph/wp-content/uploads/2025/02/Price-Monitoring-February-1-2025.pdf,price_monitoring,0,2025-02-01,parsed,market+summary,48,d08e94e5a49cf8dede2fa9a4528c29d8de5122d1f1f14a68b132d155b3c232d3,2026-10-01T22:05:37.227932Z,
https://www.da.gov.ph/wp-content/uploads/2025/02/Weekly-Average-Prices-January-27-February-1-2025.pdf,skip,0,2025-02-01,skipped,,,,,not_a_price_report
https://www.da.gov.ph/wp-content/uploads/2025/02/Price-Monitoring-February-3-2025.pdf,price_monitoring,0,2025-02-03,parsed,market+summary,48,b478cb4a06644c647dfe17f6f95e6a00921ee9750827b4eab3b50f2a2fa1252e,2026-10-01T22:05:42.111867Z,
https://www.da.gov.ph/wp-content/uploads/2025/02/Price-Monitoring-February-4-2025.pdf,price_monitoring,0,2025-02-04,parsed,market+summary,48,3cc542af50debfc9db54affe99b66eb50ddd33a879988d211ed6d1785d1e3922,2026-10-01T22:05:46.982560Z,
https://www.da.gov.ph/wp-content/uploads/2025/02/Price-Monitoring-February-5-2025.pdf,price_monitoring,0,2025-02-05,parsed,market+summary,48,ee1019555dbd428bd67f478406aa2b7b811f401cdf593a87298639400ce9bdfa,2026-10-01T22:05:51.967201Z,
https://www.da.gov.ph/wp-content/uploads/2025/02/Price-Monitoring-February-6-2025.pdf,price_monitoring,0,2025-02-06,parsed,market+summary,48,ca32f98830afa1a17c4ff2ae8467779c8178eaeae5f557179965732aa6768a87,2026-10-01T22:05:57.083883Z,
https://www.da.gov.ph/wp-content/uploads/2025/02/Price-Monitoring-February-7-2025.pdf,price_monitoring,0,2025-02-07,parsed,market+summary,48,68e66c58154e087b589ca68dc603d50f426886a5632fc11674e9168bf453ab85,2026-10-01T22:06:02.116675Z,
https://www.da.gov.ph/wp-content/uploads/2025/02/Price-Monitoring-February-8-2025.pdf,price_monitoring,0,2025-02-08,parsed,market+summary,48,a926f33351b35037fae348e8e002d7ae192f0b98319ee3b422431ee934d009a2,2026-10-01T22:06:07.176529Z,
https://www.da.gov.ph/wp-content/uploads/2025/02/Price-Monitoring-February-10-2025.pdf,price_monitoring,0,2025-02-10,parsed,market+summary,48,0bd08e7b1ed2320ba675b67a70dd5796e6b50158d059151892537ce8920f425a,2026-10-01T22:06:12.121617Z,
https://www.da.gov.ph/wp-content/uploads/2025/02/Price-Monitoring-February-11-2025.pdf,price_monitoring,0,2025-02-11,parsed,market+summary,48,5a6072bf6c50a8bd90b1f03e94090117fcbf10a2db1cd7711ad1025460e227b6,2026-10-01T22:06:17.010074Z,
https://www.da.gov.ph/wp-content/uploads/2025/02/Price-Monitoring-February-12-2025.pdf,price_monitoring,0,2025-02-12,parsed,market+summary,48,a67f09a49721f469f7c2102d39d69a06ebb69f71d151ae8a8a32640e4f01685d,2026-10-01T22:06:21.866211Z,
https://www.da.gov.ph/wp-content/uploads/2025/02/Price-Monitoring-February-13-2025.pdf,price_monitoring,0,2025-02-13,parsed,market+summary,48,aaa8c2ec6e023d9587c90fbf5156af196ab0a8600600deba5208109c784bc4c8,2026-10-01T22:06:27.681715Z,
https://www.da.gov.ph/wp-content/uploads/2025/02/Price-Monitoring-February-14-2025.pdf,price_monitoring,0,2025-02-14,parsed,market+summary,48,63d4dd903fde82f007be3694200b008ef28f40e9271f8d2ef70f131f4d262b96,2026-10-01T22:06:32.871956Z,
https://www.da.gov.ph/wp-content/uploads/2025/02/Price-Monitoring-February-15-2025.pdf,price_monitoring,0,2025-02-15,parsed,market+summary,48,26458257bd4507cc69e026fd757f80f70917005b11b46e68b4d6fed6009348e1,2026-10-01T22:06:38.123683Z,
https://www.da.gov.ph/wp-content/uploads/2025/02/Price-Monitoring-February-17-2025.pdf,price_monitoring,0,2025-02-17,parsed,market+summary,48,9b7d1a0b9df92627a06b76e29f4a7a6ace388c10b7940687fcc3cd4227204f9c,2026-10-01T22:06:42.977227Z,
https://www.da.gov.ph/wp-content/uploads/2025/02/Price-Monitoring-February-18-2025.pdf,price_monitoring,0,2025-02-18,parsed,market+summary,48,b5ce28b3671ddaf69c2ccca660ae1e4a68a354250badd3e31b344fbd1d500ce5,2026-10-01T22:06:47.876117Z,
https://www.da.gov.ph/wp-content/uploads/2025/02/Price-Monitoring-February-19-2025.pdf,price_monitoring,0,2025-02-19,parsed,market+summary,48,137aa3fa4fffe60e216f3aae68ac896dbceadd69683e98013c709b56f21c171f,2026-10-01T22:06:52.707255Z,
https://www.da.gov.ph/wp-content/uploads/2025/02/Price-Monitoring-February-20-2025.pdf,price_monitoring,0,2025-02-20,parsed,market+summary,48,1bf3ec6ac0887190fcb0bd5e8204703805a91028de43a764ba03a7e8a3b5e002,2026-10-01T22:06:57.876627Z,
https://www.da.gov.ph/wp-content/uploads/2025/02/Price-Monitoring-February-21-2025.pdf,price_monitoring,0,2025-02-21,parsed,market+summary,49,424c2c6b29694ac3ae4ebc810217f76bd1dfcab2169750e375ff49dd41931096,2026-10-01T22:07:02.978317Z,
https://www.da.gov.ph/wp-content/uploads/2025/02/Price-Monitoring-February-22-2025.pdf,price_monitoring,0,2025-02-22,parsed,market+summary,49,d852712c100c8bd3087abe7999cc8dff2e8525d4f08f175d08c03a86935d67e9,2026-10-01T22:07:08.128372Z,
https://www.da.gov.ph/wp-content/uploads/2025/02/Price-Monitoring-February-24-2025.pdf,price_monitoring,0,2025-02-24,parsed,market+summary,48,cfe5659bb52ee973891edf15051b194792fc9cbb178bd922696027d3fcaf2177,2026-10-01T22:07:13.291027Z,
https://www.da.gov.ph/wp-content/uploads/2025/02/Price-Monitoring-February-25-2025.pdf,price_monitoring,0,2025-02-25,parsed,market+summary,48,08d8f6b9972f95f86fe2b860f44d374b0b3307dcd4c03dfd461df53067053a39,2026-10-01T22:07:18.237296Z,
https://www.da.gov.ph/wp-content/uploads/2025/02/Price-Monitoring-February-26-2025.pdf,price_monitoring,0,2025-02-26,parsed,market+summary,48,fdcf2b42f423291687f33504f008ca36aceb487d21c6f6738eef38a7d918fa72,2026-10-01T22:07:23.251981Z,
https://www.da.gov.ph/wp-content/uploads/2025/02/Price-Monitoring-February-27-2025.pdf,price_monitoring,0,2025-02-27,parsed,market+summary,48,968f1bf93b2764322eae71d1675b843c36e1dc9c0196623938ee2e9a7b3f8d75,2026-10-01T22:07:28.129307Z,
https://www.da.gov.ph/wp-content/uploads/2025/03/Price-Monitoring-February-28-2025.pdf,price_monitoring,0,2025-02-28,parsed,market+summary,49,58f9ce8eefabb8eae24d044585d892f0a67df3ae503dfddc1f4eef3e17720c1c,2026-10-01T22:07:33.064402Z,
https://www.da.gov.ph/wp-content/uploads/2025/03/Price-Monitoring-March-1-2025.pdf,price_monitoring,0,2025-03-01,parsed,market+summary,48,a6e31079dff3bb77d7e7bd0ec987d969da71e26392f48438949b28f317358b71,2026-10-01T22:07:38.011400Z,
https://www.da.gov.ph/wp-content/uploads/2025/03/Weekly-Average-Prices-February-24-March-1-2025.pdf,skip,0,2025-03-01,skipped,,,,,not_a_price_report
https://www.da.gov.ph/wp-content/uploads/2025/07/Daily-Price-Index-March-1-2025.pdf,daily_price_index,0,2025-03-01,skipped,,,,,pm_exists
https://www.da.gov.ph/wp-content/uploads/2025/03/Daily-Cigarette-Price-Monitoring-March-3-2025.pdf,skip,0,2025-03-03,skipped,,,,,not_a_price_report
https://www.da.gov.ph/wp-content/uploads/2025/03/Price-Monitoring-March-3-2025.pdf,price_monitoring,0,2025-03-03,parsed,market+summary,49,b7fe3653f682e2c4c77a3135f4c9d0006be3d0578f97b775cb605106c659e18e,2026-10-01T22:07:43.045430Z,
https://www.da.gov.ph/wp-content/uploads/2025/07/Daily-Price-Index-March-3-2025.pdf,daily_price_index,0,2025-03-03,skipped,,,,,pm_exists
https://www.da.gov.ph/wp-content/uploads/2025/03/Daily-Cigarette-Price-Monitoring-March-4-2025.pdf,skip,0,2025-03-04,skipped,,,,,not_a_price_report
https://www.da.gov.ph/wp-content/uploads/2025/03/Price-Monitoring-March-4-2025.pdf,price_monitoring,0,2025-03-04,parsed,market+summary,48,ad5629536b4e00e18d59f02c3ef482e7f95682d7fa5e21bd51363510c272beb2,2026-10-01T22:07:48.306856Z,
https://www.da.gov.ph/wp-content/uploads/2025/07/Daily-Price-Index-March-4-2025.pdf,daily_price_index,0,2025-03-04,skipped,,,,,pm_exists
https://www.da.gov.ph/wp-content/uploads/2025/03/Daily-Cigarette-Price-Monitoring-March-5-2025.pdf,skip,0,2025-03-05,skipped,,,,,not_a_price_report
https://www.da.gov.ph/wp-content/uploads/2025/03/Price-Monitoring-March-5-2025.pdf,price_monitoring,0,2025-03-05,parsed,market+summary,48,85a187dc55b362d5543ab3267880659ddf8d6d5a6671f5629f923c334adfbfda,2026-10-01T22:07:53.397036Z,
https://www.da.gov.ph/wp-content/uploads/2025/07/Daily-Price-Index-March-5-2025.pdf,daily_price_index,0,2025-03-05,skipped,,,,,pm_exists
https://www.da.gov.ph/wp-content/uploads/2025/03/Daily-Cigarette-Price-Monitoring-March-6-2025.pdf,skip,0,2025-03-06,skipped,,,,,not_a_price_report
https://www.da.gov.ph/wp-content/uploads/2025/03/Price-Monitoring-March-6-2025.pdf,price_monitoring,0,2025-03-06,parsed,market+summary,48,a157b460d5d77ec628ea7a42a0417115a254eb924e59dc030e8314b378fa9169,2026-10-01T22:07:58.449957Z,
https://www.da.gov.ph/wp-content/uploads/2025/07/Daily-Price-Index-March-6-2025.pdf,daily_price_index,0,2025-03-06,skipped,,,,,pm_exists
https://www.da.gov.ph/wp-content/uploads/2025/03/Daily-Cigarette-Price-Monitoring-March-7-2025.pdf,skip,0,2025-03-07,skipped,,,,,not_a_price_report
https://www.da.gov.ph/wp-content/uploads/2025/03/Price-Monitoring-March-7-2025.pdf,price_monitoring,0,2025-03-07,parsed,market+summary,48,f6cae5f30a33d9b8f302113326b3eca37afdd60847db9d3babed87efa7e7b7b8,2026-10-01T22:08:03.465572Z,
https://www.da.gov.ph/wp-content/uploads/2025/07/Daily-Price-Index-March-7-2025.pdf,daily_price_index,0,2025-03-07,skipped,,,,,pm_exists
https://www.da.gov.ph/wp-content/uploads/2025/03/Daily-Cigarette-Price-Monitoring-March-8-2025.pdf,skip,0,2025-03-08,skipped,,,,,not_a_price_report
https://www.da.gov.ph/wp-content/uploads/2025/03/Price-Monitoring-March-8-2025.pdf,price_monitoring,0,2025-03-08,parsed,market+summary,48,c64f8f733c901b9b7057420148431e9337a367c1935ce7023eb773f8b297483e,2026-10-01T22:08:08.411214Z,
https://www.da.gov.ph/wp-content/uploads/2025/07/Daily-Price-Index-March-8-2025.pdf,daily_price_index,0,2025-03-08,skipped,,,,,pm_exists
https://www.da.gov.ph/wp-content/uploads/2025/03/Daily-Cigarette-Price-Monitoring-March-10-2025.pdf,skip,0,2025-03-10,skipped,,,,,not_a_price_report
https://www.da.gov.ph/wp-content/uploads/2025/03/Price-Monitoring-March-10-2025.pdf,price_monitoring,0,2025-03-10,parsed,market+summary,48,6816a05431c36d0ef66e0f9a5534a2e1128cc6ef337be1d3f55cce6e426ef308,2026-10-01T22:08:14.435164Z,
https://www.da.gov.ph/wp-content/uploads/2025/07/Daily-Price-Index-March-10-2025.pdf,daily_price_index,0,2025-03-10,skipped,,,,,pm_exists
https://www.da.gov.ph/wp-content/uploads/2025/03/Daily-Cigarette-Price-Monitoring-March-11-2025.pdf,skip,0,2025-03-11,skipped,,,,,not_a_price_report
https://www.da.gov.ph/wp-content/uploads/2025/03/Price-Monitoring-March-11-2025.pdf,price_monitoring,0,2025-03-11,parsed,market+summary,48,48ff7bccd6280bb0f603b221fcaf4e45eb859dbbef1eca8e9490cbaeacce6843,2026-10-01T22:08:19.315055Z,
https://www.da.gov.ph/wp-content/uploads/2025/07/Daily-Price-Index-March-11-2025.pdf,daily_price_index,0,2025-03-11,skipped,,,,,pm_exists
https://www.da.gov.ph/wp-content/uploads/2025/03/Daily-Cigarette-Price-Monitoring-March-12-2025.pdf,skip,0,2025-03-12,skipped,,,,,not_a_price_report
https://www.da.gov.ph/wp-content/uploads/2025/03/Price-Monitoring-March-12-2025.pdf,price_monitoring,0,2025-03-12,parsed,market+summary,48,1e9664955320bd9d896a81ab74350305570561a6c832552cd8199cc6cebd4975,2026-10-01T22:08:24.226039Z,
https://www.da.gov.ph/wp-content/uploads/2025/07/Daily-Price-Index-March-12-2025.pdf,daily_price_index,0,2025-03-12,skipped,,,,,pm_exists
https://www.da.gov.ph/wp-content/uploads/2025/03/Daily-Cigarette-Price-Monitoring-March-13-2025.pdf,skip,0,2025-03-13,skipped,,,,,not_a_price_report
https://www.da.gov.ph/wp-content/uploads/2025/03/Price-Monitoring-March-13-2025.pdf,price_monitoring,0,2025-03-13,parsed,market+summary,48,9963a05b0c62deaf082f262fc2868ae9ccf54d93d3c75c92d8a62e1381e46932,2026-10-01T22:08:29.095946Z,
https://www.da.gov.ph/wp-content/uploads/2025/07/Daily-Price-Index-March-13-2025.pdf,daily_price_index,0,2025-03-13,skipped,,,,,pm_exists
https://www.da.gov.ph/wp-content/uploads/2025/03/Daily-Cigarette-Price-Monitoring-March-14-2025.pdf,skip,0,2025-03-14,skipped,,,,,not_a_price_report
https://www.da.gov.ph/wp-content/uploads/2025/03/Price-Monitoring-March-14-2025.pdf,price_monitoring,0,2025-03-14,parsed,market+summary,48,26bca1f2408b72cfb755bad8314dc8b469c03c6d154faa187aaca26b2d77eefd,2026-10-01T22:08:33.952987Z,
https://www.da.gov.ph/wp-content/uploads/2025/07/Daily-Price-Index-March-14-2025.pdf,daily_price_index,0,2025-03-14,skipped,,,,,pm_exists
https://www.da.gov.ph/wp-content/uploads/2025/03/Daily-Cigarette-Price-Monitoring-March-15-2025.pdf,skip,0,2025-03-15,skipped,,,,,not_a_price_report
https://www.da.gov.ph/wp-content/uploads/2025/03/Price-Monitoring-March-15-2025.pdf,price_monitoring,0,2025-03-15,parsed,market+summary,48,3d374a5bbd31d28e05291e259ccf2a72e8457240f3e4720823ebbfc89c7d9667,2026-10-01T22:08:38.898245Z,
https://www.da.gov.ph/wp-content/uploads/2025/07/Daily-Price-Index-March-15-2025.pdf,daily_price_index,0,2025-03-15,skipped,,,,,pm_exists
https://www.da.gov.ph/wp-content/uploads/2025/03/Daily-Cigarette-Price-Monitoring-March-16-2025.pdf,skip,0,2025-03-16,skipped,,,,,not_a_price_report
https://www.da.gov.ph/wp-content/uploads/2025/03/Daily-Cigarette-Price-Monitoring-March-17-2025.pdf,skip,0,2025-03-17,skipped,,,,,not_a_price_report
https://www.da.gov.ph/wp-content/uploads/2025/03/Price-Monitoring-March-17-2025.pdf,price_monitoring,0,2025-03-17,parsed,market+summary,48,f5b83fb8718fbfa3cda4dfb044a9b4ea22f1eedadd6ac89a8c9fc449b853c7d6,2026-10-01T22:08:43.837925Z,
https://www.da.gov.ph/wp-content/uploads/2025/07/Daily-Price-Index-March-17-2025.pdf,daily_price_index,0,2025-03-17,skipped,,,,,pm_exists
https://www.da.gov.ph/wp-content/uploads/2025/03/Daily-Cigarette-Price-Monitoring-March-18-2025.pdf,skip,0,2025-03-18,skipped,,,,,not_a_price_report
https://www.da.gov.ph/wp-content/uploads/2025/03/Price-Monitoring-March-18-2025.pdf,price_monitoring,0,2025-03-18,parsed,market+summary,48,e9c221b4941739dcf9e94befefc7c26b2e69200d3fa5759461dd2b6fcfa1d71f,2026-10-01T22:08:48.768682Z,
https://www.da.gov.ph/wp-content/uploads/2025/07/Daily-Price-Index-March-18-2025.pdf,daily_price_index,0,2025-03-18,skipped,,,,,pm_exists
https://www.da.gov.ph/wp-content/uploads/2025/03/Daily-Cigarette-Price-Monitoring-March-19-2025.pdf,skip,0,2025-03-19,skipped,,,,,not_a_price_report
https://www.da.gov.ph/wp-content/uploads/2025/03/Price-Monitoring-March-19-2025.pdf,price_monitoring,0,2025-03-19,parsed,market+summary,48,6d8321c4b409bf66ae9e2b0622255f32fc92e1443b787defdaac0c8218c23eae,2026-10-01T22:08:53.627529Z,
https://www.da.gov.ph/wp-content/uploads/2025/07/Daily-Price-Index-March-19-2025.pdf,daily_price_index,0,2025-03-19,skipped,,,,,pm_exists
https://www.da.gov.ph/wp-content/uploads/2025/03/Daily-Cigarette-Price-Monitoring-March-20-2025.pdf,skip,0,2025-03-20,skipped,,,,,not_a_price_report
https://www.da.gov.ph/wp-content/uploads/2025/03/Price-Monitoring-March-20-2025.pdf,price_monitoring,0,2025-03-20,parsed,market+summary,48,7b21bc63281b09f6dbc3247e9e95402d2ee7d118d0f49549d217cc6dc829af96,2026-10-01T22:08:58.527691Z,
https://www.da.gov.ph/wp-content/uploads/2025/07/Daily-Price-Index-March-20-2025.pdf,daily_price_index,0,2025-03-20,skipped,,,,,pm_exists
https://www.da.gov.ph/wp-content/uploads/2025/03/Daily-Cigarette-Price-Monitoring-March-21-2025.pdf,skip,0,2025-03-21,skipped,,,,,not_a_price_report
https://www.da.gov.ph/wp-content/uploads/2025/03/Price-Monitoring-March-21-2025.pdf,price_monitoring,0,2025-03-21,parsed,market+summary,47,68569933a8ef5503d65fe49efb0fe55bf63bb4227166d7e2f5b4f6fce0c9f87e,2026-10-01T22:09:03.556367Z,
https://www.da.gov.ph/wp-content/uploads/2025/07/Daily-Price-Index-March-21-2025.pdf,daily_price_index,0,2025-03-21,skipped,,,,,pm_exists
https://www.da.gov.ph/wp-content/uploads/2025/03/Daily-Cigarette-Price-Monitoring-March-22-2025.pdf,skip,0,2025-03-22,skipped,,,,,not_a_price_report
https://www.da.gov.ph/wp-content/uploads/2025/03/Price-Monitoring-March-22-2025.pdf,price_monitoring,0,2025-03-22,parsed,market+summary,47,60aa70c08357dc7f1b5dab3fdc92ea6f68df545793c15f052204770ba5c95593,2026-10-01T22:09:08.407409Z,
https://www.da.gov.ph/wp-content/uploads/2025/07/Daily-Price-Index-March-22-2025.pdf,daily_price_index,0,2025-03-22,skipped,,,,,pm_exists
https://www.da.gov.ph/wp-content/uploads/2025/03/Daily-Cigarette-Price-Monitoring-March-23-2025.pdf,skip,0,2025-03-23,skipped,,,,,not_a_price_report
https://www.da.gov.ph/wp-content/uploads/2025/03/Daily-Cigarette-Price-Monitoring-March-24-2025.pdf,skip,0,2025-03-24,skipped,,,,,not_a_price_report
https://www.da.gov.ph/wp-content/uploads/2025/03/Price-Monitoring-March-24-2025.pdf,price_monitoring,0,2025-03-24,parsed,market+summary,47,ca04de7c9e1e68ddd5ecab207e9c119a31fdc3ccd8897305e1b35145074f0925,2026-10-01T22:09:13.271204Z,
https://www.da.gov.ph/wp-content/uploads/2025/07/Daily-Price-Index-March-24-2025.pdf,daily_price_index,0,2025-03-24,skipped,,,,,pm_exists
https://www.da.gov.ph/wp-content/uploads/2025/03/Daily-Cigarette-Price-Monitoring-March-25-2025.pdf,skip,0,2025-03-25,skipped,,,,,not_a_price_report
https://www.da.gov.ph/wp-content/uploads/2025/03/Price-Monitoring-March-25-2025.pdf,price_monitoring,0,2025-03-25,parsed,market+summary,47,d066a2de55c6886ec1a7f1e8c90288b03e67b3f6d5e51466fee7cf76f86dc4ca,2026-10-01T22:09:18.154189Z,
https://www.da.gov.ph/wp-content/uploads/2025/07/Daily-Price-Index-March-25-2025.pdf,daily_price_index,0,2025-03-25,skipped,,,,,pm_exists
https://www.da.gov.ph/wp-content/uploads/2025/03/Daily-Cigarette-Price-Monitoring-March-26-2025.pdf,skip,0,2025-03-26,skipped,,,,,not_a_price_report
https://www.da.gov.ph/wp-content/uploads/2025/03/Price-Monitoring-March-26-2025.pdf,price_monitoring,0,2025-03-26,parsed,market+summary,47,42802aac124a27a1ccd1a9b1e8630fdf4a2f6cd6dcdcdc9b84d89c68ba5af776,2026-10-01T22:09:22.976457Z,
https://www.da.gov.ph/wp-content/uploads/2025/07/Daily-Price-Index-March-26-2025.pdf,daily_price_index,0,2025-03-26,skipped,,,,,pm_exists
https://www.da.gov.ph/wp-content/uploads/2025/03/Daily-Cigarette-Price-Monitoring-March-27-2025.pdf,skip,0,2025-03-27,skipped,,,,,not_a_price_report
https://www.da.gov.ph/wp-content/uploads/2025/03/Price-Monitoring-March-27-2025.pdf,price_monitoring,0,2025-03-27,parsed,market+summary,47,418bc0836e50b4588d5f803824c817e5b978447f4e5a458c48a8f22845bc17bd,2026-10-01T22:09:27.801204Z,
https://www.da.gov.ph/wp-content/uploads/2025/07/Daily-Price-Index-March-27-2025.pdf,daily_price_index,0,2025-03-27,skipped,,,,,pm_exists
https://www.da.gov.ph/wp-content/uploads/2025/03/Daily-Cigarette-Price-Monitoring-March-28-2025.pdf,skip,0,2025-03-28,skipped,,,,,not_a_price_report
https://www.da.gov.ph/wp-content/uploads/2025/04/Price-Monitoring-March-28-2025.pdf,price_monitoring,0,2025-03-28,parsed,market+summary,47,612a758bf998d95fe8a212e225d80136caeae36d9102da3a130c62e220928340,2026-10-01T22:09:32.687958Z,
https://www.da.gov.ph/wp-content/uploads/2025/07/Daily-Price-Index-March-28-2025.pdf,daily_price_index,0,2025-03-28,skipped,,,,,pm_exists
https://www.da.gov.ph/wp-content/uploads/2025/03/Daily-Cigarette-Price-Monitoring-March-29-2025.pdf,skip,0,2025-03-29,skipped,,,,,not_a_price_report
https://www.da.gov.ph/wp-content/uploads/2025/04/Price-Monitoring-March-29-2025.pdf,price_monitoring,0,2025-03-29,parsed,market+summary,47,48737751d94702cbbaf114d8a875fcd890693da6c4abb87bf2436f732965b8fe,2026-10-01T22:09:37.590031Z,
https://www.da.gov.ph/wp-content/uploads/2025/07/Daily-Price-Index-March-29-2025.pdf,daily_price_index,0,2025-03-29,skipped,,,,,pm_exists
https://www.da.gov.ph/wp-content/uploads/2025/03/Daily-Cigarette-Price-Monitoring-March-30-2025.pdf,skip,0,2025-03-30,skipped,,,,,not_a_price_report
https://www.da.gov.ph/wp-content/uploads/2025/03/Daily-Cigarette-Price-Monitoring-March-31-2025.pdf,skip,0,2025-03-31,skipped,,,,,not_a_price_report
https://www.da.gov.ph/wp-content/uploads/2025/04/Price-Monitoring-March-31-2025.pdf,price_monitoring,0,2025-03-31,failed,,,efced313096249f548bcca140cf1feb936d4efb07e91f1d95f5a13d651d433aa,2026-10-01T22:09:42.433909Z,no_rows
https://www.da.gov.ph/wp-content/uploads/2025/07/Daily-Price-Index-March-31-2025.pdf,daily_price_index,0,2025-03-31,parsed,rowtable,48,8386844113b5e70ada59e3a483962e8b090f4b8dbcd8aa70ed6dc00b929d27b3,2026-10-01T22:09:45.688293Z,
https://www.da.gov.ph/wp-content/uploads/2025/04/Daily-Cigarette-Price-Monitoring-April-1-2025.pdf,skip,0,2025-04-01,skipped,,,,,not_a_price_report
https://www.da.gov.ph/wp-content/uploads/2025/04/Price-Monitoring-April-1-2025.pdf,price_monitoring,0,2025-04-01,parsed,market+summary,48,49742e25f2d2c4d07373c3d48902a857e69dc9ed017daacad8aaea98eb8895dd,2026-10-01T22:09:50.135393Z,
https://www.da.gov.ph/wp-content/uploads/2025/07/Daily-Price-Index-April-1-2025.pdf,daily_price_index,0,2025-04-01,skipped,,,,,pm_exists
https://www.da.gov.ph/wp-content/uploads/2025/04/Daily-Cigarette-Price-Monitoring-April-2-2025.pdf,skip,0,2025-04-02,skipped,,,,,not_a_price_report
https://www.da.gov.ph/wp-content/uploads/2025/04/Price-Monitoring-April-2-2025.pdf,price_monitoring,0,2025-04-02,parsed,market+summary,48,863fce1eeb73da389dee881c2c621841abadc6786ddec4235c22cba2e76b1ae7,2026-10-01T22:09:55.157427Z,
https://www.da.gov.ph/wp-content/uploads/2025/07/Daily-Price-Index-April-2-2025.pdf,daily_price_index,0,2025-04-02,skipped,,,,,pm_exists
https://www.da.gov.ph/wp-content/uploads/2025/04/Daily-Cigarette-Price-Monitoring-April-3-2025.pdf,skip,0,2025-04-03,skipped,,,,,not_a_price_report
https://www.da.gov.ph/wp-content/uploads/2025/04/Price-Monitoring-April-3-2025.pdf,price_monitoring,0,2025-04-03,parsed,market+summary,48,4aeb9256329e6637c5bc6fedfa24b9f6d0052a161d450af4674d64e9563a1a5a,2026-10-01T22:10:00.092734Z,
https://www.da.gov.ph/wp-content/uploads/2025/07/Daily-Price-Index-April-3-2025.pdf,daily_price_index,0,2025-04-03,skipped,,,,,pm_exists
https://www.da.gov.ph/wp-content/uploads/2025/04/Daily-Cigarette-Price-Monitoring-April-4-2025.pdf,skip,0,2025-04-04,skipped,,,,,not_a_price_report
https://www.da.gov.ph/wp-content/uploads/2025/04/Price-Monitoring-April-4-2025.pdf,price_monitoring,0,2025-04-04,parsed,market+summary,48,ecbd1dbb37b65b743bcbc19b9a091c5d51ad5ebe8060214bc555f54c0497e75a,2026-10-01T22:10:05.066962Z,
https://www.da.gov.ph/wp-content/uploads/2025/07/Daily-Price-Index-April-4-2025.pdf,daily_price_index,0,2025-04-04,skipped,,,,,pm_exists
https://www.da.gov.ph/wp-content/uploads/2025/04/Daily-Cigarette-Price-Monitoring-April-5-2025.pdf,skip,0,2025-04-05,skipped,,,,,not_a_price_report
https://www.da.gov.ph/wp-content/uploads/2025/04/Price-Monitoring-April-5-2025.pdf,price_monitoring,0,2025-04-05,parsed,market+summary,48,d9eaf47fd2355e7ba54d458d0dec665dc90ebd538556d87b1edc9a8b5ce56088,2026-10-01T22:10:09.997636Z,
https://www.da.gov.ph/wp-content/uploads/2025/04/Weekly-Average-Prices-March-31-April-5-2025.pdf,skip,0,2025-04-05,skipped,,,,,not_a_price_report
https://www.da.gov.ph/wp-content/uploads/2025/07/Daily-Price-Index-April-5-2025.pdf,daily_price_index,0,2025-04-05,skipped,,,,,pm_exists
https://www.da.gov.ph/wp-content/uploads/2025/04/Daily-Cigarette-Price-Monitoring-April-6-2025.pdf,skip,0,2025-04-06,skipped,,,,,not_a_price_report
https://www.da.gov.ph/wp-content/uploads/2025/04/Revised-Daily-Price-Index-April-6-2025.pdf,daily_price_index,1,2025-04-06,parsed,rowtable,34,82160f77ae2edfb9c9cd6a07b98aecff79f39a2dc2db0353a05c280719fcbd5d,2026-10-01T22:10:14.813324Z,
https://www.da.gov.ph/wp-content/uploads/2025/04/Daily-Price-Index-April-7-2025.pdf,daily_price_index,0,2025-04-07,skipped,,,,,pm_exists
https://www.da.gov.ph/wp-content/uploads/2025/04/Price-Monitoring-April-7-2025.pdf,price_monitoring,0,2025-04-07,parsed,market+summary,47,4dcde192bf9f5a5a8d61691b251fdc58781e3d173a53cd0e6970e6be1cceb310,2026-10-01T22:10:19.161311Z,
https://www.da.gov.ph/wp-content/uploads/2025/04/Revised-Daily-Cigarette-Price-Monitoring-April-7-2025.pdf,skip,1,2025-04-07,skipped,,,,,not_a_price_report
https://www.da.gov.ph/wp-content/uploads/2025/04/Daily-Cigarette-Price-Monitoring-April-8-2025.pdf,skip,0,2025-04-08,skipped,,,,,not_a_price_report
https://www.da.gov.ph/wp-content/uploads/2025/04/Daily-Price-Index-April-8-2025.pdf,daily_price_index,0,2025-04-08,skipped,,,,,pm_exists
https://www.da.gov.ph/wp-content/uploads/2025/04/Price-Monitoring-April-8-2025.pdf,price_monitoring,0,2025-04-08,parsed,market+summary,47,a6afa00474498cac723f866820d05ab410a574db317ace0c337d5dd0978059cd,2026-10-01T22:10:24.100413Z,
https://www.da.gov.ph/wp-content/uploads/2025/04/Daily-Cigarette-Price-Monitoring-April-9-2025.pdf,skip,0,2025-04-09,skipped,,,,,not_a_price_report
https://www.da.gov.ph/wp-content/uploads/2025/04/Daily-Price-Index-April-9-2025.pdf,daily_price_index,0,2025-04-09,skipped,,,,,pm_exists
https://www.da.gov.ph/wp-content/uploads/2025/04/Price-Monitoring-April-9-2025.pdf,price_monitoring,0,2025-04-09,parsed,market+summary,47,bfcf2c3ba2e11a6a5cfcb6b398c2532969d13ef7de0e52523fdf1265a3ec3d09,2026-10-01T22:10:28.982849Z,
https://www.da.gov.ph/wp-content/uploads/2025/04/Daily-Cigarette-Price-Monitoring-April-10-2025.pdf,skip,0,2025-04-10,skipped,,,,,not_a_price_report
https://www.da.gov.ph/wp-content/uploads/2025/04/Daily-Price-Index-April-10-2025.pdf,daily_price_index,0,2025-04-10,skipped,,,,,pm_exists
https://www.da.gov.ph/wp-content/uploads/2025/04/Price-Monitoring-April-10-2025.pdf,price_monitoring,0,2025-04-10,parsed,market+summary,47,51578b2c45e0bd8fdf9376b949174f64e7b173f99a0ff2dec2d0b82d3a1b23c3,2026-10-01T22:10:33.876753Z,
https://www.da.gov.ph/wp-content/uploads/2025/04/Daily-Cigarette-Price-Monitoring-April-11-2025.pdf,skip,0,2025-04-11,skipped,,,,,not_a_price_report
https://www.da.gov.ph/wp-content/uploads/2025/04/Daily-Price-Index-April-11-2025.pdf,daily_price_index,0,2025-04-11,skipped,,,,,pm_exists
https://www.da.gov.ph/wp-content/uploads/2025/04/Price-Monitoring-April-11-2025.pdf,price_monitoring,0,2025-04-11,parsed,market+summary,46,81df9eb50e3376b66964dcbad356341e0467a69babe34c788a85967c7f420eaa,2026-10-01T22:10:38.785469Z,
https://www.da.gov.ph/wp-content/uploads/2025/04/Daily-Cigarette-Price-Monitoring-April-12-2025.pdf,skip,0,2025-04-12,skipped,,,,,not_a_price_report
https://www.da.gov.ph/wp-content/uploads/2025/04/Daily-Price-Index-April-12-2025.pdf,daily_price_index,0,2025-04-12,skipped,,,,,pm_exists
https://www.da.gov.ph/wp-content/uploads/2025/04/Price-Monitoring-April-12-2025.pdf,price_monitoring,0,2025-04-12,parsed,market+summary,47,a6c79b609382b2bcc01395ef6d10642f50f638ddf61159377b20b686715ccb8b,2026-10-01T22:10:43.686466Z,
https://www.da.gov.ph/wp-content/uploads/2025/04/Daily-Cigarette-Price-Monitoring-April-13-2025.pdf,skip,0,2025-04-13,skipped,,,,,not_a_price_report
https://www.da.gov.ph/wp-content/uploads/2025/05/Daily-Price-Index-April-13-2025.pdf,daily_price_index,0,2025-04-13,parsed,rowtable,34,bea9c0016c794b720152b55e2aa0c31ca10caf4b119564fcfe39ff6b1cd13cb2,2026-10-01T22:10:48.508348Z,
https://www.da.gov.ph/wp-content/uploads/2025/04/Daily-Cigarette-Price-Monitoring-April-14-2025.pdf,skip,0,2025-04-14,skipped,,,,,not_a_price_report
https://www.da.gov.ph/wp-content/uploads/2025/04/Price-Monitoring-April-14-2025.pdf,price_monitoring,0,2025-04-14,parsed,market+summary,47,36c07e0f5512c8c2e1f45b11a2072a7d10e6e92c37afaff8486ac18448c834f2,2026-10-01T22:10:52.793685Z,
https://www.da.gov.ph/wp-content/uploads/2025/05/Daily-Price-Index-April-14-2025.pdf,daily_price_index,0,2025-04-14,skipped,,,,,pm_exists
https://www.da.gov.ph/wp-content/uploads/2025/04/Daily-Cigarette-Price-Monitoring-April-15-2025.pdf,skip,0,2025-04-15,skipped,,,,,not_a_price_report
https://www.da.gov.ph/wp-content/uploads/2025/04/Price-Monitoring-April-15-2025.pdf,price_monitoring,0,2025-04-15,parsed,market+summary,47,74d472671423fcc57916399a3d6351f1f60b661d837fd84889775b908d4f90f6,2026-10-01T22:10:57.949940Z,
https://www.da.gov.ph/wp-content/uploads/2025/05/Daily-Price-Index-April-15-2025.pdf,daily_price_index,0,2025-04-15,skipped,,,,,pm_exists
https://www.da.gov.ph/wp-content/uploads/2025/04/Daily-Cigarette-Price-Monitoring-April-16-2025.pdf,skip,0,2025-04-16,skipped,,,,,not_a_price_report
https://www.da.gov.ph/wp-content/uploads/2025/04/Price-Monitoring-April-16-2025.pdf,price_monitoring,0,2025-04-16,parsed,market+summary,47,6f3d75afc774099cdf8c71f1523741d5183be59a3a5310f0f0669d11c6b8c3c9,2026-10-01T22:11:03.070278Z,
https://www.da.gov.ph/wp-content/uploads/2025/05/Daily-Price-Index-April-16-2025.pdf,daily_price_index,0,2025-04-16,skipped,,,,,pm_exists
https://www.da.gov.ph/wp-content/uploads/2025/04/Daily-Cigarette-Price-Monitoring-April-20-2025.pdf,skip,0,2025-04-20,skipped,,,,,not_a_price_report
https://www.da.gov.ph/wp-content/uploads/2025/05/Daily-Price-Index-April-20-2025.pdf,daily_price_index,0,2025-04-20,parsed,rowtable,31,8a7a96137675b4bd325c4bef80bc2443111b1a61dd3e961a9b56813277c2bd3a,2026-10-01T22:11:07.920330Z,
https://www.da.gov.ph/wp-content/uploads/2025/04/Daily-Cigarette-Price-Monitoring-April-21-2025.pdf,skip,0,2025-04-21,skipped,,,,,not_a_price_report
https://www.da.gov.ph/wp-content/uploads/2025/04/Price-Monitoring-April-21-2025.pdf,price_monitoring,0,2025-04-21,parsed,market+summary,47,c20746308765f51fec84de687524be0023d52f118c279d816db4094dff09ba4a,2026-10-01T22:11:12.234180Z,
https://www.da.gov.ph/wp-content/uploads/2025/05/Daily-Price-Index-April-21-2025.pdf,daily_price_index,0,2025-04-21,skipped,,,,,pm_exists
https://www.da.gov.ph/wp-content/uploads/2025/04/Daily-Cigarette-Price-Monitoring-April-22-2025.pdf,skip,0,2025-04-22,skipped,,,,,not_a_price_report
https://www.da.gov.ph/wp-content/uploads/2025/04/Price-Monitoring-April-22-2025.pdf,price_monitoring,0,2025-04-22,parsed,market+summary,46,72632760b3828fea3c5a08421e45dbec2932c563110faebdb0cc516df82d4575,2026-10-01T22:11:17.336136Z,
https://www.da.gov.ph/wp-content/uploads/2025/05/Daily-Price-Index-April-22-2025.pdf,daily_price_index,0,2025-04-22,skipped,,,,,pm_exists
https://www.da.gov.ph/wp-content/uploads/2025/04/Daily-Cigarette-Price-Monitoring-April-23-2025.pdf,skip,0,2025-04-23,skipped,,,,,not_a_price_report
https://www.da.gov.ph/wp-content/uploads/2025/04/Price-Monitoring-April-23-2025.pdf,price_monitoring,0,2025-04-23,parsed,market+summary,46,163fd1ffaf88240bfd9af6f7ec301bb40645ac4898404ef96a73ed600818146f,2026-10-01T22:11:23.200298Z,
https://www.da.gov.ph/wp-content/uploads/2025/05/Daily-Price-Index-April-23-2025.pdf,daily_price_index,0,2025-04-23,skipped,,,,,pm_exists
https://www.da.gov.ph/wp-content/uploads/2025/04/Daily-Cigarette-Price-Monitoring-April-24-2025.pdf,skip,0,2025-04-24,skipped,,,,,not_a_price_report
https://www.da.gov.ph/wp-content/uploads/2025/04/Price-Monitoring-April-24-2025.pdf,price_monitoring,0,2025-04-24,parsed,market+summary,46,ebe4ee22cdd2bafdf4a6129360f5681521f8807f8eb98f58373754773704fe17,2026-10-01T22:11:28.112603Z,
https://www.da.gov.ph/wp-content/uploads/2025/05/Daily-Price-Index-April-24-2025.pdf,daily_price_index,0,2025-04-24,skipped,,,,,pm_exists
https://www.da.gov.ph/wp-content/uploads/2025/04/Daily-Cigarette-Price-Monitoring-April-25-2025.pdf,skip,0,2025-04-25,skipped,,,,,not_a_price_report
https://www.da.gov.ph/wp-content/uploads/2025/04/Price-Monitoring-April-25-2025.pdf,price_monitoring,0,2025-04-25,parsed,market+summary,46,3fdf6cd8320ca274a04cf2d88612a8541a21985b34ba3df5cf86ffd16edd28ba,2026-10-01T22:11:33.023564Z,
https://www.da.gov.ph/wp-content/uploads/2025/05/Daily-Price-Index-April-25-2025.pdf,daily_price_index,0,2025-04-25,skipped,,,,,pm_exists
https://www.da.gov.ph/wp-content/uploads/2025/04/Daily-Cigarette-Price-Monitoring-April-26-2025.pdf,skip,0,2025-04-26,skipped,,,,,not_a_price_report
https://www.da.gov.ph/wp-content/uploads/2025/04/Price-Monitoring-April-26-2025.pdf,price_monitoring,0,2025-04-26,parsed,market+summary,46,6ae5cc454acae00edd0ed3b04ec09b1792eec47cbb18d9fab2c57da21f5ad608,2026-10-01T22:11:38.039766Z,
https://www.da.gov.ph/wp-content/uploads/2025/05/Daily-Price-Index-April-26-2025.pdf,daily_price_index,0,2025-04-26,skipped,,,,,pm_exists
https://www.da.gov.ph/wp-content/uploads/2025/04/Daily-Cigarette-Price-Monitoring-April-27-2025.pdf,skip,0,2025-04-27,skipped,,,,,not_a_price_report
https://www.da.gov.ph/wp-content/uploads/2025/05/Daily-Price-Index-April-27-2025.pdf,daily_price_index,0,2025-04-27,parsed,rowtable,32,1e3558f60650460a9f7dc5834e4691a64071bd3fdc439082b6649a129b04ca55,2026-10-01T22:11:42.872199Z,
https://www.da.gov.ph/wp-content/uploads/2025/04/Daily-Cigarette-Price-Monitoring-April-28-2025.pdf,skip,0,2025-04-28,skipped,,,,,not_a_price_report
https://www.da.gov.ph/wp-content/uploads/2025/04/Price-Monitoring-April-28-2025.pdf,price_monitoring,0,2025-04-28,parsed,market+summary,47,63216ff320e75578d9d84cd88a5ed372d59922a8db8437317847f48d3d45004e,2026-10-01T22:11:47.184834Z,
https://www.da.gov.ph/wp-content/uploads/2025/05/Daily-Price-Index-April-28-2025.pdf,daily_price_index,0,2025-04-28,skipped,,,,,pm_exists
https://www.da.gov.ph/wp-content/uploads/2025/04/Daily-Cigarette-Price-Monitoring-April-29-2025.pdf,skip,0,2025-04-29,skipped,,,,,not_a_price_report
https://www.da.gov.ph/wp-content/uploads/2025/04/Price-Monitoring-April-29-2025.pdf,price_monitoring,0,2025-04-29,parsed,market+summary,47,a39ba682a543b1b3d866807f65c04e8dfd2510359c562d9332f73a854a435a46,2026-10-01T22:11:52.104492Z,
https://www.da.gov.ph/wp-content/uploads/2025/05/Daily-Price-Index-April-29-2025.pdf,daily_price_index,0,2025-04-29,skipped,,,,,pm_exists
https://www.da.gov.ph/wp-content/uploads/2025/05/Daily-Cigarette-Price-Monitoring-April-30-2025.pdf,skip,0,2025-04-30,skipped,,,,,not_a_price_report
https://www.da.gov.ph/wp-content/uploads/2025/05/Daily-Price-Index-April-30-2025.pdf,daily_price_index,0,2025-04-30,skipped,,,,,pm_exists
https://www.da.gov.ph/wp-content/uploads/2025/05/Price-Monitoring-April-30-2025.pdf,price_monitoring,0,2025-04-30,parsed,market+summary,47,1e30839fdb3002ddb53f13a61ab856503978ffed524de83044b8b2289d1d8762,2026-10-01T22:11:57.866565Z,
https://www.da.gov.ph/wp-content/uploads/2025/05/Daily-Price-Index-May-1-2025.pdf,daily_price_index,0,2025-05-01,parsed,rowtable,48,74115199627e6c1f41fac4c80982e90df54617a3fdb9253af4e68a44810871b3,2026-10-01T22:12:06.118590Z,
https://www.da.gov.ph/wp-content/uploads/2025/05/Price-Monitoring-May-1-2025.pdf,price_monitoring,0,2025-05-01,failed,,,d9578a1481b3e09b992be6ebefd284600820d4ec2a858b6e8d3dc0b7abc5d77b,2026-10-01T22:12:02.828488Z,no_rows
https://www.da.gov.ph/wp-content/uploads/2025/05/Daily-Price-Index-May-2-2025.pdf,daily_price_index,0,2025-05-02,skipped,,,,,pm_exists
https://www.da.gov.ph/wp-content/uploads/2025/05/Price-Monitoring-May-2-2025.pdf,price_monitoring,0,2025-05-02,parsed,market+summary,47,0819b7456eeb93c4ce457014567f77557a126feb2e5cdbbc39c1e07a6852aa2a,2026-10-01T22:12:10.707303Z,
https://www.da.gov.ph/wp-content/uploads/2025/05/Daily-Price-Index-May-3-2025.pdf,daily_price_index,0,2025-05-03,skipped,,,,,pm_exists
https://www.da.gov.ph/wp-content/uploads/2025/05/Price-Monitoring-May-3-2025.pdf,price_monitoring,0,2025-05-03,parsed,market+summary,47,c892f2add98b17538eb89699d9fe8e27c2322bcac2c752f4205e7eeb39b0f5ca,2026-10-01T22:12:15.662334Z,
https://www.da.gov.ph/wp-content/uploads/2025/05/Weekly-Average-Prices-April-28-May-3-2025.pdf,skip,0,2025-05-03,skipped,,,,,not_a_price_report
https://www.da.gov.ph/wp-content/uploads/2025/06/Daily-Price-Index-May-4-2025.pdf,daily_price_index,0,2025-05-04,parsed,rowtable,30,60e7e3e11a95745e882f1cc6c8167083a52272ab3d27e360351bf1b24afef5f5,2026-10-01T23:43:54.348692Z,
https://www.da.gov.ph/wp-content/uploads/2025/05/Daily-Price-Index-May-5-2025.pdf,daily_price_index,0,2025-05-05,skipped,,,,,pm_exists
https://www.da.gov.ph/wp-content/uploads/2025/05/Price-Monitoring-May-5-2025.pdf,price_monitoring,0,2025-05-05,parsed,market+summary,47,f71241a9ee758cc50cbdcbc6d557752800d03c00005aa6018770db4f8cd29819,2026-10-01T23:43:55.158995Z,
https://www.da.gov.ph/wp-content/uploads/2025/05/Daily-Price-Index-May-6-2025.pdf,daily_price_index,0,2025-05-06,skipped,,,,,pm_exists
https://www.da.gov.ph/wp-content/uploads/2025/05/Price-Monitoring-May-6-2025.pdf,price_monitoring,0,2025-05-06,parsed,market+summary,47,3dcb3324ac662ca93848b2e0656c41013fbe44d39a840f8dbf40253066111989,2026-10-01T23:43:55.951828Z,
https://www.da.gov.ph/wp-content/uploads/2025/05/Daily-Price-Index-May-7-2025.pdf,daily_price_index,0,2025-05-07,skipped,,,,,pm_exists
https://www.da.gov.ph/wp-content/uploads/2025/05/Price-Monitoring-May-7-2025.pdf,price_monitoring,0,2025-05-07,parsed,market+summary,47,34a7508c43e48ece0084409fecd037b0fe9d3e5360d797e55559ee5652884027,2026-10-01T23:43:56.752655Z,
https://www.da.gov.ph/wp-content/uploads/2025/05/Daily-Price-Index-May-8-2025.pdf,daily_price_index,0,2025-05-08,skipped,,,,,pm_exists
https://www.da.gov.ph/wp-content/uploads/2025/05/Price-Monitoring-May-8-2025.pdf,price_monitoring,0,2025-05-08,parsed,market+summary,47,721423c724f8fe9b733961c2028b109b3d4f5041f484dc7b11d16ea758e5b9de,2026-10-01T23:43:57.575564Z,
https://www.da.gov.ph/wp-content/uploads/2025/05/Daily-Price-Index-May-9-2025.pdf,daily_price_index,0,2025-05-09,skipped,,,,,pm_exists
https://www.da.gov.ph/wp-content/uploads/2025/05/Price-Monitoring-May-9-2025.pdf,price_monitoring,0,2025-05-09,parsed,market+summary,47,0e04e1517caf7c6f77ee29a74e35cd52226651168d20b110759515c5ecdef397,2026-10-01T23:43:58.363471Z,
https://www.da.gov.ph/wp-content/uploads/2025/05/Daily-Price-Index-May-10-2025.pdf,daily_price_index,0,2025-05-10,skipped,,,,,pm_exists
https://www.da.gov.ph/wp-content/uploads/2025/05/Price-Monitoring-May-10-2025.pdf,price_monitoring,0,2025-05-10,parsed,market+summary,47,f377a5a6a8763ecda77df59a5afa5a7997863d0b52470d7985bd9e5878756b3d,2026-10-01T23:43:59.173291Z,
https://www.da.gov.ph/wp-content/uploads/2025/05/Daily-Price-Index-May-11-2025.pdf,daily_price_index,0,2025-05-11,parsed,rowtable,38,79f973f0f24265abe59871d9d25db7e4927e69172b4b59c515d48c8a1180c269,2026-10-01T23:43:59.944512Z,
https://www.da.gov.ph/wp-content/uploads/2025/05/Daily-Price-Index-May-12-2025.pdf,daily_price_index,0,2025-05-12,skipped,,,,,pm_exists
https://www.da.gov.ph/wp-content/uploads/2025/05/Price-Monitoring-May-12-2025.pdf,price_monitoring,0,2025-05-12,parsed,market+summary,47,84b7990b11906f103010ea6b20e441bd523c1be506b0a529f9a5ceb8ddefdf10,2026-10-01T23:44:00.651049Z,
https://www.da.gov.ph/wp-content/uploads/2025/05/Daily-Price-Index-May-13-2025.pdf,daily_price_index,0,2025-05-13,skipped,,,,,pm_exists
https://www.da.gov.ph/wp-content/uploads/2025/05/Price-Monitoring-May-13-2025.pdf,price_monitoring,0,2025-05-13,parsed,market+summary,47,60e72f382487235eeaaa09aba6cb4273a39bb658da65d4a8575606b0a0112964,2026-10-01T23:44:01.365479Z,
https://www.da.gov.ph/wp-content/uploads/2025/05/Daily-Price-Index-May-14-2025.pdf,daily_price_index,0,2025-05-14,skipped,,,,,pm_exists
https://www.da.gov.ph/wp-content/uploads/2025/05/Price-Monitoring-May-14-2025.pdf,price_monitoring,0,2025-05-14,parsed,market+summary,47,e03c66feebfd1305fd7ae1f08188ba6427746867df7ea073d0dfcfe52f25c6f8,2026-10-01T23:44:02.149599Z,
https://www.da.gov.ph/wp-content/uploads/2025/05/Daily-Price-Index-May-15-2025.pdf,daily_price_index,0,2025-05-15,skipped,,,,,pm_exists
https://www.da.gov.ph/wp-content/uploads/2025/05/Price-Monitoring-May-15-2025.pdf,price_monitoring,0,2025-05-15,parsed,market+summary,47,6591bf6ffc699bbf02294dc6c698c8e771a8759ce08560a4d624076f02974f34,2026-10-01T23:44:02.967604Z,
https://www.da.gov.ph/wp-content/uploads/2025/05/Daily-Price-Index-May-16-2025.pdf,daily_price_index,0,2025-05-16,skipped,,,,,pm_exists
https://www.da.gov.ph/wp-content/uploads/2025/05/Price-Monitoring-May-16-2025.pdf,price_monitoring,0,2025-05-16,parsed,market+summary,47,4252cf2ab88a3a2b8bf27ab50019705d9331e9f9087987d1cf4d6f95c0be1a42,2026-10-01T23:44:03.769029Z,
https://www.da.gov.ph/wp-content/uploads/2025/05/Daily-Price-Index-May-17-2025.pdf,daily_price_index,0,2025-05-17,skipped,,,,,pm_exists
https://www.da.gov.ph/wp-content/uploads/2025/05/Price-Monitoring-May-17-2025.pdf,price_monitoring,0,2025-05-17,parsed,market+summary,47,0dd400b67f7d660d23ed91973c40b2c7030975fade2d07c35b6a239db4d3369c,2026-10-01T23:44:04.432148Z,
https://www.da.gov.ph/wp-content/uploads/2025/05/Daily-Price-Index-May-18-2025.pdf,daily_price_index,0,2025-05-18,parsed,rowtable,41,dec22b8d7d4afe3950f03015e0279777ba440614c64d14ccb039bff7c95be031,2026-10-01T23:44:05.234299Z,
https://www.da.gov.ph/wp-content/uploads/2025/05/Daily-Price-Index-May-19-2025.pdf,daily_price_index,0,2025-05-19,skipped,,,,,pm_exists
https://www.da.gov.ph/wp-content/uploads/2025/05/Price-Monitoring-May-19-2025.pdf,price_monitoring,0,2025-05-19,parsed,market+summary,47,fa11233bbb6f1cf06b689a4a664b8c4bc15612f6652f057578153d653a3d58b1,2026-10-01T23:44:05.952211Z,
https://www.da.gov.ph/wp-content/uploads/2025/05/Daily-Price-Index-May-20-2025.pdf,daily_price_index,0,2025-05-20,skipped,,,,,pm_exists
https://www.da.gov.ph/wp-content/uploads/2025/05/Price-Monitoring-May-20-2025.pdf,price_monitoring,0,2025-05-20,parsed,market+summary,47,03cbee01ae200f5645581b6aff57bbbdfd447446d3204bfac4e844506de77f35,2026-10-01T23:44:06.731672Z,
https://www.da.gov.ph/wp-content/uploads/2025/05/Daily-Price-Index-May-21-2025.pdf,daily_price_index,0,2025-05-21,skipped,,,,,pm_exists
https://www.da.gov.ph/wp-content/uploads/2025/05/Revised-Price-Monitoring-May-21-2025.pdf,price_monitoring,1,2025-05-21,parsed,market+summary,47,ec1c4ff18db0838da99379f865c80714cce743cf1ce710b0ce5c7a85319a31a1,2026-10-01T23:44:07.550277Z,
https://www.da.gov.ph/wp-content/uploads/2025/05/Daily-Cigarette-Price-Monitoring-May-22-2025.pdf,skip,0,2025-05-22,skipped,,,,,not_a_price_report
https://www.da.gov.ph/wp-content/uploads/2025/05/Daily-Price-Index-May-22-2025.pdf,daily_price_index,0,2025-05-22,skipped,,,,,pm_exists
https://www.da.gov.ph/wp-content/uploads/2025/05/Price-Monitoring-May-22-2025.pdf,price_monitoring,0,2025-05-22,parsed,market+summary,47,f5e94a8d62a90cd8325350a24fbbecba391575a89c576c1b9c4bfdbd616936a8,2026-10-01T23:44:08.375188Z,
https://www.da.gov.ph/wp-content/uploads/2025/05/Daily-Price-Index-May-23-2025.pdf,daily_price_index,0,2025-05-23,parsed,rowtable,41,70534acf48e9d664c0769cbbb27b0f058c6e5c56259a7a49cdf8d83d21b4b325,2026-10-01T23:44:09.225041Z,
https://www.da.gov.ph/wp-content/uploads/2025/05/Price-Monitoring-May-23-2025.pdf,price_monitoring,0,2025-05-23,failed,,,aa8e44fff2bf58c75eb4e648e838c0e4ac6381eae2bf5b98b1ac6cddf7ad3e5a,2026-10-01T23:44:09.220531Z,no_rows
https://www.da.gov.ph/wp-content/uploads/2025/05/Daily-Price-Index-May-24-2025.pdf,daily_price_index,0,2025-05-24,skipped,,,,,pm_exists
https://www.da.gov.ph/wp-content/uploads/2025/05/Price-Monitoring-May-24-2025.pdf,price_monitoring,0,2025-05-24,parsed,market+summary,47,bbb1d0765bbb4c768658f3f1c8854f6505efb75b4a88a55636601474bb25a01c,2026-10-01T23:44:09.951774Z,
https://www.da.gov.ph/wp-content/uploads/2025/05/Daily-Price-Index-May-25-2025.pdf,daily_price_index,0,2025-05-25,parsed,rowtable,39,8864d6403cec60c2b0b2604ba23a81ef1e065665c654412d169975cf56b69a99,2026-10-01T23:44:10.750926Z,
https://www.da.gov.ph/wp-content/uploads/2025/05/Daily-Price-Index-May-26-2025.pdf,daily_price_index,0,2025-05-26,skipped,,,,,pm_exists
https://www.da.gov.ph/wp-content/uploads/2025/05/Price-Monitoring-May-26-2025.pdf,price_monitoring,0,2025-05-26,parsed,market+summary,47,43fe3680a5bd1d2ec4dae8904865ff379acf1e5925014f2a1442d7ae5cced137,2026-10-01T23:44:11.467003Z,
https://www.da.gov.ph/wp-content/uploads/2025/05/Daily-Price-Index-May-27-2025.pdf,daily_price_index,0,2025-05-27,skipped,,,,,pm_exists
https://www.da.gov.ph/wp-content/uploads/2025/05/Price-Monitoring-May-27-2025.pdf,price_monitoring,0,2025-05-27,parsed,market+summary,47,6e858ea8d4907e3eaedd9f7ba0c9bf2035ac1b0052cacf341d35728b37528476,2026-10-01T23:44:12.297998Z,
https://www.da.gov.ph/wp-content/uploads/2025/05/Daily-Price-Index-May-28-2025.pdf,daily_price_index,0,2025-05-28,skipped,,,,,pm_exists
https://www.da.gov.ph/wp-content/uploads/2025/05/Price-Monitoring-May-28-2025.pdf,price_monitoring,0,2025-05-28,parsed,market+summary,47,73adccd4c89b728f739d831b2218ae01d941aee3c9d11f46cb5606dba2e30c57,2026-10-01T23:44:13.464535Z,
https://www.da.gov.ph/wp-content/uploads/2025/05/Daily-Price-Index-May-29-2025.pdf,daily_price_index,0,2025-05-29,skipped,,,,,pm_exists
https://www.da.gov.ph/wp-content/uploads/2025/05/Price-Monitoring-May-29-2025.pdf,price_monitoring,0,2025-05-29,parsed,market+summary,47,7204a20c44d94702e5329a26505412870deeb44807db73708b36079745b4a539,2026-10-01T23:44:14.396957Z,
https://www.da.gov.ph/wp-content/uploads/2025/05/Daily-Price-Index-May-30-2025.pdf,daily_price_index,0,2025-05-30,skipped,,,,,pm_exists
https://www.da.gov.ph/wp-content/uploads/2025/06/Price-Monitoring-May-30-2025.pdf,price_monitoring,0,2025-05-30,parsed,market+summary,47,227f7ad2efcc89a76a6c623af8febd57702bf2b3da4aa198f327ab46cc57e3e7,2026-10-01T23:44:15.217347Z,
https://www.da.gov.ph/wp-content/uploads/2025/06/Daily-Price-Index-May-31-2025.pdf,daily_price_index,0,2025-05-31,skipped,,,,,pm_exists
https://www.da.gov.ph/wp-content/uploads/2025/06/Price-Monitoring-May-31-2025.pdf,price_monitoring,0,2025-05-31,parsed,market+summary,46,f350965cd0d86de10ffce0c7463733e8ed1783dd7b011845a96a84678da109df,2026-10-01T23:44:16.034646Z,
https://www.da.gov.ph/wp-content/uploads/2025/06/Daily-Price-Index-June-1-2025.pdf,daily_price_index,0,2025-06-01,parsed,rowtable,38,08def40bbe18bf3f8d043450c76104e89a883e7e53b0231dda838e606e08d5e7,2026-10-01T23:44:16.895335Z,
https://www.da.gov.ph/wp-content/uploads/2025/06/Daily-Price-Index-June-2-2025.pdf,daily_price_index,0,2025-06-02,skipped,,,,,pm_exists
https://www.da.gov.ph/wp-content/uploads/2025/06/Price-Monitoring-June-2-2025.pdf,price_monitoring,0,2025-06-02,parsed,market+summary,46,e2c92651086061b5c0d3d472cae436591606df1210d79c6c7aca347914a2cf1b,2026-10-01T23:44:17.615175Z,
https://www.da.gov.ph/wp-content/uploads/2025/06/Daily-Price-Index-June-3-2025.pdf,daily_price_index,0,2025-06-03,skipped,,,,,pm_exists
https://www.da.gov.ph/wp-content/uploads/2025/06/Price-Monitoring-June-3-2025.pdf,price_monitoring,0,2025-06-03,parsed,market+summary,47,2b8c0621f397c9f7ebec0fc393a7ef987b397949b0bcd69694f91d2b39b467d5,2026-10-01T23:44:18.483307Z,
https://www.da.gov.ph/wp-content/uploads/2025/06/Daily-Price-Index-June-4-2025.pdf,daily_price_index,0,2025-06-04,skipped,,,,,pm_exists
https://www.da.gov.ph/wp-content/uploads/2025/06/Price-Monitoring-June-4-2025.pdf,price_monitoring,0,2025-06-04,parsed,market+summary,45,edc69fce9d0cc83e7825fd05eba266742f50c3322967baef996532146fe79a6d,2026-10-01T23:44:19.346811Z,
https://www.da.gov.ph/wp-content/uploads/2025/06/Daily-Price-Index-June-5-2025.pdf,daily_price_index,0,2025-06-05,skipped,,,,,pm_exists
https://www.da.gov.ph/wp-content/uploads/2025/06/Price-Monitoring-June-5-2025.pdf,price_monitoring,0,2025-06-05,parsed,market+summary,45,0346519d46cfc89dc669fcd4787cb64090098941af41bba1877347908ba5622f,2026-10-01T23:44:20.298644Z,
https://www.da.gov.ph/wp-content/uploads/2025/06/Daily-Price-Index-June-6-2025.pdf,daily_price_index,0,2025-06-06,skipped,,,,,pm_exists
https://www.da.gov.ph/wp-content/uploads/2025/06/Price-Monitoring-June-6-2025.pdf,price_monitoring,0,2025-06-06,parsed,market+summary,45,1a204ea0dd06abf784bd443aa0641871d87172af04cb4509ac1fb4aba333184d,2026-10-01T23:44:21.181375Z,
https://www.da.gov.ph/wp-content/uploads/2025/06/Daily-Price-Index-June-7-2025.pdf,daily_price_index,0,2025-06-07,skipped,,,,,pm_exists
https://www.da.gov.ph/wp-content/uploads/2025/06/Price-Monitoring-June-7-2025.pdf,price_monitoring,0,2025-06-07,parsed,market+summary,45,815cb85350711295d455cf461ed48c0adecf64de1e12933effb4448840831883,2026-10-01T23:44:22.017886Z,
https://www.da.gov.ph/wp-content/uploads/2025/06/Daily-Price-Index-June-8-2025.pdf,daily_price_index,0,2025-06-08,parsed,rowtable,39,12a82d4439aa7b1978d684dcad756ae13c01ea8e439df3d4a2141215441808d0,2026-10-01T23:44:22.822271Z,
https://www.da.gov.ph/wp-content/uploads/2025/06/Daily-Price-Index-June-9-2025.pdf,daily_price_index,0,2025-06-09,skipped,,,,,pm_exists
https://www.da.gov.ph/wp-content/uploads/2025/06/Price-Monitoring-June-9-2025.pdf,price_monitoring,0,2025-06-09,parsed,market+summary,45,936e5ad810ff3f990b1a379bf98fde289a59004d87320f157e28187aa09f1c4d,2026-10-01T23:44:23.549243Z,
https://www.da.gov.ph/wp-content/uploads/2025/06/Daily-Price-Index-June-10-2025.pdf,daily_price_index,0,2025-06-10,skipped,,,,,pm_exists
https://www.da.gov.ph/wp-content/uploads/2025/06/Price-Monitoring-June-10-2025.pdf,price_monitoring,0,2025-06-10,parsed,market+summary,45,9bb2c47dccf8b881bed50a3a2fbcbb3ac13838192032312da023ac61a9c346c5,2026-10-01T23:44:24.389541Z,
https://www.da.gov.ph/wp-content/uploads/2025/06/Daily-Price-Index-June-11-2025.pdf,daily_price_index,0,2025-06-11,skipped,,,,,pm_exists
https://www.da.gov.ph/wp-content/uploads/2025/06/Price-Monitoring-June-11-2025.pdf,price_monitoring,0,2025-06-11,parsed,market+summary,45,7464366173312a624985540d7f6740a79ea866536ff59da9bf9b8a9c678df64e,2026-10-01T23:44:25.318369Z,
https://www.da.gov.ph/wp-content/uploads/2025/06/Daily-Price-Index-June-12-2025.pdf,daily_price_index,0,2025-06-12,skipped,,,,,pm_exists
https://www.da.gov.ph/wp-content/uploads/2025/06/Price-Monitoring-June-12-2025.pdf,price_monitoring,0,2025-06-12,parsed,market+summary,45,ca6cfca23db4203f8e446d73bbf115b13beabf369f65953aa2d9c760282f8851,2026-10-01T23:44:26.163369Z,
https://www.da.gov.ph/wp-content/uploads/2025/06/Daily-Price-Index-June-13-2025.pdf,daily_price_index,0,2025-06-13,skipped,,,,,pm_exists
https://www.da.gov.ph/wp-content/uploads/2025/06/Price-Monitoring-June-13-2025.pdf,price_monitoring,0,2025-06-13,parsed,market+summary,45,68b03932c437785f613ba892aee9021bef077c5b8fff01f7a3dcec91f8bece2b,2026-10-01T23:44:26.933546Z,
https://www.da.gov.ph/wp-content/uploads/2025/06/Daily-Price-Index-June-14-2025.pdf,daily_price_index,0,2025-06-14,skipped,,,,,pm_exists
https://www.da.gov.ph/wp-content/uploads/2025/06/Price-Monitoring-June-14-2025.pdf,price_monitoring,0,2025-06-14,parsed,market+summary,45,45eb679ca707c0792f38e270a7f562fea11ff51a712e80d22144b75544ef195d,2026-10-01T23:44:27.778283Z,
https://www.da.gov.ph/wp-content/uploads/2025/06/Daily-Price-Index-June-15-2025.pdf,daily_price_index,0,2025-06-15,parsed,rowtable,38,20dfc1ca7b6094138863a466782aabf0927282e4f5eab9844db125e772b8067d,2026-10-01T23:44:28.687641Z,
https://www.da.gov.ph/wp-content/uploads/2025/06/Price-Monitoring-June-16-2025.pdf,price_monitoring,0,2025-06-16,parsed,market+summary,44,b8c9e73ed2bf8b251afa19dc5345eb314e81d413996a16cde785e1197a38bee6,2026-10-01T23:44:29.403052Z,
https://www.da.gov.ph/wp-content/uploads/2025/07/Daily-Price-Index-June-16-2025.pdf,daily_price_index,0,2025-06-16,skipped,,,,,pm_exists
https://www.da.gov.ph/wp-content/uploads/2025/06/Price-Monitoring-June-17-2025.pdf,price_monitoring,0,2025-06-17,parsed,market+summary,44,9db73565027ed8e7b255858259ebe19d5cb46ba515900fdce56166881ab32119,2026-10-01T23:44:30.189083Z,
https://www.da.gov.ph/wp-content/uploads/2025/07/Daily-Price-Index-June-17-2025.pdf,daily_price_index,0,2025-06-17,skipped,,,,,pm_exists
https://www.da.gov.ph/wp-content/uploads/2025/06/Daily-Price-Index-June-18-2025.pdf,daily_price_index,0,2025-06-18,skipped,,,,,pm_exists
https://www.da.gov.ph/wp-content/uploads/2025/06/Price-Monitoring-June-18-2025.pdf,price_monitoring,0,2025-06-18,parsed,market+summary,44,57abdc922840794c5685121a12f336a323f2fabb0b2a27e4383b9c206440e93c,2026-10-01T23:44:31.100793Z,
https://www.da.gov.ph/wp-content/uploads/2025/06/Daily-Price-Index-June-19-2025.pdf,daily_price_index,0,2025-06-19,skipped,,,,,pm_exists
https://www.da.gov.ph/wp-content/uploads/2025/06/Price-Monitoring-June-19-2025.pdf,price_monitoring,0,2025-06-19,parsed,market+summary,44,c6e0242fc0d2ae129f8e67401ab86ce0118a439cc0c231ff53c53e290e4342ba,2026-10-01T23:44:31.920467Z,
https://www.da.gov.ph/wp-content/uploads/2025/06/Daily-Price-Index-June-20-2025.pdf,daily_price_index,0,2025-06-20,skipped,,,,,pm_exists
https://www.da.gov.ph/wp-content/uploads/2025/06/Price-Monitoring-June-20-2025.pdf,price_monitoring,0,2025-06-20,parsed,market+summary,44,53cf1a52f2ea5f78f11d931f0d5c96398134c694a9f51573e0e59a2cb2e41c45,2026-10-01T23:44:32.768861Z,
https://www.da.gov.ph/wp-content/uploads/2025/06/Daily-Price-Index-June-21-2025.pdf,daily_price_index,0,2025-06-21,skipped,,,,,pm_exists
https://www.da.gov.ph/wp-content/uploads/2025/06/Price-Monitoring-June-21-2025.pdf,price_monitoring,0,2025-06-21,parsed,market+summary,44,350d84cd95d3f3b889ce6b5c4a9da2a306a41e13e88d4151fdfbee1f8a34684d,2026-10-01T23:44:33.795234Z,
https://www.da.gov.ph/wp-content/uploads/2025/06/Daily-Price-Index-June-22-2025.pdf,daily_price_index,0,2025-06-22,parsed,rowtable,39,92fbb43a1804240fbf390cde632c77c95450bd46e118967ed7b4e02b6cc49b1d,2026-10-01T23:44:34.790075Z,
https://www.da.gov.ph/wp-content/uploads/2025/06/Price-Monitoring-June-23-2025.pdf,price_monitoring,0,2025-06-23,parsed,market+summary,44,80b73c6ea748ead7f6a169308eff752e2b0f0fee92058ae763eceaf988558597,2026-10-01T23:44:35.556029Z,
https://www.da.gov.ph/wp-content/uploads/2025/06/Revised-Daily-Price-Index-June-23-2025.pdf,daily_price_index,1,2025-06-23,skipped,,,,,pm_exists
https://www.da.gov.ph/wp-content/uploads/2025/06/Daily-Price-Index-June-24-2025.pdf,daily_price_index,0,2025-06-24,skipped,,,,,pm_exists
https://www.da.gov.ph/wp-content/uploads/2025/06/Price-Monitoring-June-24-2025.pdf,price_monitoring,0,2025-06-24,parsed,market+summary,44,d58f2d9931b8211e6f8934ab666e92292bab119de25bb45ce29a66cd5a2821b1,2026-10-01T23:44:36.492966Z,
https://www.da.gov.ph/wp-content/uploads/2025/06/Daily-Price-Index-June-25-2025.pdf,daily_price_index,0,2025-06-25,skipped,,,,,pm_exists
https://www.da.gov.ph/wp-content/uploads/2025/06/Price-Monitoring-June-25-2025.pdf,price_monitoring,0,2025-06-25,parsed,market+summary,44,330b434996f3a9e74ca830969fd0a48af58cf55f25f4c179e35becbd94633b83,2026-10-01T23:44:37.384655Z,
https://www.da.gov.ph/wp-content/uploads/2025/06/Daily-Price-Index-June-26-2025.pdf,daily_price_index,0,2025-06-26,skipped,,,,,pm_exists
https://www.da.gov.ph/wp-content/uploads/2025/06/Price-Monitoring-June-26-2025.pdf,price_monitoring,0,2025-06-26,parsed,market+summary,43,b1d2312d8bde5dacb26ba88c731a02f02533c7b8993b182ee2d3efe51a03c297,2026-10-01T23:44:38.201786Z,
https://www.da.gov.ph/wp-content/uploads/2025/06/Daily-Price-Index-June-27-2025.pdf,daily_price_index,0,2025-06-27,skipped,,,,,pm_exists
https://www.da.gov.ph/wp-content/uploads/2025/06/Price-Monitoring-June-27-2025.pdf,price_monitoring,0,2025-06-27,parsed,market+summary,44,7520d173f1a14c1d10bec1b5e74e32514a1acddc7ed799008e4774c17d67a3a9,2026-10-01T23:44:39.198142Z,
https://www.da.gov.ph/wp-content/uploads/2025/07/Daily-Price-Index-June-28-2025.pdf,daily_price_index,0,2025-06-28,skipped,,,,,pm_exists
https://www.da.gov.ph/wp-content/uploads/2025/07/Price-Monitoring-June-28-2025.pdf,price_monitoring,0,2025-06-28,parsed,market+summary,44,e4ba6666b163f5d0a7e4503887d75edf03133f212ccfbc0cfb259a0ca877a23f,2026-10-01T23:44:40.078729Z,
https://www.da.gov.ph/wp-content/uploads/2025/07/Daily-Price-Index-June-29-2025.pdf,daily_price_index,0,2025-06-29,parsed,rowtable,39,87cc443bfbe445ea42428838d21bdb1b9752ac2d590f1615c6b19949b55533d5,2026-10-01T23:44:40.918472Z,
https://www.da.gov.ph/wp-content/uploads/2025/07/Daily-Price-Index-June-30-2025.pdf,daily_price_index,0,2025-06-30,skipped,,,,,pm_exists
https://www.da.gov.ph/wp-content/uploads/2025/07/Price-Monitoring-June-30-2025.pdf,price_monitoring,0,2025-06-30,parsed,market+summary,44,5d1cbb72f778560ccd8c99b5a81e8d7e48bca78ce77695077527cfce764c31c2,2026-10-01T23:44:41.656303Z,
https://www.da.gov.ph/wp-content/uploads/2025/08/Daily-Cigarette-Price-Monitoring-June-30-2025.pdf,skip,0,2025-06-30,skipped,,,,,not_a_price_report
https://www.da.gov.ph/wp-content/uploads/2025/07/Daily-Price-Index-July-1-2025.pdf,daily_price_index,0,2025-07-01,skipped,,,,,pm_exists
https://www.da.gov.ph/wp-content/uploads/2025/07/Price-Monitoring-July-1-2025.pdf,price_monitoring,0,2025-07-01,parsed,market+summary,45,648b397485b996f2c4358f95e1ffc4571e14afce37c496f95c47c676894fe200,2026-10-01T23:44:42.507840Z,
https://www.da.gov.ph/wp-content/uploads/2025/08/Daily-Cigarette-Price-Monitoring-July-1-2025.pdf,skip,0,2025-07-01,skipped,,,,,not_a_price_report
https://www.da.gov.ph/wp-content/uploads/2025/07/Price-Monitoring-July-2-2025.pdf,price_monitoring,0,2025-07-02,parsed,market+summary,44,0b88eed2b6b5ab46a16abe0b2a07f6517b0ac0973f708b7a00e16ff5e1b35161,2026-10-01T23:44:43.329918Z,
https://www.da.gov.ph/wp-content/uploads/2025/08/Daily-Price-Index-July-2-2025.pdf,daily_price_index,0,2025-07-02,skipped,,,,,pm_exists
https://www.da.gov.ph/wp-content/uploads/2025/07/Daily-Price-Index-July-3-2025.pdf,daily_price_index,0,2025-07-03,skipped,,,,,pm_exists
https://www.da.gov.ph/wp-content/uploads/2025/07/Price-Monitoring-July-3-2025.pdf,price_monitoring,0,2025-07-03,parsed,market+summary,44,d3ee8142fbc4380535b9e716c820c5f9db813073e7de98f0bff064e81b4c940c,2026-10-01T23:44:44.210362Z,
https://www.da.gov.ph/wp-content/uploads/2025/07/Daily-Price-Index-July-4-2025.pdf,daily_price_index,0,2025-07-04,skipped,,,,,pm_exists
https://www.da.gov.ph/wp-content/uploads/2025/07/Price-Monitoring-July-4-2025.pdf,price_monitoring,0,2025-07-04,parsed,market+summary,44,fae3b6bb0439f6eebe963a94e92b1e60aa411a053ce5f957e0a365d72470dbac,2026-10-01T23:44:45.155215Z,
https://www.da.gov.ph/wp-content/uploads/2025/07/Daily-Price-Index-July-5-2025.pdf,daily_price_index,0,2025-07-05,skipped,,,,,pm_exists
https://www.da.gov.ph/wp-content/uploads/2025/07/Price-Monitoring-July-5-2025.pdf,price_monitoring,0,2025-07-05,parsed,market+summary,44,517601ed8003f7552250f33365eb3c615925f8ff5bc79fb405726f43c67eb66a,2026-10-01T23:44:46.029177Z,
https://www.da.gov.ph/wp-content/uploads/2025/07/Weekly-Average-Prices-June-30-July-5-2025.pdf,skip,0,2025-07-05,skipped,,,,,not_a_price_report
https://www.da.gov.ph/wp-content/uploads/2025/07/Daily-Price-Index-July-6-2025.pdf,daily_price_index,0,2025-07-06,parsed,rowtable,41,06bca61dccf0124b0ea89fb5e296cfb5d03560625e96272d72a959c02cadf35e,2026-10-01T23:44:46.873515Z,
https://www.da.gov.ph/wp-content/uploads/2025/07/Daily-Price-Index-July-7-2025.pdf,daily_price_index,0,2025-07-07,skipped,,,,,pm_exists
https://www.da.gov.ph/wp-content/uploads/2025/07/Price-Monitoring-July-7-2025.pdf,price_monitoring,0,2025-07-07,parsed,market+summary,44,aa20a00f0ea5588eb953d89024d35fea8ff70b6186cd3691b9ecd0d716749813,2026-10-01T23:44:47.634988Z,
https://www.da.gov.ph/wp-content/uploads/2025/07/Daily-Price-Index-July-8-2025.pdf,daily_price_index,0,2025-07-08,skipped,,,,,pm_exists
https://www.da.gov.ph/wp-content/uploads/2025/07/Price-Monitoring-July-8-2025.pdf,price_monitoring,0,2025-07-08,parsed,market+summary,44,3acaec9c0d3fb9846829eb7ff87e24a7a182184be60957e39266e46fce128681,2026-10-01T23:44:48.443282Z,
https://www.da.gov.ph/wp-content/uploads/2025/07/Daily-Price-Index-July-9-2025.pdf,daily_price_index,0,2025-07-09,skipped,,,,,pm_exists
https://www.da.gov.ph/wp-content/uploads/2025/07/Price-Monitoring-July-9-2025.pdf,price_monitoring,0,2025-07-09,parsed,market+summary,44,1b1de4484846e252f5387f520c9bdab693080c65e7c9a33831350e623543f4ff,2026-10-01T23:44:49.336789Z,
https://www.da.gov.ph/wp-content/uploads/2025/07/Daily-Price-Index-July-10-2025.pdf,daily_price_index,0,2025-07-10,skipped,,,,,pm_exists
https://www.da.gov.ph/wp-content/uploads/2025/07/Price-Monitoring-July-10-2025.pdf,price_monitoring,0,2025-07-10,parsed,market+summary,45,ba2047e4082e279ed419d6287c1d479eb701ab65b8f532802b01d66cbf9b698c,2026-10-01T23:44:50.196595Z,
https://www.da.gov.ph/wp-content/uploads/2025/07/Daily-Price-Index-July-11-2025.pdf,daily_price_index,0,2025-07-11,skipped,,,,,pm_exists
https://www.da.gov.ph/wp-content/uploads/2025/07/Price-Monitoring-July-11-2025.pdf,price_monitoring,0,2025-07-11,parsed,market+summary,45,1a8c5e8099400e7e391ae3bd84b7f8b269e0a6307653b8dd8af976ad118da873,2026-10-01T23:44:51.071040Z,
https://www.da.gov.ph/wp-content/uploads/2025/07/Daily-Price-Index-July-12-2025.pdf,daily_price_index,0,2025-07-12,skipped,,,,,pm_exists
https://www.da.gov.ph/wp-content/uploads/2025/07/Price-Monitoring-July-12-2025.pdf,price_monitoring,0,2025-07-12,parsed,market+summary,45,1f4844790994cf2ac2c63be46dbcb7b9094a2ec2b7778e4d2e8479643aeddb1f,2026-10-01T23:44:52.032781Z,
https://www.da.gov.ph/wp-content/uploads/2025/07/Daily-Price-Index-July-13-2025.pdf,daily_price_index,0,2025-07-13,parsed,rowtable,39,9c8a14519d86b79c5dbd08f0f84b5e25fc6b980eb797eb694f6f28384d9b76d7,2026-10-01T23:44:52.919711Z,
https://www.da.gov.ph/wp-content/uploads/2025/07/Daily-Price-Index-July-14-2025.pdf,daily_price_index,0,2025-07-14,skipped,,,,,pm_exists
https://www.da.gov.ph/wp-content/uploads/2025/07/Price-Monitoring-July-14-2025.pdf,price_monitoring,0,2025-07-14,parsed,market+summary,44,aab61929d822334974ebae2aa62713d3f61f3d8fb12fc120ed18fe26f91ff3b6,2026-10-01T23:44:53.648670Z,
https://www.da.gov.ph/wp-content/uploads/2025/07/Daily-Price-Index-July-15-2025.pdf,daily_price_index,0,2025-07-15,skipped,,,,,pm_exists
https://www.da.gov.ph/wp-content/uploads/2025/07/Price-Monitoring-July-15-2025.pdf,price_monitoring,0,2025-07-15,parsed,market+summary,44,e7af3c2782b1352d49f2a4138253ec0e104b06360939c1dd60bc5efd68174881,2026-10-01T23:44:54.502324Z,
https://www.da.gov.ph/wp-content/uploads/2025/08/Daily-Cigarette-Price-Monitoring-July-15-2025.pdf,skip,0,2025-07-15,skipped,,,,,not_a_price_report
https://www.da.gov.ph/wp-content/uploads/2025/07/Daily-Price-Index-July-16-2025.pdf,daily_price_index,0,2025-07-16,skipped,,,,,pm_exists
https://www.da.gov.ph/wp-content/uploads/2025/07/Price-Monitoring-July-16-2025.pdf,price_monitoring,0,2025-07-16,parsed,market+summary,45,4ffe1b789347b53de47bdd99f602b2ca044f55ce4b3be13c086c50aff4c88e99,2026-10-01T23:44:55.487587Z,
https://www.da.gov.ph/wp-content/uploads/2025/07/Daily-Price-Index-July-17-2025.pdf,daily_price_index,0,2025-07-17,skipped,,,,,pm_exists
https://www.da.gov.ph/wp-content/uploads/2025/07/Price-Monitoring-July-17-2025.pdf,price_monitoring,0,2025-07-17,parsed,market+summary,44,8eb8c26c1ec2ccaf7675fc3bad1957d56f911fb1fcc7ca090419ed6b4a3cf5ba,2026-10-01T23:44:56.626940Z,
https://www.da.gov.ph/wp-content/uploads/2025/07/Daily-Price-Index-July-18-2025.pdf,daily_price_index,0,2025-07-18,skipped,,,,,pm_exists
https://www.da.gov.ph/wp-content/uploads/2025/07/Price-Monitoring-July-18-2025.pdf,price_monitoring,0,2025-07-18,parsed,market+summary,44,2bebd953ae9a0b0bbd34914e4641c00ddffe1b42aaa2e22f71426b039b657394,2026-10-01T23:44:57.482841Z,
https://www.da.gov.ph/wp-content/uploads/2025/07/Daily-Price-Index-July-19-2025.pdf,daily_price_index,0,2025-07-19,parsed,rowtable,41,1e432f8462506fca440b4ab5eca2af564c774ff212a661d8185ccd898b02ba95,2026-10-01T23:44:58.365667Z,
https://www.da.gov.ph/wp-content/uploads/2025/07/Price-Monitoring-July-19-2025.pdf,price_monitoring,0,2025-07-19,failed,,,35c6f10bd628cf91eb13b53c8255b5ccbbd658f3fb0795a13ac3ab00f11b23a1,2026-10-01T23:44:58.342163Z,no_rows
https://www.da.gov.ph/wp-content/uploads/2025/07/Daily-Price-Index-July-20-2025.pdf,daily_price_index,0,2025-07-20,parsed,rowtable,38,733b9808a8cff5d7343811f1582d0aa3883f4ab6e3b54d6f0bc1003aa097fe65,2026-10-01T23:44:59.099091Z,
https://www.da.gov.ph/wp-content/uploads/2025/07/Daily-Price-Index-July-21-2025.pdf,daily_price_index,0,2025-07-21,skipped,,,,,pm_exists
https://www.da.gov.ph/wp-content/uploads/2025/07/Price-Monitoring-July-21-2025.pdf,price_monitoring,0,2025-07-21,parsed,market+summary,44,fb70e7f481bcb2f28b804c977fec92e7e24cf11950248a89cbc3afc0b8e6fe3e,2026-10-01T23:44:59.834145Z,
https://www.da.gov.ph/wp-content/uploads/2025/07/Daily-Price-Index-July-22-2025.pdf,daily_price_index,0,2025-07-22,skipped,,,,,pm_exists
https://www.da.gov.ph/wp-content/uploads/2025/07/Price-Monitoring-July-22-2025.pdf,price_monitoring,0,2025-07-22,parsed,market+summary,44,d87ff115d958479df564d5c3dd8987ed8e5853ddb2b33ebe7559c4b3c55a46e8,2026-10-01T23:45:00.696958Z,
https://www.da.gov.ph/wp-content/uploads/2025/07/Daily-Price-Index-July-23-2025.pdf,daily_price_index,0,2025-07-23,skipped,,,,,pm_exists
https://www.da.gov.ph/wp-content/uploads/2025/07/Price-Monitoring-July-23-2025.pdf,price_monitoring,0,2025-07-23,parsed,market+summary,44,1b8cb08fedf1d596e6f1b049bf2c501bab01ccd67e156d3381a5d8977a289fc1,2026-10-01T23:45:01.405749Z,
https://www.da.gov.ph/wp-content/uploads/2025/07/Daily-Price-Index-July-24-2025.pdf,daily_price_index,0,2025-07-24,skipped,,,,,pm_exists
https://www.da.gov.ph/wp-content/uploads/2025/07/Price-Monitoring-July-24-2025.pdf,price_monitoring,0,2025-07-24,parsed,market+summary,44,9bc761a25c183b2407499b9ea1f1ecb5e5c4d08a4ed4ae4868aea36b678f533b,2026-10-01T23:45:02.292973Z,
https://www.da.gov.ph/wp-content/uploads/2025/07/Daily-Price-Index-July-25-2025.pdf,daily_price_index,0,2025-07-25,skipped,,,,,pm_exists
https://www.da.gov.ph/wp-content/uploads/2025/07/Price-Monitoring-July-25-2025.pdf,price_monitoring,0,2025-07-25,parsed,market+summary,44,a51a50c9e6fdf1b34c5e026e71be2f612adebd6516b838649b4c1b43ffeb530a,2026-10-01T23:45:03.084995Z,
https://www.da.gov.ph/wp-content/uploads/2025/07/Daily-Price-Index-July-26-2025.pdf,daily_price_index,0,2025-07-26,skipped,,,,,pm_exists
https://www.da.gov.ph/wp-content/uploads/2025/07/Price-Monitoring-July-26-2025.pdf,price_monitoring,0,2025-07-26,parsed,market+summary,44,5181bb13ba127e35cee6c6535213ee7f63a90393b6d57b7ac25287c48ce4c843,2026-10-01T23:45:03.848255Z,
https://www.da.gov.ph/wp-content/uploads/2025/07/Daily-Price-Index-July-27-2025.pdf,daily_price_index,0,2025-07-27,parsed,rowtable,39,1a6e96d99cc65a32a55ad8ffdca098578ae398154509b1a5f19def0e32ca6124,2026-10-01T23:45:04.634298Z,
https://www.da.gov.ph/wp-content/uploads/2025/07/Daily-Price-Index-July-28-2025-1.pdf,daily_price_index,0,2025-07-28,parsed,rowtable,40,606d0ffb7dd671df393b2788b6e4850bd999814666307c0645797537189c31c2,2026-10-01T23:45:05.342706Z,
https://www.da.gov.ph/wp-content/uploads/2025/07/Price-Monitoring-July-28-2025.pdf,price_monitoring,0,2025-07-28,failed,,,d54103ff094ecc04446d8fbaab873e53026a4e02610ed7cd3de38d281814eff8,2026-10-01T23:45:05.338556Z,no_rows
https://www.da.gov.ph/wp-content/uploads/2025/07/Daily-Price-Index-July-29-2025.pdf,daily_price_index,0,2025-07-29,skipped,,,,,pm_exists
https://www.da.gov.ph/wp-content/uploads/2025/07/Price-Monitoring-July-29-2025.pdf,price_monitoring,0,2025-07-29,parsed,market+summary,45,ac983d6428462cdbadf9a3e26468039c3db332f51d4f8f827850638eb70fea2b,2026-10-01T23:45:06.066522Z,
https://www.da.gov.ph/wp-content/uploads/2025/07/Daily-Price-Index-July-30-2025.pdf,daily_price_index,0,2025-07-30,skipped,,,,,pm_exists
https://www.da.gov.ph/wp-content/uploads/2025/08/Price-Monitoring-July-30-2025.pdf,price_monitoring,0,2025-07-30,parsed,market+summary,45,2bfa22f9362fcef459015513fd5b8b2c97764ffbfba7a3919289d82a0182a0b7,2026-10-01T23:45:06.899192Z,
https://www.da.gov.ph/wp-content/uploads/2025/08/Daily-Cigarette-Price-Monitoring-July-31-2025.pdf,skip,0,2025-07-31,skipped,,,,,not_a_price_report
https://www.da.gov.ph/wp-content/uploads/2025/08/Daily-Price-Index-July-31-2025.pdf,daily_price_index,0,2025-07-31,skipped,,,,,pm_exists
https://www.da.gov.ph/wp-content/uploads/2025/08/Price-Monitoring-July-31-2025.pdf,price_monitoring,0,2025-07-31,parsed,market+summary,44,5e7459cf12218a0510841372860a13d071cf2a51b78248887f5eef0d8c7bb6b9,2026-10-01T23:45:07.721569Z,
https://www.da.gov.ph/wp-content/uploads/2025/08/Daily-Cigarette-Price-Monitoring-August-1-2025.pdf,skip,0,2025-08-01,skipped,,,,,not_a_price_report
https://www.da.gov.ph/wp-content/uploads/2025/08/Daily-Price-Index-August-1-2025.pdf,daily_price_index,0,2025-08-01,skipped,,,,,pm_exists
https://www.da.gov.ph/wp-content/uploads/2025/08/Price-Monitoring-August-1-2025.pdf,price_monitoring,0,2025-08-01,parsed,market+summary,44,98eda68734707c0c538613f12d4f92bc20eb1d9f7097adaa85a133f7458f01a8,2026-10-01T23:45:08.530110Z,
https://www.da.gov.ph/wp-content/uploads/2025/08/Daily-Cigarette-Price-Monitoring-August-2-2025.pdf,skip,0,2025-08-02,skipped,,,,,not_a_price_report
https://www.da.gov.ph/wp-content/uploads/2025/08/Daily-Price-Index-August-2-2025-1.pdf,daily_price_index,0,2025-08-02,skipped,,,,,pm_exists
https://www.da.gov.ph/wp-content/uploads/2025/08/Price-Monitoring-August-2-2025.pdf,price_monitoring,0,2025-08-02,parsed,market+summary,44,58fa95cd75bbefd9b378ea2602cfe21eb2ea257954b425dfebc8583d1c177f87,2026-10-01T23:45:09.389324Z,
https://www.da.gov.ph/wp-content/uploads/2025/08/Weekly-Average-Prices-July-28-August-2-2025.pdf,skip,0,2025-08-02,skipped,,,,,not_a_price_report
https://www.da.gov.ph/wp-content/uploads/2025/08/Daily-Cigarette-Price-Monitoring-August-3-2025.pdf,skip,0,2025-08-03,skipped,,,,,not_a_price_report
https://www.da.gov.ph/wp-content/uploads/2025/08/Daily-Price-Index-August-3-2025.pdf,daily_price_index,0,2025-08-03,parsed,rowtable,38,e65781fbe0d39170b88f1d00344f7f0206a2e6e86c61b23ac2f5dfd862a660f7,2026-10-01T23:45:10.176164Z,
https://www.da.gov.ph/wp-content/uploads/2025/08/Daily-Cigarette-Price-Monitoring-August-4-2025.pdf,skip,0,2025-08-04,skipped,,,,,not_a_price_report
https://www.da.gov.ph/wp-content/uploads/2025/08/Daily-Price-Index-August-4-2025.pdf,daily_price_index,0,2025-08-04,skipped,,,,,pm_exists
https://www.da.gov.ph/wp-content/uploads/2025/08/Price-Monitoring-August-4-2025.pdf,price_monitoring,0,2025-08-04,parsed,market+summary,44,93a6a897d1e79d3a3fabe99e0661f02d39b6de122f08a23eb92b73b39152a9de,2026-10-01T23:45:10.875374Z,
https://www.da.gov.ph/wp-content/uploads/2025/08/Daily-Cigarette-Price-Monitoring-August-5-2025.pdf,skip,0,2025-08-05,skipped,,,,,not_a_price_report
https://www.da.gov.ph/wp-content/uploads/2025/08/Daily-Price-Index-August-5-2025.pdf,daily_price_index,0,2025-08-05,skipped,,,,,pm_exists
https://www.da.gov.ph/wp-content/uploads/2025/08/Price-Monitoring-August-5-2025.pdf,price_monitoring,0,2025-08-05,parsed,market+summary,45,0b9d483cb35a7360f73e03118268401811510b322c46316b8faeb8b0f4357db2,2026-10-01T23:45:11.715068Z,
https://www.da.gov.ph/wp-content/uploads/2025/08/Daily-Cigarette-Price-Monitoring-August-6-2025.pdf,skip,0,2025-08-06,skipped,,,,,not_a_price_report
https://www.da.gov.ph/wp-content/uploads/2025/08/Daily-Price-Index-August-6-2025-1.pdf,daily_price_index,0,2025-08-06,skipped,,,,,pm_exists
https://www.da.gov.ph/wp-content/uploads/2025/08/Price-Monitoring-August-6-2025.pdf,price_monitoring,0,2025-08-06,parsed,market+summary,44,546f92b6edb2691787182e85c917e9ddb24eefb13a9bc50a2892ae66e846dc44,2026-10-01T23:45:12.563262Z,
https://www.da.gov.ph/wp-content/uploads/2025/08/Daily-Cigarette-Price-Monitoring-August-7-2025.pdf,skip,0,2025-08-07,skipped,,,,,not_a_price_report
https://www.da.gov.ph/wp-content/uploads/2025/08/Daily-Price-Index-August-7-2025.pdf,daily_price_index,0,2025-08-07,skipped,,,,,pm_exists
https://www.da.gov.ph/wp-content/uploads/2025/08/Price-Monitoring-August-7-2025.pdf,price_monitoring,0,2025-08-07,parsed,market+summary,44,87376a9dd4affa666d8c845c9e82c89471151f05f27204e9bb3bbd14dea283bd,2026-10-01T23:45:13.445821Z,
https://www.da.gov.ph/wp-content/uploads/2025/08/Daily-Cigarette-Price-Monitoring-August-8-2025.pdf,skip,0,2025-08-08,skipped,,,,,not_a_price_report
https://www.da.gov.ph/wp-content/uploads/2025/08/Daily-Price-Index-August-8-2025.pdf,daily_price_index,0,2025-08-08,skipped,,,,,pm_exists
https://www.da.gov.ph/wp-content/uploads/2025/08/Price-Monitoring-August-8-2025.pdf,price_monitoring,0,2025-08-08,parsed,market+summary,44,2ee1e37cc1b0af5c350aaf7487fdc78518ee6e16872d02e5a951f17f9cbf694d,2026-10-01T23:45:14.289796Z,
https://www.da.gov.ph/wp-content/uploads/2025/08/Daily-Cigarette-Price-Monitoring-August-9-2025.pdf,skip,0,2025-08-09,skipped,,,,,not_a_price_report
https://www.da.gov.ph/wp-content/uploads/2025/08/Daily-Price-Index-August-9-2025.pdf,daily_price_index,0,2025-08-09,skipped,,,,,pm_exists
https://www.da.gov.ph/wp-content/uploads/2025/08/Price-Monitoring-August-9-2025.pdf,price_monitoring,0,2025-08-09,parsed,market+summary,44,2ae86e3321a352b115cdf8129edff5747fad40b65e8ccc71a3d1b2b65e866a19,2026-10-01T23:45:15.339351Z,
https://www.da.gov.ph/wp-content/uploads/2025/08/Daily-Cigarette-Price-Monitoring-August-10-2025.pdf,skip,0,2025-08-10,skipped,,,,,not_a_price_report
https://www.da.gov.ph/wp-content/uploads/2025/08/Daily-Price-Index-August-10-2025.pdf,daily_price_index,0,2025-08-10,parsed,rowtable,38,7aeab1244d86909f543b07d0acb63a16f458cd2d57a2dc107719fbc60ed04c60,2026-10-01T23:45:16.168923Z,
https://www.da.gov.ph/wp-content/uploads/2025/08/Daily-Cigarette-Price-Monitoring-August-11-2025.pdf,skip,0,2025-08-11,skipped,,,,,not_a_price_report
https://www.da.gov.ph/wp-content/uploads/2025/08/Daily-Price-Index-August-11-2025.pdf,daily_price_index,0,2025-08-11,skipped,,,,,pm_exists
https://www.da.gov.ph/wp-content/uploads/2025/08/Price-Monitoring-August-11-2025.pdf,price_monitoring,0,2025-08-11,parsed,market+summary,44,db6c39561f7216f2cdb54a705954babb34c7f228ad2526324c067f028597a077,2026-10-01T23:45:16.880022Z,
https://www.da.gov.ph/wp-content/uploads/2025/08/Daily-Cigarette-Price-Monitoring-August-12-2025.pdf,skip,0,2025-08-12,skipped,,,,,not_a_price_report
https://www.da.gov.ph/wp-content/uploads/2025/08/Daily-Price-Index-August-12-2025.pdf,daily_price_index,0,2025-08-12,skipped,,,,,pm_exists
https://www.da.gov.ph/wp-content/uploads/2025/08/Price-Monitoring-August-12-2025.pdf,price_monitoring,0,2025-08-12,parsed,market+summary,44,53488f76124e131a56b3db9db8a046dd927df9cd28c84c80724b561ac10bd3f3,2026-10-01T23:45:17.725026Z,
https://www.da.gov.ph/wp-content/uploads/2025/08/Daily-Cigarette-Price-Monitoring-August-13-2025.pdf,skip,0,2025-08-13,skipped,,,,,not_a_price_report
https://www.da.gov.ph/wp-content/uploads/2025/08/Daily-Price-Index-August-13-2025.pdf,daily_price_index,0,2025-08-13,skipped,,,,,pm_exists
https://www.da.gov.ph/wp-content/uploads/2025/08/Price-Monitoring-August-13-2025.pdf,price_monitoring,0,2025-08-13,parsed,market+summary,44,60e519c5c62260856d83b5cfad8aefc644540f74cbd3f18c1e4ed35da19c5741,2026-10-01T23:45:18.591471Z,
https://www.da.gov.ph/wp-content/uploads/2025/08/Daily-Cigarette-Price-Monitoring-August-14-2025.pdf,skip,0,2025-08-14,skipped,,,,,not_a_price_report
https://www.da.gov.ph/wp-content/uploads/2025/08/Daily-Price-Index-August-14-2025.pdf,daily_price_index,0,2025-08-14,skipped,,,,,pm_exists
https://www.da.gov.ph/wp-content/uploads/2025/08/Price-Monitoring-August-14-2025.pdf,price_monitoring,0,2025-08-14,parsed,market+summary,44,b161e7f033b80a8019d94cebc5548315de7ab0972e06858fac81b678af5c6901,2026-10-01T23:45:19.455112Z,
https://www.da.gov.ph/wp-content/uploads/2025/08/Daily-Cigarette-Price-Monitoring-August-15-2025.pdf,skip,0,2025-08-15,skipped,,,,,not_a_price_report
https://www.da.gov.ph/wp-content/uploads/2025/08/Daily-Price-Index-August-15-2025.pdf,daily_price_index,0,2025-08-15,skipped,,,,,pm_exists
https://www.da.gov.ph/wp-content/uploads/2025/08/Price-Monitoring-August-15-2025.pdf,price_monitoring,0,2025-08-15,parsed,market+summary,45,17d7583850b61b9aa0b806d0e56d0a0e9cf38c6f677ced2b3a58b5fbcfe66421,2026-10-01T23:45:20.318103Z,
https://www.da.gov.ph/wp-content/uploads/2025/08/Daily-Cigarette-Price-Monitoring-August-16-2025.pdf,skip,0,2025-08-16,skipped,,,,,not_a_price_report
https://www.da.gov.ph/wp-content/uploads/2025/08/Daily-Price-Index-August-16-2025.pdf,daily_price_index,0,2025-08-16,skipped,,,,,pm_exists
https://www.da.gov.ph/wp-content/uploads/2025/08/Price-Monitoring-August-16-2025.pdf,price_monitoring,0,2025-08-16,parsed,market+summary,45,12639033b4074fa4b9c612c7e4e1175e90db6720270da8946449374297fe48f6,2026-10-01T23:45:21.328273Z,
https://www.da.gov.ph/wp-content/uploads/2025/08/Daily-Cigarette-Price-Monitoring-August-17-2025.pdf,skip,0,2025-08-17,skipped,,,,,not_a_price_report
https://www.da.gov.ph/wp-content/uploads/2025/08/Daily-Price-Index-August-17-2025.pdf,daily_price_index,0,2025-08-17,parsed,rowtable,39,64cd2c42010b201f48ce850e82db3561c60345d2bb40f1a8f454906adb95788f,2026-10-01T23:45:22.176242Z,
https://www.da.gov.ph/wp-content/uploads/2025/08/Daily-Cigarette-Price-Monitoring-August-18-2025.pdf,skip,0,2025-08-18,skipped,,,,,not_a_price_report
https://www.da.gov.ph/wp-content/uploads/2025/08/Daily-Price-Index-August-18-2025.pdf,daily_price_index,0,2025-08-18,parsed,rowtable,40,b4d3147442c5ea3c85896ab9c52e545b9f3526e51b42e433a827e840ee6ba090,2026-10-01T23:45:22.945629Z,
https://www.da.gov.ph/wp-content/uploads/2025/08/Price-Monitoring-August-18-2025.pdf,price_monitoring,0,2025-08-18,failed,,,10b4a4b448276f522ae2fd78ca2c0f8a7ba6b4428548d44effbef0982fd1feb7,2026-10-01T23:45:22.940913Z,no_rows
https://www.da.gov.ph/wp-content/uploads/2025/08/Daily-Cigarette-Price-Monitoring-August-19-2025.pdf,skip,0,2025-08-19,skipped,,,,,not_a_price_report
https://www.da.gov.ph/wp-content/uploads/2025/08/Daily-Price-Index-August-19-2025.pdf,daily_price_index,0,2025-08-19,skipped,,,,,pm_exists
https://www.da.gov.ph/wp-content/uploads/2025/08/Price-Monitoring-August-19-2025.pdf,price_monitoring,0,2025-08-19,parsed,market+summary,45,6bcde7a0d75fc628218da49fe2df263592a2f30418cd0e8d029d0c3cde037b31,2026-10-01T23:45:23.705921Z,
https://www.da.gov.ph/wp-content/uploads/2025/08/Daily-Cigarette-Price-Monitoring-August-20-2025.pdf,skip,0,2025-08-20,skipped,,,,,not_a_price_report
https://www.da.gov.ph/wp-content/uploads/2025/08/Daily-Price-Index-August-20-2025.pdf,daily_price_index,0,2025-08-20,skipped,,,,,pm_exists
https://www.da.gov.ph/wp-content/uploads/2025/08/Price-Monitoring-August-20-2025.pdf,price_monitoring,0,2025-08-20,parsed,market+summary,45,d6e987d23eb444d822e7116c36b69853b3e9b52e5159fc2b3f3dc124fabca9d8,2026-10-01T23:45:24.525166Z,
https://www.da.gov.ph/wp-content/uploads/2025/08/Daily-Price-Index-August-21-2025.pdf,daily_price_index,0,2025-08-21,skipped,,,,,pm_exists
https://www.da.gov.ph/wp-content/uploads/2025/08/Price-Monitoring-August-21-2025.pdf,price_monitoring,0,2025-08-21,parsed,market+summary,45,6e0e941d835ad8253f19c34c5e378ee8c3c1334f55f35ebf8fb7b752022d505b,2026-10-01T23:45:25.353901Z,
https://www.da.gov.ph/wp-content/uploads/2025/09/Daily-Cigarette-Price-Monitoring-August-21-2025.pdf,skip,0,2025-08-21,skipped,,,,,not_a_price_report
https://www.da.gov.ph/wp-content/uploads/2025/08/Daily-Price-Index-August-22-2025.pdf,daily_price_index,0,2025-08-22,skipped,,,,,pm_exists
https://www.da.gov.ph/wp-content/uploads/2025/08/Price-Monitoring-August-22-2025.pdf,price_monitoring,0,2025-08-22,parsed,market+summary,45,86bd84f169f8c8982ac3105ae695f6dba457e535137c951c4d21ff5f2cf3eefc,2026-10-01T23:45:26.243451Z,
https://www.da.gov.ph/wp-content/uploads/2025/09/Daily-Cigarette-Price-Monitoring-August-22-2025.pdf,skip,0,2025-08-22,skipped,,,,,not_a_price_report
https://www.da.gov.ph/wp-content/uploads/2025/08/Daily-Price-Index-August-23-2025.pdf,daily_price_index,0,2025-08-23,skipped,,,,,pm_exists
https://www.da.gov.ph/wp-content/uploads/2025/08/Price-Monitoring-August-23-2025.pdf,price_monitoring,0,2025-08-23,parsed,market+summary,45,34a023d1d69ab25002696c93d565a0bfe268186e564e2d064e650394204b94dc,2026-10-01T23:45:27.113781Z,
https://www.da.gov.ph/wp-content/uploads/2025/09/Daily-Cigarette-Price-Monitoring-August-23-2025.pdf,skip,0,2025-08-23,skipped,,,,,not_a_price_report
https://www.da.gov.ph/wp-content/uploads/2025/08/Daily-Price-Index-August-24-2025.pdf,daily_price_index,0,2025-08-24,parsed,rowtable,39,1893b5c4d85e6445511560d10539b1eb74b6614b01fc02d3ffc5f579e281078e,2026-10-01T23:45:28.010912Z,
https://www.da.gov.ph/wp-content/uploads/2025/09/Daily-Cigarette-Price-Monitoring-August-24-2025.pdf,skip,0,2025-08-24,skipped,,,,,not_a_price_report
https://www.da.gov.ph/wp-content/uploads/2025/08/Daily-Price-Index-August-25-2025.pdf,daily_price_index,0,2025-08-25,parsed,rowtable,42,9d9095741f6d6877df15159694bc827ce352272537a75158681d15314e0c5869,2026-10-01T23:45:28.908435Z,
https://www.da.gov.ph/wp-content/uploads/2025/08/Price-Monitoring-August-25-2025.pdf,price_monitoring,0,2025-08-25,failed,,,2044a4e421060542bf4a24b69482542bc6e906f6ab264ebee321b3cd44ea3e35,2026-10-01T23:45:28.876572Z,no_rows
https://www.da.gov.ph/wp-content/uploads/2025/09/Daily-Cigarette-Price-Monitoring-August-25-2025.pdf,skip,0,2025-08-25,skipped,,,,,not_a_price_report
https://www.da.gov.ph/wp-content/uploads/2025/08/Daily-Price-Index-August-26-2025.pdf,daily_price_index,0,2025-08-26,skipped,,,,,pm_exists
https://www.da.gov.ph/wp-content/uploads/2025/08/Price-Monitoring-August-26-2025.pdf,price_monitoring,0,2025-08-26,parsed,market+summary,45,78b2ec5f24d380a12c00aa8badeeffb881d45a866efbff05f27ee90cedda3e9c,2026-10-01T23:45:29.706923Z,
https://www.da.gov.ph/wp-content/uploads/2025/09/Daily-Cigarette-Price-Monitoring-August-26-2025.pdf,skip,0,2025-08-26,skipped,,,,,not_a_price_report
https://www.da.gov.ph/wp-content/uploads/2025/08/Daily-Price-Index-August-27-2025.pdf,daily_price_index,0,2025-08-27,skipped,,,,,pm_exists
https://www.da.gov.ph/wp-content/uploads/2025/08/Price-Monitoring-August-27-2025.pdf,price_monitoring,0,2025-08-27,parsed,market+summary,45,12c796ec2145af97502a9050e395244fdce549c2407546f3b8a695eb2b716c4b,2026-10-01T23:45:30.690151Z,
https://www.da.gov.ph/wp-content/uploads/2025/09/Daily-Cigarette-Price-Monitoring-August-27-2025.pdf,skip,0,2025-08-27,skipped,,,,,not_a_price_report
https://www.da.gov.ph/wp-content/uploads/2025/08/Daily-Price-Index-August-28-2025.pdf,daily_price_index,0,2025-08-28,skipped,,,,,pm_exists
https://www.da.gov.ph/wp-content/uploads/2025/08/Price-Monitoring-August-28-2025.pdf,price_monitoring,0,2025-08-28,parsed,market+summary,45,8ac136e3091ba98cc7e51ec527b91d56c840adf758e26192e08fe3a4719d4dd7,2026-10-01T23:45:31.617241Z,
https://www.da.gov.ph/wp-content/uploads/2025/09/Daily-Cigarette-Price-Monitoring-August-28-2025.pdf,skip,0,2025-08-28,skipped,,,,,not_a_price_report
https://www.da.gov.ph/wp-content/uploads/2025/08/Daily-Price-Index-August-29-2025.pdf,daily_price_index,0,2025-08-29,skipped,,,,,pm_exists
https://www.da.gov.ph/wp-content/uploads/2025/09/Daily-Cigarette-Price-Monitoring-August-29-2025.pdf,skip,0,2025-08-29,skipped,,,,,not_a_price_report
https://www.da.gov.ph/wp-content/uploads/2025/09/Price-Monitoring-August-29-2025.pdf,price_monitoring,0,2025-08-29,parsed,market+summary,45,c0700595c76fd0c2254fc46ac53fed94eb65dd4f2efa8a38eef066dfa9f09bf5,2026-10-01T23:45:32.477851Z,
https://www.da.gov.ph/wp-content/uploads/2025/09/Daily-Cigarette-Price-Monitoring-August-30-2025.pdf,skip,0,2025-08-30,skipped,,,,,not_a_price_report
https://www.da.gov.ph/wp-content/uploads/2025/09/Price-Monitoring-August-30-2025.pdf,price_monitoring,0,2025-08-30,failed,,,42e25f0c53fa2b3d70014cff9900b09b0ce760e20a573f75c3ea2e2994a6093f,2026-10-01T23:45:33.356323Z,no_rows
https://www.da.gov.ph/wp-content/uploads/2025/09/Revised-Daily-Price-Index-August-30-2025.pdf,daily_price_index,1,2025-08-30,parsed,rowtable,41,ca423250e6b8769029373c1f150b9b70906d5277deeae8c9c930ec128dd2eafe,2026-10-01T23:45:33.381993Z,
https://www.da.gov.ph/wp-content/uploads/2025/09/Daily-Cigarette-Price-Monitoring-August-31-2025.pdf,skip,0,2025-08-31,skipped,,,,,not_a_price_report
https://www.da.gov.ph/wp-content/uploads/2025/09/Daily-Price-Index-August-31-2025.pdf,daily_price_index,0,2025-08-31,parsed,rowtable,40,c72119d2c494434ee1fe025c0f1df992229df71a478473246c34c81a3d273a68,2026-10-01T23:45:34.417257Z,
https://www.da.gov.ph/wp-content/uploads/2025/09/Daily-Cigarette-Price-Monitoring-September-1-2025.pdf,skip,0,2025-09-01,skipped,,,,,not_a_price_report
https://www.da.gov.ph/wp-content/uploads/2025/09/Price-Monitoring-September-1-2025.pdf,price_monitoring,0,2025-09-01,failed,,,b612d8fe7e3cef79988af61c0394bd4f9af16c9210f4fecf0bab6efe8f7378f3,2026-10-01T23:45:35.141427Z,no_rows
https://www.da.gov.ph/wp-content/uploads/2025/09/Revised-Daily-Price-Index-September-1-2025.pdf,daily_price_index,1,2025-09-01,parsed,rowtable,41,0237f08a12009da4a64fd38f3e3f87a0010b43aadafa2a0ec38356a8fe9d052f,2026-10-01T23:45:35.146715Z,
https://www.da.gov.ph/wp-content/uploads/2025/09/Daily-Cigarette-Price-Monitoring-September-2-2025.pdf,skip,0,2025-09-02,skipped,,,,,not_a_price_report
https://www.da.gov.ph/wp-content/uploads/2025/09/Price-Monitoring-September-2-2025.pdf,price_monitoring,0,2025-09-02,parsed,market+summary,45,1f800dc69b81f1151fc604677115c073da595aced7e5e98ffea13114bdff8687,2026-10-01T23:45:35.928126Z,
https://www.da.gov.ph/wp-content/uploads/2025/09/Revised-Daily-Price-Index-September-2-2025.pdf,daily_price_index,1,2025-09-02,skipped,,,,,pm_exists
https://www.da.gov.ph/wp-content/uploads/2025/09/Daily-Cigarette-Price-Monitoring-September-3-2025.pdf,skip,0,2025-09-03,skipped,,,,,not_a_price_report
https://www.da.gov.ph/wp-content/uploads/2025/09/Price-Monitoring-September-3-2025.pdf,price_monitoring,0,2025-09-03,parsed,market+summary,45,a8794403cad3bc08801b518702add2aea91b3b1502cc4d8959fc9b299c60979e,2026-10-01T23:45:36.882895Z,
https://www.da.gov.ph/wp-content/uploads/2025/09/Revised-Daily-Price-Index-September-3-2025.pdf,daily_price_index,1,2025-09-03,skipped,,,,,pm_exists
https://www.da.gov.ph/wp-content/uploads/2025/09/Daily-Cigarette-Price-Monitoring-September-4-2025.pdf,skip,0,2025-09-04,skipped,,,,,not_a_price_report
https://www.da.gov.ph/wp-content/uploads/2025/09/Price-Monitoring-September-4-2025.pdf,price_monitoring,0,2025-09-04,parsed,market+summary,45,3b97eb3d1b1e3ab8aaa541ca559d3915b2ba0293ffb986886c77a9c971f93511,2026-10-01T23:45:37.757719Z,
https://www.da.gov.ph/wp-content/uploads/2025/09/Revised-Daily-Price-Index-September-4-2025.pdf,daily_price_index,1,2025-09-04,skipped,,,,,pm_exists
https://www.da.gov.ph/wp-content/uploads/2025/09/Daily-Cigarette-Price-Monitoring-September-5-2025.pdf,skip,0,2025-09-05,skipped,,,,,not_a_price_report
https://www.da.gov.ph/wp-content/uploads/2025/09/Daily-Price-Index-September-5-2025.pdf,daily_price_index,0,2025-09-05,skipped,,,,,pm_exists
https://www.da.gov.ph/wp-content/uploads/2025/09/Price-Monitoring-September-5-2025.pdf,price_monitoring,0,2025-09-05,parsed,market+summary,45,5cb3347046a64d4f63958d78a0ea59055e737be3108fe4efaddff687e090945e,2026-10-01T23:45:38.603533Z,
https://www.da.gov.ph/wp-content/uploads/2025/09/Daily-Cigarette-Price-Monitoring-September-6-2025.pdf,skip,0,2025-09-06,skipped,,,,,not_a_price_report
https://www.da.gov.ph/wp-content/uploads/2025/09/Daily-Price-Index-September-6-2025.pdf,daily_price_index,0,2025-09-06,skipped,,,,,pm_exists
https://www.da.gov.ph/wp-content/uploads/2025/09/Price-Monitoring-September-6-2025.pdf,price_monitoring,0,2025-09-06,parsed,market+summary,45,9f544d819cfce1c3f4e5cfdc35504056c1973daa39ec7f6e6448f6f1b72350fb,2026-10-01T23:45:39.451672Z,
https://www.da.gov.ph/wp-content/uploads/2025/09/Daily-Cigarette-Price-Monitoring-September-7-2025.pdf,skip,0,2025-09-07,skipped,,,,,not_a_price_report
https://www.da.gov.ph/wp-content/uploads/2025/09/Daily-Price-Index-September-7-2025.pdf,daily_price_index,0,2025-09-07,parsed,rowtable,40,356db73903376c9d0063ef9812361cd2d649f00a86c1144d58c6cb4d6bc7b9f3,2026-10-01T23:45:40.291106Z,
https://www.da.gov.ph/wp-content/uploads/2025/09/Daily-Cigarette-Price-Monitoring-September-8-2025.pdf,skip,0,2025-09-08,skipped,,,,,not_a_price_report
https://www.da.gov.ph/wp-content/uploads/2025/09/Daily-Price-Index-September-8-2025.pdf,daily_price_index,0,2025-09-08,skipped,,,,,pm_exists
https://www.da.gov.ph/wp-content/uploads/2025/09/Price-Monitoring-September-8-2025.pdf,price_monitoring,0,2025-09-08,parsed,market+summary,46,48c753983fb607d20d780fcf13d312d5a3f0d87dea31d041086469fbb897d44d,2026-10-01T23:45:41.123806Z,
https://www.da.gov.ph/wp-content/uploads/2025/09/Daily-Cigarette-Price-Monitoring-September-9-2025.pdf,skip,0,2025-09-09,skipped,,,,,not_a_price_report
https://www.da.gov.ph/wp-content/uploads/2025/09/Daily-Price-Index-September-9-2025.pdf,daily_price_index,0,2025-09-09,skipped,,,,,pm_exists
https://www.da.gov.ph/wp-content/uploads/2025/09/Price-Monitoring-September-9-2025.pdf,price_monitoring,0,2025-09-09,parsed,market+summary,45,e8148abd402bc94fe11a61f225f77a4fded1721fff9ac5cbc2f9c6f6c51e89fe,2026-10-01T23:45:41.977220Z,
https://www.da.gov.ph/wp-content/uploads/2025/09/Daily-Cigarette-Price-Monitoring-September-10-2025.pdf,skip,0,2025-09-10,skipped,,,,,not_a_price_report
https://www.da.gov.ph/wp-content/uploads/2025/09/Daily-Price-Index-September-10-2025.pdf,daily_price_index,0,2025-09-10,skipped,,,,,pm_exists
https://www.da.gov.ph/wp-content/uploads/2025/09/Price-Monitoring-September-10-2025.pdf,price_monitoring,0,2025-09-10,parsed,market+summary,45,a82c72865584f46b5a970e6e3e67271ac0ad54b3d609af63e4253bab489a3e24,2026-10-01T23:45:42.805505Z,
https://www.da.gov.ph/wp-content/uploads/2025/09/Daily-Cigarette-Price-Monitoring-September-11-2025.pdf,skip,0,2025-09-11,skipped,,,,,not_a_price_report
https://www.da.gov.ph/wp-content/uploads/2025/09/Daily-Price-Index-September-11-2025.pdf,daily_price_index,0,2025-09-11,skipped,,,,,pm_exists
https://www.da.gov.ph/wp-content/uploads/2025/09/Price-Monitoring-September-11-2025.pdf,price_monitoring,0,2025-09-11,parsed,market+summary,45,b76278ba10fc3f688bff410a6e7a0e967c7f760458336616429ea93f7793dcaf,2026-10-01T23:45:43.753825Z,
https://www.da.gov.ph/wp-content/uploads/2025/09/Daily-Cigarette-Price-Monitoring-September-12-2025.pdf,skip,0,2025-09-12,skipped,,,,,not_a_price_report
https://www.da.gov.ph/wp-content/uploads/2025/09/Daily-Price-Index-September-12-2025.pdf,daily_price_index,0,2025-09-12,skipped,,,,,pm_exists
https://www.da.gov.ph/wp-content/uploads/2025/09/Price-Monitoring-September-12-2025.pdf,price_monitoring,0,2025-09-12,parsed,market+summary,45,bea126ae66786b81fa9f1f7fce63bc0ce05916dd44cb68911bde097324570404,2026-10-01T23:45:44.597797Z,
https://www.da.gov.ph/wp-content/uploads/2025/09/Daily-Cigarette-Price-Monitoring-September-13-2025.pdf,skip,0,2025-09-13,skipped,,,,,not_a_price_report
https://www.da.gov.ph/wp-content/uploads/2025/09/Daily-Price-Index-September-13-2025.pdf,daily_price_index,0,2025-09-13,skipped,,,,,pm_exists
https://www.da.gov.ph/wp-content/uploads/2025/09/Price-Monitoring-September-13-2025.pdf,price_monitoring,0,2025-09-13,parsed,market+summary,45,0c865fcdc6b335c04ffe0dd8d9eb93bfd6f5d4a5f43c11bb34558bccca980e7e,2026-10-01T23:45:45.559018Z,
https://www.da.gov.ph/wp-content/uploads/2025/09/Daily-Cigarette-Price-Monitoring-September-14-2025.pdf,skip,0,2025-09-14,skipped,,,,,not_a_price_report
https://www.da.gov.ph/wp-content/uploads/2025/09/Daily-Price-Index-September-14-2025.pdf,daily_price_index,0,2025-09-14,parsed,rowtable,41,8c52f2676284498e221c3c109542fbf229a638edaaf966fad3e360d2f1de48f0,2026-10-01T23:45:46.422809Z,
https://www.da.gov.ph/wp-content/uploads/2025/09/Daily-Cigarette-Price-Monitoring-September-15-2025.pdf,skip,0,2025-09-15,skipped,,,,,not_a_price_report
https://www.da.gov.ph/wp-content/uploads/2025/09/Daily-Price-Index-September-15-2025.pdf,daily_price_index,0,2025-09-15,skipped,,,,,pm_exists
https://www.da.gov.ph/wp-content/uploads/2025/09/Price-Monitoring-September-15-2025.pdf,price_monitoring,0,2025-09-15,parsed,market+summary,45,4bf57ccc20365a29c1da452a512de46ca5087246b59da6907956d027302fe5c7,2026-10-01T23:45:47.154395Z,
https://www.da.gov.ph/wp-content/uploads/2025/09/Daily-Cigarette-Price-Monitoring-September-16-2025.pdf,skip,0,2025-09-16,skipped,,,,,not_a_price_report
https://www.da.gov.ph/wp-content/uploads/2025/09/Daily-Price-Index-September-16-2025.pdf,daily_price_index,0,2025-09-16,skipped,,,,,pm_exists
https://www.da.gov.ph/wp-content/uploads/2025/09/Price-Monitoring-September-16-2025.pdf,price_monitoring,0,2025-09-16,parsed,market+summary,45,9c251022e58f967b36c0339d6bb7b43dc69c53f1d8033ae730a542e744b28bea,2026-10-01T23:45:48.010859Z,
https://www.da.gov.ph/wp-content/uploads/2025/09/Daily-Cigarette-Price-Monitoring-September-17-2025.pdf,skip,0,2025-09-17,skipped,,,,,not_a_price_report
https://www.da.gov.ph/wp-content/uploads/2025/09/Daily-Price-Index-September-17-2025.pdf,daily_price_index,0,2025-09-17,skipped,,,,,pm_exists
https://www.da.gov.ph/wp-content/uploads/2025/09/Price-Monitoring-September-17-2025.pdf,price_monitoring,0,2025-09-17,parsed,market+summary,45,a14d7d5372870c924ed1ec0f6539614a4d88d000bfc116f628ebcdde049bb0e6,2026-10-01T23:45:48.901403Z,
https://www.da.gov.ph/wp-content/uploads/2025/09/Daily-Cigarette-Price-Monitoring-September-18-2025.pdf,skip,0,2025-09-18,skipped,,,,,not_a_price_report
https://www.da.gov.ph/wp-content/uploads/2025/09/Daily-Price-Index-September-18-2025.pdf,daily_price_index,0,2025-09-18,skipped,,,,,pm_exists
https://www.da.gov.ph/wp-content/uploads/2025/09/Price-Monitoring-September-18-2025.pdf,price_monitoring,0,2025-09-18,parsed,market+summary,44,3c9942632edc56f3c9000010609ce4dd5822cf65e5fd0c953b9a554235089546,2026-10-01T23:45:49.754891Z,
https://www.da.gov.ph/wp-content/uploads/2025/09/Daily-Cigarette-Price-Monitoring-September-19-2025.pdf,skip,0,2025-09-19,skipped,,,,,not_a_price_report
https://www.da.gov.ph/wp-content/uploads/2025/09/Daily-Price-Index-September-19-2025.pdf,daily_price_index,0,2025-09-19,skipped,,,,,pm_exists
https://www.da.gov.ph/wp-content/uploads/2025/09/Price-Monitoring-September-19-2025.pdf,price_monitoring,0,2025-09-19,parsed,market+summary,44,ec66e2fb2793a1b45766266a00e88ef9256b20b29e3c44af824c42ad68368933,2026-10-01T23:45:50.589941Z,
https://www.da.gov.ph/wp-content/uploads/2025/09/Daily-Cigarette-Price-Monitoring-September-20-2025.pdf,skip,0,2025-09-20,skipped,,,,,not_a_price_report
https://www.da.gov.ph/wp-content/uploads/2025/09/Daily-Price-Index-September-20-2025.pdf,daily_price_index,0,2025-09-20,skipped,,,,,pm_exists
https://www.da.gov.ph/wp-content/uploads/2025/09/Price-Monitoring-September-20-2025.pdf,price_monitoring,0,2025-09-20,parsed,market+summary,44,84084118d96b254fe4615fd2d08c1e74799e5c4fa62659ce82f7c497e49e631b,2026-10-01T23:45:51.433484Z,
https://www.da.gov.ph/wp-content/uploads/2025/09/Daily-Cigarette-Price-Monitoring-September-21-2025.pdf,skip,0,2025-09-21,skipped,,,,,not_a_price_report
https://www.da.gov.ph/wp-content/uploads/2025/09/Daily-Price-Index-September-21-2025.pdf,daily_price_index,0,2025-09-21,parsed,rowtable,39,872b2d3b3998596ed6b5b634526005177b4323c3b0b40b88bae32c7853dbb9ac,2026-10-01T23:45:52.235183Z,
https://www.da.gov.ph/wp-content/uploads/2025/09/Daily-Cigarette-Price-Monitoring-September-22-2025.pdf,skip,0,2025-09-22,skipped,,,,,not_a_price_report
https://www.da.gov.ph/wp-content/uploads/2025/09/Daily-Price-Index-September-22-2025.pdf,daily_price_index,0,2025-09-22,skipped,,,,,pm_exists
https://www.da.gov.ph/wp-content/uploads/2025/09/Price-Monitoring-September-22-2025.pdf,price_monitoring,0,2025-09-22,parsed,market+summary,44,6bd3025188575987a5b13fab76983ffc904720ad3dcd0c406dd8e5ead40aa1d7,2026-10-01T23:45:52.955876Z,
https://www.da.gov.ph/wp-content/uploads/2025/09/Price-Monitoring-September-23-2025.pdf,price_monitoring,0,2025-09-23,parsed,market+summary,39,552e9f02681909801fac85983da0a086558008bbaa0aeae24466077f66b37a37,2026-10-01T23:45:53.833848Z,
https://www.da.gov.ph/wp-content/uploads/2025/10/Daily-Cigarette-Price-Monitoring-September-23-2025.pdf,skip,0,2025-09-23,skipped,,,,,not_a_price_report
https://www.da.gov.ph/wp-content/uploads/2025/10/Daily-Price-Index-September-23-2025.pdf,daily_price_index,0,2025-09-23,skipped,,,,,pm_exists
https://www.da.gov.ph/wp-content/uploads/2025/09/Daily-Cigarette-Price-Monitoring-September-24-2025.pdf,skip,0,2025-09-24,skipped,,,,,not_a_price_report
https://www.da.gov.ph/wp-content/uploads/2025/09/Daily-Price-Index-September-24-2025.pdf,daily_price_index,0,2025-09-24,skipped,,,,,pm_exists
https://www.da.gov.ph/wp-content/uploads/2025/09/Price-Monitoring-September-24-2025.pdf,price_monitoring,0,2025-09-24,parsed,market+summary,44,5be302f22b7008360264cea988bb5aa8f56f2e58f681544afb8c7997aad10ee7,2026-10-01T23:45:54.868767Z,
https://www.da.gov.ph/wp-content/uploads/2025/09/Daily-Cigarette-Price-Monitoring-September-25-2025.pdf,skip,0,2025-09-25,skipped,,,,,not_a_price_report
https://www.da.gov.ph/wp-content/uploads/2025/09/Price-Monitoring-September-25-2025.pdf,price_monitoring,0,2025-09-25,parsed,market+summary,43,fe35086aac28df40558bdd0d627876150d8f5430524ddfe5a852a494840fe018,2026-10-01T23:45:55.690916Z,
https://www.da.gov.ph/wp-content/uploads/2025/11/Daily-Price-Index-September-25-2025.pdf,daily_price_index,0,2025-09-25,skipped,,,,,pm_exists
https://www.da.gov.ph/wp-content/uploads/2025/09/Daily-Price-Index-September-26-2025.pdf,daily_price_index,0,2025-09-26,skipped,,,,,pm_exists
https://www.da.gov.ph/wp-content/uploads/2025/09/Price-Monitoring-September-26-2025.pdf,price_monitoring,0,2025-09-26,parsed,market+summary,43,bd829682091974c7fd181b289ebadd8568e44904a628115c4ee4f91c1dd6a99d,2026-10-01T23:45:56.517970Z,
https://www.da.gov.ph/wp-content/uploads/2025/10/Daily-Cigarette-Price-Monitoring-September-26-2025.pdf,skip,0,2025-09-26,skipped,,,,,not_a_price_report
https://www.da.gov.ph/wp-content/uploads/2025/09/Daily-Price-Index-September-27-2025.pdf,daily_price_index,0,2025-09-27,parsed,rowtable,53,529ae036520b773e08ef3da649ab8c15551d6f6d9cd3aac50cbb1c5650db875f,2026-10-01T23:45:57.318755Z,
https://www.da.gov.ph/wp-content/uploads/2025/09/Price-Monitoring-September-27-2025.pdf,price_monitoring,0,2025-09-27,failed,,,df68df378b9bfffb8a915491d8d5752ef85266c540b182a4980bda470905a1c2,2026-10-01T23:45:57.295275Z,no_rows
https://www.da.gov.ph/wp-content/uploads/2025/10/Daily-Cigarette-Price-Monitoring-September-27-2025.pdf,skip,0,2025-09-27,skipped,,,,,not_a_price_report
https://www.da.gov.ph/wp-content/uploads/2025/09/Daily-Price-Index-September-28-2025.pdf,daily_price_index,0,2025-09-28,parsed,rowtable,52,e30bcb509723bbf077f78d0bed5d640e60bca2a479999b911c6a6416a899fe80,2026-10-01T23:45:57.912841Z,
https://www.da.gov.ph/wp-content/uploads/2025/10/Daily-Cigarette-Price-Monitoring-September-28-2025.pdf,skip,0,2025-09-28,skipped,,,,,not_a_price_report
https://www.da.gov.ph/wp-content/uploads/2025/09/Daily-Price-Index-September-29-2025.pdf,daily_price_index,0,2025-09-29,skipped,,,,,pm_exists
https://www.da.gov.ph/wp-content/uploads/2025/09/Price-Monitoring-September-29-2025.pdf,price_monitoring,0,2025-09-29,parsed,market+summary,44,f3f4bd35231aa8c53e1eb0526c5a362690f9d1df3b52506b6b75f6dbcf5595c6,2026-10-01T23:45:58.487504Z,
https://www.da.gov.ph/wp-content/uploads/2025/10/Daily-Cigarette-Price-Monitoring-September-29-2025.pdf,skip,0,2025-09-29,skipped,,,,,not_a_price_report
https://www.da.gov.ph/wp-content/uploads/2025/09/Daily-Price-Index-September-30-2025.pdf,daily_price_index,0,2025-09-30,skipped,,,,,pm_exists
https://www.da.gov.ph/wp-content/uploads/2025/10/Daily-Cigarette-Price-Monitoring-September-30-2025.pdf,skip,0,2025-09-30,skipped,,,,,not_a_price_report
https://www.da.gov.ph/wp-content/uploads/2025/10/Price-Monitoring-September-30-2025.pdf,price_monitoring,0,2025-09-30,parsed,market+summary,43,b31b46b251cf77579442ce0ba593afec92f4e649149f61e0ba215b4b12ad06a1,2026-10-01T23:45:59.298271Z,
https://www.da.gov.ph/wp-content/uploads/2025/10/Daily-Price-Index-October-1-2025.pdf,daily_price_index,0,2025-10-01,skipped,,,,,pm_exists
https://www.da.gov.ph/wp-content/uploads/2025/10/Price-Monitoring-October-1-2025.pdf,price_monitoring,0,2025-10-01,parsed,market+summary,43,70063ab1f8582b1e9be99c3b8fae378362940074125af44fe0932cd266c2bae3,2026-10-01T23:46:00.254186Z,
https://www.da.gov.ph/wp-content/uploads/2025/10/Revised-Cigarette-Price-Monitoring-October-1-2025.pdf,skip,1,2025-10-01,skipped,,,,,not_a_price_report
https://www.da.gov.ph/wp-content/uploads/2025/10/Daily-Cigarette-Price-Monitoring-October-2-2025.pdf,skip,0,2025-10-02,skipped,,,,,not_a_price_report
https://www.da.gov.ph/wp-content/uploads/2025/10/Daily-Price-Index-October-2-2025.pdf,daily_price_index,0,2025-10-02,skipped,,,,,pm_exists
https://www.da.gov.ph/wp-content/uploads/2025/10/Price-Monitoring-October-2-2025.pdf,price_monitoring,0,2025-10-02,parsed,market+summary,43,595522f26d22b340ce83f2ab640fca51439f590795974ab0c45278731b5cac8d,2026-10-01T23:46:01.044488Z,
https://www.da.gov.ph/wp-content/uploads/2025/10/Daily-Cigarette-Price-Monitoring-October-3-2025.pdf,skip,0,2025-10-03,skipped,,,,,not_a_price_report
https://www.da.gov.ph/wp-content/uploads/2025/10/Daily-Price-Index-October-3-2025.pdf,daily_price_index,0,2025-10-03,parsed,rowtable,53,a8535fa5cfaf234df56784a2962a6693927e5a9696b06d3f368bb37569d53079,2026-10-01T23:46:01.892173Z,
https://www.da.gov.ph/wp-content/uploads/2025/10/Price-Monitoring-October-3-2025.pdf,price_monitoring,0,2025-10-03,failed,,,151bea88506e70185a1661af37f2b4e76b8094009456acd4406e7090832197bf,2026-10-01T23:46:01.887122Z,no_rows
https://www.da.gov.ph/wp-content/uploads/2025/10/Daily-Cigarette-Price-Monitoring-October-4-2025.pdf,skip,0,2025-10-04,skipped,,,,,not_a_price_report
https://www.da.gov.ph/wp-content/uploads/2025/10/Daily-Price-Index-October-4-2025.pdf,daily_price_index,0,2025-10-04,parsed,rowtable,53,f86a104317127da19e188cb25980a01b8f50af887a77e596e6beb370cd05e280,2026-10-01T23:46:02.479391Z,
https://www.da.gov.ph/wp-content/uploads/2025/10/Price-Monitoring-October-4-2025.pdf,price_monitoring,0,2025-10-04,failed,,,e888a5c7c2c8721d5b7229300aa660c07ac5344780c6fe00a7edd926de04a275,2026-10-01T23:46:02.475012Z,no_rows
https://www.da.gov.ph/wp-content/uploads/2025/10/Weekly-Average-Prices-September-29-October-4-2025.pdf,skip,0,2025-10-04,skipped,,,,,not_a_price_report
https://www.da.gov.ph/wp-content/uploads/2025/10/Daily-Cigarette-Price-Monitoring-October-5-2025.pdf,skip,0,2025-10-05,skipped,,,,,not_a_price_report
https://www.da.gov.ph/wp-content/uploads/2025/10/Daily-Price-Index-October-5-2025.pdf,daily_price_index,0,2025-10-05,parsed,rowtable,52,68108bb0c530c297f91bb9bb262fbb29b063f9ae8c103596d556c24d42f474b2,2026-10-01T23:46:03.053611Z,
https://www.da.gov.ph/wp-content/uploads/2025/10/Daily-Cigarette-Price-Monitoring-October-6-2025.pdf,skip,0,2025-10-06,skipped,,,,,not_a_price_report
https://www.da.gov.ph/wp-content/uploads/2025/10/Daily-Price-Index-October-6-2025.pdf,daily_price_index,0,2025-10-06,skipped,,,,,pm_exists
https://www.da.gov.ph/wp-content/uploads/2025/10/Price-Monitoring-October-6-2025.pdf,price_monitoring,0,2025-10-06,parsed,market+summary,43,f7982192db17581f21aa0841748622db927e20116f649ef79ee3dbfe7b417ec3,2026-10-01T23:46:03.693845Z,
https://www.da.gov.ph/wp-content/uploads/2025/10/Daily-Cigarette-Price-Monitoring-October-7-2025.pdf,skip,0,2025-10-07,skipped,,,,,not_a_price_report
https://www.da.gov.ph/wp-content/uploads/2025/10/Daily-Price-Index-October-7-2025.pdf,daily_price_index,0,2025-10-07,skipped,,,,,pm_exists
https://www.da.gov.ph/wp-content/uploads/2025/10/Price-Monitoring-October-7-2025.pdf,price_monitoring,0,2025-10-07,parsed,market+summary,43,5c4f8f148fe21ffd55e9c9690ca901e033095101e1d8ab7edee036a7ae803658,2026-10-01T23:46:04.528766Z,
https://www.da.gov.ph/wp-content/uploads/2025/10/Daily-Cigarette-Price-Monitoring-October-8-2025.pdf,skip,0,2025-10-08,skipped,,,,,not_a_price_report
https://www.da.gov.ph/wp-content/uploads/2025/10/Daily-Price-Index-October-8-2025.pdf,daily_price_index,0,2025-10-08,skipped,,,,,pm_exists
https://www.da.gov.ph/wp-content/uploads/2025/10/Price-Monitoring-October-8-2025.pdf,price_monitoring,0,2025-10-08,parsed,market+summary,43,3d80c075d73166a9e4fe0e9dbe9c4668be459ee29a5904a67344545b18fcce01,2026-10-01T23:46:05.363938Z,
https://www.da.gov.ph/wp-content/uploads/2025/10/Daily-Cigarette-Price-Monitoring-October-9-2025.pdf,skip,0,2025-10-09,skipped,,,,,not_a_price_report
https://www.da.gov.ph/wp-content/uploads/2025/10/Daily-Price-Index-October-9-2025.pdf,daily_price_index,0,2025-10-09,skipped,,,,,pm_exists
https://www.da.gov.ph/wp-content/uploads/2025/10/Price-Monitoring-October-9-2025.pdf,price_monitoring,0,2025-10-09,parsed,market+summary,42,d6df8e1cf42558c045b6399c3495d1c1e5931f314ef79337d942d821e657682b,2026-10-01T23:46:06.173860Z,
https://www.da.gov.ph/wp-content/uploads/2025/10/Daily-Cigarette-Price-Monitoring-October-10-2025.pdf,skip,0,2025-10-10,skipped,,,,,not_a_price_report
https://www.da.gov.ph/wp-content/uploads/2025/10/Daily-Price-Index-October-10-2025.pdf,daily_price_index,0,2025-10-10,skipped,,,,,pm_exists
https://www.da.gov.ph/wp-content/uploads/2025/10/Price-Monitoring-October-10-2025.pdf,price_monitoring,0,2025-10-10,parsed,market+summary,43,48e59dd471124394de5430cfeb643d5ad45279ad4b49eeaa80f68e4199c0a1ec,2026-10-01T23:46:07.080098Z,
https://www.da.gov.ph/wp-content/uploads/2025/10/Daily-Cigarette-Price-Monitoring-October-11-2025.pdf,skip,0,2025-10-11,skipped,,,,,not_a_price_report
https://www.da.gov.ph/wp-content/uploads/2025/10/Daily-Price-Index-October-11-2025.pdf,daily_price_index,0,2025-10-11,skipped,,,,,pm_exists
https://www.da.gov.ph/wp-content/uploads/2025/10/Price-Monitoring-October-11-2025.pdf,price_monitoring,0,2025-10-11,parsed,market+summary,42,64b20a6b3028fbd439e21741f1ae1fd444d042a81d1fd334dd6ace6c4d04eba9,2026-10-01T23:46:07.907044Z,
https://www.da.gov.ph/wp-content/uploads/2025/10/Daily-Cigarette-Price-Monitoring-October-12-2025.pdf,skip,0,2025-10-12,skipped,,,,,not_a_price_report
https://www.da.gov.ph/wp-content/uploads/2025/10/Daily-Price-Index-October-12-2025.pdf,daily_price_index,0,2025-10-12,parsed,rowtable,50,264a7463ab02e3751ca74297ddd482246280b132f9eecc9341b8aae6bbd37765,2026-10-01T23:46:08.693709Z,
https://www.da.gov.ph/wp-content/uploads/2025/10/Daily-Cigarette-Price-Monitoring-October-13-2025.pdf,skip,0,2025-10-13,skipped,,,,,not_a_price_report
https://www.da.gov.ph/wp-content/uploads/2025/10/Daily-Price-Index-October-13-2025.pdf,daily_price_index,0,2025-10-13,skipped,,,,,pm_exists
https://www.da.gov.ph/wp-content/uploads/2025/10/Price-Monitoring-October-13-2025.pdf,price_monitoring,0,2025-10-13,parsed,market+summary,44,ed0173154a1a07d022191319ed06404c5c2dfad4c36ca5c44a7e17982d3a03c1,2026-10-01T23:46:09.258279Z,
https://www.da.gov.ph/wp-content/uploads/2025/10/Daily-Cigarette-Price-Monitoring-October-14-2025.pdf,skip,0,2025-10-14,skipped,,,,,not_a_price_report
https://www.da.gov.ph/wp-content/uploads/2025/10/Daily-Price-Index-October-14-2025.pdf,daily_price_index,0,2025-10-14,skipped,,,,,pm_exists
https://www.da.gov.ph/wp-content/uploads/2025/10/Price-Monitoring-October-14-2025.pdf,price_monitoring,0,2025-10-14,parsed,market+summary,43,31270c59b8d5ddc7f87d32b6efba430fa0fe0525278ecbc0d7c8ce12a952543c,2026-10-01T23:46:10.072187Z,
https://www.da.gov.ph/wp-content/uploads/2025/10/Daily-Cigarette-Price-Monitoring-October-15-2025.pdf,skip,0,2025-10-15,skipped,,,,,not_a_price_report
https://www.da.gov.ph/wp-content/uploads/2025/10/Daily-Price-Index-October-15-2025.pdf,daily_price_index,0,2025-10-15,skipped,,,,,pm_exists
https://www.da.gov.ph/wp-content/uploads/2025/10/Price-Monitoring-October-15-2025.pdf,price_monitoring,0,2025-10-15,parsed,market+summary,44,4f18e1fca830a2d255b2cfa1dd129cbb9be230130ca755e125105970bb4c7e48,2026-10-01T23:46:10.904403Z,
https://www.da.gov.ph/wp-content/uploads/2025/10/Daily-Cigarette-Price-Monitoring-October-16-2025.pdf,skip,0,2025-10-16,skipped,,,,,not_a_price_report
https://www.da.gov.ph/wp-content/uploads/2025/10/Daily-Price-Index-October-16-2025.pdf,daily_price_index,0,2025-10-16,skipped,,,,,pm_exists
https://www.da.gov.ph/wp-content/uploads/2025/10/Price-Monitoring-October-16-2025.pdf,price_monitoring,0,2025-10-16,parsed,market+summary,44,974d8ac0d9834c4509f7457e40345492c4d5d4d04b350c89a7dc420f5e147bfc,2026-10-01T23:46:11.992090Z,
https://www.da.gov.ph/wp-content/uploads/2025/10/Daily-Cigarette-Price-Monitoring-October-17-2025.pdf,skip,0,2025-10-17,skipped,,,,,not_a_price_report
https://www.da.gov.ph/wp-content/uploads/2025/10/Daily-Price-Index-October-17-2025.pdf,daily_price_index,0,2025-10-17,skipped,,,,,pm_exists
https://www.da.gov.ph/wp-content/uploads/2025/10/Price-Monitoring-October-17-2025.pdf,price_monitoring,0,2025-10-17,parsed,market+summary,44,82b484e9af7618038c0b601d43d10eda950c25dae282bb5f0a7b880001cbde13,2026-10-01T23:46:12.835186Z,
https://www.da.gov.ph/wp-content/uploads/2025/10/Daily-Cigarette-Price-Monitoring-October-18-2025.pdf,skip,0,2025-10-18,skipped,,,,,not_a_price_report
https://www.da.gov.ph/wp-content/uploads/2025/10/Daily-Price-Index-October-18-2025.pdf,daily_price_index,0,2025-10-18,skipped,,,,,pm_exists
https://www.da.gov.ph/wp-content/uploads/2025/10/Price-Monitoring-October-18-2025.pdf,price_monitoring,0,2025-10-18,parsed,market+summary,44,8200e2bd64f6ed6c559f6a678d11b8606a28eb9550b53b2405da913df48ef5a9,2026-10-01T23:46:13.641789Z,
https://www.da.gov.ph/wp-content/uploads/2025/10/Daily-Cigarette-Price-Monitoring-October-19-2025.pdf,skip,0,2025-10-19,skipped,,,,,not_a_price_report
https://www.da.gov.ph/wp-content/uploads/2025/10/Daily-Price-Index-October-19-2025.pdf,daily_price_index,0,2025-10-19,parsed,rowtable,54,eba8924f300f1b1b3a754fa79b82d2b9d558fa8e4ece9ccf6ac0934a056425d2,2026-10-01T23:46:14.438183Z,
https://www.da.gov.ph/wp-content/uploads/2025/10/Daily-Cigarette-Price-Monitoring-October-20-2025.pdf,skip,0,2025-10-20,skipped,,,,,not_a_price_report
https://www.da.gov.ph/wp-content/uploads/2025/10/Daily-Price-Index-October-20-2025.pdf,daily_price_index,0,2025-10-20,skipped,,,,,pm_exists
https://www.da.gov.ph/wp-content/uploads/2025/10/Price-Monitoring-October-20-2025.pdf,price_monitoring,0,2025-10-20,parsed,market+summary,44,0d80a5d87e80d6f5270be1d5ff4887d7a12b7b1e4ae8870296008dc602355806,2026-10-01T23:46:15.012755Z,
https://www.da.gov.ph/wp-content/uploads/2025/10/Daily-Cigarette-Price-Monitoring-October-21-2025.pdf,skip,0,2025-10-21,skipped,,,,,not_a_price_report
https://www.da.gov.ph/wp-content/uploads/2025/10/Price-Monitoring-October-21-2025.pdf,price_monitoring,0,2025-10-21,parsed,market+summary,44,9ad718b3beae7f43654af50a355b0e0b2367c6b778eb53355e1e3e7f218b584d,2026-10-01T23:46:15.853249Z,
https://www.da.gov.ph/wp-content/uploads/2025/10/Revised-Daily-Price-Index-October-21-2025.pdf,daily_price_index,1,2025-10-21,skipped,,,,,pm_exists
https://www.da.gov.ph/wp-content/uploads/2025/10/Daily-Cigarette-Price-Monitoring-October-22-2025.pdf,skip,0,2025-10-22,skipped,,,,,not_a_price_report
https://www.da.gov.ph/wp-content/uploads/2025/10/Daily-Price-Index-October-22-2025.pdf,daily_price_index,0,2025-10-22,skipped,,,,,pm_exists
https://www.da.gov.ph/wp-content/uploads/2025/10/Price-Monitoring-October-22-2025.pdf,price_monitoring,0,2025-10-22,parsed,market+summary,44,e7056947a3ad16537fd2cad9a829b244b112d7be2dbdb4e1f8120a9a600d4c57,2026-10-01T23:46:16.699321Z,
https://www.da.gov.ph/wp-content/uploads/2025/10/Daily-Cigarette-Price-Monitoring-October-23-2025.pdf,skip,0,2025-10-23,skipped,,,,,not_a_price_report
https://www.da.gov.ph/wp-content/uploads/2025/10/Daily-Price-Index-October-23-2025.pdf,daily_price_index,0,2025-10-23,skipped,,,,,pm_exists
https://www.da.gov.ph/wp-content/uploads/2025/10/Price-Monitoring-October-23-2025.pdf,price_monitoring,0,2025-10-23,parsed,market+summary,44,092161c1826ce8b664d5461e6fe31dd419bd7b45a25ef0a004ffe822526b70e6,2026-10-01T23:46:17.632915Z,
https://www.da.gov.ph/wp-content/uploads/2025/10/Daily-Cigarette-Price-Monitoring-October-24-2025.pdf,skip,0,2025-10-24,skipped,,,,,not_a_price_report
https://www.da.gov.ph/wp-content/uploads/2025/10/Daily-Price-Index-October-24-2025.pdf,daily_price_index,0,2025-10-24,skipped,,,,,pm_exists
https://www.da.gov.ph/wp-content/uploads/2025/10/Price-Monitoring-October-24-2025.pdf,price_monitoring,0,2025-10-24,parsed,market+summary,44,caf27d1154de09e55e1571671675872c72cc95e2ba4a368434eb1ba10782eee2,2026-10-01T23:46:18.469628Z,
https://www.da.gov.ph/wp-content/uploads/2025/10/Daily-Cigarette-Price-Monitoring-October-25-2025.pdf,skip,0,2025-10-25,skipped,,,,,not_a_price_report
https://www.da.gov.ph/wp-content/uploads/2025/10/Daily-Price-Index-October-25-2025.pdf,daily_price_index,0,2025-10-25,skipped,,,,,pm_exists
https://www.da.gov.ph/wp-content/uploads/2025/10/Price-Monitoring-October-25-2025.pdf,price_monitoring,0,2025-10-25,parsed,market+summary,44,2d35d8fc704460824b553518e3e78fe2c237e22d2990f9b710b2568c6716ac52,2026-10-01T23:46:19.384143Z,
https://www.da.gov.ph/wp-content/uploads/2025/10/Daily-Cigarette-Price-Monitoring-October-26-2025.pdf,skip,0,2025-10-26,skipped,,,,,not_a_price_report
https://www.da.gov.ph/wp-content/uploads/2025/10/Daily-Price-Index-October-26-2025.pdf,daily_price_index,0,2025-10-26,parsed,rowtable,53,4da018d8671caa0b886282a2978132022e0775970c2f4fe92c1b8a6001e6ba17,2026-10-01T23:46:20.156238Z,
https://www.da.gov.ph/wp-content/uploads/2025/10/Daily-Cigarette-Price-Monitoring-October-27-2025.pdf,skip,0,2025-10-27,skipped,,,,,not_a_price_report
https://www.da.gov.ph/wp-content/uploads/2025/10/Daily-Price-Index-October-27-2025.pdf,daily_price_index,0,2025-10-27,skipped,,,,,pm_exists
https://www.da.gov.ph/wp-content/uploads/2025/10/Price-Monitoring-October-27-2025.pdf,price_monitoring,0,2025-10-27,parsed,market+summary,44,d8fe41208ae50d93cbf048159f04231bcb0a71479838d85ef9f0290ab7a1071c,2026-10-01T23:46:20.745017Z,
https://www.da.gov.ph/wp-content/uploads/2025/10/Daily-Price-Index-October-28-2025.pdf,daily_price_index,0,2025-10-28,skipped,,,,,pm_exists
https://www.da.gov.ph/wp-content/uploads/2025/10/Price-Monitoring-October-28-2025.pdf,price_monitoring,0,2025-10-28,parsed,market+summary,44,2224c852558f11e8a15ce574dbec15fd01d78f7660b15166d769fd230d0b67ba,2026-10-01T23:46:21.575332Z,
https://www.da.gov.ph/wp-content/uploads/2025/10/Revised-Daily-Cigarette-Price-Monitoring-October-28-2025.pdf,skip,1,2025-10-28,skipped,,,,,not_a_price_report
https://www.da.gov.ph/wp-content/uploads/2025/10/Daily-Cigarette-Price-Monitoring-October-29-2025.pdf,skip,0,2025-10-29,skipped,,,,,not_a_price_report
https://www.da.gov.ph/wp-content/uploads/2025/10/Daily-Price-Index-October-29-2025.pdf,daily_price_index,0,2025-10-29,skipped,,,,,pm_exists
https://www.da.gov.ph/wp-content/uploads/2025/10/Price-Monitoring-October-29-2025.pdf,price_monitoring,0,2025-10-29,parsed,market+summary,44,f3ae76014c164388a245b65f03d56ba526311cf66d4cfb4e95dffdfe954ea774,2026-10-01T23:46:22.418273Z,
https://www.da.gov.ph/wp-content/uploads/2025/11/Daily-Cigarette-Price-Monitoring-October-30-2025.pdf,skip,0,2025-10-30,skipped,,,,,not_a_price_report
https://www.da.gov.ph/wp-content/uploads/2025/11/Daily-Price-Index-October-30-2025.pdf,daily_price_index,0,2025-10-30,skipped,,,,,pm_exists
https://www.da.gov.ph/wp-content/uploads/2025/11/Price-Monitoring-October-30-2025.pdf,price_monitoring,0,2025-10-30,parsed,market+summary,44,2f5b0c8a5dd9a4ee292a1dd8e8c32797d944bd64223d9f41637f2ac71a70e58c,2026-10-01T23:46:23.256007Z,
https://www.da.gov.ph/wp-content/uploads/2025/11/Daily-Cigarette-Price-Monitoring-October-31-2025.pdf,skip,0,2025-10-31,skipped,,,,,not_a_price_report
https://www.da.gov.ph/wp-content/uploads/2025/11/Daily-Price-Index-October-31-2025.pdf,daily_price_index,0,2025-10-31,skipped,,,,,pm_exists
https://www.da.gov.ph/wp-content/uploads/2025/11/Price-Monitoring-October-31-2025.pdf,price_monitoring,0,2025-10-31,parsed,market+summary,44,93ac073934965511137a7b33b69e4b007bff42655a3a08a9bb352b3805db06d3,2026-10-01T23:46:24.105921Z,
https://www.da.gov.ph/wp-content/uploads/2025/11/Daily-Cigarette-Price-Monitoring-November-1-2025.pdf,skip,0,2025-11-01,skipped,,,,,not_a_price_report
https://www.da.gov.ph/wp-content/uploads/2025/11/Daily-Price-Index-November-1-2025.pdf,daily_price_index,0,2025-11-01,skipped,,,,,pm_exists
https://www.da.gov.ph/wp-content/uploads/2025/11/Price-Monitoring-November-1-2025.pdf,price_monitoring,0,2025-11-01,parsed,market+summary,44,d86e709a977f0a8857a3f7ec08c8941d0db59faa8a21b4c5180ae4ae9b1c04b1,2026-10-01T23:46:25.070119Z,
https://www.da.gov.ph/wp-content/uploads/2025/11/Weekly-Average-Prices-October-27-November-1-2025.pdf,skip,0,2025-11-01,skipped,,,,,not_a_price_report
https://www.da.gov.ph/wp-content/uploads/2025/11/Daily-Cigarette-Price-Monitoring-November-2-2025.pdf,skip,0,2025-11-02,skipped,,,,,not_a_price_report
https://www.da.gov.ph/wp-content/uploads/2025/11/Daily-Price-Index-November-2-2025.pdf,daily_price_index,0,2025-11-02,parsed,rowtable,53,ffb45b130cf52a27bc727aae48a9ef089858b052ecb63ab6faef36ab20f72808,2026-10-01T23:46:25.890287Z,
https://www.da.gov.ph/wp-content/uploads/2025/11/Daily-Cigarette-Price-Monitoring-November-3-2025.pdf,skip,0,2025-11-03,skipped,,,,,not_a_price_report
https://www.da.gov.ph/wp-content/uploads/2025/11/Price-Monitoring-November-3-2025.pdf,price_monitoring,0,2025-11-03,parsed,market+summary,44,00090e5672a60c557cf764e1c55d2294b5f9b4a1455f027a63f2e7b88636654b,2026-10-01T23:46:26.454967Z,
https://www.da.gov.ph/wp-content/uploads/2025/11/Revised-Daily-Price-Index-November-3-2025.pdf,daily_price_index,1,2025-11-03,skipped,,,,,pm_exists
https://www.da.gov.ph/wp-content/uploads/2025/11/Daily-Cigarette-Price-Monitoring-November-4-2025.pdf,skip,0,2025-11-04,skipped,,,,,not_a_price_report
https://www.da.gov.ph/wp-content/uploads/2025/11/Daily-Price-Index-November-4-2025.pdf,daily_price_index,0,2025-11-04,skipped,,,,,pm_exists
https://www.da.gov.ph/wp-content/uploads/2025/11/Price-Monitoring-November-4-2025.pdf,price_monitoring,0,2025-11-04,parsed,market+summary,44,f48e19219d945dc2a555e4c28b125c2192c554c672d0e1506dde8f72d7ba91db,2026-10-01T23:46:27.280817Z,
https://www.da.gov.ph/wp-content/uploads/2025/11/Daily-Cigarette-Price-Monitoring-November-5-2025.pdf,skip,0,2025-11-05,skipped,,,,,not_a_price_report
https://www.da.gov.ph/wp-content/uploads/2025/11/Daily-Price-Index-November-5-2025.pdf,daily_price_index,0,2025-11-05,skipped,,,,,pm_exists
https://www.da.gov.ph/wp-content/uploads/2025/11/Revised-Price-Monitoring-November-5-2025.pdf,price_monitoring,1,2025-11-05,parsed,market+summary,45,c59bd7e45b828e4d066747aa909e4783c8b52c652376a24ce20b7d73df58b15f,2026-10-01T23:46:28.114749Z,
https://www.da.gov.ph/wp-content/uploads/2025/11/2nd-Revision-Price-Monitoring-November-6-2025.pdf,skip,0,2025-11-06,skipped,,,,,not_a_price_report
https://www.da.gov.ph/wp-content/uploads/2025/11/Daily-Cigarette-Price-Monitoring-November-6-2025.pdf,skip,0,2025-11-06,skipped,,,,,not_a_price_report
https://www.da.gov.ph/wp-content/uploads/2025/11/Daily-Price-Index-November-6-2025.pdf,daily_price_index,0,2025-11-06,parsed,rowtable,56,214d83a9f2f69cbc1542433a5f9c811936eb051a3d871f8eaae27cb34c3813f3,2026-10-01T23:46:28.982748Z,
https://www.da.gov.ph/wp-content/uploads/2025/11/Daily-Cigarette-Price-Monitoring-November-7-2025.pdf,skip,0,2025-11-07,skipped,,,,,not_a_price_report
https://www.da.gov.ph/wp-content/uploads/2025/11/Daily-Price-Index-November-7-2025.pdf,daily_price_index,0,2025-11-07,skipped,,,,,pm_exists
https://www.da.gov.ph/wp-content/uploads/2025/11/Price-Monitoring-November-7-2025.pdf,price_monitoring,0,2025-11-07,parsed,market+summary,46,b794cb30f711d008324d2e1ab5019584b80642102d7db750ac0025cfd906279b,2026-10-01T23:46:29.573267Z,
https://www.da.gov.ph/wp-content/uploads/2025/11/Daily-Cigarette-Price-Monitoring-November-8-2025.pdf,skip,0,2025-11-08,skipped,,,,,not_a_price_report
https://www.da.gov.ph/wp-content/uploads/2025/11/Daily-Price-Index-November-8-2025.pdf,daily_price_index,0,2025-11-08,skipped,,,,,pm_exists
https://www.da.gov.ph/wp-content/uploads/2025/11/Price-Monitoring-November-8-2025.pdf,price_monitoring,0,2025-11-08,parsed,market+summary,46,7c88475b2b22277ecbde6ad7d342050749c5006e9657216249f76afdc270635f,2026-10-01T23:46:30.423302Z,
https://www.da.gov.ph/wp-content/uploads/2025/11/Daily-Cigarette-Price-Monitoring-November-9-2025.pdf,skip,0,2025-11-09,skipped,,,,,not_a_price_report
https://www.da.gov.ph/wp-content/uploads/2025/11/Daily-Price-Index-November-9-2025.pdf,daily_price_index,0,2025-11-09,parsed,rowtable,55,14f428df76f89d84dbe30459e01d6d19c3700b7527b9652fcace56c813d07821,2026-10-01T23:46:31.262600Z,
https://www.da.gov.ph/wp-content/uploads/2025/11/Daily-Cigarette-Price-Monitoring-November-10-2025.pdf,skip,0,2025-11-10,skipped,,,,,not_a_price_report
https://www.da.gov.ph/wp-content/uploads/2025/11/Daily-Price-Index-November-10-2025.pdf,daily_price_index,0,2025-11-10,skipped,,,,,pm_exists
https://www.da.gov.ph/wp-content/uploads/2025/11/Price-Monitoring-November-10-2025.pdf,price_monitoring,0,2025-11-10,parsed,market+summary,46,be96efafe7fc9c0a4da31fbf9cc7821c29bc428211049081d1510ef1671c81bb,2026-10-01T23:46:32.158192Z,
https://www.da.gov.ph/wp-content/uploads/2025/11/Daily-Cigarette-Price-Monitoring-November-11-2025.pdf,skip,0,2025-11-11,skipped,,,,,not_a_price_report
https://www.da.gov.ph/wp-content/uploads/2025/11/Daily-Price-Index-November-11-2025.pdf,daily_price_index,0,2025-11-11,skipped,,,,,pm_exists
https://www.da.gov.ph/wp-content/uploads/2025/11/Price-Monitoring-November-11-2025.pdf,price_monitoring,0,2025-11-11,parsed,market+summary,46,75a95e2e315d4303d2538c614aff116620f92fe9b53a8c2bca13488a5e3d752d,2026-10-01T23:46:32.953047Z,
https://www.da.gov.ph/wp-content/uploads/2025/11/Daily-Cigarette-Price-Monitoring-November-12-2025.pdf,skip,0,2025-11-12,skipped,,,,,not_a_price_report
https://www.da.gov.ph/wp-content/uploads/2025/11/Daily-Price-Index-November-12-2025.pdf,daily_price_index,0,2025-11-12,skipped,,,,,pm_exists
https://www.da.gov.ph/wp-content/uploads/2025/11/Price-Monitoring-November-12-2025.pdf,price_monitoring,0,2025-11-12,parsed,market+summary,46,b534e264f585f3ff10658fe372c49b1e352fbaa9c8e5ee1a1c668edfebe81387,2026-10-01T23:46:33.809216Z,
https://www.da.gov.ph/wp-content/uploads/2025/11/Daily-Cigarette-Price-Monitoring-November-13-2025.pdf,skip,0,2025-11-13,skipped,,,,,not_a_price_report
https://www.da.gov.ph/wp-content/uploads/2025/11/Daily-Price-Index-November-13-2025.pdf,daily_price_index,0,2025-11-13,skipped,,,,,pm_exists
https://www.da.gov.ph/wp-content/uploads/2025/11/Price-Monitoring-November-13-2025.pdf,price_monitoring,0,2025-11-13,parsed,market+summary,46,10a95a10d8d9d15b8ef8d6d8ab657ce83e98c0b18053b6673cfd85dd376db29f,2026-10-01T23:46:34.729254Z,
https://www.da.gov.ph/wp-content/uploads/2025/11/Daily-Cigarette-Price-Monitoring-November-14-2025.pdf,skip,0,2025-11-14,skipped,,,,,not_a_price_report
https://www.da.gov.ph/wp-content/uploads/2025/11/Daily-Price-Index-November-14-2025.pdf,daily_price_index,0,2025-11-14,skipped,,,,,pm_exists
https://www.da.gov.ph/wp-content/uploads/2025/11/Price-Monitoring-November-14-2025.pdf,price_monitoring,0,2025-11-14,parsed,market+summary,45,82c4576d6d5e37c5cdb54f44d55883aeca5b791f9e37e8f8882ce5c57e63792b,2026-10-01T23:46:35.590804Z,
https://www.da.gov.ph/wp-content/uploads/2025/11/Daily-Cigarette-Price-Monitoring-November-15-2025.pdf,skip,0,2025-11-15,skipped,,,,,not_a_price_report
https://www.da.gov.ph/wp-content/uploads/2025/11/Daily-Price-Index-November-15-2025.pdf,daily_price_index,0,2025-11-15,skipped,,,,,pm_exists
https://www.da.gov.ph/wp-content/uploads/2025/11/Price-Monitoring-November-15-2025.pdf,price_monitoring,0,2025-11-15,parsed,market+summary,46,1f04c9616e184fa25179122c3bc7e8274d1c4f843f314bf2e7993e7b1c47d55d,2026-10-01T23:46:36.504837Z,
https://www.da.gov.ph/wp-content/uploads/2025/11/Daily-Cigarette-Price-Monitoring-November-16-2025.pdf,skip,0,2025-11-16,skipped,,,,,not_a_price_report
https://www.da.gov.ph/wp-content/uploads/2025/11/Daily-Price-Index-November-16-2025.pdf,daily_price_index,0,2025-11-16,parsed,rowtable,55,792ef4234081516a220aee7082ab67d58ab1b808ae44f3f50136f7c5bfe33aaa,2026-10-01T23:46:37.377660Z,
https://www.da.gov.ph/wp-content/uploads/2025/11/Daily-Price-Index-November-17-2025.pdf,daily_price_index,0,2025-11-17,skipped,,,,,pm_exists
https://www.da.gov.ph/wp-content/uploads/2025/11/Price-Monitoring-November-17-2025.pdf,price_monitoring,0,2025-11-17,parsed,market+summary,46,7470a687a262ccd6f1e2ea417d633d972518cc2e41e70f4ee3fc3548273cd8fe,2026-10-01T23:46:37.951402Z,
https://www.da.gov.ph/wp-content/uploads/2025/11/Revised-Daily-Cigarette-Price-Monitoring-November-17-2025.pdf,skip,1,2025-11-17,skipped,,,,,not_a_price_report
https://www.da.gov.ph/wp-content/uploads/2025/11/Daily-Cigarette-Price-Monitoring-November-18-2025.pdf,skip,0,2025-11-18,skipped,,,,,not_a_price_report
https://www.da.gov.ph/wp-content/uploads/2025/11/Daily-Price-Index-November-18-2025.pdf,daily_price_index,0,2025-11-18,skipped,,,,,pm_exists
https://www.da.gov.ph/wp-content/uploads/2025/11/Price-Monitoring-November-18-2025.pdf,price_monitoring,0,2025-11-18,parsed,market+summary,46,ade313e2061035d8f08e07b069edd109d84abce5814dafd02a6d41e846689fe9,2026-10-01T23:46:38.821451Z,
https://www.da.gov.ph/wp-content/uploads/2025/11/Daily-Cigarette-Price-Monitoring-November-19-2025.pdf,skip,0,2025-11-19,skipped,,,,,not_a_price_report
https://www.da.gov.ph/wp-content/uploads/2025/11/Daily-Price-Index-November-19-2025.pdf,daily_price_index,0,2025-11-19,skipped,,,,,pm_exists
https://www.da.gov.ph/wp-content/uploads/2025/11/Price-Monitoring-November-19-2025.pdf,price_monitoring,0,2025-11-19,parsed,market+summary,46,e73fb2e6726b99ac9ea507c6d8d3d32dff45fd0515355fd311d7c073d4530c1e,2026-10-01T23:46:39.984867Z,
https://www.da.gov.ph/wp-content/uploads/2025/11/Daily-Cigarette-Price-Monitoring-November-20-2025.pdf,skip,0,2025-11-20,skipped,,,,,not_a_price_report
https://www.da.gov.ph/wp-content/uploads/2025/11/Daily-Price-Index-November-20-2025.pdf,daily_price_index,0,2025-11-20,skipped,,,,,pm_exists
https://www.da.gov.ph/wp-content/uploads/2025/11/Price-Monitoring-November-20-2025.pdf,price_monitoring,0,2025-11-20,parsed,market+summary,46,fcf301051ff404272041fb83e561587ebffc2b0d757cf3074abb36e04868a930,2026-10-01T23:46:40.883272Z,
https://www.da.gov.ph/wp-content/uploads/2025/11/Daily-Cigarette-Price-Monitoring-November-21-2025.pdf,skip,0,2025-11-21,skipped,,,,,not_a_price_report
https://www.da.gov.ph/wp-content/uploads/2025/11/Daily-Price-Index-November-21-2025.pdf,daily_price_index,0,2025-11-21,skipped,,,,,pm_exists
https://www.da.gov.ph/wp-content/uploads/2025/11/Price-Monitoring-November-21-2025.pdf,price_monitoring,0,2025-11-21,parsed,market+summary,46,65a3fedea9c126ac303c4e499d6d68a1d492dd9f1440af60dadd823f2e20bc00,2026-10-01T23:46:41.777998Z,
https://www.da.gov.ph/wp-content/uploads/2025/11/Daily-Cigarette-Price-Monitoring-November-22-2025.pdf,skip,0,2025-11-22,skipped,,,,,not_a_price_report
https://www.da.gov.ph/wp-content/uploads/2025/11/Daily-Price-Index-November-22-2025.pdf,daily_price_index,0,2025-11-22,skipped,,,,,pm_exists
https://www.da.gov.ph/wp-content/uploads/2025/11/Price-Monitoring-November-22-2025.pdf,price_monitoring,0,2025-11-22,parsed,market+summary,46,7f7629243a07e2746062d3a05d38ffe107feebddbbb3b0af3c834e7262be1b77,2026-10-01T23:46:42.767892Z,
https://www.da.gov.ph/wp-content/uploads/2025/11/Daily-Cigarette-Price-Monitoring-November-23-2025.pdf,skip,0,2025-11-23,skipped,,,,,not_a_price_report
https://www.da.gov.ph/wp-content/uploads/2025/11/Daily-Price-Index-November-23-2025.pdf,daily_price_index,0,2025-11-23,parsed,rowtable,55,a773712dbc70d72b5c3922ac83995973eac20981c1d7d3fe4aef103fc3be00fe,2026-10-01T23:46:43.640246Z,
https://www.da.gov.ph/wp-content/uploads/2025/11/Daily-Cigarette-Price-Monitoring-November-24-2025.pdf,skip,0,2025-11-24,skipped,,,,,not_a_price_report
https://www.da.gov.ph/wp-content/uploads/2025/11/Daily-Price-Index-November-24-2025.pdf,daily_price_index,0,2025-11-24,skipped,,,,,pm_exists
https://www.da.gov.ph/wp-content/uploads/2025/11/Price-Monitoring-November-24-2025.pdf,price_monitoring,0,2025-11-24,parsed,market+summary,46,15781eb8e10c58e30b2ac636980af9d1d53c8eb27b0fd96a66235cef3932d8bc,2026-10-01T23:46:44.231742Z,
https://www.da.gov.ph/wp-content/uploads/2025/11/Daily-Cigarette-Price-Monitoring-November-25-2025.pdf,skip,0,2025-11-25,skipped,,,,,not_a_price_report
https://www.da.gov.ph/wp-content/uploads/2025/11/Daily-Price-Index-November-25-2025.pdf,daily_price_index,0,2025-11-25,skipped,,,,,pm_exists
https://www.da.gov.ph/wp-content/uploads/2025/11/Price-Monitoring-November-25-2025.pdf,price_monitoring,0,2025-11-25,parsed,market+summary,46,dcaee240f70e557260943663b8f75abc8e9916004a5dbc2a6e79ce424ddf470a,2026-10-01T23:46:45.115847Z,
https://www.da.gov.ph/wp-content/uploads/2025/11/Daily-Cigarette-Price-Monitoring-November-26-2025.pdf,skip,0,2025-11-26,skipped,,,,,not_a_price_report
https://www.da.gov.ph/wp-content/uploads/2025/11/Daily-Price-Index-November-26-2025.pdf,daily_price_index,0,2025-11-26,skipped,,,,,pm_exists
https://www.da.gov.ph/wp-content/uploads/2025/11/Price-Monitoring-November-26-2025.pdf,price_monitoring,0,2025-11-26,parsed,market+summary,46,e1bf3f321cefb723c08072324c5ba2d372fac831ac64ac30ac735b6647cb5652,2026-10-01T23:46:46.082042Z,
https://www.da.gov.ph/wp-content/uploads/2025/11/Daily-Cigarette-Price-Monitoring-November-27-2025.pdf,skip,0,2025-11-27,skipped,,,,,not_a_price_report
https://www.da.gov.ph/wp-content/uploads/2025/11/Daily-Price-Index-November-27-2025.pdf,daily_price_index,0,2025-11-27,skipped,,,,,pm_exists
https://www.da.gov.ph/wp-content/uploads/2025/11/Price-Monitoring-November-27-2025.pdf,price_monitoring,0,2025-11-27,parsed,market+summary,46,7098173a54fc324579b0972fbca30f4dd9847080c9bc3b9e255df952c9142158,2026-10-01T23:46:46.989497Z,
https://www.da.gov.ph/wp-content/uploads/2025/11/Daily-Price-Index-November-28-2025.pdf,daily_price_index,0,2025-11-28,skipped,,,,,pm_exists
https://www.da.gov.ph/wp-content/uploads/2025/12/Daily-Cigarette-Price-Monitoring-November-28-2025.pdf,skip,0,2025-11-28,skipped,,,,,not_a_price_report
https://www.da.gov.ph/wp-content/uploads/2025/12/Price-Monitoring-November-28-2025.pdf,price_monitoring,0,2025-11-28,parsed,market+summary,47,27ba2aedbbb055899f04552e3e6c29ae75b44bd683f5d6fe3c54a6af6aa67832,2026-10-01T23:46:47.873855Z,
https://www.da.gov.ph/wp-content/uploads/2025/12/Daily-Cigarette-Price-Monitoring-November-29-2025.pdf,skip,0,2025-11-29,skipped,,,,,not_a_price_report
https://www.da.gov.ph/wp-content/uploads/2025/12/Daily-Price-Index-November-29-2025.pdf,daily_price_index,0,2025-11-29,skipped,,,,,pm_exists
https://www.da.gov.ph/wp-content/uploads/2025/12/Price-Monitoring-November-29-2025.pdf,price_monitoring,0,2025-11-29,parsed,market+summary,46,ff14261bf82aa3b8e9dd90ee5a5aec7512f3b2d63415ba6d9310c988cd163588,2026-10-01T23:46:48.806209Z,
https://www.da.gov.ph/wp-content/uploads/2025/12/Daily-Cigarette-Price-Monitoring-November-30-2025.pdf,skip,0,2025-11-30,skipped,,,,,not_a_price_report
https://www.da.gov.ph/wp-content/uploads/2025/12/Daily-Price-Index-November-30-2025.pdf,daily_price_index,0,2025-11-30,parsed,rowtable,55,b0ab102dbdf046a3807f705542b06ccce301e51816341ab7de0ce46f7f3cdbbe,2026-10-01T23:46:49.751241Z,
https://www.da.gov.ph/wp-content/uploads/2025/12/Daily-Cigarette-Price-Monitoring-December-1-2025.pdf,skip,0,2025-12-01,skipped,,,,,not_a_price_report
https://www.da.gov.ph/wp-content/uploads/2025/12/Price-Monitoring-December-1-2025.pdf,price_monitoring,0,2025-12-01,parsed,market+summary,46,0e78b54a959b91579f5e6cee4e8da9010af080375a598b5f32808dc75a1d6937,2026-10-01T23:46:50.371239Z,
https://www.da.gov.ph/wp-content/uploads/2025/12/Revised-Daily-Price-Index-December-1-2025.pdf,daily_price_index,1,2025-12-01,skipped,,,,,pm_exists
https://www.da.gov.ph/wp-content/uploads/2025/12/Daily-Cigarette-Price-Monitoring-December-2-2025.pdf,skip,0,2025-12-02,skipped,,,,,not_a_price_report
https://www.da.gov.ph/wp-content/uploads/2025/12/Daily-Price-Index-December-2-2025.pdf,daily_price_index,0,2025-12-02,skipped,,,,,pm_exists
https://www.da.gov.ph/wp-content/uploads/2025/12/Price-Monitoring-December-2-2025.pdf,price_monitoring,0,2025-12-02,parsed,market+summary,46,856670c8064efd857ea22ea26cafac940dc733aae5553cffa723d3e742f0c76a,2026-10-01T23:46:51.289893Z,
https://www.da.gov.ph/wp-content/uploads/2025/12/Daily-Cigarette-Price-Monitoring-December-3-2025.pdf,skip,0,2025-12-03,skipped,,,,,not_a_price_report
https://www.da.gov.ph/wp-content/uploads/2025/12/Daily-Price-Index-December-3-2025.pdf,daily_price_index,0,2025-12-03,skipped,,,,,pm_exists
https://www.da.gov.ph/wp-content/uploads/2025/12/Price-Monitoring-December-3-2025.pdf,price_monitoring,0,2025-12-03,parsed,market+summary,46,6554376dc7e1c0596157eb9255b14bdedc3a85a2966f5d06b549da5ba5b689a5,2026-10-01T23:46:52.143961Z,
https://www.da.gov.ph/wp-content/uploads/2025/12/Daily-Cigarette-Price-Monitoring-December-4-2025.pdf,skip,0,2025-12-04,skipped,,,,,not_a_price_report
https://www.da.gov.ph/wp-content/uploads/2025/12/Daily-Price-Index-December-4-2025.pdf,daily_price_index,0,2025-12-04,skipped,,,,,pm_exists
https://www.da.gov.ph/wp-content/uploads/2025/12/Price-Monitoring-December-4-2025.pdf,price_monitoring,0,2025-12-04,parsed,market+summary,46,53dd8026a58b53c348998a88c8acacc595bba6a642098d20883b67acbd17a01f,2026-10-01T23:46:53.347595Z,
https://www.da.gov.ph/wp-content/uploads/2025/12/Daily-Cigarette-Price-Monitoring-December-5-2025.pdf,skip,0,2025-12-05,skipped,,,,,not_a_price_report
https://www.da.gov.ph/wp-content/uploads/2025/12/Daily-Price-Index-December-5-2025.pdf,daily_price_index,0,2025-12-05,skipped,,,,,pm_exists
https://www.da.gov.ph/wp-content/uploads/2025/12/Price-Monitoring-December-5-2025.pdf,price_monitoring,0,2025-12-05,parsed,market+summary,46,e73b04121bd491d79ded1a9bc7607767655b2ad025249e5b09392def5c2465ae,2026-10-01T23:46:54.840671Z,
https://www.da.gov.ph/wp-content/uploads/2025/12/Daily-Cigarette-Price-Monitoring-December-6-2025.pdf,skip,0,2025-12-06,skipped,,,,,not_a_price_report
https://www.da.gov.ph/wp-content/uploads/2025/12/Daily-Price-Index-December-6-2025.pdf,daily_price_index,0,2025-12-06,skipped,,,,,pm_exists
https://www.da.gov.ph/wp-content/uploads/2025/12/Price-Monitoring-December-6-2025.pdf,price_monitoring,0,2025-12-06,parsed,market+summary,46,4d74508779e31c337e0dadc96f39a514ce9b3b71658e9044ac57d54b04aba2bd,2026-10-01T23:46:55.716391Z,
https://www.da.gov.ph/wp-content/uploads/2025/12/Daily-Cigarette-Price-Monitoring-December-7-2025.pdf,skip,0,2025-12-07,skipped,,,,,not_a_price_report
https://www.da.gov.ph/wp-content/uploads/2025/12/Daily-Price-Index-December-7-2025.pdf,daily_price_index,0,2025-12-07,parsed,rowtable,55,9419d840d993a32da2a00ba8306eebf581e067954936c3e4b8d9ffc1b5e6886a,2026-10-01T23:46:56.574298Z,
https://www.da.gov.ph/wp-content/uploads/2025/12/Daily-Cigarette-Price-Monitoring-December-8-2025.pdf,skip,0,2025-12-08,skipped,,,,,not_a_price_report
https://www.da.gov.ph/wp-content/uploads/2025/12/Daily-Price-Index-December-8-2025.pdf,daily_price_index,0,2025-12-08,skipped,,,,,pm_exists
https://www.da.gov.ph/wp-content/uploads/2025/12/Price-Monitoring-December-8-2025.pdf,price_monitoring,0,2025-12-08,parsed,market+summary,46,c1cc6a57076eb7da88f599f1dca407b5c6f28f56d17a98e25b5e878b85ded8be,2026-10-01T23:46:57.240617Z,
https://www.da.gov.ph/wp-content/uploads/2025/12/Daily-Cigarette-Price-Monitoring-December-9-2025.pdf,skip,0,2025-12-09,skipped,,,,,not_a_price_report
https://www.da.gov.ph/wp-content/uploads/2025/12/Daily-Price-Index-December-9-2025.pdf,daily_price_index,0,2025-12-09,skipped,,,,,pm_exists
https://www.da.gov.ph/wp-content/uploads/2025/12/Price-Monitoring-December-9-2025.pdf,price_monitoring,0,2025-12-09,parsed,market+summary,46,f0e63fae57665fbfab53a0f3e133165d7f85ccdb1cff75618fee34c21c4acffa,2026-10-01T23:46:58.171683Z,
https://www.da.gov.ph/wp-content/uploads/2025/12/Daily-Cigarette-Price-Monitoring-December-10-2025.pdf,skip,0,2025-12-10,skipped,,,,,not_a_price_report
https://www.da.gov.ph/wp-content/uploads/2025/12/Daily-Price-Index-December-10-2025.pdf,daily_price_index,0,2025-12-10,skipped,,,,,pm_exists
https://www.da.gov.ph/wp-content/uploads/2025/12/Price-Monitoring-December-10-2025.pdf,price_monitoring,0,2025-12-10,parsed,market+summary,46,c3b45b881eb5bf14ab3ec83990d7d050dfaa65a8efd5373bd733d1d6b76d5ff0,2026-10-01T23:46:59.116848Z,
https://www.da.gov.ph/wp-content/uploads/2025/12/Daily-Cigarette-Price-Monitoring-December-11-2025.pdf,skip,0,2025-12-11,skipped,,,,,not_a_price_report
https://www.da.gov.ph/wp-content/uploads/2025/12/Daily-Price-Index-December-11-2025.pdf,daily_price_index,0,2025-12-11,skipped,,,,,pm_exists
https://www.da.gov.ph/wp-content/uploads/2025/12/Price-Monitoring-December-11-2025.pdf,price_monitoring,0,2025-12-11,parsed,market+summary,47,c6a656bb97bfa92e55109ede2daf7b7fa74561ff459545f4de9dc7226a058cca,2026-10-01T23:47:00.066962Z,
https://www.da.gov.ph/wp-content/uploads/2025/12/Daily-Cigarette-Price-Monitoring-December-12-2025.pdf,skip,0,2025-12-12,skipped,,,,,not_a_price_report
https://www.da.gov.ph/wp-content/uploads/2025/12/Daily-Price-Index-December-12-2025.pdf,daily_price_index,0,2025-12-12,skipped,,,,,pm_exists
https://www.da.gov.ph/wp-content/uploads/2025/12/Price-Monitoring-December-12-2025.pdf,price_monitoring,0,2025-12-12,parsed,market+summary,47,a2cda6929d68190cdd39fde2a37ee7b301dbea67f05f8573036cb7071180c752,2026-10-01T23:47:00.922228Z,
https://www.da.gov.ph/wp-content/uploads/2025/12/Daily-Cigarette-Price-Monitoring-December-13-2025.pdf,skip,0,2025-12-13,skipped,,,,,not_a_price_report
https://www.da.gov.ph/wp-content/uploads/2025/12/Daily-Price-Index-December-13-2025.pdf,daily_price_index,0,2025-12-13,skipped,,,,,pm_exists
https://www.da.gov.ph/wp-content/uploads/2025/12/Price-Monitoring-December-13-2025.pdf,price_monitoring,0,2025-12-13,parsed,market+summary,47,bb2ee99fad418afb295ad152330681c44e18428ad41515fbb1a4d92a17a9401e,2026-10-01T23:47:01.757723Z,
https://www.da.gov.ph/wp-content/uploads/2025/12/Daily-Cigarette-Price-Monitoring-December-14-2025.pdf,skip,0,2025-12-14,skipped,,,,,not_a_price_report
https://www.da.gov.ph/wp-content/uploads/2025/12/Daily-Price-Index-December-14-2025.pdf,daily_price_index,0,2025-12-14,parsed,rowtable,56,8ac8cde026c36430f236d0faa86c7c4a7338fb4c1dda05f4e4d6f60e703b9191,2026-10-01T23:47:02.622285Z,
https://www.da.gov.ph/wp-content/uploads/2025/12/Daily-Cigarette-Price-Monitoring-December-15-2025.pdf,skip,0,2025-12-15,skipped,,,,,not_a_price_report
https://www.da.gov.ph/wp-content/uploads/2025/12/Daily-Price-Index-December-15-2025.pdf,daily_price_index,0,2025-12-15,skipped,,,,,pm_exists
https://www.da.gov.ph/wp-content/uploads/2025/12/Price-Monitoring-December-15-2025.pdf,price_monitoring,0,2025-12-15,parsed,market+summary,47,b9f7ada727c768de5dbfb6c9420c679f229725f0fbc0a1a65d15fe56357828f6,2026-10-01T23:47:03.308330Z,
https://www.da.gov.ph/wp-content/uploads/2025/12/Daily-Cigarette-Price-Monitoring-December-16-2025.pdf,skip,0,2025-12-16,skipped,,,,,not_a_price_report
https://www.da.gov.ph/wp-content/uploads/2025/12/Daily-Price-Index-December-16-2025.pdf,daily_price_index,0,2025-12-16,skipped,,,,,pm_exists
https://www.da.gov.ph/wp-content/uploads/2025/12/Price-Monitoring-December-16-2025.pdf,price_monitoring,0,2025-12-16,parsed,market+summary,47,63d89573f014efe2caab0fd58b89a14fd26077fbb961a93682f38bf31a978161,2026-10-01T23:47:04.199581Z,
https://www.da.gov.ph/wp-content/uploads/2025/12/Daily-Cigarette-Price-Monitoring-December-17-2025.pdf,skip,0,2025-12-17,skipped,,,,,not_a_price_report
https://www.da.gov.ph/wp-content/uploads/2025/12/Daily-Price-Index-December-17-2025.pdf,daily_price_index,0,2025-12-17,skipped,,,,,pm_exists
https://www.da.gov.ph/wp-content/uploads/2025/12/Price-Monitoring-December-17-2025.pdf,price_monitoring,0,2025-12-17,parsed,market+summary,47,c18f5314923563f640fa17f498db38a009c63c681733b6e09c757cec250f8ee6,2026-10-01T23:47:05.074322Z,
https://www.da.gov.ph/wp-content/uploads/2025/12/Daily-Cigarette-Price-Monitoring-December-18-2025.pdf,skip,0,2025-12-18,skipped,,,,,not_a_price_report
https://www.da.gov.ph/wp-content/uploads/2025/12/Daily-Price-Index-December-18-2025.pdf,daily_price_index,0,2025-12-18,skipped,,,,,pm_exists
https://www.da.gov.ph/wp-content/uploads/2025/12/Price-Monitoring-December-18-2025.pdf,price_monitoring,0,2025-12-18,parsed,market+summary,47,d84453e82cd9ddb12aabece4dda872bcbe0826bb72334d71a5f258d3fbc10996,2026-10-01T23:47:06.064284Z,
https://www.da.gov.ph/wp-content/uploads/2025/12/Daily-Cigarette-Price-Monitoring-December-19-2025.pdf,skip,0,2025-12-19,skipped,,,,,not_a_price_report
https://www.da.gov.ph/wp-content/uploads/2025/12/Daily-Price-Index-December-19-2025.pdf,daily_price_index,0,2025-12-19,skipped,,,,,pm_exists
https://www.da.gov.ph/wp-content/uploads/2025/12/Price-Monitoring-December-19-2025.pdf,price_monitoring,0,2025-12-19,parsed,market+summary,47,897b66491c9dfbecc542d9dd8b6266ddd43c5a3f09b51c8613f73fb067c27058,2026-10-01T23:47:07.007628Z,
https://www.da.gov.ph/wp-content/uploads/2025/12/Daily-Cigarette-Price-Monitoring-December-20-2025.pdf,skip,0,2025-12-20,skipped,,,,,not_a_price_report
https://www.da.gov.ph/wp-content/uploads/2025/12/Daily-Price-Index-December-20-2025.pdf,daily_price_index,0,2025-12-20,skipped,,,,,pm_exists
https://www.da.gov.ph/wp-content/uploads/2025/12/Price-Monitoring-December-20-2025.pdf,price_monitoring,0,2025-12-20,parsed,market+summary,47,b636a23957b174bd984ba47b94ec78b469a081e752d8b55962ae75d25438b1e3,2026-10-01T23:47:07.896785Z,
https://www.da.gov.ph/wp-content/uploads/2025/12/Daily-Cigarette-Price-Monitoring-December-21-2025.pdf,skip,0,2025-12-21,skipped,,,,,not_a_price_report
https://www.da.gov.ph/wp-content/uploads/2025/12/Daily-Price-Index-December-21-2025.pdf,daily_price_index,0,2025-12-21,parsed,rowtable,56,d5a8c23184f0188273976ab75776568dc6524b809fd658c509afa7b0e021afcc,2026-10-01T23:47:08.842354Z,
https://www.da.gov.ph/wp-content/uploads/2025/12/Daily-Cigarette-Price-Monitoring-December-22-2025.pdf,skip,0,2025-12-22,skipped,,,,,not_a_price_report
https://www.da.gov.ph/wp-content/uploads/2025/12/Daily-Price-Index-December-22-2025.pdf,daily_price_index,0,2025-12-22,skipped,,,,,pm_exists
https://www.da.gov.ph/wp-content/uploads/2025/12/Price-Monitoring-December-22-2025.pdf,price_monitoring,0,2025-12-22,parsed,market+summary,47,8d4ac7e49ed7f25d048417393e347780f968632dc3a21684cd7885ec4b213821,2026-10-01T23:47:09.472132Z,
https://www.da.gov.ph/wp-content/uploads/2025/12/Daily-Cigarette-Price-Monitoring-December-23-2025.pdf,skip,0,2025-12-23,skipped,,,,,not_a_price_report
https://www.da.gov.ph/wp-content/uploads/2025/12/Daily-Price-Index-December-23-2025.pdf,daily_price_index,0,2025-12-23,skipped,,,,,pm_exists
https://www.da.gov.ph/wp-content/uploads/2025/12/Price-Monitoring-December-23-2025.pdf,price_monitoring,0,2025-12-23,parsed,market+summary,47,55b54d100a51ab18cce57b8663cac6563d6f42a5d9b1f28dae3597fc7d5d4cd5,2026-10-01T23:47:10.318330Z,
https://www.da.gov.ph/wp-content/uploads/2025/12/Daily-Cigarette-Price-Monitoring-December-24-2025.pdf,skip,0,2025-12-24,skipped,,,,,not_a_price_report
https://www.da.gov.ph/wp-content/uploads/2025/12/Daily-Price-Index-December-24-2025.pdf,daily_price_index,0,2025-12-24,skipped,,,,,pm_exists
https://www.da.gov.ph/wp-content/uploads/2025/12/Price-Monitoring-December-24-2025.pdf,price_monitoring,0,2025-12-24,parsed,market+summary,47,eb8c1969b0f2ec953d47a2d99bd3e7d6dcf89228bec80a4e5f6c4c985d8f237b,2026-10-01T23:47:11.152685Z,
https://www.da.gov.ph/wp-content/uploads/2025/12/Daily-Cigarette-Price-Monitoring-December-25-2025.pdf,skip,0,2025-12-25,skipped,,,,,not_a_price_report
https://www.da.gov.ph/wp-content/uploads/2025/12/Daily-Price-Index-December-25-2025.pdf,daily_price_index,0,2025-12-25,skipped,,,,,pm_exists
https://www.da.gov.ph/wp-content/uploads/2025/12/Price-Monitoring-December-25-2025.pdf,price_monitoring,0,2025-12-25,parsed,market+summary,47,f09970095171715445c874cb98f0abb9b1c4e562dc3e5b2062d4d57246298231,2026-10-01T23:47:12.117831Z,
https://www.da.gov.ph/wp-content/uploads/2025/12/Daily-Cigarette-Price-Monitoring-December-26-2025.pdf,skip,0,2025-12-26,skipped,,,,,not_a_price_report
https://www.da.gov.ph/wp-content/uploads/2025/12/Daily-Price-Index-December-26-2025.pdf,daily_price_index,0,2025-12-26,skipped,,,,,pm_exists
https://www.da.gov.ph/wp-content/uploads/2025/12/Price-Monitoring-December-26-2025.pdf,price_monitoring,0,2025-12-26,parsed,market+summary,47,2cca10f6439b93268a16a2e80a8f79d892927e419e630e7e3f992dc4310c1fbc,2026-10-01T23:47:13.039183Z,
https://www.da.gov.ph/wp-content/uploads/2025/12/Daily-Cigarette-Price-Monitoring-December-27-2025.pdf,skip,0,2025-12-27,skipped,,,,,not_a_price_report
https://www.da.gov.ph/wp-content/uploads/2025/12/Daily-Price-Index-December-27-2025.pdf,daily_price_index,0,2025-12-27,skipped,,,,,pm_exists
https://www.da.gov.ph/wp-content/uploads/2025/12/Price-Monitoring-December-27-2025.pdf,price_monitoring,0,2025-12-27,parsed,market+summary,47,f789cde2ecaf5da33ec32f742d4104f2390c3ffa2a7cf74e03daa1aaea344760,2026-10-01T23:47:13.941431Z,
https://www.da.gov.ph/wp-content/uploads/2025/12/Daily-Cigarette-Price-Monitoring-December-28-2025.pdf,skip,0,2025-12-28,skipped,,,,,not_a_price_report
https://www.da.gov.ph/wp-content/uploads/2025/12/Daily-Price-Index-December-28-2025.pdf,daily_price_index,0,2025-12-28,parsed,rowtable,56,0be61b288f03dc6be27d45bdb8a2f5ec59d6021225f87444dd7d038582144665,2026-10-01T23:47:14.750715Z,
https://www.da.gov.ph/wp-content/uploads/2025/12/Daily-Price-Index-December-29-2025.pdf,daily_price_index,0,2025-12-29,skipped,,,,,pm_exists
https://www.da.gov.ph/wp-content/uploads/2025/12/Price-Monitoring-December-29-2025.pdf,price_monitoring,0,2025-12-29,parsed,market+summary,47,26c3218569ba0a5aadb15b91ab238e48e281175190da21fd2342232021051816,2026-10-01T23:47:15.428183Z,
https://www.da.gov.ph/wp-content/uploads/2026/01/Daily-Cigarette-Price-Monitoring-December-29-2025.pdf,skip,0,2025-12-29,skipped,,,,,not_a_price_report
https://www.da.gov.ph/wp-content/uploads/2026/01/Weekly-Average-Prices-December-29-2025-January-3-2026.pdf,skip,0,2025-12-29,skipped,,,,,not_a_price_report
https://www.da.gov.ph/wp-content/uploads/2026/01/Daily-Cigarette-Price-Monitoring-December-30-2025.pdf,skip,0,2025-12-30,skipped,,,,,not_a_price_report
https://www.da.gov.ph/wp-content/uploads/2026/01/Daily-Price-Index-December-30-2025.pdf,daily_price_index,0,2025-12-30,skipped,,,,,pm_exists
https://www.da.gov.ph/wp-content/uploads/2026/01/Price-Monitoring-December-30-2025.pdf,price_monitoring,0,2025-12-30,parsed,market+summary,47,f2131d1ed9ac391b0b3e6bb88635034feb6f6d2589e92cd6ef21fae4ad74be69,2026-10-01T23:47:16.629354Z,
https://www.da.gov.ph/wp-content/uploads/2026/01/Daily-Cigarette-Price-Monitoring-December-31-2025.pdf,skip,0,2025-12-31,skipped,,,,,not_a_price_report
https://www.da.gov.ph/wp-content/uploads/2026/01/Daily-Price-Index-December-31-2025.pdf,daily_price_index,0,2025-12-31,skipped,,,,,pm_exists
https://www.da.gov.ph/wp-content/uploads/2026/01/Price-Monitoring-December-31-2025.pdf,price_monitoring,0,2025-12-31,parsed,market+summary,47,7a8e27780da2376a8b93e6e2230a9fe3fb8ef69aaa121cc2fdb0a480434498bf,2026-10-01T23:47:17.446889Z,
https://www.da.gov.ph/wp-content/uploads/2026/01/Daily-Cigarette-Price-Monitoring-January-1-2026.pdf,skip,0,2026-01-01,skipped,,,,,not_a_price_report
https://www.da.gov.ph/wp-content/uploads/2026/01/Daily-Price-Index-January-1-2026.pdf,daily_price_index,0,2026-01-01,skipped,,,,,pm_exists
https://www.da.gov.ph/wp-content/uploads/2026/01/Price-Monitoring-January-1-2026.pdf,price_monitoring,0,2026-01-01,parsed,market+summary,47,01ce15cb4bee945324b766fa4470228d23192d2c5fc0e212c2d1696699fe1bf9,2026-10-01T23:47:18.286804Z,
https://www.da.gov.ph/wp-content/uploads/2026/01/Daily-Cigarette-Price-Monitoring-January-2-2026.pdf,skip,0,2026-01-02,skipped,,,,,not_a_price_report
https://www.da.gov.ph/wp-content/uploads/2026/01/Daily-Price-Index-January-2-2026.pdf,daily_price_index,0,2026-01-02,skipped,,,,,pm_exists
https://www.da.gov.ph/wp-content/uploads/2026/01/Price-Monitoring-January-2-2026.pdf,price_monitoring,0,2026-01-02,parsed,market+summary,47,e996fc11e61c24a60a825adbad546d0b5bb4409e7c66e71093f20fb0e8b9dd36,2026-10-01T23:47:19.111002Z,
https://www.da.gov.ph/wp-content/uploads/2026/01/Daily-Cigarette-Price-Monitoring-January-3-2026.pdf,skip,0,2026-01-03,skipped,,,,,not_a_price_report
https://www.da.gov.ph/wp-content/uploads/2026/01/Daily-Price-Index-January-3-2026.pdf,daily_price_index,0,2026-01-03,skipped,,,,,pm_exists
https://www.da.gov.ph/wp-content/uploads/2026/01/Price-Monitoring-January-3-2026.pdf,price_monitoring,0,2026-01-03,parsed,market+summary,47,6e61997d4d6500bdf2a332c9f2428f00740141cc739b5bb0c775b02a99b7c4f1,2026-10-01T23:47:19.936841Z,
https://www.da.gov.ph/wp-content/uploads/2026/01/Daily-Cigarette-Price-Monitoring-January-4-2026.pdf,skip,0,2026-01-04,skipped,,,,,not_a_price_report
https://www.da.gov.ph/wp-content/uploads/2026/01/Daily-Price-Index-January-4-2026.pdf,daily_price_index,0,2026-01-04,parsed,rowtable,56,91623b9b79e6049b564f171d591d2ff67885397f20da16606a4ee816d33e9f08,2026-10-01T23:47:20.746921Z,
https://www.da.gov.ph/wp-content/uploads/2026/01/Daily-Cigarette-Price-Monitoring-January-5-2026.pdf,skip,0,2026-01-05,skipped,,,,,not_a_price_report
https://www.da.gov.ph/wp-content/uploads/2026/01/Daily-Price-Index-January-5-2026.pdf,daily_price_index,0,2026-01-05,skipped,,,,,pm_exists
https://www.da.gov.ph/wp-content/uploads/2026/01/Price-Monitoring-January-5-2026.pdf,price_monitoring,0,2026-01-05,parsed,market+summary,47,72192b3918058b8a5fe5999eb0f19b404d36175c04ea1528df7e0aa928827c4e,2026-10-01T23:47:21.404688Z,
https://www.da.gov.ph/wp-content/uploads/2026/01/Daily-Price-Index-January-6-2026.pdf,daily_price_index,0,2026-01-06,skipped,,,,,pm_exists
https://www.da.gov.ph/wp-content/uploads/2026/01/Price-Monitoring-January-6-2026.pdf,price_monitoring,0,2026-01-06,parsed,market+summary,47,d1eac0c694e6db2d70c1041fc0abb8d363ebaa0d8fccc9ce101e90b3d5c41363,2026-10-01T23:47:22.275132Z,
https://www.da.gov.ph/wp-content/uploads/2026/01/Revised-Daily-Cigarette-Price-Monitoring-January-6-2026.pdf,skip,1,2026-01-06,skipped,,,,,not_a_price_report
https://www.da.gov.ph/wp-content/uploads/2026/01/Daily-Cigarette-Price-Monitoring-January-7-2026.pdf,skip,0,2026-01-07,skipped,,,,,not_a_price_report
https://www.da.gov.ph/wp-content/uploads/2026/01/Daily-Price-Index-January-7-2026.pdf,daily_price_index,0,2026-01-07,skipped,,,,,pm_exists
https://www.da.gov.ph/wp-content/uploads/2026/01/Price-Monitoring-January-7-2026.pdf,price_monitoring,0,2026-01-07,parsed,market+summary,47,48da115f8582d58564cb58046c8523800e188137a4a0c7212cba71fe7b2594da,2026-10-01T23:47:23.110511Z,
https://www.da.gov.ph/wp-content/uploads/2026/01/Daily-Cigarette-Price-Monitoring-January-8-2026.pdf,skip,0,2026-01-08,skipped,,,,,not_a_price_report
https://www.da.gov.ph/wp-content/uploads/2026/01/Daily-Price-Index-January-8-2026.pdf,daily_price_index,0,2026-01-08,skipped,,,,,pm_exists
https://www.da.gov.ph/wp-content/uploads/2026/01/Price-Monitoring-January-8-2026.pdf,price_monitoring,0,2026-01-08,parsed,market+summary,47,8a43a274333bf8a321d379c8bccc6aa00523653ded13260a15380f8c06771ce9,2026-10-01T23:47:23.961074Z,
https://www.da.gov.ph/wp-content/uploads/2026/01/Daily-Cigarette-Price-Monitoring-January-9-2026.pdf,skip,0,2026-01-09,skipped,,,,,not_a_price_report
https://www.da.gov.ph/wp-content/uploads/2026/01/Daily-Price-Index-January-9-2026.pdf,daily_price_index,0,2026-01-09,skipped,,,,,pm_exists
https://www.da.gov.ph/wp-content/uploads/2026/01/Price-Monitoring-January-9-2026.pdf,price_monitoring,0,2026-01-09,parsed,market+summary,47,df4a0c273db780c95c228d563b3283644999303c2cce9355df856f08d1f56932,2026-10-01T23:47:24.967225Z,
https://www.da.gov.ph/wp-content/uploads/2026/01/Daily-Cigarette-Price-Monitoring-January-10-2026.pdf,skip,0,2026-01-10,skipped,,,,,not_a_price_report
https://www.da.gov.ph/wp-content/uploads/2026/01/Daily-Price-Index-January-10-2026.pdf,daily_price_index,0,2026-01-10,skipped,,,,,pm_exists
https://www.da.gov.ph/wp-content/uploads/2026/01/Price-Monitoring-January-10-2026.pdf,price_monitoring,0,2026-01-10,parsed,market+summary,47,fd3f17d28255545e9c6ce88a9d6102dceaaddc10a79501eb14199a082e320f0e,2026-10-01T23:47:25.945856Z,
https://www.da.gov.ph/wp-content/uploads/2026/01/Daily-Cigarette-Price-Monitoring-January-11-2026.pdf,skip,0,2026-01-11,skipped,,,,,not_a_price_report
https://www.da.gov.ph/wp-content/uploads/2026/01/Daily-Price-Index-January-11-2026.pdf,daily_price_index,0,2026-01-11,parsed,rowtable,57,631e3750182e92687478e6e6b60bfbe2afaa9271bcab2c97365501274637484b,2026-10-01T23:47:26.840424Z,
https://www.da.gov.ph/wp-content/uploads/2026/01/Daily-Cigarette-Price-Monitoring-January-12-2026.pdf,skip,0,2026-01-12,skipped,,,,,not_a_price_report
https://www.da.gov.ph/wp-content/uploads/2026/01/Daily-Price-Index-January-12-2026.pdf,daily_price_index,0,2026-01-12,skipped,,,,,pm_exists
https://www.da.gov.ph/wp-content/uploads/2026/01/Price-Monitoring-January-12-2026.pdf,price_monitoring,0,2026-01-12,parsed,market+summary,47,2e22fa8497eb33483a51253019a75bd4182e38390502a143a20745ea03b0785d,2026-10-01T23:47:27.465737Z,
https://www.da.gov.ph/wp-content/uploads/2026/01/Daily-Cigarette-Price-Monitoring-January-13-2026.pdf,skip,0,2026-01-13,skipped,,,,,not_a_price_report
https://www.da.gov.ph/wp-content/uploads/2026/01/Price-Monitoring-January-13-2026.pdf,price_monitoring,0,2026-01-13,parsed,market+summary,48,de6941d4fc5091040e78bb338b6111da353c4537b20b881287b027e6f5285a60,2026-10-01T23:47:28.388949Z,
https://www.da.gov.ph/wp-content/uploads/2026/01/Revised-Daily-Price-Index-January-13-2026.pdf,daily_price_index,1,2026-01-13,skipped,,,,,pm_exists
https://www.da.gov.ph/wp-content/uploads/2026/01/Daily-Cigarette-Price-Monitoring-January-14-2026.pdf,skip,0,2026-01-14,skipped,,,,,not_a_price_report
https://www.da.gov.ph/wp-content/uploads/2026/01/Daily-Price-Index-January-14-2026-1.pdf,daily_price_index,0,2026-01-14,skipped,,,,,pm_exists
https://www.da.gov.ph/wp-content/uploads/2026/01/Price-Monitoring-January-14-2026.pdf,price_monitoring,0,2026-01-14,parsed,market+summary,48,583cd1cdb33125ea5332c444b160b7b5af4886f068eea690162f1237e5f0aabf,2026-10-01T23:47:29.307946Z,
https://www.da.gov.ph/wp-content/uploads/2026/01/Daily-Cigarette-Price-Monitoring-January-15-2026.pdf,skip,0,2026-01-15,skipped,,,,,not_a_price_report
https://www.da.gov.ph/wp-content/uploads/2026/01/Daily-Price-Index-January-15-2026.pdf,daily_price_index,0,2026-01-15,skipped,,,,,pm_exists
https://www.da.gov.ph/wp-content/uploads/2026/01/Price-Monitoring-January-15-2026.pdf,price_monitoring,0,2026-01-15,parsed,market+summary,48,526a3e69da689eeb1e1dd4e2609556c0804f26608818660b2a511572d58b8b1f,2026-10-01T23:47:30.244472Z,
https://www.da.gov.ph/wp-content/uploads/2026/01/Daily-Cigarette-Price-Monitoring-January-16-2026.pdf,skip,0,2026-01-16,skipped,,,,,not_a_price_report
https://www.da.gov.ph/wp-content/uploads/2026/01/Daily-Price-Index-January-16-2026.pdf,daily_price_index,0,2026-01-16,skipped,,,,,pm_exists
https://www.da.gov.ph/wp-content/uploads/2026/01/Price-Monitoring-January-16-2026.pdf,price_monitoring,0,2026-01-16,parsed,market+summary,48,da4ff985952087f4426c476d4842fbd89151f0206ea0716d613e852bf18feb27,2026-10-01T23:47:31.106028Z,
https://www.da.gov.ph/wp-content/uploads/2026/01/Daily-Cigarette-Price-Monitoring-January-17-2026.pdf,skip,0,2026-01-17,skipped,,,,,not_a_price_report
https://www.da.gov.ph/wp-content/uploads/2026/01/Daily-Price-Index-January-17-2026.pdf,daily_price_index,0,2026-01-17,skipped,,,,,pm_exists
https://www.da.gov.ph/wp-content/uploads/2026/01/Price-Monitoring-January-17-2026.pdf,price_monitoring,0,2026-01-17,parsed,market+summary,48,c74ef0f377548cc6303c44ac6bad84a7df6fb4e53d27fda5b02aa7dc7ceb104b,2026-10-01T23:47:31.994597Z,
https://www.da.gov.ph/wp-content/uploads/2026/01/Daily-Cigarette-Price-Monitoring-January-18-2026.pdf,skip,0,2026-01-18,skipped,,,,,not_a_price_report
https://www.da.gov.ph/wp-content/uploads/2026/01/Daily-Price-Index-January-18-2026.pdf,daily_price_index,0,2026-01-18,parsed,rowtable,55,c29dd308ebdd8537cfc20a7a213b608aed1a9190f6e015e64891dec0b7140e31,2026-10-01T23:47:32.979593Z,
https://www.da.gov.ph/wp-content/uploads/2026/01/Daily-Cigarette-Price-Monitoring-January-19-2026.pdf,skip,0,2026-01-19,skipped,,,,,not_a_price_report
https://www.da.gov.ph/wp-content/uploads/2026/01/Daily-Price-Index-January-19-2026.pdf,daily_price_index,0,2026-01-19,skipped,,,,,pm_exists
https://www.da.gov.ph/wp-content/uploads/2026/01/Price-Monitoring-January-19-2026.pdf,price_monitoring,0,2026-01-19,parsed,market+summary,48,a4e570ed454f48028bffb025f5b2aa786af8cec3e6d0298df3185fd6d219196b,2026-10-01T23:47:33.667287Z,
https://www.da.gov.ph/wp-content/uploads/2026/01/Daily-Cigarette-Price-Monitoring-January-20-2026.pdf,skip,0,2026-01-20,skipped,,,,,not_a_price_report
https://www.da.gov.ph/wp-content/uploads/2026/01/Daily-Price-Index-January-20-2026.pdf,daily_price_index,0,2026-01-20,skipped,,,,,pm_exists
https://www.da.gov.ph/wp-content/uploads/2026/01/Price-Monitoring-January-20-2026.pdf,price_monitoring,0,2026-01-20,parsed,market+summary,48,22b05a7cd9c8c6ddb99ed5bd3673f68f39828783cdfc18995b0f626b1fdb6b49,2026-10-01T23:47:34.557000Z,
https://www.da.gov.ph/wp-content/uploads/2026/01/Daily-Cigarette-Price-Monitoring-January-21-2026.pdf,skip,0,2026-01-21,skipped,,,,,not_a_price_report
https://www.da.gov.ph/wp-content/uploads/2026/01/Daily-Price-Index-January-21-2026.pdf,daily_price_index,0,2026-01-21,skipped,,,,,pm_exists
https://www.da.gov.ph/wp-content/uploads/2026/01/Price-Monitoring-January-21-2026.pdf,price_monitoring,0,2026-01-21,parsed,market+summary,48,0efdeefa42b6ae5de5c8932b738d2093e480fc7168795f249509dec7bbaf9471,2026-10-01T23:47:35.652752Z,
https://www.da.gov.ph/wp-content/uploads/2026/01/Daily-Cigarette-Price-Monitoring-January-22-2026.pdf,skip,0,2026-01-22,skipped,,,,,not_a_price_report
https://www.da.gov.ph/wp-content/uploads/2026/01/Daily-Price-Index-January-22-2026.pdf,daily_price_index,0,2026-01-22,skipped,,,,,pm_exists
https://www.da.gov.ph/wp-content/uploads/2026/01/Price-Monitoring-January-22-2026.pdf,price_monitoring,0,2026-01-22,parsed,market+summary,48,544db094492063216d3ec51d9cb88bd21809b2e2f9e3da12f0a83866c4b3bbde,2026-10-01T23:47:36.656101Z,
https://www.da.gov.ph/wp-content/uploads/2026/01/Daily-Cigarette-Price-Monitoring-January-23-2026.pdf,skip,0,2026-01-23,skipped,,,,,not_a_price_report
https://www.da.gov.ph/wp-content/uploads/2026/01/Daily-Price-Index-January-23-2026.pdf,daily_price_index,0,2026-01-23,skipped,,,,,pm_exists
https://www.da.gov.ph/wp-content/uploads/2026/01/Price-Monitoring-January-23-2026.pdf,price_monitoring,0,2026-01-23,parsed,market+summary,48,526fc5b4330ca5b8790cedc67871e9442b51163e87e61bcdee6000b3dfd4aa60,2026-10-01T23:47:37.572498Z,
https://www.da.gov.ph/wp-content/uploads/2026/01/Daily-Cigarette-Price-Monitoring-January-24-2026.pdf,skip,0,2026-01-24,skipped,,,,,not_a_price_report
https://www.da.gov.ph/wp-content/uploads/2026/01/Daily-Price-Index-January-24-2026.pdf,daily_price_index,0,2026-01-24,skipped,,,,,pm_exists
https://www.da.gov.ph/wp-content/uploads/2026/01/Price-Monitoring-January-24-2026.pdf,price_monitoring,0,2026-01-24,parsed,market+summary,47,ee95beabad44c36723befd7d9f2acd09f29c84f9bb428f51d4b999c0803fc66b,2026-10-01T23:47:38.807333Z,
https://www.da.gov.ph/wp-content/uploads/2026/01/Daily-Cigarette-Price-Monitoring-January-25-2026.pdf,skip,0,2026-01-25,skipped,,,,,not_a_price_report
https://www.da.gov.ph/wp-content/uploads/2026/01/Daily-Price-Index-January-25-2026.pdf,daily_price_index,0,2026-01-25,parsed,rowtable,57,777477fa421dd05853ebce7c0ad152e422daa1bbf15725a35957b5709434741b,2026-10-01T23:47:39.707095Z,
https://www.da.gov.ph/wp-content/uploads/2026/01/Daily-Cigarette-Price-Monitoring-January-26-2026.pdf,skip,0,2026-01-26,skipped,,,,,not_a_price_report
https://www.da.gov.ph/wp-content/uploads/2026/01/Daily-Price-Index-January-26-2026-1.pdf,daily_price_index,0,2026-01-26,skipped,,,,,pm_exists
https://www.da.gov.ph/wp-content/uploads/2026/01/Price-Monitoring-January-26-2026.pdf,price_monitoring,0,2026-01-26,parsed,market+summary,49,674a3671638346b95635f7bdef1e7f6c8e31adaaebe16001e1fa69674af0250e,2026-10-01T23:47:40.466157Z,
https://www.da.gov.ph/wp-content/uploads/2026/01/Daily-Cigarette-Price-Monitoring-January-27-2026.pdf,skip,0,2026-01-27,skipped,,,,,not_a_price_report
https://www.da.gov.ph/wp-content/uploads/2026/01/Price-Monitoring-January-27-2026.pdf,price_monitoring,0,2026-01-27,parsed,market+summary,49,943fbadc0730221e063c29461bbbfa5a7b5ec51185cc49aa44c41a574a0cafe4,2026-10-01T23:47:41.592973Z,
https://www.da.gov.ph/wp-content/uploads/2026/01/Revised-Daily-Price-Index-January-27-2026.pdf,daily_price_index,1,2026-01-27,skipped,,,,,pm_exists
https://www.da.gov.ph/wp-content/uploads/2026/01/Daily-Cigarette-Price-Monitoring-January-28-2026.pdf,skip,0,2026-01-28,skipped,,,,,not_a_price_report
https://www.da.gov.ph/wp-content/uploads/2026/01/Daily-Price-Index-January-28-2026.pdf,daily_price_index,0,2026-01-28,skipped,,,,,pm_exists
https://www.da.gov.ph/wp-content/uploads/2026/01/Price-Monitoring-January-28-2026.pdf,price_monitoring,0,2026-01-28,parsed,market+summary,49,757c22dafa48a8281aba72e274941c0c500a2dc079aa1206e6b24788c8614138,2026-10-01T23:47:42.522021Z,
https://www.da.gov.ph/wp-content/uploads/2026/01/Daily-Cigarette-Price-Monitoring-January-29-2026.pdf,skip,0,2026-01-29,skipped,,,,,not_a_price_report
https://www.da.gov.ph/wp-content/uploads/2026/01/Daily-Price-Index-January-29-2026.pdf,daily_price_index,0,2026-01-29,skipped,,,,,pm_exists
https://www.da.gov.ph/wp-content/uploads/2026/01/Price-Monitoring-January-29-2026.pdf,price_monitoring,0,2026-01-29,parsed,market+summary,47,488d2b7b3f7e61d5c543cc79daee4dead456c8ee70dd1c84c301f7ab7c8f3581,2026-10-01T23:47:43.503077Z,
https://www.da.gov.ph/wp-content/uploads/2026/01/Daily-Cigarette-Price-Monitoring-January-30-2026.pdf,skip,0,2026-01-30,skipped,,,,,not_a_price_report
https://www.da.gov.ph/wp-content/uploads/2026/01/Daily-Price-Index-January-30-2026.pdf,daily_price_index,0,2026-01-30,skipped,,,,,pm_exists
https://www.da.gov.ph/wp-content/uploads/2026/02/Price-Monitoring-January-30-2026.pdf,price_monitoring,0,2026-01-30,parsed,market+summary,48,0c135fe0b3e2d3ce569cea553ddf58f6923dd6cfcf5e2b8bf832a2b2c00a3ffa,2026-10-01T23:47:44.362425Z,
https://www.da.gov.ph/wp-content/uploads/2026/02/Daily-Cigarette-Price-Monitoring-January-31-2026.pdf,skip,0,2026-01-31,skipped,,,,,not_a_price_report
https://www.da.gov.ph/wp-content/uploads/2026/02/Daily-Price-Index-January-31-2026.pdf,daily_price_index,0,2026-01-31,skipped,,,,,pm_exists
https://www.da.gov.ph/wp-content/uploads/2026/02/Price-Monitoring-January-31-2026.pdf,price_monitoring,0,2026-01-31,parsed,market+summary,48,2b96c9c7533891f31a6d0a15c6224d7f2ee6f4dd5d0b3d975b94cddc4388c5e6,2026-10-01T23:47:45.237896Z,
https://www.da.gov.ph/wp-content/uploads/2026/02/Daily-Cigarette-Price-Monitoring-February-1-2026.pdf,skip,0,2026-02-01,skipped,,,,,not_a_price_report
https://www.da.gov.ph/wp-content/uploads/2026/02/Daily-Price-Index-February-1-2026.pdf,daily_price_index,0,2026-02-01,parsed,rowtable,57,4f9fe30d83069b7220ab4b5126bfc9ffd8f43a1ce4f23a02e137f4128e7e9b52,2026-10-01T23:47:46.125363Z,
https://www.da.gov.ph/wp-content/uploads/2026/02/Daily-Cigarette-Price-Monitoring-February-2-2026.pdf,skip,0,2026-02-02,skipped,,,,,not_a_price_report
https://www.da.gov.ph/wp-content/uploads/2026/02/Daily-Price-Index-February-2-2026.pdf,daily_price_index,0,2026-02-02,skipped,,,,,pm_exists
https://www.da.gov.ph/wp-content/uploads/2026/02/Price-Monitoring-February-2-2026.pdf,price_monitoring,0,2026-02-02,parsed,market+summary,49,002d8933d197e56c0e7d2b1b72ebbdb21473ed253675004d75825efecc98286b,2026-10-01T23:47:46.722430Z,
https://www.da.gov.ph/wp-content/uploads/2026/02/Daily-Cigarette-Price-Monitoring-February-3-2026.pdf,skip,0,2026-02-03,skipped,,,,,not_a_price_report
https://www.da.gov.ph/wp-content/uploads/2026/02/Daily-Price-Index-February-3-2026.pdf,daily_price_index,0,2026-02-03,skipped,,,,,pm_exists
https://www.da.gov.ph/wp-content/uploads/2026/02/Price-Monitoring-February-3-2026.pdf,price_monitoring,0,2026-02-03,parsed,market+summary,49,eb161787333c18addffc76933495d35616e968eca10b183512159bce800d5f20,2026-10-01T23:47:47.619576Z,
https://www.da.gov.ph/wp-content/uploads/2026/02/Daily-Cigarette-Price-Monitoring-February-4-2026.pdf,skip,0,2026-02-04,skipped,,,,,not_a_price_report
https://www.da.gov.ph/wp-content/uploads/2026/02/Daily-Price-Index-February-4-2026.pdf,daily_price_index,0,2026-02-04,skipped,,,,,pm_exists
https://www.da.gov.ph/wp-content/uploads/2026/02/Price-Monitoring-February-4-2026.pdf,price_monitoring,0,2026-02-04,parsed,market+summary,49,60793cb3d3162d211ad56072c72a8d03abb67fffc29bab491012a768bddcca3f,2026-10-01T23:47:48.623152Z,
https://www.da.gov.ph/wp-content/uploads/2026/02/Daily-Cigarette-Price-Monitoring-February-5-2026.pdf,skip,0,2026-02-05,skipped,,,,,not_a_price_report
https://www.da.gov.ph/wp-content/uploads/2026/02/Daily-Price-Index-February-5-2026.pdf,daily_price_index,0,2026-02-05,skipped,,,,,pm_exists
https://www.da.gov.ph/wp-content/uploads/2026/02/Price-Monitoring-February-5-2026.pdf,price_monitoring,0,2026-02-05,parsed,market+summary,49,f8ef5977e0d860c8f82260f481c013ef000647904607402c76f4b887e7b6b27c,2026-10-01T23:47:49.571566Z,
https://www.da.gov.ph/wp-content/uploads/2026/02/Daily-Cigarette-Price-Monitoring-February-6-2026.pdf,skip,0,2026-02-06,skipped,,,,,not_a_price_report
https://www.da.gov.ph/wp-content/uploads/2026/02/Daily-Price-Index-February-6-2026.pdf,daily_price_index,0,2026-02-06,skipped,,,,,pm_exists
https://www.da.gov.ph/wp-content/uploads/2026/02/Price-Monitoring-February-6-2026.pdf,price_monitoring,0,2026-02-06,parsed,market+summary,49,daca16a659a0cd774bb5ef420a30619467b19822f65f577344055ebadf3df64e,2026-10-01T23:47:50.502345Z,
https://www.da.gov.ph/wp-content/uploads/2026/02/Daily-Cigarette-Price-Monitoring-February-7-2026.pdf,skip,0,2026-02-07,skipped,,,,,not_a_price_report
https://www.da.gov.ph/wp-content/uploads/2026/02/Daily-Price-Index-February-7-2026.pdf,daily_price_index,0,2026-02-07,skipped,,,,,pm_exists
https://www.da.gov.ph/wp-content/uploads/2026/02/Price-Monitoring-February-7-2026.pdf,price_monitoring,0,2026-02-07,parsed,market+summary,49,cd050d3040f06da4fc0b800ed167b09462e37e131650909793a73e2c8c886cbe,2026-10-01T23:47:51.488299Z,
https://www.da.gov.ph/wp-content/uploads/2026/02/Daily-Cigarette-Price-Monitoring-February-8-2026.pdf,skip,0,2026-02-08,skipped,,,,,not_a_price_report
https://www.da.gov.ph/wp-content/uploads/2026/02/Daily-Price-Index-February-8-2026.pdf,daily_price_index,0,2026-02-08,parsed,rowtable,57,81f876a7e1a5af5cb01e7c1c00bd3aa83192cc418dd70458af3ac61e3a09ff65,2026-10-01T23:47:52.315214Z,
https://www.da.gov.ph/wp-content/uploads/2026/02/Daily-Cigarette-Price-Monitoring-February-9-2026.pdf,skip,0,2026-02-09,skipped,,,,,not_a_price_report
https://www.da.gov.ph/wp-content/uploads/2026/02/Daily-Price-Index-February-9-2026.pdf,daily_price_index,0,2026-02-09,skipped,,,,,pm_exists
https://www.da.gov.ph/wp-content/uploads/2026/02/Price-Monitoring-February-9-2026.pdf,price_monitoring,0,2026-02-09,parsed,market+summary,49,116cfda052895ea272dd9498beaf9468e8e7364d525f7c0491a18f7caa2962ea,2026-10-01T23:47:52.947293Z,
https://www.da.gov.ph/wp-content/uploads/2026/02/Daily-Cigarette-Price-Monitoring-February-10-2026.pdf,skip,0,2026-02-10,skipped,,,,,not_a_price_report
https://www.da.gov.ph/wp-content/uploads/2026/02/Daily-Price-Index-February-10-2026.pdf,daily_price_index,0,2026-02-10,skipped,,,,,pm_exists
https://www.da.gov.ph/wp-content/uploads/2026/02/Price-Monitoring-February-10-2026.pdf,price_monitoring,0,2026-02-10,parsed,market+summary,49,cdfd3df5a5590efa020feac3d628bfbce2b3038da63e145eae7ebd42d3aba645,2026-10-01T23:47:53.931205Z,
https://www.da.gov.ph/wp-content/uploads/2026/02/Daily-Cigarette-Price-Monitoring-February-11-2026.pdf,skip,0,2026-02-11,skipped,,,,,not_a_price_report
https://www.da.gov.ph/wp-content/uploads/2026/02/Daily-Price-Index-February-11-2026.pdf,daily_price_index,0,2026-02-11,skipped,,,,,pm_exists
https://www.da.gov.ph/wp-content/uploads/2026/02/Price-Monitoring-February-11-2026.pdf,price_monitoring,0,2026-02-11,parsed,market+summary,49,22d9b21de02065c99c278236753c4aa74c9b14ac2600fa00594961ca97c5ef2d,2026-10-01T23:47:54.826455Z,
https://www.da.gov.ph/wp-content/uploads/2026/02/Daily-Cigarette-Price-Monitoring-February-12-2026.pdf,skip,0,2026-02-12,skipped,,,,,not_a_price_report
https://www.da.gov.ph/wp-content/uploads/2026/02/Daily-Price-Index-February-12-2026.pdf,daily_price_index,0,2026-02-12,skipped,,,,,pm_exists
https://www.da.gov.ph/wp-content/uploads/2026/02/Price-Monitoring-February-12-2026.pdf,price_monitoring,0,2026-02-12,parsed,market+summary,49,d5da292e3eb9472008f70f9dcec5e6a2c5ce142caf72edfc4d4c6b33707a794b,2026-10-01T23:47:55.690467Z,
https://www.da.gov.ph/wp-content/uploads/2026/02/Daily-Cigarette-Price-Monitoring-February-13-2026.pdf,skip,0,2026-02-13,skipped,,,,,not_a_price_report
https://www.da.gov.ph/wp-content/uploads/2026/02/Daily-Price-Index-February-13-2026.pdf,daily_price_index,0,2026-02-13,skipped,,,,,pm_exists
https://www.da.gov.ph/wp-content/uploads/2026/02/Price-Monitoring-February-13-2026.pdf,price_monitoring,0,2026-02-13,parsed,market+summary,49,ff6c7ca31dc6617e79d7f92fa91626951cc50a5ebfe037569384ecdd42b1c724,2026-10-01T23:47:56.666844Z,
https://www.da.gov.ph/wp-content/uploads/2026/02/Daily-Cigarette-Price-Monitoring-February-14-2026.pdf,skip,0,2026-02-14,skipped,,,,,not_a_price_report
https://www.da.gov.ph/wp-content/uploads/2026/02/Daily-Price-Index-February-14-2026.pdf,daily_price_index,0,2026-02-14,skipped,,,,,pm_exists
https://www.da.gov.ph/wp-content/uploads/2026/02/Price-Monitoring-February-14-2026.pdf,price_monitoring,0,2026-02-14,parsed,market+summary,49,2f1142d9944ae9e68e39514e8a3fa70fc9faa09c605d42f8d56494e23e17d22f,2026-10-01T23:47:57.697782Z,
https://www.da.gov.ph/wp-content/uploads/2026/02/Daily-Cigarette-Price-Monitoring-February-15-2026.pdf,skip,0,2026-02-15,skipped,,,,,not_a_price_report
https://www.da.gov.ph/wp-content/uploads/2026/02/Daily-Price-Index-February-15-2026.pdf,daily_price_index,0,2026-02-15,parsed,rowtable,58,62e15f766df45bce8278bf503c419fae0de00f33424e59877c045777f04f592f,2026-10-01T23:47:58.563761Z,
https://www.da.gov.ph/wp-content/uploads/2026/02/Daily-Cigarette-Price-Monitoring-February-16-2026.pdf,skip,0,2026-02-16,skipped,,,,,not_a_price_report
https://www.da.gov.ph/wp-content/uploads/2026/02/Daily-Price-Index-February-16-2026.pdf,daily_price_index,0,2026-02-16,skipped,,,,,pm_exists
https://www.da.gov.ph/wp-content/uploads/2026/02/Price-Monitoring-February-16-2026.pdf,price_monitoring,0,2026-02-16,parsed,market+summary,49,a545ebfdfa93ea3e39c009d069eac07b7e3dc0cb97b6cd7e1c46166dde105327,2026-10-01T23:47:59.163033Z,
https://www.da.gov.ph/wp-content/uploads/2026/02/Daily-Cigarette-Price-Monitoring-February-17-2026.pdf,skip,0,2026-02-17,skipped,,,,,not_a_price_report
https://www.da.gov.ph/wp-content/uploads/2026/02/Daily-Price-Index-February-17-2026.pdf,daily_price_index,0,2026-02-17,skipped,,,,,pm_exists
https://www.da.gov.ph/wp-content/uploads/2026/02/Price-Monitoring-February-17-2026.pdf,price_monitoring,0,2026-02-17,parsed,market+summary,49,90274863b733a2a196ce486482927d41bbd3015f769d94ec235915de0ae65565,2026-10-01T23:48:00.045899Z,
https://www.da.gov.ph/wp-content/uploads/2026/02/Daily-Cigarette-Price-Monitoring-February-18-2026.pdf,skip,0,2026-02-18,skipped,,,,,not_a_price_report
https://www.da.gov.ph/wp-content/uploads/2026/02/Daily-Price-Index-February-18-2026.pdf,daily_price_index,0,2026-02-18,skipped,,,,,pm_exists
https://www.da.gov.ph/wp-content/uploads/2026/02/Price-Monitoring-February-18-2026.pdf,price_monitoring,0,2026-02-18,parsed,market+summary,49,ca07ce8c9833bcf12dc81787e6f757675345a486e95fde154a6134490a79c7ea,2026-10-01T23:48:01.154437Z,
https://www.da.gov.ph/wp-content/uploads/2026/02/Daily-Cigarette-Price-Monitoring-February-19-2026.pdf,skip,0,2026-02-19,skipped,,,,,not_a_price_report
https://www.da.gov.ph/wp-content/uploads/2026/02/Daily-Price-Index-February-19-2026.pdf,daily_price_index,0,2026-02-19,skipped,,,,,pm_exists
https://www.da.gov.ph/wp-content/uploads/2026/02/Price-Monitoring-February-19-2026.pdf,price_monitoring,0,2026-02-19,parsed,market+summary,49,1a27006a2d44fe65973de4ac347f834a9b9c8c0761e7da678408c0f75b2e78b8,2026-10-01T23:48:02.039913Z,
https://www.da.gov.ph/wp-content/uploads/2026/02/Daily-Cigarette-Price-Monitoring-February-20-2026.pdf,skip,0,2026-02-20,skipped,,,,,not_a_price_report
https://www.da.gov.ph/wp-content/uploads/2026/02/Daily-Price-Index-February-20-2026.pdf,daily_price_index,0,2026-02-20,skipped,,,,,pm_exists
https://www.da.gov.ph/wp-content/uploads/2026/02/Price-Monitoring-February-20-2026.pdf,price_monitoring,0,2026-02-20,parsed,market+summary,49,105a461b044a3045e1d3b9cb9c05b202630a3e8722df43242a3426ea97c7affc,2026-10-01T23:48:03.008913Z,
https://www.da.gov.ph/wp-content/uploads/2026/02/Daily-Cigarette-Price-Monitoring-February-21-2026.pdf,skip,0,2026-02-21,skipped,,,,,not_a_price_report
https://www.da.gov.ph/wp-content/uploads/2026/02/Daily-Price-Index-February-21-2026.pdf,daily_price_index,0,2026-02-21,skipped,,,,,pm_exists
https://www.da.gov.ph/wp-content/uploads/2026/02/Price-Monitoring-February-21-2026.pdf,price_monitoring,0,2026-02-21,parsed,market+summary,49,dc132d72958c2dae3ed19baea0f494df366dd41914e77e86586ee0febc8f9ced,2026-10-01T23:48:03.998791Z,
https://www.da.gov.ph/wp-content/uploads/2026/02/Daily-Cigarette-Price-Monitoring-February-22-2026.pdf,skip,0,2026-02-22,skipped,,,,,not_a_price_report
https://www.da.gov.ph/wp-content/uploads/2026/02/Daily-Price-Index-February-22-2026.pdf,daily_price_index,0,2026-02-22,parsed,rowtable,56,0ac7cc8030895ab3568bb0dd759d250430efbdac668099e3109d74f6f5d3c72b,2026-10-01T23:48:04.855877Z,
https://www.da.gov.ph/wp-content/uploads/2026/02/Daily-Cigarette-Price-Monitoring-February-23-2026.pdf,skip,0,2026-02-23,skipped,,,,,not_a_price_report
https://www.da.gov.ph/wp-content/uploads/2026/02/Daily-Price-Index-February-23-2026.pdf,daily_price_index,0,2026-02-23,skipped,,,,,pm_exists
https://www.da.gov.ph/wp-content/uploads/2026/02/Price-Monitoring-February-23-2026.pdf,price_monitoring,0,2026-02-23,parsed,market+summary,49,40f8caa2993c42b67554de756b0c87f7d4122828aff09486f7806fe37de83f13,2026-10-01T23:48:05.426794Z,
https://www.da.gov.ph/wp-content/uploads/2026/02/Daily-Cigarette-Price-Monitoring-February-24-2026.pdf,skip,0,2026-02-24,skipped,,,,,not_a_price_report
https://www.da.gov.ph/wp-content/uploads/2026/02/Daily-Price-Index-February-24-2026.pdf,daily_price_index,0,2026-02-24,skipped,,,,,pm_exists
https://www.da.gov.ph/wp-content/uploads/2026/02/Price-Monitoring-February-24-2026.pdf,price_monitoring,0,2026-02-24,parsed,market+summary,49,f9e825fb535d32291ad0ff9559c3a3c394848eb0fb112e6749ee5e70738efbb6,2026-10-01T23:48:06.377840Z,
https://www.da.gov.ph/wp-content/uploads/2026/02/Daily-Cigarette-Price-Monitoring-February-25-2026.pdf,skip,0,2026-02-25,skipped,,,,,not_a_price_report
https://www.da.gov.ph/wp-content/uploads/2026/02/Daily-Price-Index-February-25-2026.pdf,daily_price_index,0,2026-02-25,skipped,,,,,pm_exists
https://www.da.gov.ph/wp-content/uploads/2026/02/Price-Monitoring-February-25-2026.pdf,price_monitoring,0,2026-02-25,parsed,market+summary,49,be058d068e5055dc4d0e759fbf5e3ad0421eb686ff39da7ad8e710d8cc016954,2026-10-01T23:48:07.237337Z,
https://www.da.gov.ph/wp-content/uploads/2026/02/Daily-Cigarette-Price-Monitoring-February-26-2026.pdf,skip,0,2026-02-26,skipped,,,,,not_a_price_report
https://www.da.gov.ph/wp-content/uploads/2026/02/Daily-Price-Index-February-26-2026.pdf,daily_price_index,0,2026-02-26,skipped,,,,,pm_exists
https://www.da.gov.ph/wp-content/uploads/2026/02/Price-Monitoring-February-26-2026.pdf,price_monitoring,0,2026-02-26,parsed,market+summary,49,389cbf3ed4f7532e8082f2edcdc29d9d15fcd5afc201515c7a66fbf621929747,2026-10-01T23:48:08.185117Z,
https://www.da.gov.ph/wp-content/uploads/2026/02/Price-Monitoring-February-27-2026.pdf,price_monitoring,0,2026-02-27,parsed,market+summary,49,21f68f22779dd176d194edce9be8df1140269c3d2893f1801216fd95539a3a18,2026-10-01T23:48:09.167084Z,
https://www.da.gov.ph/wp-content/uploads/2026/03/Daily-Cigarette-Price-Monitoring-February-27-2026.pdf,skip,0,2026-02-27,skipped,,,,,not_a_price_report
https://www.da.gov.ph/wp-content/uploads/2026/03/Daily-Price-Index-February-27-2026.pdf,daily_price_index,0,2026-02-27,skipped,,,,,pm_exists
https://www.da.gov.ph/wp-content/uploads/2026/03/Daily-Cigarette-Price-Monitoring-February-28-2026.pdf,skip,0,2026-02-28,skipped,,,,,not_a_price_report
https://www.da.gov.ph/wp-content/uploads/2026/03/Daily-Price-Index-February-28-2026.pdf,daily_price_index,0,2026-02-28,skipped,,,,,pm_exists
https://www.da.gov.ph/wp-content/uploads/2026/03/Price-Monitoring-February-28-2026.pdf,price_monitoring,0,2026-02-28,parsed,market+summary,49,8055d3c8f7a52e66b5af7296d1428b5a91ade978269607b467afa3d153f8d4c5,2026-10-01T23:48:10.063966Z,
https://www.da.gov.ph/wp-content/uploads/2026/03/Daily-Cigarette-Price-Monitoring-March-1-2026.pdf,skip,0,2026-03-01,skipped,,,,,not_a_price_report
https://www.da.gov.ph/wp-content/uploads/2026/03/Daily-Price-Index-March-1-2026.pdf,daily_price_index,0,2026-03-01,parsed,rowtable,57,b2d59b4a10e84b2c6389baa15861212af814fc1ae20d5e931ca16dc22854bbcb,2026-10-01T23:48:10.959430Z,
https://www.da.gov.ph/wp-content/uploads/2026/03/Daily-Cigarette-Price-Monitoring-March-2-2026.pdf,skip,0,2026-03-02,skipped,,,,,not_a_price_report
https://www.da.gov.ph/wp-content/uploads/2026/03/Daily-Price-Index-March-2-2026.pdf,daily_price_index,0,2026-03-02,skipped,,,,,pm_exists
https://www.da.gov.ph/wp-content/uploads/2026/03/Price-Monitoring-March-2-2026.pdf,price_monitoring,0,2026-03-02,parsed,market+summary,49,c08f987ecf81d8587eb830c73d6e3a706233a2c0e5a357c99339df4d6ffeb4f4,2026-10-01T23:48:11.670365Z,
https://www.da.gov.ph/wp-content/uploads/2026/03/Daily-Cigarette-Price-Monitoring-March-3-2026.pdf,skip,0,2026-03-03,skipped,,,,,not_a_price_report
https://www.da.gov.ph/wp-content/uploads/2026/03/Daily-Price-Index-March-3-2026.pdf,daily_price_index,0,2026-03-03,skipped,,,,,pm_exists
https://www.da.gov.ph/wp-content/uploads/2026/03/Price-Monitoring-March-3-2026.pdf,price_monitoring,0,2026-03-03,parsed,market+summary,49,19c8ce1f9aa4b53e69bc3d1bd53cdfbf821a666c99acf9d8e5e034f4f21e8dd4,2026-10-01T23:48:12.530204Z,
https://www.da.gov.ph/wp-content/uploads/2026/03/Daily-Cigarette-Price-Monitoring-March-4-2026.pdf,skip,0,2026-03-04,skipped,,,,,not_a_price_report
https://www.da.gov.ph/wp-content/uploads/2026/03/Daily-Price-Index-March-4-2026.pdf,daily_price_index,0,2026-03-04,skipped,,,,,pm_exists
https://www.da.gov.ph/wp-content/uploads/2026/03/Price-Monitoring-March-4-2026.pdf,price_monitoring,0,2026-03-04,parsed,market+summary,49,8b97a75d9cee10b617852f67017c523e506b8ee6fc5766e1ec15b4e0ac6b8411,2026-10-01T23:48:13.408158Z,
https://www.da.gov.ph/wp-content/uploads/2026/03/Daily-Cigarette-Price-Monitoring-March-5-2026.pdf,skip,0,2026-03-05,skipped,,,,,not_a_price_report
https://www.da.gov.ph/wp-content/uploads/2026/03/Daily-Price-Index-March-5-2026.pdf,daily_price_index,0,2026-03-05,skipped,,,,,pm_exists
https://www.da.gov.ph/wp-content/uploads/2026/03/Price-Monitoring-March-5-2026.pdf,price_monitoring,0,2026-03-05,parsed,market+summary,49,d262bfe1fb03341d77f9cb11404630610a7b2e364a4e338ee313d21790f2cb9f,2026-10-01T23:48:14.246874Z,
https://www.da.gov.ph/wp-content/uploads/2026/03/Daily-Cigarette-Price-Monitoring-March-6-2026.pdf,skip,0,2026-03-06,skipped,,,,,not_a_price_report
https://www.da.gov.ph/wp-content/uploads/2026/03/Daily-Price-Index-March-6-2026.pdf,daily_price_index,0,2026-03-06,skipped,,,,,pm_exists
https://www.da.gov.ph/wp-content/uploads/2026/03/Price-Monitoring-March-6-2026.pdf,price_monitoring,0,2026-03-06,parsed,market+summary,49,48398de8457e1d4c15c26c8e560b7c4e3e740db8ef41ac60fe33357b117b73b4,2026-10-01T23:48:15.102040Z,
https://www.da.gov.ph/wp-content/uploads/2026/03/Daily-Cigarette-Price-Monitoring-March-7-2026.pdf,skip,0,2026-03-07,skipped,,,,,not_a_price_report
https://www.da.gov.ph/wp-content/uploads/2026/03/Daily-Price-Index-March-7-2026.pdf,daily_price_index,0,2026-03-07,skipped,,,,,pm_exists
https://www.da.gov.ph/wp-content/uploads/2026/03/Price-Monitoring-March-7-2026.pdf,price_monitoring,0,2026-03-07,parsed,market+summary,49,3fd92179938b51c0c946e5e38bd6770866efba96a3a4681bb939ab3e59c70a88,2026-10-01T23:48:15.986032Z,
https://www.da.gov.ph/wp-content/uploads/2026/03/Daily-Cigarette-Price-Monitoring-March-8-2026.pdf,skip,0,2026-03-08,skipped,,,,,not_a_price_report
https://www.da.gov.ph/wp-content/uploads/2026/03/Daily-Price-Index-March-8-2026.pdf,daily_price_index,0,2026-03-08,parsed,rowtable,54,76769e55c6d29b8ba41883979ed43822f5b0454c99fb9f3dd6121fade2f28f7e,2026-10-01T23:48:17.084555Z,
https://www.da.gov.ph/wp-content/uploads/2026/03/Daily-Cigarette-Price-Monitoring-March-9-2026.pdf,skip,0,2026-03-09,skipped,,,,,not_a_price_report
https://www.da.gov.ph/wp-content/uploads/2026/03/Price-Monitoring-March-9-2026.pdf,price_monitoring,0,2026-03-09,parsed,market+summary,49,6cb1df001f9e70733f3e4071c4b6e6b05330d7e618ec6bf0b86dcb4d491ffe6d,2026-10-01T23:48:17.697399Z,
https://www.da.gov.ph/wp-content/uploads/2026/03/Revised-Daily-Price-Index-March-9-2026.pdf,daily_price_index,1,2026-03-09,skipped,,,,,pm_exists
https://www.da.gov.ph/wp-content/uploads/2026/03/Daily-Cigarette-Price-Monitoring-March-10-2026.pdf,skip,0,2026-03-10,skipped,,,,,not_a_price_report
https://www.da.gov.ph/wp-content/uploads/2026/03/Revised-Daily-Price-Index-March-10-2026.pdf,daily_price_index,1,2026-03-10,skipped,,,,,pm_exists
https://www.da.gov.ph/wp-content/uploads/2026/03/Revised-Price-Monitoring-March-10-2026.pdf,price_monitoring,1,2026-03-10,parsed,market+summary,49,f57c2cc7008b44c4562b883897cff41c7496858c19d2fce8615f70caa0c4cdfb,2026-10-01T23:48:18.567525Z,
https://www.da.gov.ph/wp-content/uploads/2026/03/Daily-Cigarette-Price-Monitoring-March-11-2026.pdf,skip,0,2026-03-11,skipped,,,,,not_a_price_report
https://www.da.gov.ph/wp-content/uploads/2026/03/Price-Monitoring-March-11-2026.pdf,price_monitoring,0,2026-03-11,parsed,market+summary,49,6aee9bd88a9d33b55529f9d8cb5c1910bdcd9332befc0eb6f7a496ff5e9a9648,2026-10-01T23:48:19.539381Z,
https://www.da.gov.ph/wp-content/uploads/2026/03/Revised-Daily-Price-Index-March-11-2026.pdf,daily_price_index,1,2026-03-11,skipped,,,,,pm_exists
https://www.da.gov.ph/wp-content/uploads/2026/03/Daily-Cigarette-Price-Monitoring-March-12-2026.pdf,skip,0,2026-03-12,skipped,,,,,not_a_price_report
https://www.da.gov.ph/wp-content/uploads/2026/03/Price-Monitoring-March-12-2026.pdf,price_monitoring,0,2026-03-12,parsed,market+summary,49,3f872b0bd5441bcfc6ac5054df29e566033887d6bed058407f23f2eebfd7d04b,2026-10-01T23:48:20.492165Z,
https://www.da.gov.ph/wp-content/uploads/2026/03/Revised-Daily-Price-Index-March-12-2026.pdf,daily_price_index,1,2026-03-12,skipped,,,,,pm_exists
https://www.da.gov.ph/wp-content/uploads/2026/03/Daily-Cigarette-Price-Monitoring-March-13-2026.pdf,skip,0,2026-03-13,skipped,,,,,not_a_price_report
https://www.da.gov.ph/wp-content/uploads/2026/03/Daily-Price-Index-March-13-2026.pdf,daily_price_index,0,2026-03-13,skipped,,,,,pm_exists
https://www.da.gov.ph/wp-content/uploads/2026/03/Price-Monitoring-March-13-2026.pdf,price_monitoring,0,2026-03-13,parsed,market+summary,49,4161080b5073b46727ea61028ec2bab80a58f4283755417486b71ae96a565faa,2026-10-01T23:48:21.404091Z,
https://www.da.gov.ph/wp-content/uploads/2026/03/Daily-Cigarette-Price-Monitoring-March-14-2026.pdf,skip,0,2026-03-14,skipped,,,,,not_a_price_report
https://www.da.gov.ph/wp-content/uploads/2026/03/Daily-Price-Index-March-14-2026.pdf,daily_price_index,0,2026-03-14,skipped,,,,,pm_exists
https://www.da.gov.ph/wp-content/uploads/2026/03/Price-Monitoring-March-14-2026.pdf,price_monitoring,0,2026-03-14,parsed,market+summary,49,8c91db0578da3edaafae5713f98637c292739f31ac18965becd5144a6a1c16ea,2026-10-01T23:48:22.367203Z,
https://www.da.gov.ph/wp-content/uploads/2026/03/Daily-Cigarette-Price-Monitoring-March-15-2026.pdf,skip,0,2026-03-15,skipped,,,,,not_a_price_report
https://www.da.gov.ph/wp-content/uploads/2026/03/Daily-Price-Index-March-15-2026.pdf,daily_price_index,0,2026-03-15,parsed,rowtable,56,9b2a22e0fe7c4010159a436d2a54c43ab990ed330e6c1868337057d1ba5878a3,2026-10-01T23:48:23.604650Z,
https://www.da.gov.ph/wp-content/uploads/2026/03/Daily-Cigarette-Price-Monitoring-March-16-2026.pdf,skip,0,2026-03-16,skipped,,,,,not_a_price_report
https://www.da.gov.ph/wp-content/uploads/2026/03/Daily-Price-Index-March-16-2026.pdf,daily_price_index,0,2026-03-16,skipped,,,,,pm_exists
https://www.da.gov.ph/wp-content/uploads/2026/03/Price-Monitoring-March-16-2026.pdf,price_monitoring,0,2026-03-16,parsed,market+summary,49,7ecbe0d0d35ea6ded587d412d8daddeddd7af9e4a407fd11820a84277338c14d,2026-10-01T23:48:24.401624Z,
https://www.da.gov.ph/wp-content/uploads/2026/03/Daily-Cigarette-Price-Monitoring-March-17-2026.pdf,skip,0,2026-03-17,skipped,,,,,not_a_price_report
https://www.da.gov.ph/wp-content/uploads/2026/03/Daily-Price-Index-March-17-2026.pdf,daily_price_index,0,2026-03-17,skipped,,,,,pm_exists
https://www.da.gov.ph/wp-content/uploads/2026/03/Price-Monitoring-March-17-2026.pdf,price_monitoring,0,2026-03-17,parsed,market+summary,49,96ceb48d847342d850ea13d47d693b419d9af3b6271466003a18b5676e1d795d,2026-10-01T23:48:25.376923Z,
https://www.da.gov.ph/wp-content/uploads/2026/03/Daily-Cigarette-Price-Monitoring-March-18-2026.pdf,skip,0,2026-03-18,skipped,,,,,not_a_price_report
https://www.da.gov.ph/wp-content/uploads/2026/03/Daily-Price-Index-March-18-2026.pdf,daily_price_index,0,2026-03-18,skipped,,,,,pm_exists
https://www.da.gov.ph/wp-content/uploads/2026/03/Price-Monitoring-March-18-2026.pdf,price_monitoring,0,2026-03-18,parsed,market+summary,49,c510a214a53fe8e0fea05b318f63d485bb5b0b4f33299ca6b5dc2388d1eaa96e,2026-10-01T23:48:26.293863Z,
https://www.da.gov.ph/wp-content/uploads/2026/03/Daily-Cigarette-Price-Monitoring-March-19-2026.pdf,skip,0,2026-03-19,skipped,,,,,not_a_price_report
https://www.da.gov.ph/wp-content/uploads/2026/03/Daily-Price-Index-March-19-2026.pdf,daily_price_index,0,2026-03-19,skipped,,,,,pm_exists
https://www.da.gov.ph/wp-content/uploads/2026/03/Price-Monitoring-March-19-2026.pdf,price_monitoring,0,2026-03-19,parsed,market+summary,49,82bd646a0db346c1f8e8b0a4a3c25b345b0dcbd9d9f68258982d3bd1af12bb29,2026-10-01T23:48:27.192355Z,
https://www.da.gov.ph/wp-content/uploads/2026/03/Daily-Cigarette-Price-Monitoring-March-20-2026.pdf,skip,0,2026-03-20,skipped,,,,,not_a_price_report
https://www.da.gov.ph/wp-content/uploads/2026/03/Daily-Price-Index-March-20-2026.pdf,daily_price_index,0,2026-03-20,skipped,,,,,pm_exists
https://www.da.gov.ph/wp-content/uploads/2026/03/Price-Monitoring-March-20-2026.pdf,price_monitoring,0,2026-03-20,parsed,market+summary,49,4beaf919487725189ee51f7777d94bc745875e59f274fa0fe15493ae13faeb3f,2026-10-01T23:48:28.171711Z,
https://www.da.gov.ph/wp-content/uploads/2026/03/Daily-Cigarette-Price-Monitoring-March-21-2026.pdf,skip,0,2026-03-21,skipped,,,,,not_a_price_report
https://www.da.gov.ph/wp-content/uploads/2026/03/Daily-Price-Index-March-21-2026.pdf,daily_price_index,0,2026-03-21,skipped,,,,,pm_exists
https://www.da.gov.ph/wp-content/uploads/2026/03/Price-Monitoring-March-21-2026.pdf,price_monitoring,0,2026-03-21,parsed,market+summary,49,18172e9339a2084ad057b43b2a83bd0f799d74ce5893935e7cea1cbb79cb8272,2026-10-01T23:48:29.023564Z,
https://www.da.gov.ph/wp-content/uploads/2026/03/Daily-Cigarette-Price-Monitoring-March-22-2026.pdf,skip,0,2026-03-22,skipped,,,,,not_a_price_report
https://www.da.gov.ph/wp-content/uploads/2026/03/Daily-Price-Index-March-22-2026.pdf,daily_price_index,0,2026-03-22,parsed,rowtable,54,eb4bed8e9fce92b3c96abb2167f8aec637058828f36f82cc59049370d3db6d87,2026-10-01T23:48:29.912626Z,
https://www.da.gov.ph/wp-content/uploads/2026/03/Daily-Cigarette-Price-Monitoring-March-23-2026.pdf,skip,0,2026-03-23,skipped,,,,,not_a_price_report
https://www.da.gov.ph/wp-content/uploads/2026/03/Daily-Price-Index-March-23-2026.pdf,daily_price_index,0,2026-03-23,skipped,,,,,pm_exists
https://www.da.gov.ph/wp-content/uploads/2026/03/Price-Monitoring-March-23-2026.pdf,price_monitoring,0,2026-03-23,parsed,market+summary,49,39e85bc1f8e59d9ef35b9baa46b2e16a55abce9b2858caeaec8d512e8388deb9,2026-10-01T23:48:30.513302Z,
https://www.da.gov.ph/wp-content/uploads/2026/03/Daily-Cigarette-Price-Monitoring-March-24-2026.pdf,skip,0,2026-03-24,skipped,,,,,not_a_price_report
https://www.da.gov.ph/wp-content/uploads/2026/03/Daily-Price-Index-March-24-2026.pdf,daily_price_index,0,2026-03-24,skipped,,,,,pm_exists
https://www.da.gov.ph/wp-content/uploads/2026/03/Price-Monitoring-March-24-2026.pdf,price_monitoring,0,2026-03-24,parsed,market+summary,49,c5eee8046f4411c10c19cc0d049ebbb98d2d06e25f270e4529b4125b235fa238,2026-10-01T23:48:31.421450Z,
https://www.da.gov.ph/wp-content/uploads/2026/03/Daily-Cigarette-Price-Monitoring-March-25-2026.pdf,skip,0,2026-03-25,skipped,,,,,not_a_price_report
https://www.da.gov.ph/wp-content/uploads/2026/03/Daily-Price-Index-March-25-2026.pdf,daily_price_index,0,2026-03-25,skipped,,,,,pm_exists
https://www.da.gov.ph/wp-content/uploads/2026/03/Price-Monitoring-March-25-2026.pdf,price_monitoring,0,2026-03-25,parsed,market+summary,49,3400a9030bf50f89d38a6cf0c8a4ab372457f581bb0036461cecc54466943d26,2026-10-01T23:48:32.316722Z,
https://www.da.gov.ph/wp-content/uploads/2026/03/Daily-Cigarette-Price-Monitoring-March-26-2026.pdf,skip,0,2026-03-26,skipped,,,,,not_a_price_report
https://www.da.gov.ph/wp-content/uploads/2026/03/Daily-Price-Index-March-26-2026.pdf,daily_price_index,0,2026-03-26,parsed,rowtable,57,a3b7d3f8216f324d07f352d1b42fa0c10007242e777942f5758376403e42aa85,2026-10-01T23:48:33.208543Z,
https://www.da.gov.ph/wp-content/uploads/2026/03/Daily-Cigarette-Price-Monitoring-March-27-2026.pdf,skip,0,2026-03-27,skipped,,,,,not_a_price_report
https://www.da.gov.ph/wp-content/uploads/2026/03/Daily-Price-Index-March-27-2026.pdf,daily_price_index,0,2026-03-27,skipped,,,,,pm_exists
https://www.da.gov.ph/wp-content/uploads/2026/03/Price-Monitoring-March-27-2026.pdf,price_monitoring,0,2026-03-27,parsed,market+summary,49,e58038d7f5ce0080fb552bec3f697c75952108a947b0a710fd6df18e6ffec584,2026-10-01T23:48:33.872503Z,
https://www.da.gov.ph/wp-content/uploads/2026/03/Daily-Cigarette-Price-Monitoring-March-28-2026.pdf,skip,0,2026-03-28,skipped,,,,,not_a_price_report
https://www.da.gov.ph/wp-content/uploads/2026/03/Daily-Price-Index-March-28-2026.pdf,daily_price_index,0,2026-03-28,skipped,,,,,pm_exists
https://www.da.gov.ph/wp-content/uploads/2026/03/Price-Monitoring-March-28-2026.pdf,price_monitoring,0,2026-03-28,parsed,market+summary,49,a4ac7c6826e9f9d8eae8f66e7cffb5e01bb2bf9f51f186fb0e2222482af5f77e,2026-10-01T23:48:34.781006Z,
https://www.da.gov.ph/wp-content/uploads/2026/03/Daily-Cigarette-Price-Monitoring-March-29-2026.pdf,skip,0,2026-03-29,skipped,,,,,not_a_price_report
https://www.da.gov.ph/wp-content/uploads/2026/03/Daily-Price-Index-March-29-2026.pdf,daily_price_index,0,2026-03-29,parsed,rowtable,55,a2976ded5b6d7cf75540ac257bca6a0f25451f38cf630ba03dc1a73502b2eb3a,2026-10-01T23:48:35.665689Z,
https://www.da.gov.ph/wp-content/uploads/2026/03/Daily-Cigarette-Price-Monitoring-March-30-2026.pdf,skip,0,2026-03-30,skipped,,,,,not_a_price_report
https://www.da.gov.ph/wp-content/uploads/2026/03/Daily-Price-Index-March-30-2026.pdf,daily_price_index,0,2026-03-30,skipped,,,,,pm_exists
https://www.da.gov.ph/wp-content/uploads/2026/03/Price-Monitoring-March-30-2026.pdf,price_monitoring,0,2026-03-30,parsed,market+summary,49,a1099a864cab47c52f493eeda76171fc75ef425f7ede358097569a4b21340a6b,2026-10-01T23:48:36.263013Z,
https://www.da.gov.ph/wp-content/uploads/2026/03/Daily-Price-Index-March-31-2026.pdf,daily_price_index,0,2026-03-31,skipped,,,,,pm_exists
https://www.da.gov.ph/wp-content/uploads/2026/04/Daily-Cigarette-Price-Monitoring-March-31-2026.pdf,skip,0,2026-03-31,skipped,,,,,not_a_price_report
https://www.da.gov.ph/wp-content/uploads/2026/04/Price-Monitoring-March-31-2026.pdf,price_monitoring,0,2026-03-31,parsed,market+summary,48,ae4e8c4786c413d4c32c305bbac0417a63d6fbb3221a7ee4eddcc9c4ff396ec7,2026-10-01T23:48:37.130563Z,
https://www.da.gov.ph/wp-content/uploads/2026/04/Daily-Cigarette-Price-Monitoring-April-1-2026.pdf,skip,0,2026-04-01,skipped,,,,,not_a_price_report
https://www.da.gov.ph/wp-content/uploads/2026/04/Daily-Price-Index-April-1-2026.pdf,daily_price_index,0,2026-04-01,skipped,,,,,pm_exists
https://www.da.gov.ph/wp-content/uploads/2026/04/Price-Monitoring-April-1-2026.pdf,price_monitoring,0,2026-04-01,parsed,market+summary,48,596b288b232588a35e85f5d8aafb6dc1d21ec7254ae9ba9e38fb4bb01056bf44,2026-10-01T23:48:37.970689Z,
https://www.da.gov.ph/wp-content/uploads/2026/04/Daily-Cigarette-Price-Monitoring-April-2-2026.pdf,skip,0,2026-04-02,skipped,,,,,not_a_price_report
https://www.da.gov.ph/wp-content/uploads/2026/04/Daily-Price-Index-April-2-2026.pdf,daily_price_index,0,2026-04-02,skipped,,,,,pm_exists
https://www.da.gov.ph/wp-content/uploads/2026/04/Price-Monitoring-April-2-2026.pdf,price_monitoring,0,2026-04-02,parsed,market+summary,48,3910e26e7c14aaa13b189219dc98213d2ef18e16333efd2e34bc933f5e083ef5,2026-10-01T23:48:38.830323Z,
https://www.da.gov.ph/wp-content/uploads/2026/04/Daily-Price-Index-April-3-2026.pdf,daily_price_index,0,2026-04-03,skipped,,,,,pm_exists
https://www.da.gov.ph/wp-content/uploads/2026/04/Price-Monitoring-April-3-2026.pdf,price_monitoring,0,2026-04-03,parsed,market+summary,48,5801a87e9d60459ceae7d2cdb5759aa4731ad8a209ea1fe7f8d00c58632fc439,2026-10-01T23:48:39.751186Z,
https://www.da.gov.ph/wp-content/uploads/2026/04/Daily-Cigarette-Price-Monitoring-April-4-2026.pdf,skip,0,2026-04-04,skipped,,,,,not_a_price_report
https://www.da.gov.ph/wp-content/uploads/2026/04/Daily-Price-Index-April-4-2026.pdf,daily_price_index,0,2026-04-04,skipped,,,,,pm_exists
https://www.da.gov.ph/wp-content/uploads/2026/04/Price-Monitoring-April-4-2026.pdf,price_monitoring,0,2026-04-04,parsed,market+summary,48,0d720a646836da57504773d761201b5a7555b02958f6e6841488308ee1948147,2026-10-01T23:48:40.583549Z,
https://www.da.gov.ph/wp-content/uploads/2026/04/Weekly-Average-Prices-March-30-April-4-2026.pdf,skip,0,2026-04-04,skipped,,,,,not_a_price_report
https://www.da.gov.ph/wp-content/uploads/2026/04/Daily-Price-Index-April-5-2026.pdf,daily_price_index,0,2026-04-05,parsed,rowtable,54,d2bb7e6b69a05b845d7985fef72eecd2638c3c7a774936a80c9f8e4d02bb9943,2026-10-01T23:48:41.426743Z,
https://www.da.gov.ph/wp-content/uploads/2026/04/Daily-Cigarette-Price-Monitoring-April-6-2026.pdf,skip,0,2026-04-06,skipped,,,,,not_a_price_report
https://www.da.gov.ph/wp-content/uploads/2026/04/Daily-Price-Index-April-6-2026.pdf,daily_price_index,0,2026-04-06,skipped,,,,,pm_exists
https://www.da.gov.ph/wp-content/uploads/2026/04/Price-Monitoring-April-6-2026.pdf,price_monitoring,0,2026-04-06,parsed,market+summary,48,4427c2a77359ace442ae08d98cdd4abffa50173868cd082a1ce4c57851759b80,2026-10-01T23:48:42.113896Z,
https://www.da.gov.ph/wp-content/uploads/2026/04/Daily-Cigarette-Price-Monitoring-April-7-2026.pdf,skip,0,2026-04-07,skipped,,,,,not_a_price_report
https://www.da.gov.ph/wp-content/uploads/2026/04/Daily-Price-Index-April-7-2026.pdf,daily_price_index,0,2026-04-07,skipped,,,,,pm_exists
https://www.da.gov.ph/wp-content/uploads/2026/04/Price-Monitoring-April-7-2026.pdf,price_monitoring,0,2026-04-07,parsed,market+summary,48,a90561d2679bb4d3d858ce277633916fbd61a4e9ac86fa5dd5bb16447fbbf82d,2026-10-01T23:48:42.995875Z,
https://www.da.gov.ph/wp-content/uploads/2026/04/Daily-Cigarette-Price-Monitoring-April-8-2026.pdf,skip,0,2026-04-08,skipped,,,,,not_a_price_report
https://www.da.gov.ph/wp-content/uploads/2026/04/Daily-Price-Index-April-8-2026.pdf,daily_price_index,0,2026-04-08,skipped,,,,,pm_exists
https://www.da.gov.ph/wp-content/uploads/2026/04/Price-Monitoring-April-8-2026.pdf,price_monitoring,0,2026-04-08,parsed,market+summary,48,26184319cf00ff9a7b0b8241e480536fc47f5709eb696fd02f94b579bb262f6e,2026-10-01T23:48:43.843576Z,
https://www.da.gov.ph/wp-content/uploads/2026/04/Daily-Cigarette-Price-Monitoring-April-9-2026.pdf,skip,0,2026-04-09,skipped,,,,,not_a_price_report
https://www.da.gov.ph/wp-content/uploads/2026/04/Daily-Price-Index-April-9-2026.pdf,daily_price_index,0,2026-04-09,skipped,,,,,pm_exists
https://www.da.gov.ph/wp-content/uploads/2026/04/Price-Monitoring-April-9-2026.pdf,price_monitoring,0,2026-04-09,parsed,market+summary,48,5b022889197233afdbea0dada6da51a376a6a76f500f5b7730eba39d6855cecf,2026-10-01T23:48:44.927366Z,
https://www.da.gov.ph/wp-content/uploads/2026/04/Daily-Cigarette-Price-Monitoring-April-10-2026.pdf,skip,0,2026-04-10,skipped,,,,,not_a_price_report
https://www.da.gov.ph/wp-content/uploads/2026/04/Daily-Price-Index-April-10-2026.pdf,daily_price_index,0,2026-04-10,skipped,,,,,pm_exists
https://www.da.gov.ph/wp-content/uploads/2026/04/Price-Monitoring-April-10-2026.pdf,price_monitoring,0,2026-04-10,parsed,market+summary,48,6ec772ca98c4e327c2e003a40ebe12a5cf317a02c29135a4fb91a61baa1c10a1,2026-10-01T23:48:45.893179Z,
https://www.da.gov.ph/wp-content/uploads/2026/04/Daily-Cigarette-Price-Monitoring-April-11-2026.pdf,skip,0,2026-04-11,skipped,,,,,not_a_price_report
https://www.da.gov.ph/wp-content/uploads/2026/04/Daily-Price-Index-April-11-2026.pdf,daily_price_index,0,2026-04-11,skipped,,,,,pm_exists
https://www.da.gov.ph/wp-content/uploads/2026/04/Price-Monitoring-April-11-2026.pdf,price_monitoring,0,2026-04-11,parsed,market+summary,47,a8ad4134cf9a7a077ccb886805a32c6de5a0ceb514e4250713809647b04b82d1,2026-10-01T23:48:46.908595Z,
https://www.da.gov.ph/wp-content/uploads/2026/04/Daily-Cigarette-Price-Monitoring-April-12-2026.pdf,skip,0,2026-04-12,skipped,,,,,not_a_price_report
https://www.da.gov.ph/wp-content/uploads/2026/04/Daily-Price-Index-April-12-2026.pdf,daily_price_index,0,2026-04-12,parsed,rowtable,55,5cb86f777ab00151496ba15fd75a1c33c7c68d524e066faa5b80704cec37929b,2026-10-01T23:48:47.774165Z,
https://www.da.gov.ph/wp-content/uploads/2026/04/Daily-Cigarette-Price-Monitoring-April-13-2026.pdf,skip,0,2026-04-13,skipped,,,,,not_a_price_report
https://www.da.gov.ph/wp-content/uploads/2026/04/Daily-Price-Index-April-13-2026.pdf,daily_price_index,0,2026-04-13,skipped,,,,,pm_exists
https://www.da.gov.ph/wp-content/uploads/2026/04/Price-Monitoring-April-13-2026.pdf,price_monitoring,0,2026-04-13,parsed,market+summary,48,57d2a5e2df3d1b112b625e5f359e8a1020e04b3729880a7c9060f52a9191c966,2026-10-01T23:48:48.423409Z,
https://www.da.gov.ph/wp-content/uploads/2026/04/Daily-Cigarette-Price-Monitoring-April-14-2026.pdf,skip,0,2026-04-14,skipped,,,,,not_a_price_report
https://www.da.gov.ph/wp-content/uploads/2026/04/Daily-Price-Index-April-14-2026.pdf,daily_price_index,0,2026-04-14,skipped,,,,,pm_exists
https://www.da.gov.ph/wp-content/uploads/2026/04/Price-Monitoring-April-14-2026.pdf,price_monitoring,0,2026-04-14,parsed,market+summary,48,216174879b71892f6528362757991d21ed3553dc2f61ca9fd2822c2249446e79,2026-10-01T23:48:49.347208Z,
https://www.da.gov.ph/wp-content/uploads/2026/04/Daily-Cigarette-Price-Monitoring-April-15-2026.pdf,skip,0,2026-04-15,skipped,,,,,not_a_price_report
https://www.da.gov.ph/wp-content/uploads/2026/04/Daily-Price-Index-April-15-2026.pdf,daily_price_index,0,2026-04-15,skipped,,,,,pm_exists
https://www.da.gov.ph/wp-content/uploads/2026/04/Price-Monitoring-April-15-2026.pdf,price_monitoring,0,2026-04-15,parsed,market+summary,48,d9e7f968a857270ed4c91a3a000910fac58791cba7d399a9463aa75d1e01a0e1,2026-10-01T23:48:50.273732Z,
https://www.da.gov.ph/wp-content/uploads/2026/04/Daily-Cigarette-Price-Monitoring-April-16-2026.pdf,skip,0,2026-04-16,skipped,,,,,not_a_price_report
https://www.da.gov.ph/wp-content/uploads/2026/04/Price-Monitoring-April-16-2026.pdf,price_monitoring,0,2026-04-16,parsed,market+summary,48,c5ca59c822b952756ef80dea48a077cf6979827bc8dfa2a64048b48a8cecb161,2026-10-01T23:48:51.169493Z,
https://www.da.gov.ph/wp-content/uploads/2026/04/Revised-Daily-Price-Index-April-16-2026.pdf,daily_price_index,1,2026-04-16,skipped,,,,,pm_exists
https://www.da.gov.ph/wp-content/uploads/2026/04/Daily-Cigarette-Price-Monitoring-April-17-2026.pdf,skip,0,2026-04-17,skipped,,,,,not_a_price_report
https://www.da.gov.ph/wp-content/uploads/2026/04/Price-Monitoring-April-17-2026.pdf,price_monitoring,0,2026-04-17,parsed,market+summary,48,39ffe2b232349626c1aeadf6775c4f9dac2259b5082f220d9838e39752ce78cd,2026-10-01T23:48:52.029575Z,
https://www.da.gov.ph/wp-content/uploads/2026/04/Revised-Daily-Price-Index-April-17-2026.pdf,daily_price_index,1,2026-04-17,skipped,,,,,pm_exists
https://www.da.gov.ph/wp-content/uploads/2026/04/Daily-Cigarette-Price-Monitoring-April-18-2026.pdf,skip,0,2026-04-18,skipped,,,,,not_a_price_report
https://www.da.gov.ph/wp-content/uploads/2026/04/Daily-Price-Index-April-18-2026.pdf,daily_price_index,0,2026-04-18,skipped,,,,,pm_exists
https://www.da.gov.ph/wp-content/uploads/2026/04/Price-Monitoring-April-18-2026.pdf,price_monitoring,0,2026-04-18,parsed,market+summary,48,96f0c6d15d65395fed6f7885e51088126cffc470fa58765bfd8e743ad4af8c6d,2026-10-01T23:48:52.946837Z,
https://www.da.gov.ph/wp-content/uploads/2026/04/Daily-Price-Index-April-19-2026.pdf,daily_price_index,0,2026-04-19,parsed,rowtable,55,7656a1433e3ca820fcc19385d55df9ffa6062fe42a2bf85ac97643c38fce206b,2026-10-01T23:48:53.811283Z,
https://www.da.gov.ph/wp-content/uploads/2026/04/Daily-Cigarette-Price-Monitoring-April-20-2026.pdf,skip,0,2026-04-20,skipped,,,,,not_a_price_report
https://www.da.gov.ph/wp-content/uploads/2026/04/Daily-Price-Index-April-20-2026.pdf,daily_price_index,0,2026-04-20,skipped,,,,,pm_exists
https://www.da.gov.ph/wp-content/uploads/2026/04/Price-Monitoring-April-20-2026.pdf,price_monitoring,0,2026-04-20,parsed,market+summary,48,b9807b63c9fed73fdfcc46a95110bc2fa36f7891ff06fccb820d23c9e951aba2,2026-10-01T23:48:54.396916Z,
https://www.da.gov.ph/wp-content/uploads/2026/04/Daily-Cigarette-Price-Monitoring-April-21-2026.pdf,skip,0,2026-04-21,skipped,,,,,not_a_price_report
https://www.da.gov.ph/wp-content/uploads/2026/04/Daily-Price-Index-April-21-2026.pdf,daily_price_index,0,2026-04-21,skipped,,,,,pm_exists
https://www.da.gov.ph/wp-content/uploads/2026/04/Price-Monitoring-April-21-2026.pdf,price_monitoring,0,2026-04-21,parsed,market+summary,48,3e3ac253a3be756cf61b0d042581ea63370b0b3f2bf3d2e97a9eb42c6773eb72,2026-10-01T23:48:55.303884Z,
https://www.da.gov.ph/wp-content/uploads/2026/04/Daily-Cigarette-Price-Monitoring-April-22-2026.pdf,skip,0,2026-04-22,skipped,,,,,not_a_price_report
https://www.da.gov.ph/wp-content/uploads/2026/04/Daily-Price-Index-April-22-2026.pdf,daily_price_index,0,2026-04-22,skipped,,,,,pm_exists
https://www.da.gov.ph/wp-content/uploads/2026/04/Price-Monitoring-April-22-2026.pdf,price_monitoring,0,2026-04-22,parsed,market+summary,48,cbc21037c2858380bc3a8f86810730d1cac9a478d5f6bb3c431babd0a4a58df3,2026-10-01T23:48:56.381725Z,
https://www.da.gov.ph/wp-content/uploads/2026/04/April-23-2026-DPI-AFC.pdf,skip,0,2026-04-23,skipped,,,,,not_a_price_report
https://www.da.gov.ph/wp-content/uploads/2026/04/Daily-Cigarette-Price-Monitoring-April-23-2026.pdf,skip,0,2026-04-23,skipped,,,,,not_a_price_report
https://www.da.gov.ph/wp-content/uploads/2026/04/Price-Monitoring-April-23-2026.pdf,price_monitoring,0,2026-04-23,parsed,market+summary,48,ca6f66d6193ada035b19be7ced1680e12b71c9abecd8299767113d92140993f8,2026-10-01T23:48:57.274741Z,
https://www.da.gov.ph/wp-content/uploads/2026/04/Daily-Cigarette-Price-Monitoring-April-24-2026.pdf,skip,0,2026-04-24,skipped,,,,,not_a_price_report
https://www.da.gov.ph/wp-content/uploads/2026/04/Daily-Price-Index-April-24-2026.pdf,daily_price_index,0,2026-04-24,skipped,,,,,pm_exists
https://www.da.gov.ph/wp-content/uploads/2026/04/Price-Monitoring-April-24-2026.pdf,price_monitoring,0,2026-04-24,parsed,market+summary,48,1c926835a889f4bbcd35c97a8ea85d853f40446246ad5e78c46c836c79b44f05,2026-10-01T23:48:58.221736Z,
https://www.da.gov.ph/wp-content/uploads/2026/04/Daily-Cigarette-Price-Monitoring-April-25-2026.pdf,skip,0,2026-04-25,skipped,,,,,not_a_price_report
https://www.da.gov.ph/wp-content/uploads/2026/04/Daily-Price-Index-April-25-2026.pdf,daily_price_index,0,2026-04-25,skipped,,,,,pm_exists
https://www.da.gov.ph/wp-content/uploads/2026/04/Price-Monitoring-April-25-2026.pdf,price_monitoring,0,2026-04-25,parsed,market+summary,48,a495eb6677a39e07af9334ca7781e60331733b178a93106d55c96f920a5a1c53,2026-10-01T23:48:59.152807Z,
https://www.da.gov.ph/wp-content/uploads/2026/04/Daily-Cigarette-Price-Monitoring-April-26-2026.pdf,skip,0,2026-04-26,skipped,,,,,not_a_price_report
https://www.da.gov.ph/wp-content/uploads/2026/04/Daily-Price-Index-April-26-2026.pdf,daily_price_index,0,2026-04-26,parsed,rowtable,56,e563749612c4112b2c7000d285a415c4077f78fd70d656b7082a341767b60f99,2026-10-01T23:49:00.061960Z,
https://www.da.gov.ph/wp-content/uploads/2026/04/Daily-Cigarette-Price-Monitoring-April-27-2026.pdf,skip,0,2026-04-27,skipped,,,,,not_a_price_report
https://www.da.gov.ph/wp-content/uploads/2026/04/Daily-Price-Index-April-27-2026.pdf,daily_price_index,0,2026-04-27,skipped,,,,,pm_exists
https://www.da.gov.ph/wp-content/uploads/2026/04/Price-Monitoring-April-27-2026.pdf,price_monitoring,0,2026-04-27,parsed,market+summary,48,919c9e86bf7ebbad4712b0ea81169fea851c75606355684b5cd06d41c05e58f9,2026-10-01T23:49:00.698698Z,
https://www.da.gov.ph/wp-content/uploads/2026/04/Daily-Cigarette-Price-Monitoring-April-28-2026.pdf,skip,0,2026-04-28,skipped,,,,,not_a_price_report
https://www.da.gov.ph/wp-content/uploads/2026/04/Daily-Price-Index-April-28-2026.pdf,daily_price_index,0,2026-04-28,skipped,,,,,pm_exists
https://www.da.gov.ph/wp-content/uploads/2026/04/Price-Monitoring-April-28-2026.pdf,price_monitoring,0,2026-04-28,parsed,market+summary,48,92f961c7313de3f208f85fcfdfe115b82f989b8fc658effd5308640838eaee17,2026-10-01T23:49:01.576972Z,
https://www.da.gov.ph/wp-content/uploads/2026/04/Daily-Cigarette-Price-Monitoring-April-29-2026.pdf,skip,0,2026-04-29,skipped,,,,,not_a_price_report
https://www.da.gov.ph/wp-content/uploads/2026/04/Daily-Price-Index-April-29-2026.pdf,daily_price_index,0,2026-04-29,skipped,,,,,pm_exists
https://www.da.gov.ph/wp-content/uploads/2026/04/Price-Monitoring-April-29-2026.pdf,price_monitoring,0,2026-04-29,parsed,market+summary,48,3f06ed8d8404342286eda812774577663127fb4f1fa4b046ce016ab66844b978,2026-10-01T23:49:02.481651Z,
https://www.da.gov.ph/wp-content/uploads/2026/04/Daily-Cigarette-Price-Monitoring-April-30-2026.pdf,skip,0,2026-04-30,skipped,,,,,not_a_price_report
https://www.da.gov.ph/wp-content/uploads/2026/04/Daily-Price-Index-April-30-2026.pdf,daily_price_index,0,2026-04-30,skipped,,,,,pm_exists
https://www.da.gov.ph/wp-content/uploads/2026/04/Price-Monitoring-April-30-2026.pdf,price_monitoring,0,2026-04-30,parsed,market+summary,48,d30e8d09f34e5d636950bd824395668a7ae48bd0f956750cdda7d36be48c74de,2026-10-01T23:49:03.381066Z,
https://www.da.gov.ph/wp-content/uploads/2026/05/Daily-Cigarette-Price-Monitoring-May-1-2026.pdf,skip,0,2026-05-01,skipped,,,,,not_a_price_report
https://www.da.gov.ph/wp-content/uploads/2026/05/Daily-Price-Index-May-1-2026.pdf,daily_price_index,0,2026-05-01,skipped,,,,,pm_exists
https://www.da.gov.ph/wp-content/uploads/2026/05/Price-Monitoring-May-1-2026.pdf,price_monitoring,0,2026-05-01,parsed,market+summary,48,0a7db1d6a9be23db5ab18c8608e687f3d5f67b50f0128d1fd149081386a0ccf7,2026-10-01T23:49:04.290329Z,
https://www.da.gov.ph/wp-content/uploads/2026/05/Daily-Cigarette-Price-Monitoring-May-2-2026.pdf,skip,0,2026-05-02,skipped,,,,,not_a_price_report
https://www.da.gov.ph/wp-content/uploads/2026/05/Daily-Price-Index-May-2-2026.pdf,daily_price_index,0,2026-05-02,skipped,,,,,pm_exists
https://www.da.gov.ph/wp-content/uploads/2026/05/Price-Monitoring-May-2-2026.pdf,price_monitoring,0,2026-05-02,parsed,market+summary,48,7ed2b036a12243127703232a262a17933c1a07ba46c60b13aba009db44986fb2,2026-10-01T23:49:05.228638Z,
https://www.da.gov.ph/wp-content/uploads/2026/05/Weekly-Average-Prices-April-27-May-2-2026.pdf,skip,0,2026-05-02,skipped,,,,,not_a_price_report
https://www.da.gov.ph/wp-content/uploads/2026/05/Daily-Price-Index-May-3-2026.pdf,daily_price_index,0,2026-05-03,parsed,rowtable,54,e5a97431bb704b8916720b6bcb7f239a824e12b58fe195fc2ba6699feb760534,2026-10-01T23:49:06.083222Z,
https://www.da.gov.ph/wp-content/uploads/2026/05/Daily-Cigarette-Price-Monitoring-May-4-2026.pdf,skip,0,2026-05-04,skipped,,,,,not_a_price_report
https://www.da.gov.ph/wp-content/uploads/2026/05/Daily-Price-Index-May-4-2026.pdf,daily_price_index,0,2026-05-04,skipped,,,,,pm_exists
https://www.da.gov.ph/wp-content/uploads/2026/05/Price-Monitoring-May-4-2026.pdf,price_monitoring,0,2026-05-04,parsed,market+summary,48,2472a3a3c29f4e23be434c50b7f15921fa02782ab2a201aeaef5ea357a37dc7a,2026-10-01T23:49:06.893762Z,
https://www.da.gov.ph/wp-content/uploads/2026/05/Daily-Cigarette-Price-Monitoring-May-5-2026.pdf,skip,0,2026-05-05,skipped,,,,,not_a_price_report
https://www.da.gov.ph/wp-content/uploads/2026/05/Daily-Price-Index-May-5-2026.pdf,daily_price_index,0,2026-05-05,skipped,,,,,pm_exists
https://www.da.gov.ph/wp-content/uploads/2026/05/Price-Monitoring-May-5-2026.pdf,price_monitoring,0,2026-05-05,parsed,market+summary,48,6c15ef4cea6084cdcb127c85a93ddf023eb5c13f31151e515dcde5064b9acd2f,2026-10-01T23:49:07.728333Z,
https://www.da.gov.ph/wp-content/uploads/2026/05/Daily-Cigarette-Price-Monitoring-May-6-2026.pdf,skip,0,2026-05-06,skipped,,,,,not_a_price_report
https://www.da.gov.ph/wp-content/uploads/2026/05/Daily-Price-Index-May-6-2026.pdf,daily_price_index,0,2026-05-06,skipped,,,,,pm_exists
https://www.da.gov.ph/wp-content/uploads/2026/05/Price-Monitoring-May-6-2026.pdf,price_monitoring,0,2026-05-06,parsed,market+summary,48,b6d3bfd397db14a57d9d8d9c9fa4dfc4b171f141931024fd932d7d2160c79c00,2026-10-01T23:49:08.570504Z,
https://www.da.gov.ph/wp-content/uploads/2026/05/Daily-Cigarette-Price-Monitoring-May-7-2026.pdf,skip,0,2026-05-07,skipped,,,,,not_a_price_report
https://www.da.gov.ph/wp-content/uploads/2026/05/Daily-Price-Index-May-7-2026.pdf,daily_price_index,0,2026-05-07,skipped,,,,,pm_exists
https://www.da.gov.ph/wp-content/uploads/2026/05/Price-Monitoring-May-7-2026.pdf,price_monitoring,0,2026-05-07,parsed,market+summary,48,930564d730e6d479eaaa539055364516e1724d21e90273c67795e63f15c19fee,2026-10-01T23:49:09.491799Z,
https://www.da.gov.ph/wp-content/uploads/2026/05/Daily-Cigarette-Price-Monitoring-May-8-2026.pdf,skip,0,2026-05-08,skipped,,,,,not_a_price_report
https://www.da.gov.ph/wp-content/uploads/2026/05/Price-Monitoring-May-8-2026.pdf,price_monitoring,0,2026-05-08,parsed,market+summary,48,5360d7ff3405dcfdc86e2d8c949baf1cca854a43ce3788d80c4704738c669bd1,2026-10-01T23:49:10.381408Z,
https://www.da.gov.ph/wp-content/uploads/2026/05/Revised-Daily-Price-Index-May-8-2026.pdf,daily_price_index,1,2026-05-08,skipped,,,,,pm_exists
https://www.da.gov.ph/wp-content/uploads/2026/05/Daily-Cigarette-Price-Monitoring-May-9-2026.pdf,skip,0,2026-05-09,skipped,,,,,not_a_price_report
https://www.da.gov.ph/wp-content/uploads/2026/05/Daily-Price-Index-May-9-2026.pdf,daily_price_index,0,2026-05-09,skipped,,,,,pm_exists
https://www.da.gov.ph/wp-content/uploads/2026/05/Price-Monitoring-May-9-2026.pdf,price_monitoring,0,2026-05-09,parsed,market+summary,48,1739fd4039fbc7fa9f77065afc03725712091a5c004729832049b2df8b627de7,2026-10-01T23:49:11.384193Z,
https://www.da.gov.ph/wp-content/uploads/2026/05/Daily-Cigarette-Price-Monitoring-May-10-2026.pdf,skip,0,2026-05-10,skipped,,,,,not_a_price_report
https://www.da.gov.ph/wp-content/uploads/2026/05/Daily-Price-Index-May-10-2026.pdf,daily_price_index,0,2026-05-10,parsed,rowtable,55,299fc88b69498deaf15993e5f305ea65a1ad2c10420b36853038a783397c4120,2026-10-01T23:49:12.268916Z,
https://www.da.gov.ph/wp-content/uploads/2026/05/Daily-Cigarette-Price-Monitoring-May-11-2026.pdf,skip,0,2026-05-11,skipped,,,,,not_a_price_report
https://www.da.gov.ph/wp-content/uploads/2026/05/Daily-Price-Index-May-11-2026.pdf,daily_price_index,0,2026-05-11,skipped,,,,,pm_exists
https://www.da.gov.ph/wp-content/uploads/2026/05/Price-Monitoring-May-11-2026.pdf,price_monitoring,0,2026-05-11,parsed,market+summary,48,1b2ab4138f3e030783f97e604644e93d2ce40a5d41ee65a015e7057f6594f6fe,2026-10-01T23:49:12.973670Z,
https://www.da.gov.ph/wp-content/uploads/2026/05/Daily-Cigarette-Price-Monitoring-May-12-2026.pdf,skip,0,2026-05-12,skipped,,,,,not_a_price_report
https://www.da.gov.ph/wp-content/uploads/2026/05/Daily-Price-Index-May-12-2026.pdf,daily_price_index,0,2026-05-12,skipped,,,,,pm_exists
https://www.da.gov.ph/wp-content/uploads/2026/05/Price-Monitoring-May-12-2026.pdf,price_monitoring,0,2026-05-12,parsed,market+summary,48,ec6582bce87852dc8360c9f0bc32570be3e117219c49a0eec682093e493022d7,2026-10-01T23:49:13.860741Z,
https://www.da.gov.ph/wp-content/uploads/2026/05/Daily-Cigarette-Price-Monitoring-May-13-2026.pdf,skip,0,2026-05-13,skipped,,,,,not_a_price_report
https://www.da.gov.ph/wp-content/uploads/2026/05/Daily-Price-Index-May-13-2026.pdf,daily_price_index,0,2026-05-13,skipped,,,,,pm_exists
https://www.da.gov.ph/wp-content/uploads/2026/05/Price-Monitoring-May-13-2026.pdf,price_monitoring,0,2026-05-13,parsed,market+summary,48,16dce9382c9c676b37cef2be0e68e9e0c893a0618d8a5ef7aa89039fee7e4266,2026-10-01T23:49:14.810780Z,
https://www.da.gov.ph/wp-content/uploads/2026/05/Daily-Cigarette-Price-Monitoring-May-14-2026.pdf,skip,0,2026-05-14,skipped,,,,,not_a_price_report
https://www.da.gov.ph/wp-content/uploads/2026/05/Daily-Price-Index-May-14-2026.pdf,daily_price_index,0,2026-05-14,skipped,,,,,pm_exists
https://www.da.gov.ph/wp-content/uploads/2026/05/Price-Monitoring-May-14-2026.pdf,price_monitoring,0,2026-05-14,parsed,market+summary,48,c3f4cde7fe291faa5b5618ab57badeaa75619e1d562642cd563783d9d4895bc1,2026-10-01T23:49:15.710393Z,
https://www.da.gov.ph/wp-content/uploads/2026/05/Daily-Cigarette-Price-Monitoring-May-15-2026.pdf,skip,0,2026-05-15,skipped,,,,,not_a_price_report
https://www.da.gov.ph/wp-content/uploads/2026/05/Daily-Price-Index-May-15-2026.pdf,daily_price_index,0,2026-05-15,skipped,,,,,pm_exists
https://www.da.gov.ph/wp-content/uploads/2026/05/Price-Monitoring-May-15-2026.pdf,price_monitoring,0,2026-05-15,parsed,market+summary,48,be67750bf5b99fb67d968fb7a5d2a0e8dc1458b9ee39b77a51a032f324c8c6de,2026-10-01T23:49:16.721456Z,
https://www.da.gov.ph/wp-content/uploads/2026/05/Daily-Cigarette-Price-Monitoring-May-16-2026.pdf,skip,0,2026-05-16,skipped,,,,,not_a_price_report
https://www.da.gov.ph/wp-content/uploads/2026/05/Daily-Price-Index-May-16-2026.pdf,daily_price_index,0,2026-05-16,skipped,,,,,pm_exists
https://www.da.gov.ph/wp-content/uploads/2026/05/Price-Monitoring-May-16-2026.pdf,price_monitoring,0,2026-05-16,parsed,market+summary,48,6220f4aa8d8f00b0d32bf7b1e15a7a834c2d0bdb363b98fa71213a82702085a2,2026-10-01T23:49:17.692890Z,
https://www.da.gov.ph/wp-content/uploads/2026/05/Daily-Cigarette-Price-Monitoring-May-17-2026.pdf,skip,0,2026-05-17,skipped,,,,,not_a_price_report
https://www.da.gov.ph/wp-content/uploads/2026/05/Daily-Price-Index-May-17-2026.pdf,daily_price_index,0,2026-05-17,parsed,rowtable,55,bfc5184bf809c180da674b8d2ce74c47f3782a270e0932016d5ff9a840c9bacd,2026-10-01T23:49:18.535690Z,
https://www.da.gov.ph/wp-content/uploads/2026/05/Daily-Cigarette-Price-Monitoring-May-18-2026.pdf,skip,0,2026-05-18,skipped,,,,,not_a_price_report
https://www.da.gov.ph/wp-content/uploads/2026/05/Daily-Price-Index-May-18-2026.pdf,daily_price_index,0,2026-05-18,skipped,,,,,pm_exists
https://www.da.gov.ph/wp-content/uploads/2026/05/Revised-Price-Monitoring-May-18-2026.pdf,price_monitoring,1,2026-05-18,parsed,market+summary,48,a1d33f556f6b5dbcf731f32571bc36c24f985e2fb3756e39c2d4dc451e878592,2026-10-01T23:49:19.152787Z,
https://www.da.gov.ph/wp-content/uploads/2026/05/Daily-Cigarette-Price-Monitoring-May-19-2026.pdf,skip,0,2026-05-19,skipped,,,,,not_a_price_report
https://www.da.gov.ph/wp-content/uploads/2026/05/Daily-Price-Index-May-19-2026.pdf,daily_price_index,0,2026-05-19,skipped,,,,,pm_exists
https://www.da.gov.ph/wp-content/uploads/2026/05/Price-Monitoring-May-19-2026.pdf,price_monitoring,0,2026-05-19,parsed,market+summary,48,f855d83a9ef2498eb7f906db851bb63304a1c1057eb085a15c880ac7554fe74d,2026-10-01T23:49:20.191056Z,
https://www.da.gov.ph/wp-content/uploads/2026/05/Daily-Cigarette-Price-Monitoring-May-20-2026.pdf,skip,0,2026-05-20,skipped,,,,,not_a_price_report
https://www.da.gov.ph/wp-content/uploads/2026/05/Daily-Price-Index-May-20-2026.pdf,daily_price_index,0,2026-05-20,skipped,,,,,pm_exists
https://www.da.gov.ph/wp-content/uploads/2026/05/Price-Monitoring-May-20-2026.pdf,price_monitoring,0,2026-05-20,parsed,market+summary,48,809de41c2145abbee766ef15d60ba46c126fa19eb2754fe069fedb2f6471ef50,2026-10-01T23:49:21.108283Z,
https://www.da.gov.ph/wp-content/uploads/2026/05/Daily-Cigarette-Price-Monitoring-May-21-2026.pdf,skip,0,2026-05-21,skipped,,,,,not_a_price_report
https://www.da.gov.ph/wp-content/uploads/2026/05/Daily-Price-Index-May-21-2026.pdf,daily_price_index,0,2026-05-21,skipped,,,,,pm_exists
https://www.da.gov.ph/wp-content/uploads/2026/05/Price-Monitoring-May-21-2026.pdf,price_monitoring,0,2026-05-21,parsed,market+summary,48,32ba40aaef23b7bb0e71c3ee19b47bca41c75f8412ca45e7f60fe93ce1e873d1,2026-10-01T23:49:22.136193Z,
https://www.da.gov.ph/wp-content/uploads/2026/05/Daily-Cigarette-Price-Monitoring-May-22-2026.pdf,skip,0,2026-05-22,skipped,,,,,not_a_price_report
https://www.da.gov.ph/wp-content/uploads/2026/05/Daily-Price-Index-May-22-2026.pdf,daily_price_index,0,2026-05-22,skipped,,,,,pm_exists
https://www.da.gov.ph/wp-content/uploads/2026/05/Price-Monitoring-May-22-2026.pdf,price_monitoring,0,2026-05-22,parsed,market+summary,48,d86542298e7c31e80c9232b1bdf6556bf090140364eb48a548a6f97586e1910a,2026-10-01T23:49:23.119165Z,
https://www.da.gov.ph/wp-content/uploads/2026/05/Daily-Cigarette-Price-Monitoring-May-23-2026.pdf,skip,0,2026-05-23,skipped,,,,,not_a_price_report
https://www.da.gov.ph/wp-content/uploads/2026/05/Daily-Price-Index-May-23-2026.pdf,daily_price_index,0,2026-05-23,skipped,,,,,pm_exists
https://www.da.gov.ph/wp-content/uploads/2026/05/Price-Monitoring-May-23-2026.pdf,price_monitoring,0,2026-05-23,parsed,market+summary,48,40b1f89d67cf744915528dbd38ee594e73ff2cac36e1aa7ba655051ab973afb5,2026-10-01T23:49:24.162025Z,
https://www.da.gov.ph/wp-content/uploads/2026/05/Daily-Cigarette-Price-Monitoring-May-24-2026.pdf,skip,0,2026-05-24,skipped,,,,,not_a_price_report
https://www.da.gov.ph/wp-content/uploads/2026/05/Daily-Price-Index-May-24-2026.pdf,daily_price_index,0,2026-05-24,parsed,rowtable,54,3f808eca2890ccfea1ca1e7c90c955761610d8d74e9a35bc7e6896503cced1c4,2026-10-01T23:49:25.115017Z,
https://www.da.gov.ph/wp-content/uploads/2026/05/Daily-Cigarette-Price-Monitoring-May-25-2026.pdf,skip,0,2026-05-25,skipped,,,,,not_a_price_report
https://www.da.gov.ph/wp-content/uploads/2026/05/Daily-Price-Index-May-25-2026.pdf,daily_price_index,0,2026-05-25,skipped,,,,,pm_exists
https://www.da.gov.ph/wp-content/uploads/2026/05/Price-Monitoring-May-25-2026.pdf,price_monitoring,0,2026-05-25,parsed,market+summary,48,b82669693f7020ecd92a4638999efee4f2644479fdda9e946c7b5d70f78c455e,2026-10-01T23:49:25.803338Z,
https://www.da.gov.ph/wp-content/uploads/2026/05/Daily-Cigarette-Price-Monitoring-May-26-2026.pdf,skip,0,2026-05-26,skipped,,,,,not_a_price_report
https://www.da.gov.ph/wp-content/uploads/2026/05/Daily-Price-Index-May-26-2026.pdf,daily_price_index,0,2026-05-26,skipped,,,,,pm_exists
https://www.da.gov.ph/wp-content/uploads/2026/05/Price-Monitoring-May-26-2026.pdf,price_monitoring,0,2026-05-26,parsed,market+summary,48,1f9757bb76386312f5616bb71d07eb369711bbcfdf0c831dc69e8a89cd44f9ef,2026-10-01T23:49:26.797188Z,
https://www.da.gov.ph/wp-content/uploads/2026/05/Daily-Cigarette-Price-Monitoring-May-27-2026.pdf,skip,0,2026-05-27,skipped,,,,,not_a_price_report
https://www.da.gov.ph/wp-content/uploads/2026/05/Daily-Price-Index-May-27-2026.pdf,daily_price_index,0,2026-05-27,skipped,,,,,pm_exists
https://www.da.gov.ph/wp-content/uploads/2026/05/Price-Monitoring-May-27-2026.pdf,price_monitoring,0,2026-05-27,parsed,market+summary,48,a33d81981cddb5e7a3a2b425ba7f278b68caa312e86b3c18b37f13108c7d856b,2026-10-01T23:49:27.741182Z,
https://www.da.gov.ph/wp-content/uploads/2026/05/Daily-Cigarette-Price-Monitoring-May-28-2026.pdf,skip,0,2026-05-28,skipped,,,,,not_a_price_report
https://www.da.gov.ph/wp-content/uploads/2026/05/Price-Monitoring-May-28-2026.pdf,price_monitoring,0,2026-05-28,parsed,market+summary,48,c0b35f5b70faa81df5fcc10dcb911fa3776d8a10eec3ca50aa45223820d24585,2026-10-01T23:49:28.759080Z,
https://www.da.gov.ph/wp-content/uploads/2026/06/Revised-Daily-Price-Index-May-28-2026.pdf,daily_price_index,1,2026-05-28,skipped,,,,,pm_exists
https://www.da.gov.ph/wp-content/uploads/2026/05/Daily-Cigarette-Price-Monitoring-May-29-2026.pdf,skip,0,2026-05-29,skipped,,,,,not_a_price_report
https://www.da.gov.ph/wp-content/uploads/2026/05/Price-Monitoring-May-29-2026.pdf,price_monitoring,0,2026-05-29,parsed,market+summary,48,94d92e849e978eab8a597a9456f064df813dd7d5f7e30e01f644367fc27b09e5,2026-10-01T23:49:29.897072Z,
https://www.da.gov.ph/wp-content/uploads/2026/06/Revised-Daily-Price-Index-May-29-2026.pdf,daily_price_index,1,2026-05-29,skipped,,,,,pm_exists
https://www.da.gov.ph/wp-content/uploads/2026/06/Daily-Cigarette-Price-Monitoring-May-30-2026.pdf,skip,0,2026-05-30,skipped,,,,,not_a_price_report
https://www.da.gov.ph/wp-content/uploads/2026/06/Daily-Price-Index-May-30-2026.pdf,daily_price_index,0,2026-05-30,skipped,,,,,pm_exists
https://www.da.gov.ph/wp-content/uploads/2026/06/Price-Monitoring-May-30-2026.pdf,price_monitoring,0,2026-05-30,parsed,market+summary,48,ebcf04d7ab03bd4efe35417df3e38015a70771a2353aac5b13977851227f2e1b,2026-10-01T23:49:30.921008Z,
https://www.da.gov.ph/wp-content/uploads/2026/06/Daily-Cigarette-Price-Monitoring-May-31-2026.pdf,skip,0,2026-05-31,skipped,,,,,not_a_price_report
https://www.da.gov.ph/wp-content/uploads/2026/06/Daily-Price-Index-May-31-2026.pdf,daily_price_index,0,2026-05-31,parsed,rowtable,56,bb56731c1b1f3c0f3c39a8551978b4fad42c549a76ce27c98aebb43bb18fd539,2026-10-01T23:49:31.919699Z,
https://www.da.gov.ph/wp-content/uploads/2026/06/Daily-Cigarette-Price-Monitoring-June-1-2026.pdf,skip,0,2026-06-01,skipped,,,,,not_a_price_report
https://www.da.gov.ph/wp-content/uploads/2026/06/Daily-Price-Index-June-1-2026.pdf,daily_price_index,0,2026-06-01,skipped,,,,,pm_exists
https://www.da.gov.ph/wp-content/uploads/2026/06/Price-Monitoring-June-1-2026.pdf,price_monitoring,0,2026-06-01,parsed,market+summary,48,c6c67254aa199a6eaa75867834370980117ad88a91e32a2b249819f2e1dada8b,2026-10-01T23:49:32.543220Z,
https://www.da.gov.ph/wp-content/uploads/2026/06/Daily-Cigarette-Price-Monitoring-June-2-2026.pdf,skip,0,2026-06-02,skipped,,,,,not_a_price_report
https://www.da.gov.ph/wp-content/uploads/2026/06/Daily-Price-Index-June-2-2026.pdf,daily_price_index,0,2026-06-02,skipped,,,,,pm_exists
https://www.da.gov.ph/wp-content/uploads/2026/06/Price-Monitoring-June-2-2026.pdf,price_monitoring,0,2026-06-02,parsed,market+summary,48,3d3e5c7aef467307c78a4cd234553b67c02d5fa45470a8a951a876a84354fb3b,2026-10-01T23:49:33.597647Z,
https://www.da.gov.ph/wp-content/uploads/2026/06/Daily-Cigarette-Price-Monitoring-June-3-2026.pdf,skip,0,2026-06-03,skipped,,,,,not_a_price_report
https://www.da.gov.ph/wp-content/uploads/2026/06/Daily-Price-Index-June-3-2026.pdf,daily_price_index,0,2026-06-03,skipped,,,,,pm_exists
https://www.da.gov.ph/wp-content/uploads/2026/06/Price-Monitoring-June-3-2026.pdf,price_monitoring,0,2026-06-03,parsed,market+summary,48,f3d42cef36662ea14aed7479e287bc7a2a81c24b11035a2aca255d96c28f67a9,2026-10-01T23:49:34.648404Z,
https://www.da.gov.ph/wp-content/uploads/2026/06/Daily-Cigarette-Price-Monitoring-June-4-2026.pdf,skip,0,2026-06-04,skipped,,,,,not_a_price_report
https://www.da.gov.ph/wp-content/uploads/2026/06/Daily-Price-Index-June-4-2026.pdf,daily_price_index,0,2026-06-04,skipped,,,,,pm_exists
https://www.da.gov.ph/wp-content/uploads/2026/06/Price-Monitoring-June-4-2026.pdf,price_monitoring,0,2026-06-04,parsed,market+summary,48,bbbe6478788ef59d714344a5122390ba0b8bb7acd3544604b2bdcc99203789ca,2026-10-01T23:49:35.718847Z,
https://www.da.gov.ph/wp-content/uploads/2026/06/Daily-Cigarette-Price-Monitoring-June-5-2026.pdf,skip,0,2026-06-05,skipped,,,,,not_a_price_report
https://www.da.gov.ph/wp-content/uploads/2026/06/Daily-Price-Index-June-5-2026.pdf,daily_price_index,0,2026-06-05,skipped,,,,,pm_exists
https://www.da.gov.ph/wp-content/uploads/2026/06/Price-Monitoring-June-5-2026.pdf,price_monitoring,0,2026-06-05,parsed,market+summary,48,cd6926351311141e4af2b344c7e998fbc0dbec251a19988bdf8c1db4e5faf11a,2026-10-01T23:49:36.633163Z,
https://www.da.gov.ph/wp-content/uploads/2026/06/Daily-Cigarette-Price-Monitoring-June-6-2026.pdf,skip,0,2026-06-06,skipped,,,,,not_a_price_report
https://www.da.gov.ph/wp-content/uploads/2026/06/Daily-Price-Index-June-6-2026.pdf,daily_price_index,0,2026-06-06,skipped,,,,,pm_exists
https://www.da.gov.ph/wp-content/uploads/2026/06/Price-Monitoring-June-6-2026.pdf,price_monitoring,0,2026-06-06,parsed,market+summary,48,241dc06850635fb10a3e8cf7a84c11b0fdbebc87b5ac03aa17d3f4fbf21878c0,2026-10-01T23:49:37.622762Z,
https://www.da.gov.ph/wp-content/uploads/2026/06/Daily-Cigarette-Price-Monitoring-June-7-2026.pdf,skip,0,2026-06-07,skipped,,,,,not_a_price_report
https://www.da.gov.ph/wp-content/uploads/2026/06/Daily-Price-Index-June-7-2026.pdf,daily_price_index,0,2026-06-07,parsed,rowtable,56,f2726c3f5fef646180325ae8caec38edfccf0ac33f43bad077034bb376805fcb,2026-10-01T23:49:38.537623Z,
https://www.da.gov.ph/wp-content/uploads/2026/06/Daily-Cigarette-Price-Monitoring-June-8-2026.pdf,skip,0,2026-06-08,skipped,,,,,not_a_price_report
https://www.da.gov.ph/wp-content/uploads/2026/06/Daily-Price-Index-June-8-2026.pdf,daily_price_index,0,2026-06-08,skipped,,,,,pm_exists
https://www.da.gov.ph/wp-content/uploads/2026/06/Price-Monitoring-June-8-2026.pdf,price_monitoring,0,2026-06-08,parsed,market+summary,48,536a298551cff573a8c702f5ec7711411c98e4f144e0dedb4f53401320f7fcae,2026-10-01T23:49:39.143400Z,
https://www.da.gov.ph/wp-content/uploads/2026/06/Daily-Cigarette-Price-Monitoring-June-9-2026.pdf,skip,0,2026-06-09,skipped,,,,,not_a_price_report
https://www.da.gov.ph/wp-content/uploads/2026/06/Daily-Price-Index-June-9-2026.pdf,daily_price_index,0,2026-06-09,skipped,,,,,pm_exists
https://www.da.gov.ph/wp-content/uploads/2026/06/Price-Monitoring-June-9-2026.pdf,price_monitoring,0,2026-06-09,parsed,market+summary,48,9977b51fa0d7c15eb4c7c205479cf149e07b3607579c29b1a26b0a732ba52fed,2026-10-01T23:49:40.017006Z,
https://www.da.gov.ph/wp-content/uploads/2026/06/Daily-Cigarette-Price-Monitoring-June-10-2026.pdf,skip,0,2026-06-10,skipped,,,,,not_a_price_report
https://www.da.gov.ph/wp-content/uploads/2026/06/Daily-Price-Index-June-10-2026.pdf,daily_price_index,0,2026-06-10,skipped,,,,,pm_exists
https://www.da.gov.ph/wp-content/uploads/2026/06/Price-Monitoring-June-10-2026.pdf,price_monitoring,0,2026-06-10,parsed,market+summary,48,fae23b8300511f0f6404a3b45d2765d3dcaf9ff075f08938ee32e24d33d3831e,2026-10-01T23:49:40.893805Z,
https://www.da.gov.ph/wp-content/uploads/2026/06/Daily-Cigarette-Price-Monitoring-June-11-2026.pdf,skip,0,2026-06-11,skipped,,,,,not_a_price_report
https://www.da.gov.ph/wp-content/uploads/2026/06/Daily-Price-Index-June-11-2026.pdf,daily_price_index,0,2026-06-11,skipped,,,,,pm_exists
https://www.da.gov.ph/wp-content/uploads/2026/06/Price-Monitoring-June-11-2026.pdf,price_monitoring,0,2026-06-11,parsed,market+summary,48,afb4fbffec1f11bdca6306ec95f31cce9e711bd08783c735cefc67a0a389bf1e,2026-10-01T23:49:41.951656Z,
https://www.da.gov.ph/wp-content/uploads/2026/06/Daily-Cigarette-Price-Monitoring-June-12-2026.pdf,skip,0,2026-06-12,skipped,,,,,not_a_price_report
https://www.da.gov.ph/wp-content/uploads/2026/06/Daily-Price-Index-June-12-2026.pdf,daily_price_index,0,2026-06-12,skipped,,,,,pm_exists
https://www.da.gov.ph/wp-content/uploads/2026/06/Price-Monitoring-June-12-2026.pdf,price_monitoring,0,2026-06-12,parsed,market+summary,48,9ed9964c1905eb255a3ed588b02bd436ebc2739a7a6e95a0ea6a39d23e163358,2026-10-01T23:49:42.894775Z,
https://www.da.gov.ph/wp-content/uploads/2026/06/Daily-Cigarette-Price-Monitoring-June-13-2026.pdf,skip,0,2026-06-13,skipped,,,,,not_a_price_report
https://www.da.gov.ph/wp-content/uploads/2026/06/Daily-Price-Index-June-13-2026.pdf,daily_price_index,0,2026-06-13,skipped,,,,,pm_exists
https://www.da.gov.ph/wp-content/uploads/2026/06/Price-Monitoring-June-13-2026.pdf,price_monitoring,0,2026-06-13,parsed,market+summary,48,1f1e2787a4e813fcc46782854925d65ec57067fb82e49d6af43772cec6d4b53e,2026-10-01T23:49:43.833232Z,
https://www.da.gov.ph/wp-content/uploads/2026/06/Daily-Price-Index-June-14-2026.pdf,daily_price_index,0,2026-06-14,parsed,rowtable,56,65eb4afecac6dac00bf7ec3092571416f73c016c63634e5264277f7f441a09b7,2026-10-01T23:49:44.798606Z,
https://www.da.gov.ph/wp-content/uploads/2026/06/Daily-Cigarette-Price-Monitoring-June-15-2026.pdf,skip,0,2026-06-15,skipped,,,,,not_a_price_report
https://www.da.gov.ph/wp-content/uploads/2026/06/Daily-Price-Index-June-15-2026.pdf,daily_price_index,0,2026-06-15,skipped,,,,,pm_exists
https://www.da.gov.ph/wp-content/uploads/2026/06/Price-Monitoring-June-15-2026.pdf,price_monitoring,0,2026-06-15,parsed,market+summary,47,fc8267e3e3820ff02b4a6acd92ce60648394f57b88d23c9efdbfc62e179d5ba8,2026-10-01T23:49:45.458772Z,
https://www.da.gov.ph/wp-content/uploads/2026/06/Daily-Cigarette-Price-Monitoring-June-16-2026.pdf,skip,0,2026-06-16,skipped,,,,,not_a_price_report
https://www.da.gov.ph/wp-content/uploads/2026/06/Daily-Price-Index-June-16-2026.pdf,daily_price_index,0,2026-06-16,skipped,,,,,pm_exists
https://www.da.gov.ph/wp-content/uploads/2026/06/Price-Monitoring-June-16-2026.pdf,price_monitoring,0,2026-06-16,parsed,market+summary,47,f9607714621705ce1a69a8ebdc3be91ef0f603d148b393cdd5ecbb2dbb59f738,2026-10-01T23:49:46.587963Z,
https://www.da.gov.ph/wp-content/uploads/2026/06/Daily-Cigarette-Price-Monitoring-June-17-2026.pdf,skip,0,2026-06-17,skipped,,,,,not_a_price_report
https://www.da.gov.ph/wp-content/uploads/2026/06/Daily-Price-Index-June-17-2026.pdf,daily_price_index,0,2026-06-17,skipped,,,,,pm_exists
https://www.da.gov.ph/wp-content/uploads/2026/06/Price-Monitoring-June-17-2026.pdf,price_monitoring,0,2026-06-17,parsed,market+summary,47,01a16e006dc9fc42fa3e3f70cd8b9b315edc0cfbecf2d10d5e4d97355da3ceb3,2026-10-01T23:49:47.528429Z,
https://www.da.gov.ph/wp-content/uploads/2026/06/Daily-Cigarette-Price-Monitoring-June-18-2026.pdf,skip,0,2026-06-18,skipped,,,,,not_a_price_report
https://www.da.gov.ph/wp-content/uploads/2026/06/Daily-Price-Index-June-18-2026.pdf,daily_price_index,0,2026-06-18,skipped,,,,,pm_exists
https://www.da.gov.ph/wp-content/uploads/2026/06/Price-Monitoring-June-18-2026.pdf,price_monitoring,0,2026-06-18,parsed,market+summary,47,568dcf6404beacbebd4336781be749b5985e32cf017ef69cc131b02521e09a03,2026-10-01T23:49:48.525439Z,
https://www.da.gov.ph/wp-content/uploads/2026/06/Daily-Cigarette-Price-Monitoring-June-19-2026.pdf,skip,0,2026-06-19,skipped,,,,,not_a_price_report
https://www.da.gov.ph/wp-content/uploads/2026/06/Daily-Price-Index-June-19-2026.pdf,daily_price_index,0,2026-06-19,skipped,,,,,pm_exists
https://www.da.gov.ph/wp-content/uploads/2026/06/Price-Monitoring-June-19-2026.pdf,price_monitoring,0,2026-06-19,parsed,market+summary,47,ff73416cba0ef35ffc962e55626629d11cb8a0a894292f88206ee88eabc5d71f,2026-10-01T23:49:49.680294Z,
https://www.da.gov.ph/wp-content/uploads/2026/06/Daily-Cigarette-Price-Monitoring-June-20-2026.pdf,skip,0,2026-06-20,skipped,,,,,not_a_price_report
https://www.da.gov.ph/wp-content/uploads/2026/06/Daily-Price-Index-June-20-2026.pdf,daily_price_index,0,2026-06-20,skipped,,,,,pm_exists
https://www.da.gov.ph/wp-content/uploads/2026/06/Price-Monitoring-June-20-2026.pdf,price_monitoring,0,2026-06-20,parsed,market+summary,46,7574ea12b7919c508c7af7bbfa0c5361f1a7b1868624f03137ed3a59a286295c,2026-10-01T23:49:50.684087Z,
https://www.da.gov.ph/wp-content/uploads/2026/06/Daily-Cigarette-Price-Monitoring-June-21-2026.pdf,skip,0,2026-06-21,skipped,,,,,not_a_price_report
https://www.da.gov.ph/wp-content/uploads/2026/06/Daily-Price-Index-June-21-2026.pdf,daily_price_index,0,2026-06-21,parsed,rowtable,50,f169296c11fab257072a02ff126f6294003f9382f2095358eabdc971019119fc,2026-10-01T23:49:51.567941Z,
https://www.da.gov.ph/wp-content/uploads/2026/06/Daily-Cigarette-Price-Monitoring-June-22-2026.pdf,skip,0,2026-06-22,skipped,,,,,not_a_price_report
https://www.da.gov.ph/wp-content/uploads/2026/06/Daily-Price-Index-June-22-2026.pdf,daily_price_index,0,2026-06-22,skipped,,,,,pm_exists
https://www.da.gov.ph/wp-content/uploads/2026/06/Price-Monitoring-June-22-2026.pdf,price_monitoring,0,2026-06-22,parsed,market+summary,46,c71000ebfa4f2430ae8bb1756defd082ce30a2b23d9f3a159c40e03c82ff61dc,2026-10-01T23:49:52.186780Z,
https://www.da.gov.ph/wp-content/uploads/2026/06/Daily-Cigarette-Price-Monitoring-June-23-2026.pdf,skip,0,2026-06-23,skipped,,,,,not_a_price_report
https://www.da.gov.ph/wp-content/uploads/2026/06/Daily-Price-Index-June-23-2026.pdf,daily_price_index,0,2026-06-23,skipped,,,,,pm_exists
https://www.da.gov.ph/wp-content/uploads/2026/06/Price-Monitoring-June-23-2026.pdf,price_monitoring,0,2026-06-23,parsed,market+summary,47,39b500328881a2b8a3cdd143c355acf2fa4af7820270cac855883ca0d68eff76,2026-10-01T23:49:53.345318Z,
https://www.da.gov.ph/wp-content/uploads/2026/06/Daily-Cigarette-Price-Monitoring-June-24-2026.pdf,skip,0,2026-06-24,skipped,,,,,not_a_price_report
https://www.da.gov.ph/wp-content/uploads/2026/06/Daily-Price-Index-June-24-2026.pdf,daily_price_index,0,2026-06-24,skipped,,,,,pm_exists
https://www.da.gov.ph/wp-content/uploads/2026/06/Price-Monitoring-June-24-2026.pdf,price_monitoring,0,2026-06-24,parsed,market+summary,47,aa2d6bcf41bead0fd3945f7206bee92cac6cb01c7a89248320d7537b87c78121,2026-10-01T23:49:54.480841Z,
https://www.da.gov.ph/wp-content/uploads/2026/06/Daily-Cigarette-Price-Monitoring-June-25-2026.pdf,skip,0,2026-06-25,skipped,,,,,not_a_price_report
https://www.da.gov.ph/wp-content/uploads/2026/06/Daily-Price-Index-June-25-2026.pdf,daily_price_index,0,2026-06-25,skipped,,,,,pm_exists
https://www.da.gov.ph/wp-content/uploads/2026/06/Price-Monitoring-June-25-2026.pdf,price_monitoring,0,2026-06-25,parsed,market+summary,47,58eb46b6da2a80841acc5a302eb6290597c4a11795de2b6454f0538c596ca7df,2026-10-01T23:49:55.624229Z,
https://www.da.gov.ph/wp-content/uploads/2026/06/Daily-Cigarette-Price-Monitoring-June-26-2026.pdf,skip,0,2026-06-26,skipped,,,,,not_a_price_report
https://www.da.gov.ph/wp-content/uploads/2026/06/Daily-Price-Index-June-26-2026.pdf,daily_price_index,0,2026-06-26,skipped,,,,,pm_exists
https://www.da.gov.ph/wp-content/uploads/2026/06/Price-Monitoring-June-26-2026.pdf,price_monitoring,0,2026-06-26,parsed,market+summary,47,6cb41ea5ce908b7872067609a197211232aed2254d42b1176ed5bcffe9e22d6c,2026-10-01T23:49:56.570579Z,
https://www.da.gov.ph/wp-content/uploads/2026/06/Daily-Cigarette-Price-Monitoring-June-27-2026.pdf,skip,0,2026-06-27,skipped,,,,,not_a_price_report
https://www.da.gov.ph/wp-content/uploads/2026/06/Daily-Price-Index-June-27-2026.pdf,daily_price_index,0,2026-06-27,skipped,,,,,pm_exists
https://www.da.gov.ph/wp-content/uploads/2026/06/Price-Monitoring-June-27-2026.pdf,price_monitoring,0,2026-06-27,parsed,market+summary,47,fbaaab33568d3262cf46edc34966e251887349c3cfa8c751962042f5cce81d24,2026-10-01T23:49:57.581100Z,
https://www.da.gov.ph/wp-content/uploads/2026/06/Daily-Cigarette-Price-Monitoring-June-28-2026.pdf,skip,0,2026-06-28,skipped,,,,,not_a_price_report
https://www.da.gov.ph/wp-content/uploads/2026/06/Daily-Price-Index-June-28-2026.pdf,daily_price_index,0,2026-06-28,parsed,rowtable,52,d57abf6c58d4a88eb232bf702318d74cc519814fbdfdcf133f857e9904f80570,2026-10-01T23:49:58.570606Z,
https://www.da.gov.ph/wp-content/uploads/2026/06/Daily-Cigarette-Price-Monitoring-June-29-2026.pdf,skip,0,2026-06-29,skipped,,,,,not_a_price_report
https://www.da.gov.ph/wp-content/uploads/2026/06/Daily-Price-Index-June-29-2026.pdf,daily_price_index,0,2026-06-29,skipped,,,,,pm_exists
https://www.da.gov.ph/wp-content/uploads/2026/06/Price-Monitoring-June-29-2026.pdf,price_monitoring,0,2026-06-29,parsed,market+summary,47,76bd1108ac32213343c9a4fd6f623fc1cf3d3f61d9518f09835714a47f462eaf,2026-10-01T23:49:59.288721Z,
https://www.da.gov.ph/wp-content/uploads/2026/07/Daily-Cigarette-Price-Monitoring-June-30-2026.pdf,skip,0,2026-06-30,skipped,,,,,not_a_price_report
https://www.da.gov.ph/wp-content/uploads/2026/07/Daily-Price-Index-June-30-2026.pdf,daily_price_index,0,2026-06-30,skipped,,,,,pm_exists
https://www.da.gov.ph/wp-content/uploads/2026/07/Price-Monitoring-June-30-2026.pdf,price_monitoring,0,2026-06-30,parsed,market+summary,47,34f49f236ffa0aa20069c720c621dd0fb74688b364ed053603dd725853728fca,2026-10-01T23:50:00.320432Z,
https://www.da.gov.ph/wp-content/uploads/2026/07/Daily-Cigarette-Price-Monitoring-July-1-2026.pdf,skip,0,2026-07-01,skipped,,,,,not_a_price_report
https://www.da.gov.ph/wp-content/uploads/2026/07/Daily-Price-Index-July-1-2026.pdf,daily_price_index,0,2026-07-01,parsed,rowtable,57,763f6303358f0aa962b5369b05b230da13d2d86eacaa5baf5f31326f68ccd13f,2026-10-01T23:50:01.321229Z,
https://www.da.gov.ph/wp-content/uploads/2026/07/Daily-Cigarette-Price-Monitoring-July-2-2026.pdf,skip,0,2026-07-02,skipped,,,,,not_a_price_report
https://www.da.gov.ph/wp-content/uploads/2026/07/Daily-Price-Index-July-2-2026.pdf,daily_price_index,0,2026-07-02,skipped,,,,,pm_exists
https://www.da.gov.ph/wp-content/uploads/2026/07/Price-Monitoring-July-2-2026.pdf,price_monitoring,0,2026-07-02,parsed,market+summary,48,0fb66299c9b17eb1e92fdc6a88cd8e61a0986aacb46e5ff63a4775f16f576972,2026-10-01T23:50:02.012683Z,
https://www.da.gov.ph/wp-content/uploads/2026/07/Daily-Cigarette-Price-Monitoring-July-3-2026.pdf,skip,0,2026-07-03,skipped,,,,,not_a_price_report
https://www.da.gov.ph/wp-content/uploads/2026/07/Daily-Price-Index-July-3-2026.pdf,daily_price_index,0,2026-07-03,skipped,,,,,pm_exists
https://www.da.gov.ph/wp-content/uploads/2026/07/Price-Monitoring-July-3-2026.pdf,price_monitoring,0,2026-07-03,parsed,market+summary,48,5d91c13083d9a0c309fa54d0f57cd542058a4fc6f341e980854a39a19201c2a2,2026-10-01T23:50:03.063623Z,
https://www.da.gov.ph/wp-content/uploads/2026/07/Daily-Cigarette-Price-Monitoring-July-4-2026.pdf,skip,0,2026-07-04,skipped,,,,,not_a_price_report
https://www.da.gov.ph/wp-content/uploads/2026/07/Daily-Price-Index-July-4-2026.pdf,daily_price_index,0,2026-07-04,skipped,,,,,pm_exists
https://www.da.gov.ph/wp-content/uploads/2026/07/Price-Monitoring-July-4-2026.pdf,price_monitoring,0,2026-07-04,parsed,market+summary,46,4a430e65a337e4191e99043767224799a1de7ff565238472de63b094f50a948f,2026-10-01T23:50:04.086004Z,
https://www.da.gov.ph/wp-content/uploads/2026/07/Daily-Cigarette-Price-Monitoring-July-5-2026.pdf,skip,0,2026-07-05,skipped,,,,,not_a_price_report
https://www.da.gov.ph/wp-content/uploads/2026/07/Daily-Price-Index-July-5-2026.pdf,daily_price_index,0,2026-07-05,skipped,,,,,pm_exists
https://www.da.gov.ph/wp-content/uploads/2026/07/Price-Monitoring-July-5-2026.pdf,price_monitoring,0,2026-07-05,parsed,market+summary,46,1b124aaee703db0d1878d2e00c05c41862be02848680cd7bafd5ed052755bb31,2026-10-01T23:50:05.014222Z,
https://www.da.gov.ph/wp-content/uploads/2026/07/Weekly-Average-Prices-June-29-July-5-2026.pdf,skip,0,2026-07-05,skipped,,,,,not_a_price_report
https://www.da.gov.ph/wp-content/uploads/2026/07/Daily-Cigarette-Price-Monitoring-July-6-2026.pdf,skip,0,2026-07-06,skipped,,,,,not_a_price_report
https://www.da.gov.ph/wp-content/uploads/2026/07/Daily-Price-Index-July-6-2026.pdf,daily_price_index,0,2026-07-06,skipped,,,,,pm_exists
https://www.da.gov.ph/wp-content/uploads/2026/07/Price-Monitoring-July-6-2026.pdf,price_monitoring,0,2026-07-06,parsed,market+summary,48,7f2bfa66e57ef51ba5dd660a42083f4a945c932bbe922fc8828e0377a581de17,2026-10-01T23:50:05.996660Z,
https://www.da.gov.ph/wp-content/uploads/2026/07/Daily-Cigarette-Price-Monitoring-July-7-2026.pdf,skip,0,2026-07-07,skipped,,,,,not_a_price_report
https://www.da.gov.ph/wp-content/uploads/2026/07/Daily-Price-Index-July-7-2026.pdf,daily_price_index,0,2026-07-07,skipped,,,,,pm_exists
https://www.da.gov.ph/wp-content/uploads/2026/07/Price-Monitoring-July-7-2026.pdf,price_monitoring,0,2026-07-07,parsed,market+summary,48,19a288b7ba26e71c182f812c486be48f8bb4289123c8b8b58fc1ae5bba0669bb,2026-10-01T23:50:07.002761Z,
https://www.da.gov.ph/wp-content/uploads/2026/07/Daily-Cigarette-Price-Monitoring-July-8-2026.pdf,skip,0,2026-07-08,skipped,,,,,not_a_price_report
https://www.da.gov.ph/wp-content/uploads/2026/07/Daily-Price-Index-July-8-2026.pdf,daily_price_index,0,2026-07-08,skipped,,,,,pm_exists
https://www.da.gov.ph/wp-content/uploads/2026/07/Price-Monitoring-July-8-2026.pdf,price_monitoring,0,2026-07-08,parsed,market+summary,48,aea314f3941559333903eea28f8cd64dabc875172bc36a7ba034ab839955a216,2026-10-01T23:50:08.084162Z,
https://www.da.gov.ph/wp-content/uploads/2026/07/Daily-Cigarette-Price-Monitoring-July-9-2026.pdf,skip,0,2026-07-09,skipped,,,,,not_a_price_report
https://www.da.gov.ph/wp-content/uploads/2026/07/Daily-Price-Index-July-9-2026.pdf,daily_price_index,0,2026-07-09,skipped,,,,,pm_exists
https://www.da.gov.ph/wp-content/uploads/2026/07/Price-Monitoring-July-9-2026.pdf,price_monitoring,0,2026-07-09,parsed,market+summary,48,ae50372659085a7624552504f8cd189dd74fc843eb2f60c34e72d6a626f264aa,2026-10-01T23:50:09.185521Z,
https://www.da.gov.ph/wp-content/uploads/2026/07/Daily-Cigarette-Price-Monitoring-July-10-2026.pdf,skip,0,2026-07-10,skipped,,,,,not_a_price_report
https://www.da.gov.ph/wp-content/uploads/2026/07/Daily-Price-Index-July-10-2026.pdf,daily_price_index,0,2026-07-10,skipped,,,,,pm_exists
https://www.da.gov.ph/wp-content/uploads/2026/07/Price-Monitoring-July-10-2026.pdf,price_monitoring,0,2026-07-10,parsed,market+summary,48,ceb49b05a38af0a41bf64cd7e7f1ce791c2fcb9e44c51fcc759381f1fa3da3ac,2026-10-01T23:50:10.222227Z,
https://www.da.gov.ph/wp-content/uploads/2026/07/Daily-Cigarette-Price-Monitoring-July-11-2026.pdf,skip,0,2026-07-11,skipped,,,,,not_a_price_report
https://www.da.gov.ph/wp-content/uploads/2026/07/Daily-Price-Index-July-11-2026.pdf,daily_price_index,0,2026-07-11,skipped,,,,,pm_exists
https://www.da.gov.ph/wp-content/uploads/2026/07/Price-Monitoring-July-11-2026.pdf,price_monitoring,0,2026-07-11,parsed,market+summary,46,8bf1eda95439269afacf7267ce5174678d678f09c43a8449d2de3c14e07407cb,2026-10-01T23:50:11.170202Z,
https://www.da.gov.ph/wp-content/uploads/2026/07/Daily-Cigarette-Price-Monitoring-July-12-2026.pdf,skip,0,2026-07-12,skipped,,,,,not_a_price_report
https://www.da.gov.ph/wp-content/uploads/2026/07/Daily-Price-Index-July-12-2026.pdf,daily_price_index,0,2026-07-12,skipped,,,,,pm_exists
https://www.da.gov.ph/wp-content/uploads/2026/07/Price-Monitoring-July-12-2026.pdf,price_monitoring,0,2026-07-12,parsed,market+summary,46,22e08e1903793d9e96cd1f6d3685177d81e6e3022401549f4c392b79ce91cec1,2026-10-01T23:50:12.035701Z,
https://www.da.gov.ph/wp-content/uploads/2026/07/Daily-Cigarette-Price-Monitoring-July-13-2026.pdf,skip,0,2026-07-13,skipped,,,,,not_a_price_report
https://www.da.gov.ph/wp-content/uploads/2026/07/Daily-Price-Index-July-13-2026.pdf,daily_price_index,0,2026-07-13,skipped,,,,,pm_exists
https://www.da.gov.ph/wp-content/uploads/2026/07/Price-Monitoring-July-13-2026.pdf,price_monitoring,0,2026-07-13,parsed,market+summary,48,f194cd8b3701e5bc2924e28e2108a24ba514547d816335877a7f3c5190655e5d,2026-10-01T23:50:12.978921Z,
https://www.da.gov.ph/wp-content/uploads/2026/07/Daily-Cigarette-Price-Monitoring-July-14-2026.pdf,skip,0,2026-07-14,skipped,,,,,not_a_price_report
https://www.da.gov.ph/wp-content/uploads/2026/07/Daily-Price-Index-July-14-2026-1.pdf,daily_price_index,0,2026-07-14,skipped,,,,,pm_exists
https://www.da.gov.ph/wp-content/uploads/2026/07/Price-Monitoring-July-14-2026.pdf,price_monitoring,0,2026-07-14,parsed,market+summary,49,1c708a252028581bdda25505ae66df5b71679e06353dd36fc1d0a92026425fdc,2026-10-01T23:50:14.018470Z,
https://www.da.gov.ph/wp-content/uploads/2026/07/Daily-Cigarette-Price-Monitoring-July-15-2026.pdf,skip,0,2026-07-15,skipped,,,,,not_a_price_report
https://www.da.gov.ph/wp-content/uploads/2026/07/Daily-Price-Index-July-15-2026.pdf,daily_price_index,0,2026-07-15,skipped,,,,,pm_exists
https://www.da.gov.ph/wp-content/uploads/2026/07/Price-Monitoring-July-15-2026.pdf,price_monitoring,0,2026-07-15,parsed,market+summary,49,343dbc6610ae75dd00f430a66520232ca077814d9b873f8fe310d53ea05d98d7,2026-10-01T23:50:15.104104Z,
https://www.da.gov.ph/wp-content/uploads/2026/07/Daily-Cigarette-Price-Monitoring-July-16-2026.pdf,skip,0,2026-07-16,skipped,,,,,not_a_price_report
https://www.da.gov.ph/wp-content/uploads/2026/07/Daily-Price-Index-July-16-2026.pdf,daily_price_index,0,2026-07-16,skipped,,,,,pm_exists
https://www.da.gov.ph/wp-content/uploads/2026/07/Price-Monitoring-July-16-2026.pdf,price_monitoring,0,2026-07-16,parsed,market+summary,49,4eb17e6446d6e6412987ec8cb0816b9b3e2bfbbc7ff3775298754c6e9b9831db,2026-10-01T23:50:16.142011Z,
https://www.da.gov.ph/wp-content/uploads/2026/07/Daily-Cigarette-Price-Monitoring-July-17-2026.pdf,skip,0,2026-07-17,skipped,,,,,not_a_price_report
https://www.da.gov.ph/wp-content/uploads/2026/07/Daily-Price-Index-July-17-2026.pdf,daily_price_index,0,2026-07-17,skipped,,,,,pm_exists
https://www.da.gov.ph/wp-content/uploads/2026/07/Price-Monitoring-July-17-2026.pdf,price_monitoring,0,2026-07-17,parsed,market+summary,49,e368ac1bca76a4336d762c57ad2975bd5ab2fd8c83f207b1fd517e19b49acd01,2026-10-01T23:50:17.170984Z,
https://www.da.gov.ph/wp-content/uploads/2026/07/Daily-Cigarette-Price-Monitoring-July-18-2026.pdf,skip,0,2026-07-18,skipped,,,,,not_a_price_report
https://www.da.gov.ph/wp-content/uploads/2026/07/Daily-Price-Index-July-18-2026.pdf,daily_price_index,0,2026-07-18,skipped,,,,,pm_exists
https://www.da.gov.ph/wp-content/uploads/2026/07/Price-Monitoring-July-18-2026.pdf,price_monitoring,0,2026-07-18,parsed,market+summary,47,5676f9041f16ea077f291b402e6bdf2053a593fae24eeac8227562ca763af91a,2026-10-01T23:50:18.363491Z,
https://www.da.gov.ph/wp-content/uploads/2026/07/Daily-Cigarette-Price-Monitoring-July-19-2026.pdf,skip,0,2026-07-19,skipped,,,,,not_a_price_report
https://www.da.gov.ph/wp-content/uploads/2026/07/Daily-Price-Index-July-19-2026.pdf,daily_price_index,0,2026-07-19,skipped,,,,,pm_exists
https://www.da.gov.ph/wp-content/uploads/2026/07/Price-Monitoring-July-19-2026.pdf,price_monitoring,0,2026-07-19,parsed,market+summary,47,832e3d68de8d120b1b990d9b020c7ea2d8ef09e4cf515d5a9f5694a47f09d798,2026-10-01T23:50:19.455195Z,
https://www.da.gov.ph/wp-content/uploads/2026/07/Daily-Cigarette-Price-Monitoring-July-20-2026.pdf,skip,0,2026-07-20,skipped,,,,,not_a_price_report
https://www.da.gov.ph/wp-content/uploads/2026/07/Daily-Price-Index-July-20-2026.pdf,daily_price_index,0,2026-07-20,skipped,,,,,pm_exists
https://www.da.gov.ph/wp-content/uploads/2026/07/Price-Monitoring-July-20-2026.pdf,price_monitoring,0,2026-07-20,parsed,market+summary,49,b60c8d70466d2c0b673cafc9c53bdc0f6d50b302cadbefd4015deb8f943461f6,2026-10-01T23:50:20.482469Z,
https://www.da.gov.ph/wp-content/uploads/2026/07/Daily-Cigarette-Price-Monitoring-July-21-2026.pdf,skip,0,2026-07-21,skipped,,,,,not_a_price_report
https://www.da.gov.ph/wp-content/uploads/2026/07/Daily-Price-Index-July-21-2026.pdf,daily_price_index,0,2026-07-21,skipped,,,,,pm_exists
https://www.da.gov.ph/wp-content/uploads/2026/07/Price-Monitoring-July-21-2026.pdf,price_monitoring,0,2026-07-21,parsed,market+summary,49,7cb044c0876e84c0376eb3aa5f61cc68477f19bc544d69e227d964517e95cc64,2026-10-01T23:50:21.499785Z,
https://www.da.gov.ph/wp-content/uploads/2026/07/Daily-Cigarette-Price-Monitoring-July-22-2026.pdf,skip,0,2026-07-22,skipped,,,,,not_a_price_report
https://www.da.gov.ph/wp-content/uploads/2026/07/Daily-Price-Index-July-22-2026.pdf,daily_price_index,0,2026-07-22,skipped,,,,,pm_exists
https://www.da.gov.ph/wp-content/uploads/2026/07/Price-Monitoring-July-22-2026.pdf,price_monitoring,0,2026-07-22,parsed,market+summary,49,7b978f628a0bf89953ef22bd3043093af11259a2b99721bd1ad9e8c27e06c8cc,2026-10-01T23:50:22.453795Z,
https://www.da.gov.ph/wp-content/uploads/2026/07/Daily-Cigarette-Price-Monitoring-July-23-2026.pdf,skip,0,2026-07-23,skipped,,,,,not_a_price_report
https://www.da.gov.ph/wp-content/uploads/2026/07/Daily-Price-Index-July-23-2026.pdf,daily_price_index,0,2026-07-23,skipped,,,,,pm_exists
https://www.da.gov.ph/wp-content/uploads/2026/07/Price-Monitoring-July-23-2026.pdf,price_monitoring,0,2026-07-23,parsed,market+summary,49,14a8304b9551862b3775fb40633b0e5d5ebb64b014a4e2fb4b3ed9843733a267,2026-10-01T23:50:23.379301Z,
https://www.da.gov.ph/wp-content/uploads/2026/07/Daily-Cigarette-Price-Monitoring-July-24-2026.pdf,skip,0,2026-07-24,skipped,,,,,not_a_price_report
https://www.da.gov.ph/wp-content/uploads/2026/07/Daily-Price-Index-July-24-2026.pdf,daily_price_index,0,2026-07-24,skipped,,,,,pm_exists
https://www.da.gov.ph/wp-content/uploads/2026/07/Price-Monitoring-July-24-2026.pdf,price_monitoring,0,2026-07-24,parsed,market+summary,48,39ac2b28406336ef48abe40ffa06613d0bf5d266e0a364aba4f052947eb7d1e8,2026-10-01T23:50:24.499560Z,
https://www.da.gov.ph/wp-content/uploads/2026/07/Daily-Cigarette-Price-Monitoring-July-25-2026.pdf,skip,0,2026-07-25,skipped,,,,,not_a_price_report
https://www.da.gov.ph/wp-content/uploads/2026/07/Daily-Price-Index-July-25-2026.pdf,daily_price_index,0,2026-07-25,skipped,,,,,pm_exists
https://www.da.gov.ph/wp-content/uploads/2026/07/Price-Monitoring-July-25-2026.pdf,price_monitoring,0,2026-07-25,parsed,market+summary,46,62ffc13231b21a7f66df1f29f94daf7be49ba6e77f88d10ada4fbe02a6c1a134,2026-10-01T23:50:25.453055Z,
https://www.da.gov.ph/wp-content/uploads/2026/07/Daily-Cigarette-Price-Monitoring-July-26-2026.pdf,skip,0,2026-07-26,skipped,,,,,not_a_price_report
https://www.da.gov.ph/wp-content/uploads/2026/07/Daily-Price-Index-July-26-2026.pdf,daily_price_index,0,2026-07-26,skipped,,,,,pm_exists
https://www.da.gov.ph/wp-content/uploads/2026/07/Price-Monitoring-July-26-2026.pdf,price_monitoring,0,2026-07-26,parsed,market+summary,46,daa7be7c5c7f359cd836a152bc233f4529d29ca2c0fe33292c7ec799da8a09ae,2026-10-01T23:50:26.371885Z,
https://www.da.gov.ph/wp-content/uploads/2026/07/Daily-Cigarette-Price-Monitoring-July-27-2026.pdf,skip,0,2026-07-27,skipped,,,,,not_a_price_report
https://www.da.gov.ph/wp-content/uploads/2026/07/Daily-Price-Index-July-27-2026.pdf,daily_price_index,0,2026-07-27,skipped,,,,,pm_exists
https://www.da.gov.ph/wp-content/uploads/2026/07/Price-Monitoring-July-27-2026.pdf,price_monitoring,0,2026-07-27,parsed,market+summary,48,55a979dfb1a0cbc187123c1845badf303ca7865593d194f0f7c67ba8b2c67c0a,2026-10-01T23:50:27.376103Z,
https://www.da.gov.ph/wp-content/uploads/2026/07/Daily-Cigarette-Price-Monitoring-July-28-2026.pdf,skip,0,2026-07-28,skipped,,,,,not_a_price_report
https://www.da.gov.ph/wp-content/uploads/2026/07/Daily-Price-Index-July-28-2026.pdf,daily_price_index,0,2026-07-28,skipped,,,,,pm_exists
https://www.da.gov.ph/wp-content/uploads/2026/07/Price-Monitoring-July-28-2026.pdf,price_monitoring,0,2026-07-28,parsed,market+summary,48,9c334b4eabaa4c94c0a3ae0a49cbee03a85ab3135fc16fbd3697fda14c7b6ff6,2026-10-01T23:50:28.394718Z,
https://www.da.gov.ph/wp-content/uploads/2026/07/Daily-Cigarette-Price-Monitoring-July-29-2026.pdf,skip,0,2026-07-29,skipped,,,,,not_a_price_report
https://www.da.gov.ph/wp-content/uploads/2026/07/Daily-Price-Index-July-29-2026.pdf,daily_price_index,0,2026-07-29,skipped,,,,,pm_exists
https://www.da.gov.ph/wp-content/uploads/2026/07/Price-Monitoring-July-29-2026.pdf,price_monitoring,0,2026-07-29,parsed,market+summary,48,9a2d33c1d988a2190641591973e27c034c597a3cfc493655e0ed1a0d04a7d3d5,2026-10-01T23:50:29.352167Z,
https://www.da.gov.ph/wp-content/uploads/2026/07/Daily-Cigarette-Price-Monitoring-July-30-2026.pdf,skip,0,2026-07-30,skipped,,,,,not_a_price_report
https://www.da.gov.ph/wp-content/uploads/2026/07/Daily-Price-Index-July-30-2026.pdf,daily_price_index,0,2026-07-30,skipped,,,,,pm_exists
https://www.da.gov.ph/wp-content/uploads/2026/07/Price-Monitoring-July-30-2026.pdf,price_monitoring,0,2026-07-30,parsed,market+summary,48,cef7c08f376ffd186367615de5def88e1ede650c6d82004b1cd728263f0d4caf,2026-10-01T23:50:30.420210Z,
https://www.da.gov.ph/wp-content/uploads/2026/07/Daily-Cigarette-Price-Monitoring-July-31-2026.pdf,skip,0,2026-07-31,skipped,,,,,not_a_price_report
https://www.da.gov.ph/wp-content/uploads/2026/07/Daily-Price-Index-July-31-2026.pdf,daily_price_index,0,2026-07-31,skipped,,,,,pm_exists
https://www.da.gov.ph/wp-content/uploads/2026/08/Price-Monitoring-July-31-2026.pdf,price_monitoring,0,2026-07-31,parsed,market+summary,48,07a1ff44f24deedbbd15dd15d885be8fba2504c9a3e33506f9005cb462e9abf9,2026-10-01T23:50:31.359150Z,
https://www.da.gov.ph/wp-content/uploads/2026/08/Daily-Cigarette-Price-Monitoring-August-1-2026.pdf,skip,0,2026-08-01,skipped,,,,,not_a_price_report
https://www.da.gov.ph/wp-content/uploads/2026/08/Price-Monitoring-August-1-2026.pdf,price_monitoring,0,2026-08-01,parsed,market+summary,46,5517d7580bf0552d71f11f07f0053a00da7dc80722edd54a2eebe9853df3d88b,2026-10-01T23:50:32.289970Z,
https://www.da.gov.ph/wp-content/uploads/2026/08/Revised-Daily-Price-Index-August-1-2026.pdf,daily_price_index,1,2026-08-01,skipped,,,,,pm_exists
https://www.da.gov.ph/wp-content/uploads/2026/08/Daily-Cigarette-Price-Monitoring-August-2-2026.pdf,skip,0,2026-08-02,skipped,,,,,not_a_price_report
https://www.da.gov.ph/wp-content/uploads/2026/08/Daily-Price-Index-August-2-2026.pdf,daily_price_index,0,2026-08-02,skipped,,,,,pm_exists
https://www.da.gov.ph/wp-content/uploads/2026/08/Price-Monitoring-August-2-2026.pdf,price_monitoring,0,2026-08-02,parsed,market+summary,47,1ac9fdd2db1dabdd81f76e0b39cd28bdc605ef31e2617f6c860c75587ed7e32b,2026-10-01T23:50:33.219731Z,
https://www.da.gov.ph/wp-content/uploads/2026/08/Weekly-Average-Prices-July-27-August-2-2026.pdf,skip,0,2026-08-02,skipped,,,,,not_a_price_report
https://www.da.gov.ph/wp-content/uploads/2026/08/Daily-Cigarette-Price-Monitoring-August-3-2026.pdf,skip,0,2026-08-03,skipped,,,,,not_a_price_report
https://www.da.gov.ph/wp-content/uploads/2026/08/Daily-Price-Index-August-3-2026.pdf,daily_price_index,0,2026-08-03,skipped,,,,,pm_exists
https://www.da.gov.ph/wp-content/uploads/2026/08/Price-Monitoring-August-3-2026.pdf,price_monitoring,0,2026-08-03,parsed,market+summary,48,6ec3cc4421777f0eb77b3da3354d31b8632f9eb9780ffbc5f1c560c72ab7a1e3,2026-10-01T23:50:34.139171Z,
https://www.da.gov.ph/wp-content/uploads/2026/08/Daily-Cigarette-Price-Monitoring-August-4-2026.pdf,skip,0,2026-08-04,skipped,,,,,not_a_price_report
https://www.da.gov.ph/wp-content/uploads/2026/08/Daily-Price-Index-August-4-2026.pdf,daily_price_index,0,2026-08-04,skipped,,,,,pm_exists
https://www.da.gov.ph/wp-content/uploads/2026/08/Price-Monitoring-August-4-2026.pdf,price_monitoring,0,2026-08-04,parsed,market+summary,48,8ef35e93ea5f49214e03b4894776b85e291b4c64865ebe83eebe14e3a462f6b2,2026-10-01T23:50:35.084016Z,
https://www.da.gov.ph/wp-content/uploads/2026/08/Daily-Cigarette-Price-Monitoring-August-5-2026.pdf,skip,0,2026-08-05,skipped,,,,,not_a_price_report
https://www.da.gov.ph/wp-content/uploads/2026/08/Daily-Price-Index-August-5-2026.pdf,daily_price_index,0,2026-08-05,skipped,,,,,pm_exists
https://www.da.gov.ph/wp-content/uploads/2026/08/Price-Monitoring-August-5-2026.pdf,price_monitoring,0,2026-08-05,parsed,market+summary,48,9b8d829fbfeb3decf0adad1ce0b8698a34d4fce7ec71dd478144bdaca0a945e8,2026-10-01T23:50:36.033688Z,
https://www.da.gov.ph/wp-content/uploads/2026/08/Daily-Cigarette-Price-Monitoring-August-6-2026.pdf,skip,0,2026-08-06,skipped,,,,,not_a_price_report
https://www.da.gov.ph/wp-content/uploads/2026/08/Daily-Price-Index-August-6-2026.pdf,daily_price_index,0,2026-08-06,skipped,,,,,pm_exists
https://www.da.gov.ph/wp-content/uploads/2026/08/Price-Monitoring-August-6-2026.pdf,price_monitoring,0,2026-08-06,parsed,market+summary,48,b9b9dabb7d37e3280040f29cb8d33198ef9b383681d9169cd4a3b0463fd494e2,2026-10-01T23:50:37.059273Z,
https://www.da.gov.ph/wp-content/uploads/2026/08/Daily-Cigarette-Price-Monitoring-August-7-2026.pdf,skip,0,2026-08-07,skipped,,,,,not_a_price_report
https://www.da.gov.ph/wp-content/uploads/2026/08/Daily-Price-Index-August-7-2026.pdf,daily_price_index,0,2026-08-07,skipped,,,,,pm_exists
https://www.da.gov.ph/wp-content/uploads/2026/08/Price-Monitoring-August-7-2026.pdf,price_monitoring,0,2026-08-07,parsed,market+summary,48,d63aefaa8da498e9383dab257a2730f3dda0c74bf6b02b122112e6c85651ea5a,2026-10-01T23:50:38.084687Z,
https://www.da.gov.ph/wp-content/uploads/2026/08/Daily-Cigarette-Price-Monitoring-August-8-2026.pdf,skip,0,2026-08-08,skipped,,,,,not_a_price_report
https://www.da.gov.ph/wp-content/uploads/2026/08/Daily-Price-Index-August-8-2026.pdf,daily_price_index,0,2026-08-08,skipped,,,,,pm_exists
https://www.da.gov.ph/wp-content/uploads/2026/08/Price-Monitoring-August-8-2026.pdf,price_monitoring,0,2026-08-08,parsed,market+summary,46,160c1dd482a5e2107261ea9f909cd4ee77cbf82e57e76f8dd5f9ef77aacb44d6,2026-10-01T23:50:39.158366Z,
https://www.da.gov.ph/wp-content/uploads/2026/08/Daily-Price-Index-August-9-2026.pdf,daily_price_index,0,2026-08-09,skipped,,,,,pm_exists
https://www.da.gov.ph/wp-content/uploads/2026/08/Price-Monitoring-August-9-2026.pdf,price_monitoring,0,2026-08-09,parsed,market+summary,46,e9ea661cd5b140088dfc25abe5b5fd2d1e962d3fec77ef5fd8b94c0171c8a39c,2026-10-01T23:50:40.064940Z,
https://www.da.gov.ph/wp-content/uploads/2026/08/Revised-Daily-Cigarette-Price-Monitoring-August-9-2026.pdf,skip,1,2026-08-09,skipped,,,,,not_a_price_report
https://www.da.gov.ph/wp-content/uploads/2026/08/Daily-Cigarette-Price-Monitoring-August-10-2026.pdf,skip,0,2026-08-10,skipped,,,,,not_a_price_report
https://www.da.gov.ph/wp-content/uploads/2026/08/Daily-Price-Index-August-10-2026.pdf,daily_price_index,0,2026-08-10,skipped,,,,,pm_exists
https://www.da.gov.ph/wp-content/uploads/2026/08/Price-Monitoring-August-10-2026.pdf,price_monitoring,0,2026-08-10,parsed,market+summary,48,8f8a491e83ad24a733dc9335a78b05c39d7f1cb8bf3dcd714f7becb2e27d59cb,2026-10-01T23:50:40.997152Z,
https://www.da.gov.ph/wp-content/uploads/2026/08/Daily-Cigarette-Price-Monitoring-August-11-2026.pdf,skip,0,2026-08-11,skipped,,,,,not_a_price_report
https://www.da.gov.ph/wp-content/uploads/2026/08/Daily-Price-Index-August-11-2026.pdf,daily_price_index,0,2026-08-11,skipped,,,,,pm_exists
https://www.da.gov.ph/wp-content/uploads/2026/08/Price-Monitoring-August-11-2026.pdf,price_monitoring,0,2026-08-11,parsed,market+summary,48,fc52cf503f50c6b60009a8768bab07245439741bae8665ce03a40f97be0d976f,2026-10-01T23:50:41.914542Z,
https://www.da.gov.ph/wp-content/uploads/2026/08/Daily-Cigarette-Price-Monitoring-August-12-2026.pdf,skip,0,2026-08-12,skipped,,,,,not_a_price_report
https://www.da.gov.ph/wp-content/uploads/2026/08/Daily-Price-Index-August-12-2026.pdf,daily_price_index,0,2026-08-12,skipped,,,,,pm_exists
https://www.da.gov.ph/wp-content/uploads/2026/08/Price-Monitoring-August-12-2026.pdf,price_monitoring,0,2026-08-12,parsed,market+summary,47,a8354030e6994db023b00f7e867d295fe460b2f3d2d8ef7d6826a87bfe6ded5f,2026-10-01T23:50:43.148737Z,
https://www.da.gov.ph/wp-content/uploads/2026/08/Daily-Cigarette-Price-Monitoring-August-13-2026.pdf,skip,0,2026-08-13,skipped,,,,,not_a_price_report
https://www.da.gov.ph/wp-content/uploads/2026/08/Daily-Price-Index-August-13-2026.pdf,daily_price_index,0,2026-08-13,skipped,,,,,pm_exists
https://www.da.gov.ph/wp-content/uploads/2026/08/Price-Monitoring-August-13-2026.pdf,price_monitoring,0,2026-08-13,parsed,market+summary,47,88c9201ae6a2725c9b954ef77a31171dc404f993f4077346ce2401ebe6f1689d,2026-10-01T23:50:44.177711Z,
https://www.da.gov.ph/wp-content/uploads/2026/08/Daily-Cigarette-Price-Monitoring-August-14-2026.pdf,skip,0,2026-08-14,skipped,,,,,not_a_price_report
https://www.da.gov.ph/wp-content/uploads/2026/08/Daily-Price-Index-August-14-2026.pdf,daily_price_index,0,2026-08-14,skipped,,,,,pm_exists
https://www.da.gov.ph/wp-content/uploads/2026/08/Price-Monitoring-August-14-2026.pdf,price_monitoring,0,2026-08-14,parsed,market+summary,47,5595a6db8c52a4a7badf56cc4d71a1b94508db97b6852e8ea821b1be115d1702,2026-10-01T23:50:45.107696Z,
https://www.da.gov.ph/wp-content/uploads/2026/08/Daily-Cigarette-Price-Monitoring-August-15-2026.pdf,skip,0,2026-08-15,skipped,,,,,not_a_price_report
https://www.da.gov.ph/wp-content/uploads/2026/08/Daily-Price-Index-August-15-2026.pdf,daily_price_index,0,2026-08-15,skipped,,,,,pm_exists
https://www.da.gov.ph/wp-content/uploads/2026/08/Price-Monitoring-August-15-2026.pdf,price_monitoring,0,2026-08-15,parsed,market+summary,47,7cc452b338d5bf553a284a0cb26dd1b9c0b2bf2633cfe7733f7c84362888cd4c,2026-10-01T23:50:46.167578Z,
https://www.da.gov.ph/wp-content/uploads/2026/08/Daily-Cigarette-Price-Monitoring-August-16-2026.pdf,skip,0,2026-08-16,skipped,,,,,not_a_price_report
https://www.da.gov.ph/wp-content/uploads/2026/08/Daily-Price-Index-August-16-2026.pdf,daily_price_index,0,2026-08-16,skipped,,,,,pm_exists
https://www.da.gov.ph/wp-content/uploads/2026/08/Price-Monitoring-August-16-2026.pdf,price_monitoring,0,2026-08-16,parsed,market+summary,47,c4f8a0c06d1b96a25cd27eefc5a7145bb0e4bedd6ddd7da6d9a63a25a6cd5fc1,2026-10-01T23:50:47.147318Z,
https://www.da.gov.ph/wp-content/uploads/2026/08/Daily-Cigarette-Price-Monitoring-August-17-2026.pdf,skip,0,2026-08-17,skipped,,,,,not_a_price_report
https://www.da.gov.ph/wp-content/uploads/2026/08/Daily-Price-Index-August-17-2026.pdf,daily_price_index,0,2026-08-17,skipped,,,,,pm_exists
https://www.da.gov.ph/wp-content/uploads/2026/08/Price-Monitoring-August-17-2026.pdf,price_monitoring,0,2026-08-17,parsed,market+summary,47,82d8b39d298cd21647da4a977c34668d46393aba0ed043d5794134ba6463ca59,2026-10-01T23:50:48.036157Z,
https://www.da.gov.ph/wp-content/uploads/2026/08/Daily-Cigarette-Price-Monitoring-August-18-2026.pdf,skip,0,2026-08-18,skipped,,,,,not_a_price_report
https://www.da.gov.ph/wp-content/uploads/2026/08/Daily-Price-Index-August-18-2026.pdf,daily_price_index,0,2026-08-18,skipped,,,,,pm_exists
https://www.da.gov.ph/wp-content/uploads/2026/08/Price-Monitoring-August-18-2026.pdf,price_monitoring,0,2026-08-18,parsed,market+summary,47,03be23e2f266d0483f2404d8a94b0e9862f871f2ee06e20e0368fd58f439c6b5,2026-10-01T23:50:49.075207Z,
https://www.da.gov.ph/wp-content/uploads/2026/08/Daily-Cigarette-Price-Monitoring-August-19-2026.pdf,skip,0,2026-08-19,skipped,,,,,not_a_price_report
https://www.da.gov.ph/wp-content/uploads/2026/08/Daily-Price-Index-August-19-2026.pdf,daily_price_index,0,2026-08-19,skipped,,,,,pm_exists
https://www.da.gov.ph/wp-content/uploads/2026/08/Price-Monitoring-August-19-2026.pdf,price_monitoring,0,2026-08-19,parsed,market+summary,47,370d31e331f72f4c86e3ddb67969db7f2ad160b44742861e734062f72219046a,2026-10-01T23:50:50.331301Z,
https://www.da.gov.ph/wp-content/uploads/2026/08/Daily-Cigarette-Price-Monitoring-August-20-2026.pdf,skip,0,2026-08-20,skipped,,,,,not_a_price_report
https://www.da.gov.ph/wp-content/uploads/2026/08/Daily-Price-Index-August-20-2026.pdf,daily_price_index,0,2026-08-20,skipped,,,,,pm_exists
https://www.da.gov.ph/wp-content/uploads/2026/08/Price-Monitoring-August-20-2026.pdf,price_monitoring,0,2026-08-20,parsed,market+summary,48,bea65cb7fa766d87ed51f952318fe1a77c30f5165a99f27a58b0e42cda2fb942,2026-10-01T23:50:51.532799Z,
https://www.da.gov.ph/wp-content/uploads/2026/08/Daily-Cigarette-Price-Monitoring-August-21-2026.pdf,skip,0,2026-08-21,skipped,,,,,not_a_price_report
https://www.da.gov.ph/wp-content/uploads/2026/08/Daily-Price-Index-August-21-2026.pdf,daily_price_index,0,2026-08-21,skipped,,,,,pm_exists
https://www.da.gov.ph/wp-content/uploads/2026/08/Price-Monitoring-August-21-2026.pdf,price_monitoring,0,2026-08-21,parsed,market+summary,48,1e10eba185984d76450f48be69bcad394dd26470ad47e2c88e62083292795037,2026-10-01T23:50:52.831661Z,
https://www.da.gov.ph/wp-content/uploads/2026/08/Daily-Cigarette-Price-Monitoring-August-22-2026.pdf,skip,0,2026-08-22,skipped,,,,,not_a_price_report
https://www.da.gov.ph/wp-content/uploads/2026/08/Daily-Price-Index-August-22-2026.pdf,daily_price_index,0,2026-08-22,skipped,,,,,pm_exists
https://www.da.gov.ph/wp-content/uploads/2026/08/Price-Monitoring-August-22-2026.pdf,price_monitoring,0,2026-08-22,parsed,market+summary,48,a713c13ecdcfdc23c54f738502df1c5afc389b6d13d769437563961c8c5223ce,2026-10-01T23:50:54.084247Z,
https://www.da.gov.ph/wp-content/uploads/2026/08/Daily-Cigarette-Price-Monitoring-August-23-2026.pdf,skip,0,2026-08-23,skipped,,,,,not_a_price_report
https://www.da.gov.ph/wp-content/uploads/2026/08/Daily-Price-Index-August-23-2026.pdf,daily_price_index,0,2026-08-23,skipped,,,,,pm_exists
https://www.da.gov.ph/wp-content/uploads/2026/08/Price-Monitoring-August-23-2026.pdf,price_monitoring,0,2026-08-23,parsed,market+summary,46,4104ca4927138d33fcf3b3ee93124c423b1ad8bbe27d308a5cc8beb6ee9c94f0,2026-10-01T23:50:55.465875Z,
https://www.da.gov.ph/wp-content/uploads/2026/08/Daily-Cigarette-Price-Monitoring-August-24-2026.pdf,skip,0,2026-08-24,skipped,,,,,not_a_price_report
https://www.da.gov.ph/wp-content/uploads/2026/08/Daily-Price-Index-August-24-2026.pdf,daily_price_index,0,2026-08-24,skipped,,,,,pm_exists
https://www.da.gov.ph/wp-content/uploads/2026/08/Price-Monitoring-August-24-2026.pdf,price_monitoring,0,2026-08-24,parsed,market+summary,47,136c4102ba2ca905413dd939cfd3c29e9ba285310f4c66010c10e32376f7bef0,2026-10-01T23:50:56.654656Z,
https://www.da.gov.ph/wp-content/uploads/2026/08/Daily-Cigarette-Price-Monitoring-August-25-2026.pdf,skip,0,2026-08-25,skipped,,,,,not_a_price_report
https://www.da.gov.ph/wp-content/uploads/2026/08/Daily-Price-Index-August-25-2026.pdf,daily_price_index,0,2026-08-25,skipped,,,,,pm_exists
https://www.da.gov.ph/wp-content/uploads/2026/08/Price-Monitoring-August-25-2026.pdf,price_monitoring,0,2026-08-25,parsed,market+summary,47,af4a5cc7397d7a1e18542d5438c73a84a59edd636020823bfc4048eb6148cb04,2026-10-01T23:50:58.086138Z,
https://www.da.gov.ph/wp-content/uploads/2026/08/Daily-Cigarette-Price-Monitoring-August-26-2026.pdf,skip,0,2026-08-26,skipped,,,,,not_a_price_report
https://www.da.gov.ph/wp-content/uploads/2026/08/Daily-Price-Index-August-26-2026.pdf,daily_price_index,0,2026-08-26,skipped,,,,,pm_exists
https://www.da.gov.ph/wp-content/uploads/2026/08/Price-Monitoring-August-26-2026.pdf,price_monitoring,0,2026-08-26,parsed,market+summary,46,4a579b9f34d411cdf6890187ec7609d6297d46bf124f057fe8351a443ea54245,2026-10-01T23:50:59.121854Z,
https://www.da.gov.ph/wp-content/uploads/2026/08/Daily-Cigarette-Price-Monitoring-August-27-2026.pdf,skip,0,2026-08-27,skipped,,,,,not_a_price_report
https://www.da.gov.ph/wp-content/uploads/2026/08/Daily-Price-Index-August-27-2026.pdf,daily_price_index,0,2026-08-27,skipped,,,,,pm_exists
https://www.da.gov.ph/wp-content/uploads/2026/08/Price-Monitoring-August-27-2026.pdf,price_monitoring,0,2026-08-27,parsed,market+summary,46,3caaaf4c1b755e1240cbb24733c4df1d19223831fe5b23227e95fb8cf204ae4a,2026-10-01T23:51:00.165042Z,
https://www.da.gov.ph/wp-content/uploads/2026/08/Daily-Cigarette-Price-Monitoring-August-28-2026.pdf,skip,0,2026-08-28,skipped,,,,,not_a_price_report
https://www.da.gov.ph/wp-content/uploads/2026/08/Daily-Price-Index-August-28-2026.pdf,daily_price_index,0,2026-08-28,skipped,,,,,pm_exists
https://www.da.gov.ph/wp-content/uploads/2026/09/Price-Monitoring-August-28-2026.pdf,price_monitoring,0,2026-08-28,parsed,market+summary,46,4ac57814c17bfa39a45d47996cb76db6bc462d9f42ca1993019d1243d22379f8,2026-10-01T23:51:01.182748Z,
https://www.da.gov.ph/wp-content/uploads/2026/09/Daily-Cigarette-Price-Monitoring-August-29-2026.pdf,skip,0,2026-08-29,skipped,,,,,not_a_price_report
https://www.da.gov.ph/wp-content/uploads/2026/09/Daily-Price-Index-August-29-2026.pdf,daily_price_index,0,2026-08-29,skipped,,,,,pm_exists
https://www.da.gov.ph/wp-content/uploads/2026/09/Price-Monitoring-August-29-2026.pdf,price_monitoring,0,2026-08-29,parsed,market+summary,45,c814d0919e38dbf934e986c8fad2a62a85cfeb88c81394168962d2c27f6a8196,2026-10-01T23:51:02.244639Z,
https://www.da.gov.ph/wp-content/uploads/2026/09/Daily-Cigarette-Price-Monitoring-August-30-2026.pdf,skip,0,2026-08-30,skipped,,,,,not_a_price_report
https://www.da.gov.ph/wp-content/uploads/2026/09/Daily-Price-Index-August-30-2026.pdf,daily_price_index,0,2026-08-30,skipped,,,,,pm_exists
https://www.da.gov.ph/wp-content/uploads/2026/09/Price-Monitoring-August-30-2026.pdf,price_monitoring,0,2026-08-30,parsed,market+summary,45,f8f87111419f76066dc9c93c4ba494a885ee69047fa9698e0136d18cfb630f28,2026-10-01T23:51:03.178335Z,
https://www.da.gov.ph/wp-content/uploads/2026/09/Daily-Cigarette-Price-Monitoring-August-31-2026.pdf,skip,0,2026-08-31,skipped,,,,,not_a_price_report
https://www.da.gov.ph/wp-content/uploads/2026/09/Daily-Price-Index-August-31-2026.pdf,daily_price_index,0,2026-08-31,skipped,,,,,pm_exists
https://www.da.gov.ph/wp-content/uploads/2026/09/Price-Monitoring-August-31-2026.pdf,price_monitoring,0,2026-08-31,parsed,market+summary,46,b5ef43059c289289dfae03cca3096fea7c7d4a0aae362d3bc9a4d67b1cb13361,2026-10-01T23:51:04.090676Z,
https://www.da.gov.ph/wp-content/uploads/2026/09/Daily-Cigarette-Price-Monitoring-September-1-2026.pdf,skip,0,2026-09-01,skipped,,,,,not_a_price_report
https://www.da.gov.ph/wp-content/uploads/2026/09/Daily-Price-Index-September-1-2026.pdf,daily_price_index,0,2026-09-01,skipped,,,,,pm_exists
https://www.da.gov.ph/wp-content/uploads/2026/09/Price-Monitoring-September-1-2026.pdf,price_monitoring,0,2026-09-01,parsed,market+summary,46,5554f1485c5ade44dc67aae8569b7d175d8cf2fad2b601db1fe3319919ba8973,2026-10-01T23:51:04.999543Z,
https://www.da.gov.ph/wp-content/uploads/2026/09/Daily-Cigarette-Price-Monitoring-September-2-2026.pdf,skip,0,2026-09-02,skipped,,,,,not_a_price_report
https://www.da.gov.ph/wp-content/uploads/2026/09/Daily-Price-Index-September-2-2026.pdf,daily_price_index,0,2026-09-02,skipped,,,,,pm_exists
https://www.da.gov.ph/wp-content/uploads/2026/09/Price-Monitoring-September-2-2026.pdf,price_monitoring,0,2026-09-02,parsed,market+summary,46,3dbdad39f769778fabaaf8d780e23161b464add38075178ce890ba9ed663784f,2026-10-01T23:51:06.035276Z,
https://www.da.gov.ph/wp-content/uploads/2026/09/Daily-Cigarette-Price-Monitoring-September-3-2026.pdf,skip,0,2026-09-03,skipped,,,,,not_a_price_report
https://www.da.gov.ph/wp-content/uploads/2026/09/Daily-Price-Index-September-3-2026.pdf,daily_price_index,0,2026-09-03,skipped,,,,,pm_exists
https://www.da.gov.ph/wp-content/uploads/2026/09/Price-Monitoring-September-3-2026.pdf,price_monitoring,0,2026-09-03,parsed,market+summary,46,4fa53c23db9d02c9a1f6bc2f1a635065187da00ad88ff4d4f30051d146f1aaed,2026-10-01T23:51:07.092573Z,
https://www.da.gov.ph/wp-content/uploads/2026/09/Daily-Cigarette-Price-Monitoring-September-4-2026.pdf,skip,0,2026-09-04,skipped,,,,,not_a_price_report
https://www.da.gov.ph/wp-content/uploads/2026/09/Daily-Price-Index-September-4-2026.pdf,daily_price_index,0,2026-09-04,skipped,,,,,pm_exists
https://www.da.gov.ph/wp-content/uploads/2026/09/Price-Monitoring-September-4-2026.pdf,price_monitoring,0,2026-09-04,parsed,market+summary,46,9bd18d3ef1ec9ab033e326da586b09d9852f254c2e7ab41391f0cdb1c0135612,2026-10-01T23:51:08.070797Z,
https://www.da.gov.ph/wp-content/uploads/2026/09/Daily-Cigarette-Price-Monitoring-September-5-2026.pdf,skip,0,2026-09-05,skipped,,,,,not_a_price_report
https://www.da.gov.ph/wp-content/uploads/2026/09/Daily-Price-Index-September-5-2026.pdf,daily_price_index,0,2026-09-05,skipped,,,,,pm_exists
https://www.da.gov.ph/wp-content/uploads/2026/09/Price-Monitoring-September-5-2026.pdf,price_monitoring,0,2026-09-05,parsed,market+summary,46,d1cc3291be9c95b7b26830599753e25261a573e803d280cfe6b35b8053baf385,2026-10-01T23:51:09.136141Z,
https://www.da.gov.ph/wp-content/uploads/2026/09/Daily-Cigarette-Price-Monitoring-September-6-2026.pdf,skip,0,2026-09-06,skipped,,,,,not_a_price_report
https://www.da.gov.ph/wp-content/uploads/2026/09/Daily-Price-Index-September-6-2026.pdf,daily_price_index,0,2026-09-06,skipped,,,,,pm_exists
https://www.da.gov.ph/wp-content/uploads/2026/09/Price-Monitoring-September-6-2026.pdf,price_monitoring,0,2026-09-06,parsed,market+summary,46,34d8be0e5ebe31d4f77a1e4d19c93d8344b32293e2d4d840b0812abc7497554b,2026-10-01T23:51:10.409346Z,
https://www.da.gov.ph/wp-content/uploads/2026/09/Weekly-Average-Prices-August-31-September-6-2026.pdf,skip,0,2026-09-06,skipped,,,,,not_a_price_report
https://www.da.gov.ph/wp-content/uploads/2026/09/Daily-Cigarette-Price-Monitoring-September-7-2026.pdf,skip,0,2026-09-07,skipped,,,,,not_a_price_report
https://www.da.gov.ph/wp-content/uploads/2026/09/Daily-Price-Index-September-7-2026.pdf,daily_price_index,0,2026-09-07,skipped,,,,,pm_exists
https://www.da.gov.ph/wp-content/uploads/2026/09/Price-Monitoring-September-7-2026.pdf,price_monitoring,0,2026-09-07,parsed,market+summary,46,07b19066e0e661cc23a77843545442c46aecb2594fc6965be8af4669cd701641,2026-10-01T23:51:11.425635Z,
https://www.da.gov.ph/wp-content/uploads/2026/09/Daily-Cigarette-Price-Monitoring-September-8-2026.pdf,skip,0,2026-09-08,skipped,,,,,not_a_price_report
https://www.da.gov.ph/wp-content/uploads/2026/09/Daily-Price-Index-September-8-2026.pdf,daily_price_index,0,2026-09-08,skipped,,,,,pm_exists
https://www.da.gov.ph/wp-content/uploads/2026/09/Price-Monitoring-September-8-2026.pdf,price_monitoring,0,2026-09-08,parsed,market+summary,46,9a677ef553c0dc7ba204ae72ebdbd2776a48d580d2d2e8480eaadfb87db82be8,2026-10-01T23:51:12.447339Z,
https://www.da.gov.ph/wp-content/uploads/2026/09/Daily-Cigarette-Price-Monitoring-September-9-2026.pdf,skip,0,2026-09-09,skipped,,,,,not_a_price_report
https://www.da.gov.ph/wp-content/uploads/2026/09/Price-Monitoring-September-9-2026.pdf,price_monitoring,0,2026-09-09,parsed,market+summary,46,616fcd852891f8fef1428a5aa5c54fab3db70aca9726e552ba31aeea4216d74a,2026-10-01T23:51:13.394411Z,
https://www.da.gov.ph/wp-content/uploads/2026/09/Revised-Daily-Price-Index-September-9-2026.pdf,daily_price_index,1,2026-09-09,skipped,,,,,pm_exists
https://www.da.gov.ph/wp-content/uploads/2026/09/Daily-Cigarette-Price-Monitoring-September-10-2026.pdf,skip,0,2026-09-10,skipped,,,,,not_a_price_report
https://www.da.gov.ph/wp-content/uploads/2026/09/Daily-Price-Index-September-10-2026.pdf,daily_price_index,0,2026-09-10,skipped,,,,,pm_exists
https://www.da.gov.ph/wp-content/uploads/2026/09/Price-Monitoring-September-10-2026.pdf,price_monitoring,0,2026-09-10,parsed,market+summary,46,f2d4dd7db1ed0ce05563662cc498a8f8a57c40e554ae288d28e64f7c74e46d71,2026-10-01T23:51:14.383536Z,
https://www.da.gov.ph/wp-content/uploads/2026/09/Daily-Cigarette-Price-Monitoring-September-11-2026.pdf,skip,0,2026-09-11,skipped,,,,,not_a_price_report
https://www.da.gov.ph/wp-content/uploads/2026/09/Daily-Price-Index-September-11-2026.pdf,daily_price_index,0,2026-09-11,skipped,,,,,pm_exists
https://www.da.gov.ph/wp-content/uploads/2026/09/Price-Monitoring-September-11-2026.pdf,price_monitoring,0,2026-09-11,parsed,market+summary,46,eb39601ed319860dd531b3e9c01bd63ec83525d4f34f92b8d541bf7b3bae9659,2026-10-01T23:51:15.410024Z,
https://www.da.gov.ph/wp-content/uploads/2026/09/Daily-Cigarette-Price-Monitoring-September-12-2026.pdf,skip,0,2026-09-12,skipped,,,,,not_a_price_report
https://www.da.gov.ph/wp-content/uploads/2026/09/Daily-Price-Index-September-12-2026.pdf,daily_price_index,0,2026-09-12,skipped,,,,,pm_exists
https://www.da.gov.ph/wp-content/uploads/2026/09/Price-Monitoring-September-12-2026.pdf,price_monitoring,0,2026-09-12,parsed,market+summary,45,8d6ab7cf06048799d0a9d1e5b6de0168621ee54a82f1739452a9212904a062c4,2026-10-01T23:51:16.620059Z,
https://www.da.gov.ph/wp-content/uploads/2026/09/Daily-Cigarette-Price-Monitoring-September-13-2026.pdf,skip,0,2026-09-13,skipped,,,,,not_a_price_report
https://www.da.gov.ph/wp-content/uploads/2026/09/Daily-Price-Index-September-13-2026.pdf,daily_price_index,0,2026-09-13,skipped,,,,,pm_exists
https://www.da.gov.ph/wp-content/uploads/2026/09/Price-Monitoring-September-13-2026.pdf,price_monitoring,0,2026-09-13,parsed,market+summary,45,bcef92075ac3c6965a5bfd7245ac7f70d59c20806c5d521aee1f4426a0a93b5a,2026-10-01T23:51:17.523195Z,
https://www.da.gov.ph/wp-content/uploads/2026/09/Daily-Cigarette-Price-Monitoring-September-14-2026.pdf,skip,0,2026-09-14,skipped,,,,,not_a_price_report
https://www.da.gov.ph/wp-content/uploads/2026/09/Daily-Price-Index-September-14-2026.pdf,daily_price_index,0,2026-09-14,skipped,,,,,pm_exists
https://www.da.gov.ph/wp-content/uploads/2026/09/Price-Monitoring-September-14-2026.pdf,price_monitoring,0,2026-09-14,parsed,market+summary,46,54bb25f0a427cb3a596548fa08f9ca4da4dfccd8144354453953791f9dc68559,2026-10-01T23:51:18.426287Z,
https://www.da.gov.ph/wp-content/uploads/2026/09/Daily-Cigarette-Price-Monitoring-September-15-2026.pdf,skip,0,2026-09-15,skipped,,,,,not_a_price_report
https://www.da.gov.ph/wp-content/uploads/2026/09/Daily-Price-Index-September-15-2026.pdf,daily_price_index,0,2026-09-15,skipped,,,,,pm_exists
https://www.da.gov.ph/wp-content/uploads/2026/09/Price-Monitoring-September-15-2026.pdf,price_monitoring,0,2026-09-15,parsed,market+summary,47,5b1b79def42e45b6cf5887fb42487d55bc204e6dd6a760b4e0c6e055061e17eb,2026-10-01T23:51:19.392900Z,
https://www.da.gov.ph/wp-content/uploads/2026/09/Daily-Cigarette-Price-Monitoring-September-16-2026.pdf,skip,0,2026-09-16,skipped,,,,,not_a_price_report
https://www.da.gov.ph/wp-content/uploads/2026/09/Daily-Price-Index-September-16-2026.pdf,daily_price_index,0,2026-09-16,skipped,,,,,pm_exists
https://www.da.gov.ph/wp-content/uploads/2026/09/Price-Monitoring-September-16-2026.pdf,price_monitoring,0,2026-09-16,parsed,market+summary,47,5b0a97485eca21b17418c2aa36d099738b95b0802a04ccff43ab4f2e587f182b,2026-10-01T23:51:20.441632Z,
https://www.da.gov.ph/wp-content/uploads/2026/09/Daily-Cigarette-Price-Monitoring-September-17-2026.pdf,skip,0,2026-09-17,skipped,,,,,not_a_price_report
https://www.da.gov.ph/wp-content/uploads/2026/09/Daily-Price-Index-September-17-2026.pdf,daily_price_index,0,2026-09-17,skipped,,,,,pm_exists
https://www.da.gov.ph/wp-content/uploads/2026/09/Price-Monitoring-September-17-2026.pdf,price_monitoring,0,2026-09-17,parsed,market+summary,46,336a378f4a8f8c52832df05dd66293367b2032cb763425be70f68e9222a69576,2026-10-01T23:51:21.393152Z,
https://www.da.gov.ph/wp-content/uploads/2026/09/Daily-Cigarette-Price-Monitoring-September-18-2026.pdf,skip,0,2026-09-18,skipped,,,,,not_a_price_report
https://www.da.gov.ph/wp-content/uploads/2026/09/Price-Monitoring-September-18-2026.pdf,price_monitoring,0,2026-09-18,parsed,market+summary,47,358bd3809f0edeb712a380aabd946baec36d766aa203f6c53daadc47ce10e879,2026-10-01T23:51:22.444818Z,
https://www.da.gov.ph/wp-content/uploads/2026/09/September-18-2026-DPI-AFC.pdf,skip,0,2026-09-18,skipped,,,,,not_a_price_report
https://www.da.gov.ph/wp-content/uploads/2026/09/Daily-Cigarette-Price-Monitoring-September-19-2026.pdf,skip,0,2026-09-19,skipped,,,,,not_a_price_report
https://www.da.gov.ph/wp-content/uploads/2026/09/Price-Monitoring-September-19-2026.pdf,price_monitoring,0,2026-09-19,parsed,market+summary,47,91439033f6e3d412f3c8d908c011ab9e4e0c92f5e1a3c8cc8a9c66d5be3eb23f,2026-10-01T23:51:23.424843Z,
https://www.da.gov.ph/wp-content/uploads/2026/09/September-19-2026-DPI-AFC.pdf,skip,0,2026-09-19,skipped,,,,,not_a_price_report
https://www.da.gov.ph/wp-content/uploads/2026/09/Daily-Cigarette-Price-Monitoring-September-20-2026.pdf,skip,0,2026-09-20,skipped,,,,,not_a_price_report
https://www.da.gov.ph/wp-content/uploads/2026/09/Daily-Price-Index-September-20-2026.pdf,daily_price_index,0,2026-09-20,skipped,,,,,pm_exists
https://www.da.gov.ph/wp-content/uploads/2026/09/Price-Monitoring-September-20-2026.pdf,price_monitoring,0,2026-09-20,parsed,market+summary,46,1862a942bd51f66f5d5b2b6aed702dcf2f72da8ac27ef30b9a931f65afcc61ce,2026-10-01T23:51:24.360609Z,
https://www.da.gov.ph/wp-content/uploads/2026/09/Daily-Cigarette-Price-Monitoring-September-21-2026.pdf,skip,0,2026-09-21,skipped,,,,,not_a_price_report
https://www.da.gov.ph/wp-content/uploads/2026/09/Daily-Price-Index-September-21-2026-1.pdf,daily_price_index,0,2026-09-21,skipped,,,,,pm_exists
https://www.da.gov.ph/wp-content/uploads/2026/09/Price-Monitoring-September-21-2026.pdf,price_monitoring,0,2026-09-21,parsed,market+summary,46,d861466467bfcd7873e1bd4cd466c39a7bd78af2caea742bdde686b8d54175d6,2026-10-01T23:51:25.391832Z,
https://www.da.gov.ph/wp-content/uploads/2026/09/Daily-Cigarette-Price-Monitoring-September-22-2026.pdf,skip,0,2026-09-22,skipped,,,,,not_a_price_report
https://www.da.gov.ph/wp-content/uploads/2026/09/Daily-Price-Index-September-22-2026-1.pdf,daily_price_index,0,2026-09-22,skipped,,,,,pm_exists
https://www.da.gov.ph/wp-content/uploads/2026/09/Price-Monitoring-September-22-2026.pdf,price_monitoring,0,2026-09-22,parsed,market+summary,45,24f079e2b79fb9098c1efb96e90a6d979898b7892d937c9a6eb2e76d2a4c25b4,2026-10-01T23:51:26.397609Z,
https://www.da.gov.ph/wp-content/uploads/2026/09/Daily-Cigarette-Price-Monitoring-September-23-2026.pdf,skip,0,2026-09-23,skipped,,,,,not_a_price_report
https://www.da.gov.ph/wp-content/uploads/2026/09/Daily-Price-Index-September-23-2026-1.pdf,daily_price_index,0,2026-09-23,skipped,,,,,pm_exists
https://www.da.gov.ph/wp-content/uploads/2026/09/Price-Monitoring-September-23-2026.pdf,price_monitoring,0,2026-09-23,parsed,market+summary,46,89d4e6b1d6f98e6e3ec1673aa25b6ce5667716c6a81a50e46f3236bad053789a,2026-10-01T23:51:27.476391Z,
https://www.da.gov.ph/wp-content/uploads/2026/09/Daily-Cigarette-Price-Monitoring-September-24-2026.pdf,skip,0,2026-09-24,skipped,,,,,not_a_price_report
https://www.da.gov.ph/wp-content/uploads/2026/09/Daily-Price-Index-September-24-2026-1.pdf,daily_price_index,0,2026-09-24,skipped,,,,,pm_exists
https://www.da.gov.ph/wp-content/uploads/2026/09/Price-Monitoring-September-24-2026.pdf,price_monitoring,0,2026-09-24,parsed,market+summary,46,94a13f1c0de82cd5596b90d482214352f9f52988c281a4c2e8989319bb678e0c,2026-10-01T23:51:28.513595Z,
https://www.da.gov.ph/wp-content/uploads/2026/09/Daily-Cigarette-Price-Monitoring-September-25-2026.pdf,skip,0,2026-09-25,skipped,,,,,not_a_price_report
https://www.da.gov.ph/wp-content/uploads/2026/09/Daily-Price-Index-September-25-2026.pdf,daily_price_index,0,2026-09-25,skipped,,,,,pm_exists
https://www.da.gov.ph/wp-content/uploads/2026/09/Price-Monitoring-September-25-2026.pdf,price_monitoring,0,2026-09-25,parsed,market+summary,46,19fe106df98332fa93f3cf2886945c87deb6cae524919d7f466691cdd14e5d55,2026-10-01T23:51:29.544373Z,
https://www.da.gov.ph/wp-content/uploads/2026/09/Daily-Cigarette-Price-Monitoring-September-26-2026.pdf,skip,0,2026-09-26,skipped,,,,,not_a_price_report
https://www.da.gov.ph/wp-content/uploads/2026/09/Daily-Price-Index-September-26-2026.pdf,daily_price_index,0,2026-09-26,skipped,,,,,pm_exists
https://www.da.gov.ph/wp-content/uploads/2026/09/Price-Monitoring-September-26-2026.pdf,price_monitoring,0,2026-09-26,parsed,market+summary,45,2e0e562b34f38edc1ab6f6c41d5308491dd58f269a1598523af07feccc9af573,2026-10-01T23:51:30.648610Z,
https://www.da.gov.ph/wp-content/uploads/2026/09/Daily-Cigarette-Price-Monitoring-September-27-2026.pdf,skip,0,2026-09-27,skipped,,,,,not_a_price_report
https://www.da.gov.ph/wp-content/uploads/2026/09/Daily-Price-Index-September-27-2026.pdf,daily_price_index,0,2026-09-27,skipped,,,,,pm_exists
https://www.da.gov.ph/wp-content/uploads/2026/09/Price-Monitoring-September-27-2026.pdf,price_monitoring,0,2026-09-27,parsed,market+summary,45,a852918b14d569330b7afabba9bc6f1450246d69611c0da2cefd9ef53d0a7223,2026-10-01T23:51:31.662239Z,
https://www.da.gov.ph/wp-content/uploads/2026/09/Daily-Price-Index-September-28-2026.pdf,daily_price_index,0,2026-09-28,skipped,,,,,pm_exists
https://www.da.gov.ph/wp-content/uploads/2026/09/Price-Monitoring-September-28-2026.pdf,price_monitoring,0,2026-09-28,parsed,market+summary,46,3a6322a9f44fd080e26f9ebc1ff337ceb415232e0feab9cafec227a18e6c6ce6,2026-10-01T23:51:32.639647Z,
https://www.da.gov.ph/wp-content/uploads/2026/09/Revised-Daily-Cigarette-Price-Monitoring-September-28-2026.pdf,skip,1,2026-09-28,skipped,,,,,not_a_price_report
https://www.da.gov.ph/wp-content/uploads/2026/09/Daily-Cigarette-Price-Monitoring-September-29-2026.pdf,skip,0,2026-09-29,skipped,,,,,not_a_price_report
https://www.da.gov.ph/wp-content/uploads/2026/09/Daily-Price-Index-September-29-2026.pdf,daily_price_index,0,2026-09-29,skipped,,,,,pm_exists
https://www.da.gov.ph/wp-content/uploads/2026/09/Price-Monitoring-September-29-2026.pdf,price_monitoring,0,2026-09-29,parsed,market+summary,46,3150808e96bfc401f6a71e263a9b06017d01bc85a2374afe86c866191d605449,2026-10-01T23:51:33.629384Z,
https://www.da.gov.ph/wp-content/uploads/2026/09/Daily-Cigarette-Price-Monitoring-September-30-2026.pdf,skip,0,2026-09-30,skipped,,,,,not_a_price_report
https://www.da.gov.ph/wp-content/uploads/2026/09/Daily-Price-Index-September-30-2026.pdf,daily_price_index,0,2026-09-30,skipped,,,,,pm_exists
https://www.da.gov.ph/wp-content/uploads/2026/09/Price-Monitoring-September-30-2026.pdf,price_monitoring,0,2026-09-30,parsed,market+summary,46,ecb493d7dcb45e41534768019cb23acf8b9299f40404110205ca10952e09820c,2026-10-01T23:51:34.610270Z,
https://www.da.gov.ph/wp-content/uploads/2026/10/October-1-2026-Cigarette-Prevailing-Retail-Prices-in-NCR.pdf,skip,0,2026-10-01,skipped,,,,,not_a_price_report
https://www.da.gov.ph/wp-content/uploads/2026/10/October-1-2026-DPI-AFC-1.pdf,skip,0,2026-10-01,skipped,,,,,not_a_price_report
