week_start,series,commodity_id,price,low,high,basis,n_days
2023-11-06,cartimar,ampalaya,92,80,120,market,5
2023-11-13,cartimar,ampalaya,86.5,70,100,market,5
2023-11-20,cartimar,ampalaya,97,80,130,market,5
2023-11-27,cartimar,ampalaya,101.25,90,120,market,4
2023-12-04,cartimar,ampalaya,100,90,110,market,5
2023-12-11,cartimar,ampalaya,100,90,110,market,4
2023-12-18,cartimar,ampalaya,106,80,120,market,5
2023-12-25,cartimar,ampalaya,111.25,100,120,market,4
2024-01-01,cartimar,ampalaya,110,100,120,market,4
2024-01-08,cartimar,ampalaya,130,110,150,market,4
2024-01-15,cartimar,ampalaya,131,110,160,market,5
2024-01-22,cartimar,ampalaya,127,100,150,market,5
2024-01-29,cartimar,ampalaya,121,100,130,market,5
2024-02-05,cartimar,ampalaya,109,90,120,market,5
2024-02-12,cartimar,ampalaya,109,90,130,market,5
2024-02-19,cartimar,ampalaya,114,100,130,market,5
2024-02-26,cartimar,ampalaya,119,100,130,market,5
2024-03-04,cartimar,ampalaya,134,120,150,market,5
2024-03-11,cartimar,ampalaya,131.25,120,150,market,4
2024-03-18,cartimar,ampalaya,134,120,150,market,5
2024-03-25,cartimar,ampalaya,126.67,120,140,market,3
2024-04-01,cartimar,ampalaya,133,120,150,market,5
2024-04-08,cartimar,ampalaya,125,110,140,market,3
2024-04-15,cartimar,ampalaya,125,110,140,market,3
2024-04-22,cartimar,ampalaya,121.67,100,140,market,6
2024-04-29,cartimar,ampalaya,115,100,130,market,6
2024-05-06,cartimar,ampalaya,127,100,150,market,5
2024-05-13,cartimar,ampalaya,141.67,120,150,market,6
2024-05-20,cartimar,ampalaya,132.5,120,150,market,6
2024-05-27,cartimar,ampalaya,140,130,150,market,6
2024-06-03,cartimar,ampalaya,145,130,160,market,5
2024-06-10,cartimar,ampalaya,141.67,130,160,market,6
2024-06-17,cartimar,ampalaya,140,130,150,market,6
2024-06-24,cartimar,ampalaya,128.33,110,150,market,6
2024-07-01,cartimar,ampalaya,125,100,150,market,6
2024-07-08,cartimar,ampalaya,129,100,150,market,5
2024-07-15,cartimar,ampalaya,118.33,100,150,market,6
2024-07-22,cartimar,ampalaya,107.5,90,130,market,4
2024-07-29,cartimar,ampalaya,140,120,160,market,6
2024-08-05,cartimar,ampalaya,118.33,90,150,market,6
2024-08-12,cartimar,ampalaya,110,80,130,market,6
2024-08-19,cartimar,ampalaya,91.5,60,110,market,5
2024-08-26,cartimar,ampalaya,84,70,100,market,5
2024-09-02,cartimar,ampalaya,84.5,75,90,market,5
2024-09-09,cartimar,ampalaya,139,110,160,market,5
2024-09-16,cartimar,ampalaya,152.5,140,170,market,6
2024-09-23,cartimar,ampalaya,173.33,160,190,market,6
2024-09-30,cartimar,ampalaya,152,120,190,market,5
2024-10-07,cartimar,ampalaya,129,100,160,market,5
2024-10-14,cartimar,ampalaya,112.5,95,130,market,6
2024-10-21,cartimar,ampalaya,105,90,120,market,3
2024-10-28,cartimar,ampalaya,137.5,110,160,market,4
2024-11-04,cartimar,ampalaya,146.67,130,160,market,6
2024-11-11,cartimar,ampalaya,168,150,200,market,5
2024-11-18,cartimar,ampalaya,181,150,200,market,5
2024-11-25,cartimar,ampalaya,180,140,200,market,6
2024-12-02,cartimar,ampalaya,156.25,130,180,market,4
2024-12-09,cartimar,ampalaya,167,140,190,market,5
2024-12-16,cartimar,ampalaya,151,110,180,market,5
2024-12-23,cartimar,ampalaya,129,110,160,market,5
2024-12-30,cartimar,ampalaya,116.67,100,130,market,3
2025-01-06,cartimar,ampalaya,146,120,160,market,5
2025-01-13,cartimar,ampalaya,165,150,180,market,5
2025-01-20,cartimar,ampalaya,141.25,120,160,market,4
2025-01-27,cartimar,ampalaya,129,100,150,market,5
2025-02-03,cartimar,ampalaya,119.17,100,140,market,6
2025-02-10,cartimar,ampalaya,125,120,130,market,3
2025-02-17,cartimar,ampalaya,126.67,110,140,market,6
2025-02-24,cartimar,ampalaya,124,100,140,market,5
2025-03-03,cartimar,ampalaya,135,120,150,market,6
2025-03-10,cartimar,ampalaya,125,110,140,market,6
2025-03-17,cartimar,ampalaya,119.17,100,150,market,6
2025-03-24,cartimar,ampalaya,120.83,100,140,market,6
2025-03-31,cartimar,ampalaya,125,100,150,market,4
2025-04-07,cartimar,ampalaya,106.5,90,120,market,5
2025-04-14,cartimar,ampalaya,101.67,80,110,market,3
2025-04-21,cartimar,ampalaya,110,90,140,market,6
2025-04-28,cartimar,ampalaya,109,90,130,market,5
2025-05-05,cartimar,ampalaya,112.08,95,140,market,6
2025-05-12,cartimar,ampalaya,115,100,130,market,5
2025-05-19,cartimar,ampalaya,117,100,130,market,5
2025-05-26,cartimar,ampalaya,111.67,100,120,market,6
2025-06-02,cartimar,ampalaya,97,80,110,market,5
2025-06-09,cartimar,ampalaya,108.33,90,130,market,6
2025-06-16,cartimar,ampalaya,122.5,100,150,market,4
2025-06-23,cartimar,ampalaya,127.5,110,140,market,6
2025-06-30,cartimar,ampalaya,140,110,180,market,6
2025-07-07,cartimar,ampalaya,140,120,160,market,6
2025-07-14,cartimar,ampalaya,147,130,160,market,5
2025-07-21,cartimar,ampalaya,145,130,160,market,3
2025-07-28,cartimar,ampalaya,183,170,200,market,5
2025-08-04,cartimar,ampalaya,202.5,170,240,market,6
2025-08-11,cartimar,ampalaya,176.67,140,200,market,6
2025-08-18,cartimar,ampalaya,122,100,140,market,5
2025-08-25,cartimar,ampalaya,105,90,120,market,4
2025-09-01,cartimar,ampalaya,107,90,120,market,5
2025-09-08,cartimar,ampalaya,125,110,140,market,6
2025-09-15,cartimar,ampalaya,132.5,100,150,market,6
2025-09-22,cartimar,ampalaya,121.68,8.3,160,market,5
2025-09-29,cartimar,ampalaya,150,140,160,market,4
2025-10-06,cartimar,ampalaya,156.67,150,160,market,6
2025-10-13,cartimar,ampalaya,130,110,150,market,6
2025-10-20,cartimar,ampalaya,115,110,120,market,6
2025-10-27,cartimar,ampalaya,121.67,110,150,market,6
2025-11-03,cartimar,ampalaya,89.68,8.3,120,market,5
2025-11-10,cartimar,ampalaya,151,120,180,market,5
2025-11-17,cartimar,ampalaya,220,220,220,market,6
2025-11-24,cartimar,ampalaya,222.5,220,230,market,6
2025-12-01,cartimar,ampalaya,213.33,200,220,market,3
2025-12-08,cartimar,ampalaya,176,170,180,market,5
2025-12-15,cartimar,ampalaya,152.5,140,180,market,6
2025-12-22,cartimar,ampalaya,122.5,100,170,market,6
2025-12-29,cartimar,ampalaya,124,120,130,market,5
2026-01-05,cartimar,ampalaya,147.5,120,170,market,6
2026-01-12,cartimar,ampalaya,165.83,150,180,market,6
2026-01-19,cartimar,ampalaya,158.33,150,170,market,6
2026-01-26,cartimar,ampalaya,162.5,150,170,market,6
2026-02-02,cartimar,ampalaya,165,150,180,market,6
2026-02-09,cartimar,ampalaya,164.17,150,180,market,6
2026-02-16,cartimar,ampalaya,140.83,120,160,market,6
2026-02-23,cartimar,ampalaya,135,130,150,market,5
2026-03-02,cartimar,ampalaya,128.75,120,140,market,4
2026-03-09,cartimar,ampalaya,121.67,100,140,market,6
2026-03-16,cartimar,ampalaya,135,130,140,market,6
2026-03-23,cartimar,ampalaya,135,130,140,market,5
2026-03-30,cartimar,ampalaya,129,120,140,market,5
2026-04-06,cartimar,ampalaya,128.33,120,130,market,6
2026-04-13,cartimar,ampalaya,125,120,130,market,6
2026-04-20,cartimar,ampalaya,124.17,120,130,market,6
2026-04-27,cartimar,ampalaya,125,120,130,market,6
2026-05-04,cartimar,ampalaya,125,120,130,market,6
2026-05-11,cartimar,ampalaya,125,120,130,market,6
2026-05-18,cartimar,ampalaya,133.33,120,140,market,6
2026-05-25,cartimar,ampalaya,124.17,120,130,market,6
2026-06-01,cartimar,ampalaya,130,130,130,market,6
2026-06-08,cartimar,ampalaya,131.67,130,140,market,6
2026-06-15,cartimar,ampalaya,135,130,140,market,6
2026-06-22,cartimar,ampalaya,127.5,90,160,market,6
2026-06-29,cartimar,ampalaya,121.25,100,150,market,4
2026-07-06,cartimar,ampalaya,120,100,140,market,5
2026-07-13,cartimar,ampalaya,120,110,130,market,5
2026-07-20,cartimar,ampalaya,113,100,130,market,5
2026-07-27,cartimar,ampalaya,113,100,130,market,5
2026-08-03,cartimar,ampalaya,110,100,120,market,5
2026-08-10,cartimar,ampalaya,136,100,170,market,5
2026-08-17,cartimar,ampalaya,180,120,200,market,5
2026-08-24,cartimar,ampalaya,196,180,200,market,5
2026-08-31,cartimar,ampalaya,198,190,210,market,5
2026-09-07,cartimar,ampalaya,210,190,220,market,5
2026-09-14,cartimar,ampalaya,170,160,190,market,5
2026-09-21,cartimar,ampalaya,170,160,180,market,4
2026-09-28,cartimar,ampalaya,157,115,180,market,5
2026-08-17,cartimar,bangus,250,250,250,market,4
2026-08-24,cartimar,bangus,250,250,250,market,5
2026-08-31,cartimar,bangus,250,250,250,market,5
2026-09-07,cartimar,bangus,250,250,250,market,5
2026-09-14,cartimar,bangus,250,250,250,market,5
2026-09-21,cartimar,bangus,250,250,250,market,4
2026-09-28,cartimar,bangus,253,250,265,market,5
2025-02-03,cartimar,cabbage,72.5,60,85,market,2
2025-02-10,cartimar,cabbage,68.33,60,80,market,3
2025-02-17,cartimar,cabbage,44.17,35,50,market,6
2025-02-24,cartimar,cabbage,37.5,30,45,market,5
2025-03-03,cartimar,cabbage,36.67,30,50,market,6
2025-03-10,cartimar,cabbage,38.33,35,40,market,6
2025-03-17,cartimar,cabbage,48.33,35,60,market,6
2025-03-24,cartimar,cabbage,57.5,50,65,market,6
2025-03-31,cartimar,cabbage,62.5,50,70,market,4
2025-04-07,cartimar,cabbage,65,55,70,market,5
2025-04-14,cartimar,cabbage,76.67,70,85,market,3
2025-04-21,cartimar,cabbage,99.17,80,120,market,6
2025-04-28,cartimar,cabbage,98,85,120,market,5
2025-05-05,cartimar,cabbage,80,65,100,market,6
2025-05-12,cartimar,cabbage,78.5,70,95,market,5
2025-05-19,cartimar,cabbage,72.5,65,80,market,5
2025-05-26,cartimar,cabbage,68.83,55,80,market,6
2025-06-02,cartimar,cabbage,71,60,80,market,5
2025-06-09,cartimar,cabbage,60.42,50,70,market,6
2025-06-16,cartimar,cabbage,56.88,50,65,market,4
2025-06-23,cartimar,cabbage,55.42,50,60,market,6
2025-06-30,cartimar,cabbage,54.17,45,60,market,6
2025-07-07,cartimar,cabbage,54.17,45,60,market,6
2025-07-14,cartimar,cabbage,47.9,40,60,market,5
2025-07-21,cartimar,cabbage,56.67,50,60,market,3
2025-07-28,cartimar,cabbage,90.5,60,110,market,5
2025-08-04,cartimar,cabbage,135,90,180,market,6
2025-08-11,cartimar,cabbage,150,120,170,market,6
2025-08-18,cartimar,cabbage,146,120,160,market,5
2025-08-25,cartimar,cabbage,105,90,120,market,4
2025-09-01,cartimar,cabbage,90,70,100,market,5
2025-09-08,cartimar,cabbage,72.08,55,100,market,6
2025-09-15,cartimar,cabbage,65.83,60,70,market,6
2025-09-22,cartimar,cabbage,81.25,50,120,market,4
2025-09-29,cartimar,cabbage,71.25,60,85,market,4
2025-10-06,cartimar,cabbage,81.25,70,90,market,6
2025-10-13,cartimar,cabbage,90,90,90,market,6
2025-10-20,cartimar,cabbage,90,90,90,market,6
2025-10-27,cartimar,cabbage,85,80,90,market,6
2025-11-03,cartimar,cabbage,80,80,80,market,5
2025-11-10,cartimar,cabbage,76,70,80,market,5
2025-11-17,cartimar,cabbage,70,70,70,market,6
2025-11-24,cartimar,cabbage,70,70,70,market,6
2025-12-01,cartimar,cabbage,70,70,70,market,3
2025-12-08,cartimar,cabbage,70,70,70,market,5
2025-12-15,cartimar,cabbage,70,70,70,market,6
2025-12-22,cartimar,cabbage,78.33,70,80,market,6
2025-12-29,cartimar,cabbage,80,80,80,market,5
2026-01-05,cartimar,cabbage,80,80,80,market,6
2026-01-12,cartimar,cabbage,80,80,80,market,6
2026-01-19,cartimar,cabbage,80,80,80,market,6
2026-01-26,cartimar,cabbage,80,80,80,market,6
2026-02-02,cartimar,cabbage,80,80,80,market,6
2026-02-09,cartimar,cabbage,67.5,50,80,market,6
2026-02-16,cartimar,cabbage,55,50,60,market,6
2026-02-23,cartimar,cabbage,55,50,60,market,5
2026-03-02,cartimar,cabbage,55,50,60,market,4
2026-03-09,cartimar,cabbage,55,50,60,market,6
2026-03-16,cartimar,cabbage,55,50,60,market,6
2026-03-23,cartimar,cabbage,55,50,60,market,5
2026-03-30,cartimar,cabbage,55,50,60,market,5
2026-04-06,cartimar,cabbage,55,50,60,market,6
2026-04-13,cartimar,cabbage,55,50,60,market,6
2026-04-20,cartimar,cabbage,55,50,60,market,6
2026-04-27,cartimar,cabbage,55,50,60,market,6
2026-05-04,cartimar,cabbage,55,50,60,market,6
2026-05-11,cartimar,cabbage,60,60,60,market,6
2026-05-18,cartimar,cabbage,60,60,60,market,6
2026-05-25,cartimar,cabbage,51.67,50,60,market,6
2026-06-01,cartimar,cabbage,50,50,50,market,6
2026-06-08,cartimar,cabbage,50,50,50,market,6
2026-06-15,cartimar,cabbage,50,50,50,market,6
2026-06-22,cartimar,cabbage,81.67,50,110,market,6
2026-06-29,cartimar,cabbage,80,70,90,market,4
2026-07-06,cartimar,cabbage,67.5,50,90,market,5
2026-07-13,cartimar,cabbage,68.1,45,80,market,5
2026-07-20,cartimar,cabbage,55.5,50,70,market,5
2026-07-27,cartimar,cabbage,51.5,45,60,market,5
2026-08-03,cartimar,cabbage,48.5,40,60,market,5
2026-08-10,cartimar,cabbage,66.8,50,90,market,5
2026-08-17,cartimar,cabbage,75.5,55,120,market,5
2026-08-24,cartimar,cabbage,102,80,120,market,5
2026-08-31,cartimar,cabbage,136,100,160,market,5
2026-09-07,cartimar,cabbage,164,160,180,market,5
2026-09-14,cartimar,cabbage,194,190,200,market,5
2026-09-21,cartimar,cabbage,190,180,200,market,4
2026-09-28,cartimar,cabbage,180,150,210,market,5
2024-01-08,cartimar,cabbage_rareball,36.5,35,38,market,1
2024-01-15,cartimar,cabbage_rareball,40,40,40,market,1
2024-02-05,cartimar,cabbage_rareball,35,35,35,market,1
2024-02-12,cartimar,cabbage_rareball,47.5,35,60,market,1
2024-02-19,cartimar,cabbage_rareball,44,40,48,market,1
2024-02-26,cartimar,cabbage_rareball,0,0,0,market,1
2024-03-04,cartimar,cabbage_rareball,40,40,40,market,1
2024-03-11,cartimar,cabbage_rareball,40,40,40,market,3
2024-04-08,cartimar,cabbage_rareball,35,35,35,market,1
2024-05-13,cartimar,cabbage_rareball,38.75,35,40,market,6
2024-05-20,cartimar,cabbage_rareball,40,40,40,market,2
2024-06-17,cartimar,cabbage_rareball,47.5,45,50,market,6
2024-07-15,cartimar,cabbage_rareball,0,0,0,market,1
2024-07-29,cartimar,cabbage_rareball,50,50,50,market,1
2024-08-12,cartimar,cabbage_rareball,300,300,300,market,1
2024-08-19,cartimar,cabbage_rareball,36,33,40,market,3
2024-08-26,cartimar,cabbage_rareball,34,33,35,market,1
2024-10-14,cartimar,cabbage_rareball,85,85,85,market,4
2024-10-21,cartimar,cabbage_rareball,80,80,80,market,3
2024-10-28,cartimar,cabbage_rareball,91.25,80,100,market,4
2024-11-04,cartimar,cabbage_rareball,88.75,65,100,market,4
2024-11-11,cartimar,cabbage_rareball,84,80,90,market,5
2024-11-18,cartimar,cabbage_rareball,79.38,60,90,market,4
2024-11-25,cartimar,cabbage_rareball,92.5,80,100,market,6
2024-12-02,cartimar,cabbage_rareball,100,85,120,market,4
2024-12-09,cartimar,cabbage_rareball,81.5,75,95,market,5
2024-12-16,cartimar,cabbage_rareball,76,70,85,market,5
2024-12-23,cartimar,cabbage_rareball,96,85,120,market,5
2024-12-30,cartimar,cabbage_rareball,87.5,70,100,market,3
2025-01-06,cartimar,cabbage_rareball,69.5,50,80,market,5
2025-01-13,cartimar,cabbage_rareball,60.6,50,80,market,5
2025-01-20,cartimar,cabbage_rareball,58.12,50,70,market,4
2025-01-27,cartimar,cabbage_rareball,62,50,80,market,5
2025-02-03,cartimar,cabbage_rareball,66.88,60,75,market,4
2024-01-08,cartimar,cabbage_scorpio,42.5,35,50,market,3
2024-01-15,cartimar,cabbage_scorpio,42.5,40,50,market,4
2024-01-22,cartimar,cabbage_scorpio,42.5,40,50,market,4
2024-01-29,cartimar,cabbage_scorpio,40,40,40,market,4
2024-02-05,cartimar,cabbage_scorpio,40,40,40,market,4
2024-02-12,cartimar,cabbage_scorpio,40,40,40,market,5
2024-02-19,cartimar,cabbage_scorpio,54.5,45,60,market,5
2024-02-26,cartimar,cabbage_scorpio,55,40,70,market,5
2024-03-04,cartimar,cabbage_scorpio,49,40,60,market,5
2024-03-11,cartimar,cabbage_scorpio,56.25,40,60,market,4
2024-03-18,cartimar,cabbage_scorpio,39.3,35,60,market,5
2024-03-25,cartimar,cabbage_scorpio,35.5,35,38,market,3
2024-04-01,cartimar,cabbage_scorpio,36.6,35,40,market,5
2024-04-08,cartimar,cabbage_scorpio,37,35,40,market,2
2024-04-15,cartimar,cabbage_scorpio,38.75,35,40,market,2
2024-04-22,cartimar,cabbage_scorpio,52.92,45,60,market,6
2024-04-29,cartimar,cabbage_scorpio,47.33,40,55,market,6
2024-05-06,cartimar,cabbage_scorpio,40,40,40,market,5
2024-05-13,cartimar,cabbage_scorpio,50,50,50,market,6
2024-05-20,cartimar,cabbage_scorpio,50,50,50,market,6
2024-05-27,cartimar,cabbage_scorpio,47,40,50,market,6
2024-06-03,cartimar,cabbage_scorpio,50,50,50,market,5
2024-06-10,cartimar,cabbage_scorpio,65.42,50,70,market,6
2024-06-24,cartimar,cabbage_scorpio,62.92,50,75,market,6
2024-07-01,cartimar,cabbage_scorpio,56.25,50,70,market,4
2024-07-08,cartimar,cabbage_scorpio,53.5,45,60,market,5
2024-07-15,cartimar,cabbage_scorpio,47.5,45,50,market,6
2024-07-22,cartimar,cabbage_scorpio,45.62,40,50,market,4
2024-07-29,cartimar,cabbage_scorpio,50,50,50,market,5
2024-08-05,cartimar,cabbage_scorpio,46.67,40,50,market,6
2024-08-12,cartimar,cabbage_scorpio,40,40,40,market,6
2024-08-19,cartimar,cabbage_scorpio,53.33,50,60,market,3
2024-08-26,cartimar,cabbage_scorpio,45,40,50,market,4
2024-09-02,cartimar,cabbage_scorpio,45,40,50,market,5
2024-09-09,cartimar,cabbage_scorpio,41,35,50,market,5
2024-09-16,cartimar,cabbage_scorpio,50,50,50,market,6
2024-09-23,cartimar,cabbage_scorpio,55,40,60,market,6
2024-09-30,cartimar,cabbage_scorpio,61.5,55,70,market,5
2024-10-07,cartimar,cabbage_scorpio,81,70,90,market,5
2024-10-14,cartimar,cabbage_scorpio,93.33,80,100,market,6
2024-10-21,cartimar,cabbage_scorpio,100,100,100,market,2
2024-10-28,cartimar,cabbage_scorpio,120,110,130,market,2
2024-11-04,cartimar,cabbage_scorpio,110,100,120,market,4
2024-11-11,cartimar,cabbage_scorpio,95,95,95,market,1
2024-11-18,cartimar,cabbage_scorpio,95,95,95,market,2
2025-01-20,cartimar,cabbage_scorpio,74.38,60,80,market,4
2025-01-27,cartimar,cabbage_scorpio,76.5,65,100,market,5
2025-02-03,cartimar,cabbage_scorpio,87.5,80,100,market,4
2024-01-08,cartimar,cabbage_wonderball,35.75,35,38,market,2
2024-01-15,cartimar,cabbage_wonderball,35.88,33,38,market,4
2024-01-22,cartimar,cabbage_wonderball,32.88,30,35,market,4
2024-01-29,cartimar,cabbage_wonderball,41.8,30,70,market,5
2024-02-05,cartimar,cabbage_wonderball,35.75,35,38,market,4
2024-02-12,cartimar,cabbage_wonderball,32.5,30,35,market,4
2024-02-19,cartimar,cabbage_wonderball,41.25,35,50,market,2
2024-02-26,cartimar,cabbage_wonderball,42.3,40,48,market,5
2024-03-04,cartimar,cabbage_wonderball,40,40,40,market,4
2024-03-11,cartimar,cabbage_wonderball,36.38,35,40,market,4
2024-03-18,cartimar,cabbage_wonderball,32,30,40,market,5
2024-03-25,cartimar,cabbage_wonderball,30,30,30,market,3
2024-04-01,cartimar,cabbage_wonderball,30,30,30,market,5
2024-04-08,cartimar,cabbage_wonderball,51.67,35,90,market,3
2024-04-15,cartimar,cabbage_wonderball,48.33,30,90,market,3
2024-04-22,cartimar,cabbage_wonderball,50,50,50,market,3
2024-05-20,cartimar,cabbage_wonderball,35,35,35,market,4
2024-07-22,cartimar,cabbage_wonderball,167.5,150,185,market,1
2025-01-20,cartimar,cabbage_wonderball,57.5,50,65,market,2
2025-01-27,cartimar,cabbage_wonderball,58.75,50,65,market,4
2025-02-03,cartimar,cabbage_wonderball,71.67,70,75,market,3
2026-08-17,cartimar,calamansi,150,120,180,market,4
2026-08-24,cartimar,calamansi,131,110,180,market,5
2026-08-31,cartimar,calamansi,120,120,120,market,5
2026-09-07,cartimar,calamansi,120,120,120,market,5
2026-09-14,cartimar,calamansi,111,105,120,market,5
2026-09-21,cartimar,calamansi,101.25,100,105,market,4
2026-09-28,cartimar,calamansi,99,95,100,market,5
2026-08-17,cartimar,carrot,117.5,90,140,market,4
2026-08-24,cartimar,carrot,135,90,140,market,5
2026-08-31,cartimar,carrot,112,90,130,market,5
2026-09-07,cartimar,carrot,120,120,120,market,5
2026-09-14,cartimar,carrot,120,120,120,market,5
2026-09-21,cartimar,carrot,127.5,120,130,market,4
2026-09-28,cartimar,carrot,126,110,140,market,5
2026-08-17,cartimar,chayote,65,50,80,market,4
2026-08-24,cartimar,chayote,64,60,80,market,5
2026-08-31,cartimar,chayote,94,85,110,market,5
2026-09-07,cartimar,chayote,118,110,120,market,5
2026-09-14,cartimar,chayote,108,100,120,market,5
2026-09-21,cartimar,chayote,116.25,100,125,market,4
2026-09-28,cartimar,chayote,108,90,120,market,5
2026-08-17,cartimar,chili_green,156.25,130,200,market,4
2026-08-24,cartimar,chili_green,189,130,220,market,5
2026-08-31,cartimar,chili_green,204,200,210,market,5
2026-09-07,cartimar,chili_green,192,180,200,market,5
2026-09-14,cartimar,chili_green,210,200,220,market,5
2026-09-21,cartimar,chili_green,222.5,210,250,market,4
2026-09-28,cartimar,chili_green,204,200,210,market,5
2026-08-17,cartimar,chili_red,110,100,120,market,4
2026-08-24,cartimar,chili_red,162,100,190,market,5
2026-08-31,cartimar,chili_red,181,180,185,market,5
2026-09-07,cartimar,chili_red,193,165,200,market,5
2026-09-14,cartimar,chili_red,167,150,180,market,5
2026-09-21,cartimar,chili_red,223.75,175,250,market,4
2026-09-28,cartimar,chili_red,196,180,200,market,5
2025-02-03,cartimar,eggplant,120,100,140,market,1
2025-02-10,cartimar,eggplant,106.67,80,120,market,3
2025-02-17,cartimar,eggplant,94.17,80,110,market,6
2025-02-24,cartimar,eggplant,102.5,85,120,market,5
2025-03-03,cartimar,eggplant,133.33,110,150,market,6
2025-03-10,cartimar,eggplant,128.33,110,150,market,6
2025-03-17,cartimar,eggplant,113.33,100,130,market,6
2025-03-24,cartimar,eggplant,98.33,80,110,market,6
2025-03-31,cartimar,eggplant,92.5,80,100,market,4
2025-04-07,cartimar,eggplant,83.5,70,100,market,5
2025-04-14,cartimar,eggplant,88.33,80,100,market,3
2025-04-21,cartimar,eggplant,116.67,90,140,market,6
2025-04-28,cartimar,eggplant,115,90,130,market,5
2025-05-05,cartimar,eggplant,112.08,95,130,market,6
2025-05-12,cartimar,eggplant,102,90,110,market,5
2025-05-19,cartimar,eggplant,103,100,110,market,5
2025-05-26,cartimar,eggplant,116.67,100,130,market,6
2025-06-02,cartimar,eggplant,106,90,120,market,5
2025-06-09,cartimar,eggplant,100,90,110,market,6
2025-06-16,cartimar,eggplant,125,110,140,market,4
2025-06-23,cartimar,eggplant,131.67,110,150,market,6
2025-06-30,cartimar,eggplant,126.67,100,150,market,6
2025-07-07,cartimar,eggplant,125,110,140,market,6
2025-07-14,cartimar,eggplant,125,110,140,market,5
2025-07-21,cartimar,eggplant,151.67,120,170,market,3
2025-07-28,cartimar,eggplant,168,140,220,market,5
2025-08-04,cartimar,eggplant,185.83,140,210,market,6
2025-08-11,cartimar,eggplant,177.5,140,210,market,6
2025-08-18,cartimar,eggplant,116,90,140,market,5
2025-08-25,cartimar,eggplant,95,80,110,market,4
2025-09-01,cartimar,eggplant,90,80,100,market,5
2025-09-08,cartimar,eggplant,90.83,80,110,market,6
2025-09-15,cartimar,eggplant,113.33,90,130,market,6
2025-09-22,cartimar,eggplant,135,100,160,market,5
2025-09-29,cartimar,eggplant,137.5,120,160,market,4
2025-10-06,cartimar,eggplant,155.83,150,160,market,6
2025-10-13,cartimar,eggplant,130,120,150,market,6
2025-10-20,cartimar,eggplant,115,110,120,market,6
2025-10-27,cartimar,eggplant,125.83,120,150,market,6
2025-11-03,cartimar,eggplant,111,100,120,market,5
2025-11-10,cartimar,eggplant,142,120,160,market,5
2025-11-17,cartimar,eggplant,200,200,200,market,6
2025-11-24,cartimar,eggplant,203.33,180,220,market,6
2025-12-01,cartimar,eggplant,190,180,200,market,3
2025-12-08,cartimar,eggplant,179,170,200,market,5
2025-12-15,cartimar,eggplant,160.83,150,170,market,6
2025-12-22,cartimar,eggplant,128.33,120,140,market,6
2025-12-29,cartimar,eggplant,130,120,140,market,5
2026-01-05,cartimar,eggplant,138.33,120,140,market,6
2026-01-12,cartimar,eggplant,131.67,120,140,market,6
2026-01-19,cartimar,eggplant,125,120,130,market,6
2026-01-26,cartimar,eggplant,128.33,120,130,market,6
2026-02-02,cartimar,eggplant,125,120,130,market,6
2026-02-09,cartimar,eggplant,120,120,120,market,6
2026-02-16,cartimar,eggplant,120,120,120,market,6
2026-02-23,cartimar,eggplant,120,120,120,market,5
2026-03-02,cartimar,eggplant,80,80,80,market,4
2026-03-09,cartimar,eggplant,80,80,80,market,6
2026-03-16,cartimar,eggplant,99.17,80,120,market,6
2026-03-23,cartimar,eggplant,100,100,100,market,5
2026-03-30,cartimar,eggplant,85,80,90,market,5
2026-04-06,cartimar,eggplant,85,80,90,market,6
2026-04-13,cartimar,eggplant,81.67,80,90,market,6
2026-04-20,cartimar,eggplant,79.58,75,80,market,6
2026-04-27,cartimar,eggplant,77.5,75,80,market,6
2026-05-04,cartimar,eggplant,77.5,75,80,market,6
2026-05-11,cartimar,eggplant,81.25,75,100,market,6
2026-05-18,cartimar,eggplant,92.5,80,100,market,6
2026-05-25,cartimar,eggplant,85,80,90,market,6
2026-06-01,cartimar,eggplant,90,80,100,market,6
2026-06-08,cartimar,eggplant,95,90,100,market,6
2026-06-15,cartimar,eggplant,95,90,100,market,6
2026-06-22,cartimar,eggplant,120,90,150,market,6
2026-06-29,cartimar,eggplant,108.75,95,120,market,4
2026-07-06,cartimar,eggplant,107,90,120,market,5
2026-07-13,cartimar,eggplant,108,90,130,market,5
2026-07-20,cartimar,eggplant,125,100,150,market,5
2026-07-27,cartimar,eggplant,122,100,150,market,5
2026-08-03,cartimar,eggplant,117,100,140,market,5
2026-08-10,cartimar,eggplant,132,100,200,market,5
2026-08-17,cartimar,eggplant,156,100,220,market,5
2026-08-24,cartimar,eggplant,217,180,230,market,5
2026-08-31,cartimar,eggplant,192,180,200,market,5
2026-09-07,cartimar,eggplant,172,150,180,market,5
2026-09-14,cartimar,eggplant,142,140,145,market,5
2026-09-21,cartimar,eggplant,140,140,140,market,4
2026-09-28,cartimar,eggplant,131,120,145,market,5
2023-11-06,cartimar,galunggong_local,282,280,300,market,5
2023-11-13,cartimar,galunggong_local,258.75,250,260,market,4
2023-11-20,cartimar,galunggong_local,290,260,300,market,4
2023-11-27,cartimar,galunggong_local,300,300,300,market,4
2023-12-04,cartimar,galunggong_local,296,280,300,market,5
2023-12-11,cartimar,galunggong_local,295,280,300,market,4
2023-12-18,cartimar,galunggong_local,290,280,300,market,5
2023-12-25,cartimar,galunggong_local,292.5,280,300,market,4
2024-01-01,cartimar,galunggong_local,290,280,300,market,4
2024-01-08,cartimar,galunggong_local,286.25,250,300,market,4
2024-01-15,cartimar,galunggong_local,290,280,300,market,5
2024-01-22,cartimar,galunggong_local,298,280,320,market,5
2024-01-29,cartimar,galunggong_local,200,200,200,market,1
2024-02-26,cartimar,galunggong_local,0,0,0,market,1
2024-03-04,cartimar,galunggong_local,280,280,280,market,3
2024-03-11,cartimar,galunggong_local,282.5,280,300,market,4
2024-03-18,cartimar,galunggong_local,268,250,280,market,5
2024-03-25,cartimar,galunggong_local,250,250,250,market,3
2024-04-01,cartimar,galunggong_local,255,250,260,market,5
2024-04-08,cartimar,galunggong_local,226.67,180,250,market,3
2024-04-15,cartimar,galunggong_local,180,180,180,market,1
2024-04-22,cartimar,galunggong_local,250,250,250,market,4
2024-04-29,cartimar,galunggong_local,250,250,250,market,6
2024-05-06,cartimar,galunggong_local,250,250,250,market,5
2024-05-13,cartimar,galunggong_local,251.67,250,260,market,6
2024-05-20,cartimar,galunggong_local,250,250,250,market,6
2024-05-27,cartimar,galunggong_local,250,250,250,market,3
2024-08-19,cartimar,galunggong_local,270,260,280,market,1
2024-10-07,cartimar,galunggong_local,300,300,300,market,1
2024-10-14,cartimar,galunggong_local,300,300,300,market,6
2024-12-02,cartimar,galunggong_local,320,320,320,market,3
2024-12-09,cartimar,galunggong_local,320,320,320,market,5
2024-12-16,cartimar,galunggong_local,320,320,320,market,2
2025-01-06,cartimar,galunggong_local,350,350,350,market,1
2025-01-13,cartimar,galunggong_local,350,350,350,market,5
2025-02-03,cartimar,galunggong_local,296.67,260,350,market,3
2025-02-10,cartimar,galunggong_local,350,350,350,market,3
2025-02-17,cartimar,galunggong_local,350,350,350,market,6
2025-02-24,cartimar,galunggong_local,350,350,350,market,5
2025-03-03,cartimar,galunggong_local,350,350,350,market,6
2025-03-10,cartimar,galunggong_local,350,350,350,market,6
2025-03-17,cartimar,galunggong_local,350,350,350,market,6
2025-03-24,cartimar,galunggong_local,350,350,350,market,3
2025-04-07,cartimar,galunggong_local,280,280,280,market,5
2025-04-14,cartimar,galunggong_local,280,280,280,market,1
2025-05-26,cartimar,galunggong_local,300,300,300,market,1
2025-06-02,cartimar,galunggong_local,300,300,300,market,5
2025-06-09,cartimar,galunggong_local,300,300,300,market,6
2025-06-16,cartimar,galunggong_local,273.75,250,300,market,4
2025-06-23,cartimar,galunggong_local,265,250,280,market,6
2025-06-30,cartimar,galunggong_local,258.33,250,280,market,6
2025-07-07,cartimar,galunggong_local,255,250,260,market,6
2025-07-14,cartimar,galunggong_local,255,250,260,market,5
2025-07-21,cartimar,galunggong_local,273.33,250,320,market,3
2025-08-04,cartimar,galunggong_local,300,300,300,market,5
2025-08-11,cartimar,galunggong_local,310,300,320,market,6
2025-08-18,cartimar,galunggong_local,320,320,320,market,5
2025-08-25,cartimar,galunggong_local,300,300,300,market,4
2025-09-01,cartimar,galunggong_local,300,300,300,market,5
2025-09-22,cartimar,galunggong_local,311.25,160,360,market,4
2025-09-29,cartimar,galunggong_local,360,360,360,market,4
2025-10-06,cartimar,galunggong_local,360,360,360,market,6
2025-10-13,cartimar,galunggong_local,360,360,360,market,6
2025-10-20,cartimar,galunggong_local,360,360,360,market,6
2025-10-27,cartimar,galunggong_local,360,360,360,market,6
2025-11-03,cartimar,galunggong_local,321,160,360,market,5
2025-11-10,cartimar,galunggong_local,360,360,360,market,5
2025-11-17,cartimar,galunggong_local,360,360,360,market,3
2026-06-22,cartimar,galunggong_local,265,250,280,market,4
2026-06-29,cartimar,galunggong_local,290,280,300,market,4
2026-07-06,cartimar,galunggong_local,290,280,300,market,5
2026-07-13,cartimar,galunggong_local,290,280,300,market,5
2026-07-20,cartimar,galunggong_local,290,280,300,market,5
2026-07-27,cartimar,galunggong_local,290,280,300,market,5
2026-08-03,cartimar,galunggong_local,295,280,350,market,5
2026-08-10,cartimar,galunggong_local,367,280,380,market,5
2026-08-17,cartimar,galunggong_local,380,380,380,market,5
2026-08-24,cartimar,galunggong_local,380,380,380,market,5
2026-08-31,cartimar,galunggong_local,362,350,380,market,5
2026-09-07,cartimar,galunggong_local,350,350,350,market,5
2026-09-14,cartimar,galunggong_local,350,350,350,market,5
2026-09-21,cartimar,galunggong_local,350,350,350,market,4
2026-09-28,cartimar,galunggong_local,356,350,365,market,5
2023-11-06,cartimar,pechay_baguio,49.38,40,80,market,4
2023-11-13,cartimar,pechay_baguio,40,30,50,market,5
2023-11-20,cartimar,pechay_baguio,46.88,40,50,market,4
2023-11-27,cartimar,pechay_baguio,50,40,60,market,4
2023-12-04,cartimar,pechay_baguio,45,30,50,market,5
2023-12-11,cartimar,pechay_baguio,45,40,50,market,3
2023-12-18,cartimar,pechay_baguio,43,30,60,market,5
2023-12-25,cartimar,pechay_baguio,44.38,35,50,market,4
2024-01-01,cartimar,pechay_baguio,57.5,50,70,market,4
2024-01-08,cartimar,pechay_baguio,40.62,25,50,market,4
2024-01-15,cartimar,pechay_baguio,41,35,50,market,5
2024-01-22,cartimar,pechay_baguio,38.5,35,40,market,5
2024-01-29,cartimar,pechay_baguio,41.5,35,50,market,5
2024-02-05,cartimar,pechay_baguio,41,30,50,market,5
2024-02-12,cartimar,pechay_baguio,35,30,40,market,5
2024-02-19,cartimar,pechay_baguio,41,30,45,market,5
2024-02-26,cartimar,pechay_baguio,44,40,50,market,5
2024-03-04,cartimar,pechay_baguio,40.5,35,50,market,5
2024-03-11,cartimar,pechay_baguio,45,40,50,market,4
2024-03-18,cartimar,pechay_baguio,38.8,35,50,market,5
2024-03-25,cartimar,pechay_baguio,39.17,35,50,market,3
2024-04-01,cartimar,pechay_baguio,37.5,35,40,market,5
2024-04-08,cartimar,pechay_baguio,46.67,35,70,market,3
2024-04-15,cartimar,pechay_baguio,46.67,35,70,market,3
2024-04-22,cartimar,pechay_baguio,44.17,40,50,market,6
2024-04-29,cartimar,pechay_baguio,47.5,45,50,market,6
2024-05-06,cartimar,pechay_baguio,47.5,45,50,market,5
2024-05-13,cartimar,pechay_baguio,54.58,45,60,market,6
2024-05-20,cartimar,pechay_baguio,55,50,60,market,6
2024-05-27,cartimar,pechay_baguio,65,50,70,market,6
2024-06-03,cartimar,pechay_baguio,70,70,70,market,4
2024-06-10,cartimar,pechay_baguio,85,70,100,market,6
2024-06-17,cartimar,pechay_baguio,90,80,100,market,6
2024-06-24,cartimar,pechay_baguio,86.67,80,100,market,6
2024-07-01,cartimar,pechay_baguio,68.33,55,80,market,6
2024-07-08,cartimar,pechay_baguio,65,60,70,market,5
2024-07-15,cartimar,pechay_baguio,65,60,70,market,6
2024-07-22,cartimar,pechay_baguio,52.5,40,70,market,4
2024-07-29,cartimar,pechay_baguio,68.33,60,80,market,6
2024-08-05,cartimar,pechay_baguio,60,50,70,market,6
2024-08-12,cartimar,pechay_baguio,53.33,50,60,market,6
2024-08-19,cartimar,pechay_baguio,51,50,60,market,5
2024-08-26,cartimar,pechay_baguio,51,45,60,market,5
2024-09-02,cartimar,pechay_baguio,51,50,60,market,5
2024-09-09,cartimar,pechay_baguio,50,50,50,market,5
2024-09-16,cartimar,pechay_baguio,55,50,70,market,6
2024-09-23,cartimar,pechay_baguio,53.33,50,60,market,6
2024-09-30,cartimar,pechay_baguio,63,60,70,market,5
2024-10-07,cartimar,pechay_baguio,90.5,80,100,market,5
2024-10-14,cartimar,pechay_baguio,95.83,85,100,market,6
2024-10-21,cartimar,pechay_baguio,90,80,100,market,3
2024-10-28,cartimar,pechay_baguio,90,80,100,market,4
2024-11-04,cartimar,pechay_baguio,88.33,80,100,market,6
2024-11-11,cartimar,pechay_baguio,76.5,60,100,market,5
2024-11-18,cartimar,pechay_baguio,67.5,55,80,market,5
2024-11-25,cartimar,pechay_baguio,77.5,55,90,market,6
2024-12-02,cartimar,pechay_baguio,76.88,55,100,market,4
2024-12-09,cartimar,pechay_baguio,69.5,50,90,market,5
2024-12-16,cartimar,pechay_baguio,64,50,70,market,5
2024-12-23,cartimar,pechay_baguio,65,60,70,market,5
2024-12-30,cartimar,pechay_baguio,78.33,50,90,market,3
2025-01-06,cartimar,pechay_baguio,52.5,35,70,market,5
2025-01-13,cartimar,pechay_baguio,80,35,350,market,5
2025-01-20,cartimar,pechay_baguio,56.25,40,70,market,4
2025-01-27,cartimar,pechay_baguio,53.5,40,70,market,5
2025-02-03,cartimar,pechay_baguio,56.5,45,70,market,5
2026-08-17,cartimar,pechay_baguio,94.5,65,150,market,4
2026-08-24,cartimar,pechay_baguio,121,120,130,market,5
2026-08-31,cartimar,pechay_baguio,164,140,200,market,5
2026-09-07,cartimar,pechay_baguio,200,200,200,market,5
2026-09-14,cartimar,pechay_baguio,235.4,180,250,market,5
2026-09-21,cartimar,pechay_baguio,207.25,180,249,market,4
2026-09-28,cartimar,pechay_baguio,164,130,190,market,5
2026-08-17,cartimar,potato,142.5,110,170,market,4
2026-08-24,cartimar,potato,133,110,160,market,5
2026-08-31,cartimar,potato,148,130,180,market,5
2026-09-07,cartimar,potato,174,150,180,market,5
2026-09-14,cartimar,potato,132,130,140,market,5
2026-09-21,cartimar,potato,146.25,140,160,market,4
2026-09-28,cartimar,potato,148,140,155,market,5
2023-11-06,cartimar,red_onion_local,127,100,160,market,5
2023-11-13,cartimar,red_onion_local,134,100,155,market,5
2023-11-20,cartimar,red_onion_local,154.5,120,200,market,5
2023-11-27,cartimar,red_onion_local,157.5,120,200,market,4
2023-12-04,cartimar,red_onion_local,146.25,120,200,market,4
2023-12-11,cartimar,red_onion_local,146.88,120,180,market,4
2023-12-18,cartimar,red_onion_local,145,120,180,market,5
2023-12-25,cartimar,red_onion_local,145,120,170,market,4
2024-01-01,cartimar,red_onion_local,147.5,140,160,market,4
2024-01-08,cartimar,red_onion_local,143.75,100,180,market,4
2024-01-15,cartimar,red_onion_local,157,140,170,market,5
2024-01-22,cartimar,red_onion_local,135,110,160,market,5
2024-01-29,cartimar,red_onion_local,122,100,130,market,5
2024-02-05,cartimar,red_onion_local,126,120,130,market,5
2024-02-12,cartimar,red_onion_local,120,110,130,market,5
2024-02-19,cartimar,red_onion_local,119,100,130,market,5
2024-02-26,cartimar,red_onion_local,96,90,100,market,5
2024-03-04,cartimar,red_onion_local,96,90,100,market,5
2024-03-11,cartimar,red_onion_local,95,90,100,market,4
2024-03-18,cartimar,red_onion_local,90,70,100,market,5
2024-03-25,cartimar,red_onion_local,86.67,80,100,market,3
2024-04-01,cartimar,red_onion_local,85,80,90,market,5
2024-04-08,cartimar,red_onion_local,88.33,80,100,market,3
2024-04-15,cartimar,red_onion_local,88.33,80,100,market,3
2024-04-22,cartimar,red_onion_local,86.67,80,100,market,6
2024-04-29,cartimar,red_onion_local,90,80,100,market,6
2024-05-06,cartimar,red_onion_local,90,80,100,market,5
2024-05-13,cartimar,red_onion_local,90,80,100,market,6
2024-05-20,cartimar,red_onion_local,94.17,80,100,market,6
2024-05-27,cartimar,red_onion_local,95,90,100,market,6
2024-06-03,cartimar,red_onion_local,95,90,100,market,5
2024-06-10,cartimar,red_onion_local,95,90,100,market,6
2024-06-17,cartimar,red_onion_local,95,90,100,market,6
2024-06-24,cartimar,red_onion_local,95,90,100,market,6
2024-07-01,cartimar,red_onion_local,105,90,120,market,6
2024-07-08,cartimar,red_onion_local,105,90,120,market,5
2024-07-15,cartimar,red_onion_local,105,90,120,market,6
2024-07-22,cartimar,red_onion_local,105,90,120,market,3
2024-07-29,cartimar,red_onion_local,105,90,120,market,6
2024-08-05,cartimar,red_onion_local,105,90,120,market,6
2024-08-12,cartimar,red_onion_local,105,90,120,market,6
2024-08-19,cartimar,red_onion_local,98,90,120,market,5
2024-08-26,cartimar,red_onion_local,99,90,110,market,5
2024-09-02,cartimar,red_onion_local,117,100,120,market,5
2024-09-09,cartimar,red_onion_local,120,120,120,market,5
2024-09-16,cartimar,red_onion_local,120,120,120,market,6
2024-09-23,cartimar,red_onion_local,120,120,120,market,6
2024-09-30,cartimar,red_onion_local,120,120,120,market,5
2024-10-07,cartimar,red_onion_local,120,120,120,market,5
2024-10-14,cartimar,red_onion_local,120,120,120,market,6
2024-10-21,cartimar,red_onion_local,120,120,120,market,3
2024-10-28,cartimar,red_onion_local,120,120,120,market,4
2024-11-04,cartimar,red_onion_local,120,120,120,market,6
2024-11-11,cartimar,red_onion_local,120,120,120,market,5
2024-11-18,cartimar,red_onion_local,120,120,120,market,5
2024-11-25,cartimar,red_onion_local,116.67,100,120,market,6
2024-12-02,cartimar,red_onion_local,110,100,120,market,4
2024-12-09,cartimar,red_onion_local,110,100,120,market,5
2024-12-16,cartimar,red_onion_local,110,100,120,market,5
2024-12-23,cartimar,red_onion_local,110,100,120,market,5
2024-12-30,cartimar,red_onion_local,110,100,120,market,3
2025-01-06,cartimar,red_onion_local,110,100,120,market,5
2025-01-13,cartimar,red_onion_local,125,120,130,market,5
2025-01-20,cartimar,red_onion_local,110,80,120,market,4
2025-01-27,cartimar,red_onion_local,119,100,130,market,5
2025-02-03,cartimar,red_onion_local,145.83,110,180,market,6
2025-02-10,cartimar,red_onion_local,120,120,120,market,3
2025-02-17,cartimar,red_onion_local,148.33,120,190,market,6
2025-02-24,cartimar,red_onion_local,162,130,190,market,5
2025-03-03,cartimar,red_onion_local,155,130,180,market,6
2025-03-10,cartimar,red_onion_local,138.33,120,180,market,6
2025-03-17,cartimar,red_onion_local,92.5,85,100,market,6
2025-03-24,cartimar,red_onion_local,107.5,85,130,market,6
2025-03-31,cartimar,red_onion_local,107.5,85,130,market,4
2025-04-07,cartimar,red_onion_local,109,85,130,market,5
2025-04-14,cartimar,red_onion_local,110,90,130,market,3
2025-04-21,cartimar,red_onion_local,105,90,120,market,6
2025-04-28,cartimar,red_onion_local,107,90,120,market,5
2025-05-05,cartimar,red_onion_local,110,100,120,market,6
2025-05-12,cartimar,red_onion_local,110,100,120,market,5
2025-05-19,cartimar,red_onion_local,110,100,120,market,5
2025-05-26,cartimar,red_onion_local,125,120,130,market,6
2025-06-02,cartimar,red_onion_local,125,120,130,market,5
2025-06-09,cartimar,red_onion_local,125,120,130,market,6
2025-06-16,cartimar,red_onion_local,131.25,120,180,market,4
2025-06-23,cartimar,red_onion_local,125,120,130,market,6
2025-06-30,cartimar,red_onion_local,125,120,130,market,6
2025-07-07,cartimar,red_onion_local,125,120,130,market,6
2025-07-14,cartimar,red_onion_local,145,140,150,market,5
2025-07-21,cartimar,red_onion_local,145,140,150,market,3
2025-07-28,cartimar,red_onion_local,145,140,150,market,5
2025-08-04,cartimar,red_onion_local,145,140,150,market,6
2025-08-11,cartimar,red_onion_local,145,140,150,market,6
2025-08-18,cartimar,red_onion_local,153,140,160,market,5
2025-08-25,cartimar,red_onion_local,155,150,160,market,4
2025-09-01,cartimar,red_onion_local,155,150,160,market,5
2025-09-08,cartimar,red_onion_local,155,150,160,market,6
2025-09-15,cartimar,red_onion_local,155,150,160,market,6
2025-09-22,cartimar,red_onion_local,143,110,160,market,5
2025-09-29,cartimar,red_onion_local,150,140,160,market,4
2025-10-06,cartimar,red_onion_local,150,140,160,market,6
2025-10-13,cartimar,red_onion_local,150,140,160,market,6
2025-10-20,cartimar,red_onion_local,150,140,160,market,6
2025-10-27,cartimar,red_onion_local,150,140,160,market,6
2025-11-03,cartimar,red_onion_local,170,140,200,market,5
2025-11-10,cartimar,red_onion_local,200,200,200,market,5
2025-11-17,cartimar,red_onion_local,200,200,200,market,6
2025-11-24,cartimar,red_onion_local,200,200,200,market,6
2025-12-01,cartimar,red_onion_local,200,200,200,market,3
2026-02-16,cartimar,red_onion_local,150,150,150,market,3
2026-02-23,cartimar,red_onion_local,150,150,150,market,5
2026-03-02,cartimar,red_onion_local,150,150,150,market,3
2026-03-09,cartimar,red_onion_local,112.5,100,150,market,6
2026-03-16,cartimar,red_onion_local,131.67,100,150,market,6
2026-03-23,cartimar,red_onion_local,145,140,150,market,5
2026-03-30,cartimar,red_onion_local,124,110,150,market,5
2026-04-06,cartimar,red_onion_local,115,110,120,market,6
2026-04-13,cartimar,red_onion_local,115,110,120,market,6
2026-04-20,cartimar,red_onion_local,115,110,120,market,6
2026-04-27,cartimar,red_onion_local,115,110,120,market,6
2026-05-04,cartimar,red_onion_local,115,110,120,market,6
2026-05-11,cartimar,red_onion_local,115,110,120,market,6
2026-05-18,cartimar,red_onion_local,115.83,110,120,market,6
2026-05-25,cartimar,red_onion_local,120,120,120,market,6
2026-06-01,cartimar,red_onion_local,120,120,120,market,6
2026-06-08,cartimar,red_onion_local,120,120,120,market,6
2026-06-15,cartimar,red_onion_local,120,120,120,market,6
2026-06-22,cartimar,red_onion_local,111.25,85,120,market,6
2026-06-29,cartimar,red_onion_local,103.75,85,120,market,4
2026-07-06,cartimar,red_onion_local,105,90,120,market,5
2026-07-13,cartimar,red_onion_local,105,90,120,market,5
2026-07-20,cartimar,red_onion_local,110,100,120,market,5
2026-07-27,cartimar,red_onion_local,110,100,120,market,5
2026-08-03,cartimar,red_onion_local,110,100,120,market,5
2026-08-10,cartimar,red_onion_local,112,100,120,market,5
2026-08-17,cartimar,red_onion_local,110,100,120,market,5
2026-08-24,cartimar,red_onion_local,116,100,120,market,5
2026-08-31,cartimar,red_onion_local,118,110,120,market,5
2026-09-07,cartimar,red_onion_local,112,110,120,market,5
2026-09-14,cartimar,red_onion_local,118,110,120,market,5
2026-09-21,cartimar,red_onion_local,120,120,120,market,4
2026-09-28,cartimar,red_onion_local,110,110,110,market,5
2023-11-06,cartimar,tilapia,155,120,180,market,5
2023-11-13,cartimar,tilapia,144,130,150,market,5
2023-11-20,cartimar,tilapia,151,140,160,market,5
2023-11-27,cartimar,tilapia,150,140,160,market,4
2023-12-04,cartimar,tilapia,154,140,180,market,5
2023-12-11,cartimar,tilapia,155,150,160,market,4
2023-12-18,cartimar,tilapia,151,140,160,market,5
2023-12-25,cartimar,tilapia,147.5,140,160,market,4
2024-01-01,cartimar,tilapia,145,140,150,market,4
2024-01-08,cartimar,tilapia,150,140,160,market,4
2024-01-15,cartimar,tilapia,152,140,160,market,5
2024-01-22,cartimar,tilapia,159,150,170,market,5
2024-01-29,cartimar,tilapia,157,150,170,market,5
2024-02-05,cartimar,tilapia,150,140,160,market,5
2024-02-12,cartimar,tilapia,150,140,160,market,5
2024-02-19,cartimar,tilapia,150,140,160,market,5
2024-02-26,cartimar,tilapia,150,140,160,market,5
2024-03-04,cartimar,tilapia,150,140,160,market,5
2024-03-11,cartimar,tilapia,158.75,150,190,market,4
2024-03-18,cartimar,tilapia,155,150,160,market,5
2024-03-25,cartimar,tilapia,150,140,160,market,3
2024-04-01,cartimar,tilapia,150,140,160,market,5
2024-04-08,cartimar,tilapia,146.67,130,160,market,3
2024-04-15,cartimar,tilapia,146.67,130,160,market,3
2024-04-22,cartimar,tilapia,155,150,160,market,6
2024-04-29,cartimar,tilapia,155,150,160,market,6
2024-05-06,cartimar,tilapia,155,150,160,market,5
2024-05-13,cartimar,tilapia,155,150,160,market,6
2024-05-20,cartimar,tilapia,155,150,160,market,6
2024-05-27,cartimar,tilapia,155,150,160,market,6
2024-06-03,cartimar,tilapia,155,150,160,market,5
2024-06-10,cartimar,tilapia,155,150,160,market,6
2024-06-17,cartimar,tilapia,155,150,160,market,6
2024-06-24,cartimar,tilapia,155,150,160,market,6
2024-07-01,cartimar,tilapia,155,150,160,market,6
2024-07-08,cartimar,tilapia,155,150,160,market,5
2024-07-15,cartimar,tilapia,155,150,160,market,6
2024-07-22,cartimar,tilapia,155,150,160,market,4
2024-07-29,cartimar,tilapia,155,150,160,market,6
2024-08-05,cartimar,tilapia,155,150,160,market,6
2024-08-12,cartimar,tilapia,155,150,160,market,6
2024-08-19,cartimar,tilapia,147,110,160,market,5
2024-08-26,cartimar,tilapia,155,150,160,market,5
2024-09-02,cartimar,tilapia,155,150,160,market,5
2024-09-09,cartimar,tilapia,155,150,160,market,5
2024-09-16,cartimar,tilapia,155,150,160,market,6
2024-09-23,cartimar,tilapia,155.83,150,160,market,6
2024-09-30,cartimar,tilapia,155,150,160,market,5
2024-10-07,cartimar,tilapia,160,150,180,market,5
2024-10-14,cartimar,tilapia,175,170,180,market,6
2024-10-21,cartimar,tilapia,175,170,180,market,3
2024-10-28,cartimar,tilapia,175,170,180,market,4
2024-11-04,cartimar,tilapia,175.83,170,180,market,6
2024-11-11,cartimar,tilapia,175,170,180,market,5
2024-11-18,cartimar,tilapia,175,170,180,market,5
2024-11-25,cartimar,tilapia,175,170,180,market,6
2024-12-02,cartimar,tilapia,175,170,180,market,4
2024-12-09,cartimar,tilapia,175,170,180,market,5
2024-12-16,cartimar,tilapia,175,170,180,market,5
2024-12-23,cartimar,tilapia,175,170,180,market,5
2024-12-30,cartimar,tilapia,175,170,180,market,3
2025-01-06,cartimar,tilapia,173,150,180,market,5
2025-01-13,cartimar,tilapia,175,170,180,market,5
2025-01-20,cartimar,tilapia,137.5,135,140,market,4
2025-01-27,cartimar,tilapia,137,130,140,market,5
2025-02-03,cartimar,tilapia,142.5,130,180,market,6
2025-02-10,cartimar,tilapia,175,170,180,market,3
2025-02-17,cartimar,tilapia,175,170,180,market,6
2025-02-24,cartimar,tilapia,175,170,180,market,5
2025-03-03,cartimar,tilapia,175,170,180,market,6
2025-03-10,cartimar,tilapia,175,170,180,market,6
2025-03-17,cartimar,tilapia,175,170,180,market,6
2025-03-24,cartimar,tilapia,175,170,180,market,6
2025-03-31,cartimar,tilapia,175,170,180,market,4
2025-04-07,cartimar,tilapia,175,170,180,market,5
2025-04-14,cartimar,tilapia,175,170,180,market,3
2025-04-21,cartimar,tilapia,175,170,180,market,6
2025-04-28,cartimar,tilapia,175,170,180,market,5
2025-05-05,cartimar,tilapia,175,170,180,market,6
2025-05-12,cartimar,tilapia,175,170,180,market,5
2025-05-19,cartimar,tilapia,175,170,180,market,5
2025-05-26,cartimar,tilapia,175,170,180,market,6
2025-06-02,cartimar,tilapia,175,170,180,market,5
2025-06-09,cartimar,tilapia,175,170,180,market,6
2025-06-16,cartimar,tilapia,175,170,180,market,4
2025-06-23,cartimar,tilapia,175,170,180,market,6
2025-06-30,cartimar,tilapia,166.67,160,180,market,6
2025-07-07,cartimar,tilapia,165,160,170,market,6
2025-07-14,cartimar,tilapia,165,160,170,market,5
2025-07-21,cartimar,tilapia,165,160,170,market,3
2025-07-28,cartimar,tilapia,165,160,170,market,5
2025-08-04,cartimar,tilapia,156.67,150,170,market,6
2025-08-11,cartimar,tilapia,155,150,160,market,6
2025-08-18,cartimar,tilapia,155,150,160,market,5
2025-08-25,cartimar,tilapia,155,150,160,market,4
2025-09-01,cartimar,tilapia,155,150,160,market,5
2025-09-08,cartimar,tilapia,155,150,160,market,6
2025-09-15,cartimar,tilapia,161.67,150,170,market,6
2025-09-22,cartimar,tilapia,188,160,280,market,5
2025-09-29,cartimar,tilapia,165,160,170,market,4
2025-10-06,cartimar,tilapia,165,160,170,market,6
2025-10-13,cartimar,tilapia,165,160,170,market,6
2025-10-20,cartimar,tilapia,165,160,170,market,6
2025-10-27,cartimar,tilapia,165,160,170,market,6
2025-11-03,cartimar,tilapia,188,160,280,market,5
2025-11-10,cartimar,tilapia,165,160,170,market,5
2025-11-17,cartimar,tilapia,165,160,170,market,6
2025-11-24,cartimar,tilapia,165,160,170,market,6
2025-12-01,cartimar,tilapia,165,160,170,market,3
2025-12-08,cartimar,tilapia,165,160,170,market,5
2025-12-15,cartimar,tilapia,165,160,170,market,6
2025-12-22,cartimar,tilapia,165,160,170,market,6
2025-12-29,cartimar,tilapia,165,160,170,market,5
2026-01-05,cartimar,tilapia,165,160,170,market,6
2026-01-12,cartimar,tilapia,165,160,170,market,6
2026-01-19,cartimar,tilapia,165,160,170,market,6
2026-01-26,cartimar,tilapia,165,160,170,market,6
2026-02-02,cartimar,tilapia,165,160,170,market,6
2026-02-09,cartimar,tilapia,165,160,170,market,6
2026-02-16,cartimar,tilapia,165,160,170,market,6
2026-02-23,cartimar,tilapia,165,160,170,market,5
2026-06-22,cartimar,tilapia,165,150,180,market,4
2026-06-29,cartimar,tilapia,180,180,180,market,4
2026-07-06,cartimar,tilapia,180,180,180,market,5
2026-07-13,cartimar,tilapia,180,180,180,market,5
2026-07-20,cartimar,tilapia,180,180,180,market,5
2026-07-27,cartimar,tilapia,180,180,180,market,5
2026-08-03,cartimar,tilapia,180,180,180,market,5
2026-08-10,cartimar,tilapia,180,180,180,market,5
2026-08-17,cartimar,tilapia,180,180,180,market,5
2026-08-24,cartimar,tilapia,180,180,180,market,5
2026-08-31,cartimar,tilapia,180,180,180,market,5
2026-09-07,cartimar,tilapia,180,180,180,market,5
2026-09-14,cartimar,tilapia,180,180,180,market,5
2026-09-21,cartimar,tilapia,180,180,180,market,4
2026-09-28,cartimar,tilapia,180,180,180,market,5
2023-11-06,cartimar,tomato,120,100,140,market,5
2023-11-13,cartimar,tomato,91,80,110,market,5
2023-11-20,cartimar,tomato,84.5,75,100,market,5
2023-11-27,cartimar,tomato,80.62,70,85,market,4
2023-12-04,cartimar,tomato,75.5,70,85,market,5
2023-12-11,cartimar,tomato,71.88,60,80,market,4
2023-12-18,cartimar,tomato,67,50,80,market,5
2023-12-25,cartimar,tomato,80,70,90,market,4
2024-01-01,cartimar,tomato,87.5,80,100,market,4
2024-01-08,cartimar,tomato,78.75,60,90,market,4
2024-01-15,cartimar,tomato,80.5,70,100,market,5
2024-01-22,cartimar,tomato,111,30,140,market,5
2024-01-29,cartimar,tomato,130,120,140,market,5
2024-02-05,cartimar,tomato,125,110,140,market,5
2024-02-12,cartimar,tomato,120,100,140,market,5
2024-02-19,cartimar,tomato,112,95,140,market,5
2024-02-26,cartimar,tomato,116,100,140,market,5
2024-03-04,cartimar,tomato,85,80,90,market,5
2024-03-11,cartimar,tomato,88.12,75,100,market,4
2024-03-18,cartimar,tomato,77,70,90,market,5
2024-03-25,cartimar,tomato,75,70,80,market,3
2024-04-01,cartimar,tomato,74,60,80,market,5
2024-04-08,cartimar,tomato,71.67,60,80,market,3
2024-04-15,cartimar,tomato,70.83,60,80,market,3
2024-04-22,cartimar,tomato,78.33,70,90,market,6
2024-04-29,cartimar,tomato,78.33,70,90,market,6
2024-05-06,cartimar,tomato,75,70,80,market,5
2024-05-13,cartimar,tomato,71.67,60,80,market,6
2024-05-20,cartimar,tomato,76.25,60,85,market,6
2024-05-27,cartimar,tomato,85.42,75,100,market,6
2024-06-03,cartimar,tomato,81,70,90,market,5
2024-06-10,cartimar,tomato,85.83,75,100,market,6
2024-06-17,cartimar,tomato,102.5,90,120,market,6
2024-06-24,cartimar,tomato,133.33,110,150,market,6
2024-07-01,cartimar,tomato,163.33,130,200,market,6
2024-07-08,cartimar,tomato,185,160,200,market,5
2024-07-15,cartimar,tomato,193.33,170,210,market,6
2024-07-22,cartimar,tomato,185,170,200,market,4
2024-07-29,cartimar,tomato,191.67,170,230,market,6
2024-08-05,cartimar,tomato,126.67,100,160,market,6
2024-08-12,cartimar,tomato,95.83,80,110,market,6
2024-08-19,cartimar,tomato,88.5,70,110,market,5
2024-08-26,cartimar,tomato,93,80,100,market,5
2024-09-02,cartimar,tomato,91,90,100,market,5
2024-09-09,cartimar,tomato,90,80,100,market,5
2024-09-16,cartimar,tomato,95,80,110,market,6
2024-09-23,cartimar,tomato,85.42,80,90,market,6
2024-09-30,cartimar,tomato,86,80,90,market,5
2024-10-07,cartimar,tomato,88,80,100,market,5
2024-10-14,cartimar,tomato,156.67,100,200,market,6
2024-10-21,cartimar,tomato,145,130,160,market,3
2024-10-28,cartimar,tomato,181.25,150,200,market,4
2024-11-04,cartimar,tomato,175,160,190,market,6
2024-11-11,cartimar,tomato,180,150,230,market,5
2024-11-18,cartimar,tomato,208,180,240,market,5
2024-11-25,cartimar,tomato,195,170,220,market,6
2024-12-02,cartimar,tomato,200,160,240,market,4
2024-12-09,cartimar,tomato,236,200,260,market,5
2024-12-16,cartimar,tomato,226,200,260,market,5
2024-12-23,cartimar,tomato,247,220,270,market,5
2024-12-30,cartimar,tomato,283.33,260,320,market,3
2025-01-06,cartimar,tomato,258,220,300,market,5
2025-01-13,cartimar,tomato,203,180,230,market,5
2025-01-20,cartimar,tomato,105,70,150,market,4
2025-01-27,cartimar,tomato,74,50,100,market,5
2025-02-03,cartimar,tomato,55.83,40,100,market,6
2025-02-10,cartimar,tomato,81.67,60,90,market,3
2025-02-17,cartimar,tomato,65,55,80,market,6
2025-02-24,cartimar,tomato,60.5,50,70,market,5
2025-03-03,cartimar,tomato,54.17,45,60,market,6
2025-03-10,cartimar,tomato,57.5,50,70,market,6
2025-03-17,cartimar,tomato,57.5,50,65,market,6
2025-03-24,cartimar,tomato,57.5,50,65,market,6
2025-03-31,cartimar,tomato,65,60,70,market,4
2025-04-07,cartimar,tomato,65,60,70,market,5
2025-04-14,cartimar,tomato,62.5,60,65,market,3
2025-04-21,cartimar,tomato,73.33,70,80,market,6
2025-04-28,cartimar,tomato,73,60,80,market,5
2025-05-05,cartimar,tomato,70,60,80,market,6
2025-05-12,cartimar,tomato,70,60,80,market,5
2025-05-19,cartimar,tomato,87,80,100,market,5
2025-05-26,cartimar,tomato,78.33,70,90,market,6
2025-06-02,cartimar,tomato,73,70,80,market,5
2025-06-09,cartimar,tomato,71.25,65,80,market,6
2025-06-16,cartimar,tomato,70,70,70,market,4
2025-06-23,cartimar,tomato,70,70,70,market,6
2025-06-30,cartimar,tomato,67.92,65,70,market,6
2025-07-07,cartimar,tomato,69.58,65,70,market,6
2025-07-14,cartimar,tomato,69.5,65,70,market,5
2025-07-21,cartimar,tomato,71.67,70,80,market,3
2025-07-28,cartimar,tomato,84,80,95,market,5
2025-08-04,cartimar,tomato,81.25,70,95,market,6
2025-08-11,cartimar,tomato,77.5,70,80,market,6
2025-08-18,cartimar,tomato,107,80,120,market,5
2025-08-25,cartimar,tomato,112.5,100,120,market,4
2025-09-01,cartimar,tomato,150,120,160,market,5
2025-09-08,cartimar,tomato,140,120,160,market,6
2025-09-15,cartimar,tomato,130.83,110,150,market,6
2025-09-22,cartimar,tomato,156,100,190,market,5
2025-09-29,cartimar,tomato,192.5,170,220,market,4
2025-10-06,cartimar,tomato,158.33,140,180,market,6
2025-10-13,cartimar,tomato,120.83,120,130,market,6
2025-10-20,cartimar,tomato,125,120,130,market,6
2025-10-27,cartimar,tomato,125.83,120,130,market,6
2025-11-03,cartimar,tomato,120,120,120,market,5
2025-11-10,cartimar,tomato,154,120,170,market,5
2025-11-17,cartimar,tomato,138.33,130,160,market,6
2025-11-24,cartimar,tomato,137.5,120,140,market,6
2025-12-01,cartimar,tomato,140,140,140,market,3
2025-12-08,cartimar,tomato,140,140,140,market,5
2025-12-15,cartimar,tomato,142.5,140,160,market,6
2025-12-22,cartimar,tomato,172.5,150,180,market,6
2025-12-29,cartimar,tomato,245,220,260,market,5
2026-01-05,cartimar,tomato,212.5,190,220,market,6
2026-01-12,cartimar,tomato,190,170,220,market,6
2026-01-19,cartimar,tomato,150,140,160,market,6
2026-01-26,cartimar,tomato,124.17,100,140,market,6
2026-02-02,cartimar,tomato,95,80,100,market,6
2026-02-09,cartimar,tomato,85,80,90,market,6
2026-02-16,cartimar,tomato,85,80,90,market,6
2026-02-23,cartimar,tomato,85,80,90,market,5
2026-03-02,cartimar,tomato,80,80,80,market,4
2026-03-09,cartimar,tomato,65.83,50,80,market,6
2026-03-16,cartimar,tomato,73.33,50,90,market,6
2026-03-23,cartimar,tomato,85,80,90,market,5
2026-03-30,cartimar,tomato,75,70,80,market,5
2026-04-06,cartimar,tomato,75,70,80,market,6
2026-04-13,cartimar,tomato,71.25,65,80,market,6
2026-04-20,cartimar,tomato,67.5,65,70,market,6
2026-04-27,cartimar,tomato,71.25,65,80,market,6
2026-05-04,cartimar,tomato,75,70,80,market,6
2026-05-11,cartimar,tomato,75.83,70,80,market,6
2026-05-18,cartimar,tomato,75.83,60,80,market,6
2026-05-25,cartimar,tomato,72.5,60,80,market,6
2026-06-01,cartimar,tomato,75,70,80,market,6
2026-06-08,cartimar,tomato,75,70,80,market,6
2026-06-15,cartimar,tomato,75,70,80,market,6
2026-06-22,cartimar,tomato,80.83,70,100,market,6
2026-06-29,cartimar,tomato,85,80,90,market,4
2026-07-06,cartimar,tomato,119,100,130,market,5
2026-07-13,cartimar,tomato,119.5,110,130,market,5
2026-07-20,cartimar,tomato,120,110,130,market,5
2026-07-27,cartimar,tomato,124,110,130,market,5
2026-08-03,cartimar,tomato,115,100,130,market,5
2026-08-10,cartimar,tomato,126,110,140,market,5
2026-08-17,cartimar,tomato,135,120,150,market,5
2026-08-24,cartimar,tomato,120,110,140,market,5
2026-08-31,cartimar,tomato,112,110,120,market,5
2026-09-07,cartimar,tomato,123,120,130,market,5
2026-09-14,cartimar,tomato,129,120,140,market,5
2026-09-21,cartimar,tomato,143.75,140,150,market,4
2026-09-28,cartimar,tomato,135,120,150,market,5
2026-08-17,cartimar,white_onion_local,172.5,160,185,market,4
2026-08-24,cartimar,white_onion_local,176.4,150,194,market,5
2026-08-31,cartimar,white_onion_local,160,160,160,market,5
2026-09-07,cartimar,white_onion_local,160,160,160,market,5
2026-09-14,cartimar,white_onion_local,166.8,160,194,market,5
2026-09-21,cartimar,white_onion_local,183.12,160,200,market,4
2026-09-28,cartimar,white_onion_local,217.5,200,250,market,5
2020-11-16,ncr,alumahan,253.33,240,320,prevailing,3
2020-11-23,ncr,alumahan,248,240,320,prevailing,5
2020-11-30,ncr,alumahan,280,260,360,prevailing,4
2020-12-07,ncr,alumahan,290,240,360,prevailing,4
2020-12-14,ncr,alumahan,260,240,320,prevailing,4
2020-12-21,ncr,alumahan,280,200,360,prevailing,2
2020-12-28,ncr,alumahan,350,320,360,prevailing,2
2021-01-04,ncr,alumahan,363.33,300,390,prevailing,3
2021-01-11,ncr,alumahan,356,240,390,prevailing,5
2021-01-18,ncr,alumahan,324,250,380,prevailing,5
2021-01-25,ncr,alumahan,292,200,360,prevailing,5
2021-02-01,ncr,alumahan,320,240,380,prevailing,4
2021-02-08,ncr,alumahan,284,200,380,prevailing,5
2021-02-15,ncr,alumahan,280,200,320,prevailing,5
2021-02-22,ncr,alumahan,345,300,360,prevailing,4
2021-03-01,ncr,alumahan,300,260,320,prevailing,1
2021-03-08,ncr,alumahan,300,200,340,prevailing,5
2021-03-15,ncr,alumahan,284,200,360,prevailing,5
2021-03-22,ncr,alumahan,288,200,300,prevailing,5
2021-04-05,ncr,alumahan,300,300,360,prevailing,3
2021-04-12,ncr,alumahan,290,260,320,prevailing,2
2021-04-19,ncr,alumahan,265,200,360,prevailing,4
2021-04-26,ncr,alumahan,320,240,340,prevailing,1
2021-05-03,ncr,alumahan,280,280,360,prevailing,2
2021-05-10,ncr,alumahan,300,240,360,prevailing,1
2021-05-17,ncr,alumahan,273.33,240,360,prevailing,3
2021-05-24,ncr,alumahan,277.5,200,360,prevailing,4
2021-05-31,ncr,alumahan,320,320,320,prevailing,1
2021-06-07,ncr,alumahan,280,240,320,prevailing,1
2021-06-14,ncr,alumahan,248,180,320,prevailing,5
2021-06-21,ncr,alumahan,245,240,340,prevailing,4
2021-06-28,ncr,alumahan,240,240,300,prevailing,5
2021-07-05,ncr,alumahan,245,240,340,prevailing,4
2021-07-12,ncr,alumahan,240,240,340,prevailing,5
2021-07-19,ncr,alumahan,256,200,360,prevailing,5
2021-07-26,ncr,alumahan,310,300,380,prevailing,4
2021-08-02,ncr,alumahan,318,240,380,prevailing,5
2021-08-09,ncr,alumahan,272,240,360,prevailing,5
2021-08-16,ncr,alumahan,252,240,360,prevailing,5
2021-08-23,ncr,alumahan,286.67,240,300,prevailing,3
2021-08-30,ncr,alumahan,280,240,300,prevailing,5
2021-09-06,ncr,alumahan,250,,,prevailing,5
2021-09-13,ncr,alumahan,288,,,prevailing,5
2021-09-20,ncr,alumahan,268,,,prevailing,5
2021-09-27,ncr,alumahan,280,,,prevailing,5
2021-10-04,ncr,alumahan,260,,,prevailing,3
2021-10-11,ncr,alumahan,272,,,prevailing,5
2021-10-18,ncr,alumahan,298,,,prevailing,5
2021-10-25,ncr,alumahan,300,,,prevailing,1
2022-01-03,ncr,alumahan,325,,,prevailing,4
2022-01-10,ncr,alumahan,314,,,prevailing,5
2022-01-17,ncr,alumahan,325,,,prevailing,4
2022-01-24,ncr,alumahan,304,,,prevailing,5
2022-01-31,ncr,alumahan,308,,,prevailing,5
2022-02-07,ncr,alumahan,324,,,prevailing,5
2022-02-14,ncr,alumahan,302.5,,,prevailing,4
2022-02-21,ncr,alumahan,304,,,prevailing,5
2022-02-28,ncr,alumahan,298,,,prevailing,5
2022-03-07,ncr,alumahan,302,,,prevailing,5
2022-03-14,ncr,alumahan,298,,,prevailing,5
2022-03-21,ncr,alumahan,316,,,prevailing,5
2022-03-28,ncr,alumahan,296,,,prevailing,5
2022-04-04,ncr,alumahan,298,,,prevailing,5
2022-04-11,ncr,alumahan,290,,,prevailing,3
2022-04-18,ncr,alumahan,319,,,prevailing,5
2022-04-25,ncr,alumahan,284,,,prevailing,5
2022-05-02,ncr,alumahan,272,,,prevailing,5
2022-05-09,ncr,alumahan,287.5,,,prevailing,4
2022-05-16,ncr,alumahan,306,,,prevailing,5
2022-05-23,ncr,alumahan,298,,,prevailing,5
2022-05-30,ncr,alumahan,284,,,prevailing,5
2022-06-06,ncr,alumahan,268,,,prevailing,5
2022-06-13,ncr,alumahan,290,,,prevailing,5
2022-06-20,ncr,alumahan,292,,,prevailing,5
2022-06-27,ncr,alumahan,300,,,prevailing,5
2022-07-04,ncr,alumahan,304,,,prevailing,5
2022-07-11,ncr,alumahan,312,,,prevailing,5
2022-07-18,ncr,alumahan,300,,,prevailing,5
2022-07-25,ncr,alumahan,284,,,prevailing,5
2022-08-01,ncr,alumahan,302,,,prevailing,5
2022-08-08,ncr,alumahan,298,,,prevailing,5
2022-08-15,ncr,alumahan,300,,,prevailing,5
2022-08-22,ncr,alumahan,292,,,prevailing,5
2022-08-29,ncr,alumahan,276,,,prevailing,5
2022-09-05,ncr,alumahan,296,,,prevailing,5
2022-09-12,ncr,alumahan,320,,,prevailing,4
2022-09-19,ncr,alumahan,315,,,prevailing,4
2022-09-26,ncr,alumahan,300,,,prevailing,5
2022-10-03,ncr,alumahan,304,,,prevailing,5
2022-10-10,ncr,alumahan,300,,,prevailing,5
2022-10-17,ncr,alumahan,308,,,prevailing,5
2022-10-24,ncr,alumahan,302,,,prevailing,5
2022-10-31,ncr,alumahan,285,,,prevailing,4
2022-11-07,ncr,alumahan,308,,,prevailing,5
2022-11-14,ncr,alumahan,302,,,prevailing,5
2022-11-21,ncr,alumahan,301.5,,,prevailing,5
2022-11-28,ncr,alumahan,300,,,prevailing,5
2022-12-05,ncr,alumahan,312,,,prevailing,5
2022-12-12,ncr,alumahan,310,,,prevailing,5
2022-12-19,ncr,alumahan,342,,,prevailing,5
2022-12-26,ncr,alumahan,322.5,270,360,prevailing,4
2023-01-02,ncr,alumahan,322.5,250,360,midpoint,4
2023-01-09,ncr,alumahan,358,240,400,midpoint,5
2023-01-16,ncr,alumahan,330,280,360,midpoint,5
2023-01-23,ncr,alumahan,352.5,320,380,midpoint,4
2023-01-30,ncr,alumahan,350,320,380,midpoint,5
2023-02-06,ncr,alumahan,344,280,380,midpoint,5
2023-02-13,ncr,alumahan,322,240,360,midpoint,5
2023-02-20,ncr,alumahan,346,300,400,midpoint,5
2023-02-27,ncr,alumahan,345,260,400,midpoint,5
2023-03-06,ncr,alumahan,360,360,360,midpoint,2
2023-03-13,ncr,alumahan,360,240,400,midpoint,5
2023-03-20,ncr,alumahan,323,200,400,midpoint,5
2023-03-27,ncr,alumahan,277,200,380,midpoint,5
2023-04-03,ncr,alumahan,316.67,260,360,midpoint,3
2023-04-10,ncr,alumahan,302.5,260,360,midpoint,4
2023-04-17,ncr,alumahan,308,240,400,midpoint,5
2023-04-24,ncr,alumahan,298,260,340,midpoint,5
2023-05-01,ncr,alumahan,315,260,360,midpoint,4
2023-05-08,ncr,alumahan,299,240,360,midpoint,5
2023-05-15,ncr,alumahan,298,220,360,midpoint,5
2023-05-22,ncr,alumahan,300,240,360,midpoint,5
2023-05-29,ncr,alumahan,325,260,360,midpoint,4
2023-06-05,ncr,alumahan,316.67,280,400,midpoint,3
2023-06-12,ncr,alumahan,280,260,300,midpoint,1
2023-06-19,ncr,alumahan,285,200,360,midpoint,4
2023-06-26,ncr,alumahan,295,280,320,midpoint,4
2023-07-03,ncr,alumahan,308,230,360,midpoint,5
2023-07-10,ncr,alumahan,292,240,360,midpoint,5
2023-07-17,ncr,alumahan,314,280,360,midpoint,5
2023-07-24,ncr,alumahan,303.33,260,360,midpoint,3
2023-07-31,ncr,alumahan,330,280,360,midpoint,5
2023-08-07,ncr,alumahan,326,280,360,midpoint,5
2023-08-14,ncr,alumahan,321,260,400,midpoint,5
2023-08-21,ncr,alumahan,307,240,360,midpoint,5
2023-08-28,ncr,alumahan,310,260,360,midpoint,5
2023-09-04,ncr,alumahan,324,280,360,midpoint,5
2023-09-11,ncr,alumahan,302,240,360,midpoint,5
2023-09-18,ncr,alumahan,294,240,390,midpoint,5
2023-09-25,ncr,alumahan,292,260,320,midpoint,5
2023-10-02,ncr,alumahan,326,300,360,midpoint,5
2023-10-09,ncr,alumahan,318,280,360,midpoint,5
2023-10-16,ncr,alumahan,316,280,360,midpoint,5
2023-10-23,ncr,alumahan,318,300,360,midpoint,5
2023-10-30,ncr,alumahan,332.5,280,400,midpoint,4
2023-11-06,ncr,alumahan,289,180,360,midpoint,5
2023-11-13,ncr,alumahan,298,240,380,midpoint,5
2023-11-20,ncr,alumahan,312,200,400,midpoint,5
2023-11-27,ncr,alumahan,295,200,360,midpoint,4
2023-12-04,ncr,alumahan,319,250,380,midpoint,5
2023-12-11,ncr,alumahan,306.25,200,380,midpoint,4
2023-12-18,ncr,alumahan,307,200,390,midpoint,5
2023-12-25,ncr,alumahan,327.5,250,400,midpoint,4
2024-01-01,ncr,alumahan,330,280,400,midpoint,4
2024-01-08,ncr,alumahan,326,220,400,midpoint,5
2024-01-15,ncr,alumahan,322,240,380,midpoint,5
2024-01-22,ncr,alumahan,324,260,380,midpoint,5
2024-01-29,ncr,alumahan,332,240,400,midpoint,5
2024-02-05,ncr,alumahan,321,240,380,midpoint,5
2024-02-12,ncr,alumahan,326,260,400,midpoint,5
2024-02-19,ncr,alumahan,314,240,380,midpoint,5
2024-02-26,ncr,alumahan,308,220,380,midpoint,5
2024-03-04,ncr,alumahan,290,180,380,midpoint,4
2024-03-11,ncr,alumahan,284,150,360,midpoint,5
2024-03-18,ncr,alumahan,310,240,380,midpoint,5
2024-03-25,ncr,alumahan,325,250,400,midpoint,3
2024-04-01,ncr,alumahan,310,240,400,midpoint,5
2024-04-08,ncr,alumahan,273.33,140,360,midpoint,3
2024-04-15,ncr,alumahan,286.67,160,380,midpoint,6
2024-04-22,ncr,alumahan,305,220,380,midpoint,6
2024-04-29,ncr,alumahan,296.67,200,360,midpoint,6
2024-05-06,ncr,alumahan,272.5,150,360,midpoint,6
2024-05-13,ncr,alumahan,290,200,370,midpoint,6
2024-05-20,ncr,alumahan,281.67,180,360,midpoint,6
2024-05-27,ncr,alumahan,295,200,380,midpoint,6
2024-06-03,ncr,alumahan,295.83,200,380,midpoint,6
2024-06-10,ncr,alumahan,290,180,360,midpoint,6
2024-06-17,ncr,alumahan,297.5,220,360,midpoint,6
2024-06-24,ncr,alumahan,308.33,240,360,midpoint,6
2024-07-01,ncr,alumahan,303.33,220,360,midpoint,6
2024-07-08,ncr,alumahan,290.83,200,360,midpoint,6
2024-07-15,ncr,alumahan,295,220,360,midpoint,6
2024-07-22,ncr,alumahan,325.83,240,440,midpoint,6
2024-07-29,ncr,alumahan,306.67,240,380,midpoint,6
2024-08-05,ncr,alumahan,295,180,360,midpoint,6
2024-08-12,ncr,alumahan,298.33,220,360,midpoint,6
2024-08-19,ncr,alumahan,293.33,220,360,midpoint,6
2024-08-26,ncr,alumahan,299.17,220,380,midpoint,6
2024-09-02,ncr,alumahan,305.83,220,380,midpoint,6
2024-09-09,ncr,alumahan,300,220,380,midpoint,6
2024-09-16,ncr,alumahan,335,260,440,midpoint,6
2024-09-23,ncr,alumahan,327.5,240,380,midpoint,6
2024-09-30,ncr,alumahan,308,240,380,midpoint,5
2024-10-07,ncr,alumahan,297,240,360,midpoint,5
2024-10-14,ncr,alumahan,302.5,240,360,midpoint,6
2024-10-21,ncr,alumahan,314,260,360,midpoint,5
2024-10-28,ncr,alumahan,325,260,400,midpoint,5
2024-11-04,ncr,alumahan,317.5,240,400,midpoint,6
2024-11-11,ncr,alumahan,306,240,360,midpoint,5
2024-11-18,ncr,alumahan,323.33,260,400,midpoint,6
2024-11-25,ncr,alumahan,320,240,400,midpoint,6
2024-12-02,ncr,alumahan,314,240,380,midpoint,5
2024-12-09,ncr,alumahan,312,260,380,midpoint,5
2024-12-16,ncr,alumahan,325,240,400,midpoint,5
2024-12-23,ncr,alumahan,327,260,400,midpoint,5
2024-12-30,ncr,alumahan,315,200,400,midpoint,4
2025-01-06,ncr,alumahan,336,260,440,midpoint,5
2025-01-13,ncr,alumahan,351.1,260,400,average,6
2025-01-20,ncr,alumahan,337.73,220,450,average,6
2025-01-27,ncr,alumahan,329.28,260,380,average,6
2025-02-03,ncr,alumahan,340.49,240,450,average,6
2025-02-10,ncr,alumahan,361.67,260,460,prevailing,6
2025-02-17,ncr,alumahan,340,250,420,prevailing,6
2025-02-24,ncr,alumahan,350,260,480,prevailing,6
2025-03-03,ncr,alumahan,350,260,400,prevailing,6
2025-03-10,ncr,alumahan,355,260,450,prevailing,6
2025-03-17,ncr,alumahan,353.33,260,380,prevailing,6
2025-03-24,ncr,alumahan,360,260,420,prevailing,6
2025-03-31,ncr,alumahan,319.57,240,400,prevailing,7
2025-04-07,ncr,alumahan,333.14,240,400,prevailing,7
2025-04-14,ncr,alumahan,313.33,270,360,prevailing,4
2025-04-21,ncr,alumahan,304.76,240,400,prevailing,7
2025-04-28,ncr,alumahan,320.91,240,360,prevailing,7
2025-05-05,ncr,alumahan,324.05,200,380,prevailing,7
2025-05-12,ncr,alumahan,316.19,200,380,prevailing,7
2025-05-19,ncr,alumahan,327.23,180,400,prevailing,7
2025-05-26,ncr,alumahan,339.49,200,400,prevailing,7
2025-06-02,ncr,alumahan,340.56,240,360,prevailing,3
2025-06-09,ncr,alumahan,295,,,prevailing,1
2025-06-16,ncr,alumahan,326.67,,,prevailing,1
2025-06-23,ncr,alumahan,302.5,,,prevailing,1
2025-06-30,ncr,alumahan,298.33,,,prevailing,1
2025-07-07,ncr,alumahan,312.5,,,prevailing,1
2025-07-14,ncr,alumahan,342.34,,,prevailing,2
2025-07-21,ncr,alumahan,306,,,prevailing,1
2025-07-28,ncr,alumahan,337.97,,,prevailing,2
2025-08-04,ncr,alumahan,320,,,prevailing,1
2025-08-11,ncr,alumahan,336.67,,,prevailing,1
2025-08-18,ncr,alumahan,327.66,,,prevailing,2
2025-08-25,ncr,alumahan,331.44,,,prevailing,3
2025-09-01,ncr,alumahan,337,,,prevailing,2
2025-09-08,ncr,alumahan,325,,,prevailing,1
2025-09-15,ncr,alumahan,332,,,prevailing,1
2025-09-22,ncr,alumahan,351.71,,,prevailing,2
2025-09-29,ncr,alumahan,343.64,,,prevailing,3
2025-10-06,ncr,alumahan,346.47,,,prevailing,1
2025-10-13,ncr,alumahan,347.22,,,prevailing,1
2025-10-20,ncr,alumahan,345,,,prevailing,1
2025-10-27,ncr,alumahan,353.75,,,prevailing,1
2025-11-03,ncr,alumahan,371.72,,,prevailing,2
2025-11-10,ncr,alumahan,382.78,320,450,prevailing,2
2025-11-17,ncr,alumahan,348.1,260,450,prevailing,7
2025-11-24,ncr,alumahan,364.9,260,450,prevailing,7
2025-12-01,ncr,alumahan,368.98,280,450,prevailing,7
2025-12-08,ncr,alumahan,356.43,240,460,prevailing,7
2025-12-15,ncr,alumahan,387.14,240,460,prevailing,7
2025-12-22,ncr,alumahan,387.32,240,460,prevailing,7
2025-12-29,ncr,alumahan,384.57,320,460,prevailing,7
2026-01-05,ncr,alumahan,387.96,260,460,prevailing,7
2026-01-12,ncr,alumahan,392.62,300,450,prevailing,7
2026-01-19,ncr,alumahan,394.08,260,450,prevailing,7
2026-01-26,ncr,alumahan,390.54,280,450,prevailing,7
2026-02-02,ncr,alumahan,382.86,320,460,prevailing,7
2026-02-09,ncr,alumahan,395.54,300,460,prevailing,7
2026-02-16,ncr,alumahan,376.19,260,440,prevailing,7
2026-02-23,ncr,alumahan,357.14,260,420,prevailing,7
2026-03-02,ncr,alumahan,359.59,260,420,prevailing,7
2026-03-09,ncr,alumahan,360.41,260,420,prevailing,7
2026-03-16,ncr,alumahan,375.71,250,420,prevailing,7
2026-03-23,ncr,alumahan,323.51,200,400,prevailing,7
2026-03-30,ncr,alumahan,330,200,380,prevailing,7
2026-04-06,ncr,alumahan,290,200,420,prevailing,7
2026-04-13,ncr,alumahan,327.86,160,400,prevailing,7
2026-04-20,ncr,alumahan,306.19,160,450,prevailing,7
2026-04-27,ncr,alumahan,324.64,160,450,prevailing,7
2026-05-04,ncr,alumahan,366.98,160,450,prevailing,7
2026-05-11,ncr,alumahan,312,160,450,prevailing,7
2026-05-18,ncr,alumahan,319.78,160,450,prevailing,7
2026-05-25,ncr,alumahan,318.29,160,450,prevailing,7
2026-06-01,ncr,alumahan,352.34,180,460,prevailing,7
2026-06-08,ncr,alumahan,312.5,200,450,prevailing,7
2026-06-15,ncr,alumahan,290.36,160,450,prevailing,7
2026-06-22,ncr,alumahan,299.9,160,450,prevailing,7
2026-06-29,ncr,alumahan,312.04,200,480,prevailing,7
2026-07-06,ncr,alumahan,294.29,200,480,prevailing,7
2026-07-13,ncr,alumahan,305.71,200,480,prevailing,7
2026-07-20,ncr,alumahan,302.86,160,450,prevailing,7
2026-07-27,ncr,alumahan,338.57,240,480,prevailing,7
2026-08-03,ncr,alumahan,360,240,480,prevailing,7
2026-08-10,ncr,alumahan,382.86,240,480,prevailing,7
2026-08-17,ncr,alumahan,368.57,240,460,prevailing,7
2026-08-24,ncr,alumahan,360,200,480,prevailing,7
2026-08-31,ncr,alumahan,385.71,240,460,prevailing,7
2026-09-07,ncr,alumahan,380,180,460,prevailing,7
2026-09-14,ncr,alumahan,343.33,220,450,prevailing,7
2026-09-21,ncr,alumahan,288.57,200,460,prevailing,7
2026-09-28,ncr,alumahan,313.67,240,460,prevailing,7
2020-11-02,ncr,ampalaya,120,90,160,prevailing,4
2020-11-09,ncr,ampalaya,120,100,150,prevailing,4
2020-11-16,ncr,ampalaya,226,150,350,prevailing,5
2020-11-23,ncr,ampalaya,231,160,300,prevailing,5
2020-11-30,ncr,ampalaya,205,160,260,prevailing,4
2020-12-07,ncr,ampalaya,170,100,250,prevailing,4
2020-12-14,ncr,ampalaya,120,100,170,prevailing,4
2020-12-21,ncr,ampalaya,120,90,160,prevailing,3
2020-12-28,ncr,ampalaya,120,90,150,prevailing,2
2021-01-04,ncr,ampalaya,150,100,220,prevailing,5
2021-01-11,ncr,ampalaya,168,120,200,prevailing,5
2021-01-18,ncr,ampalaya,144,80,200,prevailing,5
2021-01-25,ncr,ampalaya,100,75,150,prevailing,5
2021-02-01,ncr,ampalaya,100,70,130,prevailing,5
2021-02-08,ncr,ampalaya,108,80,160,prevailing,5
2021-02-15,ncr,ampalaya,88,50,120,prevailing,5
2021-02-22,ncr,ampalaya,80,60,100,prevailing,5
2021-03-01,ncr,ampalaya,72,50,100,prevailing,5
2021-03-08,ncr,ampalaya,72,50,100,prevailing,5
2021-03-15,ncr,ampalaya,70,50,100,prevailing,5
2021-03-22,ncr,ampalaya,76,50,100,prevailing,5
2021-03-29,ncr,ampalaya,76.67,60,100,prevailing,3
2021-04-05,ncr,ampalaya,76,60,100,prevailing,5
2021-04-12,ncr,ampalaya,70,50,100,prevailing,5
2021-04-19,ncr,ampalaya,64,40,100,prevailing,5
2021-04-26,ncr,ampalaya,60,40,90,prevailing,5
2021-05-03,ncr,ampalaya,60,40,80,prevailing,4
2021-05-10,ncr,ampalaya,60,50,90,prevailing,5
2021-05-17,ncr,ampalaya,60,40,90,prevailing,5
2021-05-24,ncr,ampalaya,60,45,80,prevailing,5
2021-05-31,ncr,ampalaya,60,40,80,prevailing,5
2021-06-07,ncr,ampalaya,68,50,100,prevailing,5
2021-06-14,ncr,ampalaya,80,60,110,prevailing,5
2021-06-21,ncr,ampalaya,82,60,120,prevailing,5
2021-06-28,ncr,ampalaya,80,60,110,prevailing,5
2021-07-05,ncr,ampalaya,80,50,100,prevailing,4
2021-07-12,ncr,ampalaya,80,60,100,prevailing,5
2021-07-19,ncr,ampalaya,80,50,100,prevailing,5
2021-07-26,ncr,ampalaya,104,70,140,prevailing,5
2021-08-02,ncr,ampalaya,132,100,180,prevailing,5
2021-08-09,ncr,ampalaya,156,100,220,prevailing,5
2021-08-16,ncr,ampalaya,112,75,150,prevailing,5
2021-08-23,ncr,ampalaya,92,60,140,prevailing,5
2021-08-30,ncr,ampalaya,80,50,100,prevailing,5
2021-09-06,ncr,ampalaya,78,,,prevailing,5
2021-09-13,ncr,ampalaya,84,,,prevailing,5
2021-09-20,ncr,ampalaya,120,,,prevailing,5
2021-09-27,ncr,ampalaya,120,,,prevailing,5
2021-10-04,ncr,ampalaya,113.33,,,prevailing,3
2021-10-11,ncr,ampalaya,90,,,prevailing,5
2021-10-18,ncr,ampalaya,81,,,prevailing,5
2021-10-25,ncr,ampalaya,84.18,65,100,average,5
2021-11-01,ncr,ampalaya,75.68,50,100,average,4
2021-11-08,ncr,ampalaya,68.97,40,90,average,5
2021-11-15,ncr,ampalaya,62.92,50,80,average,5
2021-11-22,ncr,ampalaya,63.23,50,80,average,5
2021-11-29,ncr,ampalaya,70.99,50,80,average,5
2021-12-06,ncr,ampalaya,94.76,70,120,average,5
2021-12-13,ncr,ampalaya,97.85,75,120,average,4
2021-12-20,ncr,ampalaya,87.47,60,115,average,4
2021-12-27,ncr,ampalaya,77.95,50,100,average,5
2022-01-03,ncr,ampalaya,92.9,70,100,prevailing,5
2022-01-10,ncr,ampalaya,120,,,prevailing,5
2022-01-17,ncr,ampalaya,116,,,prevailing,5
2022-01-24,ncr,ampalaya,92,,,prevailing,5
2022-01-31,ncr,ampalaya,90,,,prevailing,5
2022-02-07,ncr,ampalaya,112,,,prevailing,5
2022-02-14,ncr,ampalaya,100,,,prevailing,4
2022-02-21,ncr,ampalaya,100,,,prevailing,5
2022-02-28,ncr,ampalaya,100,,,prevailing,5
2022-03-07,ncr,ampalaya,116,,,prevailing,5
2022-03-14,ncr,ampalaya,104,,,prevailing,5
2022-03-21,ncr,ampalaya,100,,,prevailing,5
2022-03-28,ncr,ampalaya,94,,,prevailing,5
2022-04-04,ncr,ampalaya,93,,,prevailing,5
2022-04-11,ncr,ampalaya,100,,,prevailing,3
2022-04-18,ncr,ampalaya,100,,,prevailing,5
2022-04-25,ncr,ampalaya,100,,,prevailing,5
2022-05-02,ncr,ampalaya,98,,,prevailing,5
2022-05-09,ncr,ampalaya,100,,,prevailing,4
2022-05-16,ncr,ampalaya,98,,,prevailing,5
2022-05-23,ncr,ampalaya,100,,,prevailing,5
2022-05-30,ncr,ampalaya,126,,,prevailing,5
2022-06-06,ncr,ampalaya,136,,,prevailing,5
2022-06-13,ncr,ampalaya,116,,,prevailing,5
2022-06-20,ncr,ampalaya,100,,,prevailing,5
2022-06-27,ncr,ampalaya,96,,,prevailing,5
2022-07-04,ncr,ampalaya,88,,,prevailing,5
2022-07-11,ncr,ampalaya,80,,,prevailing,5
2022-07-18,ncr,ampalaya,82,,,prevailing,5
2022-07-25,ncr,ampalaya,80,,,prevailing,5
2022-08-01,ncr,ampalaya,80,,,prevailing,5
2022-08-08,ncr,ampalaya,80,,,prevailing,5
2022-08-15,ncr,ampalaya,80,,,prevailing,5
2022-08-22,ncr,ampalaya,80,,,prevailing,5
2022-08-29,ncr,ampalaya,80,,,prevailing,5
2022-09-05,ncr,ampalaya,80,,,prevailing,5
2022-09-12,ncr,ampalaya,90,,,prevailing,4
2022-09-19,ncr,ampalaya,92.5,,,prevailing,4
2022-09-26,ncr,ampalaya,97,,,prevailing,5
2022-10-03,ncr,ampalaya,140,,,prevailing,5
2022-10-10,ncr,ampalaya,128,,,prevailing,5
2022-10-17,ncr,ampalaya,128,,,prevailing,5
2022-10-24,ncr,ampalaya,108,,,prevailing,5
2022-10-31,ncr,ampalaya,125,,,prevailing,4
2022-11-07,ncr,ampalaya,142,,,prevailing,5
2022-11-14,ncr,ampalaya,140,,,prevailing,5
2022-11-21,ncr,ampalaya,132,,,prevailing,5
2022-11-28,ncr,ampalaya,120,,,prevailing,5
2022-12-05,ncr,ampalaya,104,,,prevailing,5
2022-12-12,ncr,ampalaya,92,,,prevailing,5
2022-12-19,ncr,ampalaya,96,,,prevailing,5
2022-12-26,ncr,ampalaya,103,80,140,midpoint,5
2023-01-02,ncr,ampalaya,104,80,150,midpoint,5
2023-01-09,ncr,ampalaya,126,80,170,midpoint,5
2023-01-16,ncr,ampalaya,130,100,160,midpoint,5
2023-01-23,ncr,ampalaya,142,100,180,midpoint,5
2023-01-30,ncr,ampalaya,159,130,180,midpoint,5
2023-02-06,ncr,ampalaya,144,100,180,midpoint,5
2023-02-13,ncr,ampalaya,130,100,160,midpoint,5
2023-02-20,ncr,ampalaya,123.5,85,150,midpoint,5
2023-02-27,ncr,ampalaya,129,100,160,midpoint,5
2023-03-06,ncr,ampalaya,128,100,160,midpoint,5
2023-03-13,ncr,ampalaya,128,90,160,midpoint,5
2023-03-20,ncr,ampalaya,121.5,80,150,midpoint,5
2023-03-27,ncr,ampalaya,114,80,150,midpoint,5
2023-04-03,ncr,ampalaya,101.67,70,140,midpoint,3
2023-04-10,ncr,ampalaya,108.75,70,150,midpoint,4
2023-04-17,ncr,ampalaya,99,70,130,midpoint,5
2023-04-24,ncr,ampalaya,95,50,150,midpoint,5
2023-05-01,ncr,ampalaya,95,70,120,midpoint,4
2023-05-08,ncr,ampalaya,95,70,120,midpoint,5
2023-05-15,ncr,ampalaya,91,60,120,midpoint,5
2023-05-22,ncr,ampalaya,87,60,120,midpoint,5
2023-05-29,ncr,ampalaya,82,55,120,midpoint,5
2023-06-05,ncr,ampalaya,88.33,60,120,midpoint,3
2023-06-12,ncr,ampalaya,85,50,120,midpoint,1
2023-06-19,ncr,ampalaya,92.5,60,120,midpoint,4
2023-06-26,ncr,ampalaya,90,60,120,midpoint,4
2023-07-03,ncr,ampalaya,91,60,120,midpoint,5
2023-07-10,ncr,ampalaya,97,60,150,midpoint,5
2023-07-17,ncr,ampalaya,95,60,140,midpoint,5
2023-07-24,ncr,ampalaya,111.69,70,140,midpoint,5
2023-07-31,ncr,ampalaya,150,100,200,midpoint,5
2023-08-07,ncr,ampalaya,154,100,200,midpoint,5
2023-08-14,ncr,ampalaya,147,100,200,midpoint,5
2023-08-21,ncr,ampalaya,122,80,160,midpoint,5
2023-08-28,ncr,ampalaya,106,70,140,midpoint,5
2023-09-04,ncr,ampalaya,118,80,160,midpoint,5
2023-09-11,ncr,ampalaya,146.5,120,170,midpoint,5
2023-09-18,ncr,ampalaya,161,130,200,midpoint,5
2023-09-25,ncr,ampalaya,132,90,180,midpoint,5
2023-10-02,ncr,ampalaya,122,80,160,midpoint,5
2023-10-09,ncr,ampalaya,120,80,160,midpoint,5
2023-10-16,ncr,ampalaya,106,70,140,midpoint,5
2023-10-23,ncr,ampalaya,94,60,160,midpoint,5
2023-10-30,ncr,ampalaya,105,70,140,midpoint,4
2023-11-06,ncr,ampalaya,93,50,140,midpoint,5
2023-11-13,ncr,ampalaya,92,60,140,midpoint,5
2023-11-20,ncr,ampalaya,98,60,180,midpoint,5
2023-11-27,ncr,ampalaya,96.88,60,140,midpoint,4
2023-12-04,ncr,ampalaya,96,70,120,midpoint,5
2023-12-11,ncr,ampalaya,92.5,60,120,midpoint,4
2023-12-18,ncr,ampalaya,104,70,140,midpoint,5
2023-12-25,ncr,ampalaya,105,70,150,midpoint,4
2024-01-01,ncr,ampalaya,108.75,70,150,midpoint,4
2024-01-08,ncr,ampalaya,122,80,160,midpoint,5
2024-01-15,ncr,ampalaya,126,100,160,midpoint,5
2024-01-22,ncr,ampalaya,119,80,160,midpoint,5
2024-01-29,ncr,ampalaya,113,80,150,midpoint,5
2024-02-05,ncr,ampalaya,110,80,140,midpoint,5
2024-02-12,ncr,ampalaya,107,70,140,midpoint,5
2024-02-19,ncr,ampalaya,117,80,150,midpoint,5
2024-02-26,ncr,ampalaya,113.5,80,140,midpoint,5
2024-03-04,ncr,ampalaya,122.3,90,150,midpoint,5
2024-03-11,ncr,ampalaya,125,110,140,midpoint,5
2024-03-18,ncr,ampalaya,125,110,140,midpoint,5
2024-03-25,ncr,ampalaya,125,110,140,midpoint,3
2024-04-01,ncr,ampalaya,123,80,150,midpoint,5
2024-04-08,ncr,ampalaya,117.5,100,130,midpoint,3
2024-04-15,ncr,ampalaya,111.67,80,140,midpoint,6
2024-04-22,ncr,ampalaya,107.08,70,140,midpoint,6
2024-04-29,ncr,ampalaya,106.67,70,140,midpoint,6
2024-05-06,ncr,ampalaya,125,80,170,midpoint,5
2024-05-13,ncr,ampalaya,133.75,90,170,midpoint,6
2024-05-20,ncr,ampalaya,133.33,90,180,midpoint,6
2024-05-27,ncr,ampalaya,132.5,90,180,midpoint,6
2024-06-03,ncr,ampalaya,142.5,100,180,midpoint,6
2024-06-10,ncr,ampalaya,136.67,100,180,midpoint,6
2024-06-17,ncr,ampalaya,139.17,100,180,midpoint,6
2024-06-24,ncr,ampalaya,123.33,80,160,midpoint,6
2024-07-01,ncr,ampalaya,114.17,75,150,midpoint,6
2024-07-08,ncr,ampalaya,110,70,150,midpoint,6
2024-07-15,ncr,ampalaya,99.58,60,150,midpoint,6
2024-07-22,ncr,ampalaya,94.17,50,140,midpoint,6
2024-07-29,ncr,ampalaya,122.5,70,160,midpoint,6
2024-08-05,ncr,ampalaya,112.5,70,150,midpoint,6
2024-08-12,ncr,ampalaya,105,70,140,midpoint,5
2024-08-19,ncr,ampalaya,87.5,50,120,midpoint,3
2024-08-26,ncr,ampalaya,77.5,40,120,midpoint,6
2024-09-02,ncr,ampalaya,73.75,40,100,midpoint,6
2024-09-09,ncr,ampalaya,123.33,70,180,midpoint,6
2024-09-16,ncr,ampalaya,139.17,100,180,midpoint,6
2024-09-23,ncr,ampalaya,155.83,110,200,midpoint,6
2024-09-30,ncr,ampalaya,143.5,90,190,midpoint,5
2024-10-07,ncr,ampalaya,121,70,170,midpoint,5
2024-10-14,ncr,ampalaya,105,60,150,midpoint,4
2024-10-21,ncr,ampalaya,95,60,140,midpoint,5
2024-10-28,ncr,ampalaya,130,80,180,midpoint,4
2024-11-04,ncr,ampalaya,146.25,130,170,midpoint,4
2024-11-11,ncr,ampalaya,158,120,220,midpoint,5
2024-11-18,ncr,ampalaya,169.17,110,220,midpoint,6
2024-11-25,ncr,ampalaya,166.67,120,220,midpoint,6
2024-12-02,ncr,ampalaya,150.62,120,180,midpoint,4
2024-12-09,ncr,ampalaya,150,120,180,midpoint,1
2024-12-16,ncr,ampalaya,125,90,160,midpoint,2
2024-12-23,ncr,ampalaya,125,90,160,midpoint,4
2024-12-30,ncr,ampalaya,125,90,160,midpoint,1
2025-01-13,ncr,ampalaya,163.63,120,200,average,3
2025-01-20,ncr,ampalaya,158.11,100,200,average,6
2025-01-27,ncr,ampalaya,141.79,80,180,average,6
2025-02-03,ncr,ampalaya,133.73,90,160,average,6
2025-02-10,ncr,ampalaya,120,90,160,prevailing,6
2025-02-17,ncr,ampalaya,120,80,150,prevailing,6
2025-02-24,ncr,ampalaya,120,90,150,prevailing,6
2025-03-03,ncr,ampalaya,140,90,160,prevailing,6
2025-03-10,ncr,ampalaya,126.67,90,160,prevailing,6
2025-03-17,ncr,ampalaya,116.67,55,160,prevailing,6
2025-03-24,ncr,ampalaya,116.67,80,160,prevailing,6
2025-03-31,ncr,ampalaya,119.77,80,150,prevailing,6
2025-04-07,ncr,ampalaya,105,40,160,prevailing,6
2025-04-14,ncr,ampalaya,100,50,150,prevailing,3
2025-04-21,ncr,ampalaya,100,60,140,prevailing,6
2025-04-28,ncr,ampalaya,100.96,70,150,prevailing,6
2025-05-05,ncr,ampalaya,105.71,70,140,prevailing,7
2025-05-12,ncr,ampalaya,102.86,70,140,prevailing,7
2025-05-19,ncr,ampalaya,114.91,70,150,prevailing,7
2025-05-26,ncr,ampalaya,108.57,70,140,prevailing,7
2025-06-02,ncr,ampalaya,99.76,60,130,prevailing,7
2025-06-09,ncr,ampalaya,100.95,60,140,prevailing,7
2025-06-16,ncr,ampalaya,120.86,80,150,prevailing,7
2025-06-23,ncr,ampalaya,120.95,90,170,prevailing,7
2025-06-30,ncr,ampalaya,121.2,90,160,prevailing,7
2025-07-07,ncr,ampalaya,129.76,90,160,prevailing,7
2025-07-14,ncr,ampalaya,136.87,90,160,prevailing,7
2025-07-21,ncr,ampalaya,145.24,80,180,prevailing,7
2025-07-28,ncr,ampalaya,178.43,130,250,prevailing,7
2025-08-04,ncr,ampalaya,211.9,140,300,prevailing,7
2025-08-11,ncr,ampalaya,171.02,75,280,prevailing,7
2025-08-18,ncr,ampalaya,119.73,60,180,prevailing,7
2025-08-25,ncr,ampalaya,107.87,60,140,prevailing,7
2025-09-01,ncr,ampalaya,103.24,70,150,prevailing,7
2025-09-08,ncr,ampalaya,118.98,60,160,prevailing,7
2025-09-15,ncr,ampalaya,121.84,70,160,prevailing,7
2025-09-22,ncr,ampalaya,143.32,90,180,prevailing,7
2025-09-29,ncr,ampalaya,149.93,120,190,prevailing,7
2025-10-06,ncr,ampalaya,151.36,110,190,prevailing,7
2025-10-13,ncr,ampalaya,140.43,90,160,prevailing,7
2025-10-20,ncr,ampalaya,120.57,80,170,prevailing,7
2025-10-27,ncr,ampalaya,118.51,70,150,prevailing,7
2025-11-03,ncr,ampalaya,106.88,50,150,prevailing,7
2025-11-10,ncr,ampalaya,149.7,70,250,prevailing,7
2025-11-17,ncr,ampalaya,207.71,140,300,prevailing,7
2025-11-24,ncr,ampalaya,205.65,150,260,prevailing,7
2025-12-01,ncr,ampalaya,226.55,140,300,prevailing,7
2025-12-08,ncr,ampalaya,168.45,110,240,prevailing,7
2025-12-15,ncr,ampalaya,143.9,90,180,prevailing,7
2025-12-22,ncr,ampalaya,120.48,65,170,prevailing,7
2025-12-29,ncr,ampalaya,110.78,70,150,prevailing,7
2026-01-05,ncr,ampalaya,155.58,80,220,prevailing,7
2026-01-12,ncr,ampalaya,152.14,100,200,prevailing,7
2026-01-19,ncr,ampalaya,153.77,110,200,prevailing,7
2026-01-26,ncr,ampalaya,160.24,110,200,prevailing,7
2026-02-02,ncr,ampalaya,168.57,120,220,prevailing,7
2026-02-09,ncr,ampalaya,160.77,120,220,prevailing,7
2026-02-16,ncr,ampalaya,140.14,80,180,prevailing,7
2026-02-23,ncr,ampalaya,120.84,90,160,prevailing,7
2026-03-02,ncr,ampalaya,121.3,90,160,prevailing,7
2026-03-09,ncr,ampalaya,120.65,100,140,prevailing,7
2026-03-16,ncr,ampalaya,134.09,90,160,prevailing,7
2026-03-23,ncr,ampalaya,128.87,90,160,prevailing,7
2026-03-30,ncr,ampalaya,122.3,70,160,prevailing,7
2026-04-06,ncr,ampalaya,119.23,60,160,prevailing,7
2026-04-13,ncr,ampalaya,120.32,70,150,prevailing,7
2026-04-20,ncr,ampalaya,118.03,60,160,prevailing,7
2026-04-27,ncr,ampalaya,119.58,60,160,prevailing,7
2026-05-04,ncr,ampalaya,117.78,70,150,prevailing,7
2026-05-11,ncr,ampalaya,119.24,60,160,prevailing,7
2026-05-18,ncr,ampalaya,119.14,80,160,prevailing,7
2026-05-25,ncr,ampalaya,123.68,80,170,prevailing,7
2026-06-01,ncr,ampalaya,137.86,90,170,prevailing,7
2026-06-08,ncr,ampalaya,139.89,80,180,prevailing,7
2026-06-15,ncr,ampalaya,139.83,100,180,prevailing,7
2026-06-22,ncr,ampalaya,118.81,50,180,prevailing,7
2026-06-29,ncr,ampalaya,101.07,50,160,prevailing,7
2026-07-06,ncr,ampalaya,120,70,150,prevailing,7
2026-07-13,ncr,ampalaya,117.14,50,160,prevailing,7
2026-07-20,ncr,ampalaya,100,70,150,prevailing,7
2026-07-27,ncr,ampalaya,100,50,160,prevailing,7
2026-08-03,ncr,ampalaya,100,50,160,prevailing,7
2026-08-10,ncr,ampalaya,145,50,200,prevailing,7
2026-08-17,ncr,ampalaya,182.86,90,250,prevailing,7
2026-08-24,ncr,ampalaya,192.86,90,240,prevailing,7
2026-08-31,ncr,ampalaya,198.57,100,250,prevailing,7
2026-09-07,ncr,ampalaya,188.57,90,260,prevailing,7
2026-09-14,ncr,ampalaya,187.14,90,250,prevailing,7
2026-09-21,ncr,ampalaya,172.86,70,250,prevailing,7
2026-09-28,ncr,ampalaya,119.85,60,220,prevailing,7
2024-11-18,ncr,avocado,539.17,120,600,midpoint,6
2024-11-25,ncr,avocado,571.67,550,600,midpoint,6
2024-12-02,ncr,avocado,500,400,600,midpoint,5
2024-12-09,ncr,avocado,431,60,550,midpoint,5
2024-12-16,ncr,avocado,415,300,600,midpoint,5
2024-12-23,ncr,avocado,366,300,440,midpoint,5
2024-12-30,ncr,avocado,370,300,440,midpoint,4
2025-01-06,ncr,avocado,349,250,450,midpoint,5
2025-01-13,ncr,avocado,323.88,250,400,average,6
2025-01-20,ncr,avocado,318.53,250,400,average,6
2025-01-27,ncr,avocado,312.16,250,400,average,6
2025-02-03,ncr,avocado,305.98,230,400,average,6
2025-02-10,ncr,avocado,300,230,400,prevailing,6
2025-02-17,ncr,avocado,300,180,350,prevailing,6
2025-02-24,ncr,avocado,291.67,220,350,prevailing,6
2025-03-03,ncr,avocado,295.83,220,350,prevailing,6
2025-03-10,ncr,avocado,291.67,180,350,prevailing,6
2025-03-17,ncr,avocado,245.83,160,400,prevailing,6
2025-03-24,ncr,avocado,212.5,180,400,prevailing,6
2025-03-31,ncr,avocado,236.73,160,400,prevailing,7
2025-04-07,ncr,avocado,220.71,160,400,prevailing,7
2025-04-14,ncr,avocado,236.25,160,350,prevailing,4
2025-04-21,ncr,avocado,249.29,150,350,prevailing,7
2025-04-28,ncr,avocado,294.49,120,350,prevailing,7
2025-05-05,ncr,avocado,243.57,140,350,prevailing,7
2025-05-12,ncr,avocado,203.43,120,350,prevailing,7
2025-05-19,ncr,avocado,216.93,120,350,prevailing,7
2025-05-26,ncr,avocado,204.57,120,350,prevailing,7
2025-06-02,ncr,avocado,206.43,120,350,prevailing,7
2025-06-09,ncr,avocado,205.71,150,350,prevailing,7
2025-06-16,ncr,avocado,197.14,120,350,prevailing,7
2025-06-23,ncr,avocado,200.57,120,350,prevailing,7
2025-06-30,ncr,avocado,200.07,120,300,prevailing,7
2025-07-07,ncr,avocado,195.24,100,300,prevailing,7
2025-07-14,ncr,avocado,189.58,90,250,prevailing,7
2025-07-21,ncr,avocado,164.81,90,200,prevailing,7
2025-07-28,ncr,avocado,187.54,90,250,prevailing,7
2025-08-04,ncr,avocado,183.81,100,220,prevailing,7
2025-08-11,ncr,avocado,195.24,100,250,prevailing,7
2025-08-18,ncr,avocado,194.05,100,250,prevailing,7
2025-08-25,ncr,avocado,193.49,100,300,prevailing,7
2025-09-01,ncr,avocado,215.2,120,300,prevailing,7
2025-09-08,ncr,avocado,232.86,120,350,prevailing,7
2025-09-15,ncr,avocado,303.57,160,480,prevailing,7
2025-09-22,ncr,avocado,347.18,200,480,prevailing,6
2025-09-29,ncr,avocado,391.9,200,550,prevailing,7
2025-10-06,ncr,avocado,350,120,600,prevailing,7
2025-10-13,ncr,avocado,414.29,330,600,prevailing,7
2025-10-20,ncr,avocado,500,280,600,prevailing,6
2025-10-27,ncr,avocado,482.14,280,600,prevailing,7
2025-11-03,ncr,avocado,418.23,300,600,prevailing,7
2025-11-10,ncr,avocado,462.38,300,600,prevailing,7
2025-11-17,ncr,avocado,460.71,300,600,prevailing,7
2025-11-24,ncr,avocado,390.48,250,600,prevailing,7
2025-12-01,ncr,avocado,394.05,250,600,prevailing,7
2025-12-08,ncr,avocado,392.86,250,600,prevailing,7
2025-12-15,ncr,avocado,373.81,250,600,prevailing,7
2025-12-22,ncr,avocado,342.86,280,500,prevailing,7
2025-12-29,ncr,avocado,351.43,250,600,prevailing,7
2026-01-05,ncr,avocado,367.86,200,500,prevailing,7
2026-01-12,ncr,avocado,374.71,200,500,prevailing,7
2026-01-19,ncr,avocado,388.86,200,500,prevailing,7
2026-01-26,ncr,avocado,384.29,180,500,prevailing,7
2026-02-02,ncr,avocado,379.82,180,500,prevailing,7
2026-02-09,ncr,avocado,313.1,180,500,prevailing,7
2026-02-16,ncr,avocado,297.86,180,500,prevailing,7
2026-02-23,ncr,avocado,315.36,150,500,prevailing,7
2026-03-02,ncr,avocado,304.29,150,500,prevailing,7
2026-03-09,ncr,avocado,293.75,150,500,prevailing,7
2026-03-16,ncr,avocado,277.68,130,400,prevailing,7
2026-03-23,ncr,avocado,278.7,140,400,prevailing,7
2026-03-30,ncr,avocado,250.41,150,350,prevailing,7
2026-04-06,ncr,avocado,249.52,150,350,prevailing,7
2026-04-13,ncr,avocado,250.41,150,350,prevailing,7
2026-04-20,ncr,avocado,245.82,140,350,prevailing,7
2026-04-27,ncr,avocado,245.71,140,350,prevailing,7
2026-05-04,ncr,avocado,245.19,140,350,prevailing,7
2026-05-11,ncr,avocado,244.42,140,350,prevailing,7
2026-05-18,ncr,avocado,244.76,140,350,prevailing,7
2026-05-25,ncr,avocado,243.9,140,350,prevailing,7
2026-06-01,ncr,avocado,243.69,140,300,prevailing,7
2026-06-08,ncr,avocado,234.29,120,300,prevailing,7
2026-06-15,ncr,avocado,202.14,120,300,prevailing,7
2026-06-22,ncr,avocado,200.56,120,350,prevailing,7
2026-06-29,ncr,avocado,200.44,90,350,prevailing,7
2026-07-06,ncr,avocado,200,90,300,prevailing,7
2026-07-13,ncr,avocado,200,90,300,prevailing,7
2026-07-20,ncr,avocado,188.57,100,300,prevailing,7
2026-07-27,ncr,avocado,200,80,300,prevailing,7
2026-08-03,ncr,avocado,200,80,300,prevailing,7
2026-08-10,ncr,avocado,200,90,300,prevailing,7
2026-08-17,ncr,avocado,200,90,300,prevailing,7
2026-08-24,ncr,avocado,200,120,380,prevailing,7
2026-08-31,ncr,avocado,200,120,350,prevailing,7
2026-09-07,ncr,avocado,200,120,400,prevailing,7
2026-09-14,ncr,avocado,325,120,420,prevailing,7
2026-09-21,ncr,avocado,385.71,150,500,prevailing,7
2026-09-28,ncr,avocado,413.02,150,600,prevailing,7
2020-11-02,ncr,baguio_beans,145,100,180,prevailing,4
2020-11-09,ncr,baguio_beans,125,100,160,prevailing,4
2020-11-16,ncr,baguio_beans,134,90,180,prevailing,5
2020-11-23,ncr,baguio_beans,168,120,200,prevailing,5
2020-11-30,ncr,baguio_beans,160,100,200,prevailing,4
2020-12-07,ncr,baguio_beans,152.5,120,200,prevailing,4
2020-12-14,ncr,baguio_beans,152.5,120,180,prevailing,4
2020-12-21,ncr,baguio_beans,120,100,200,prevailing,3
2020-12-28,ncr,baguio_beans,160,140,200,prevailing,2
2021-01-04,ncr,baguio_beans,128,60,180,prevailing,5
2021-01-11,ncr,baguio_beans,84,70,150,prevailing,5
2021-01-18,ncr,baguio_beans,80,60,140,prevailing,5
2021-01-25,ncr,baguio_beans,64,50,120,prevailing,5
2021-02-01,ncr,baguio_beans,80,60,120,prevailing,5
2021-02-08,ncr,baguio_beans,80,50,120,prevailing,5
2021-02-15,ncr,baguio_beans,78,50,100,prevailing,5
2021-02-22,ncr,baguio_beans,80,60,100,prevailing,5
2021-03-01,ncr,baguio_beans,80,60,110,prevailing,5
2021-03-08,ncr,baguio_beans,80,50,100,prevailing,5
2021-03-15,ncr,baguio_beans,74,50,100,prevailing,5
2021-03-22,ncr,baguio_beans,80,50,100,prevailing,5
2021-03-29,ncr,baguio_beans,80,50,100,prevailing,3
2021-04-05,ncr,baguio_beans,82,50,120,prevailing,5
2021-04-12,ncr,baguio_beans,80,40,100,prevailing,5
2021-04-19,ncr,baguio_beans,80,60,100,prevailing,5
2021-04-26,ncr,baguio_beans,78,50,120,prevailing,5
2021-05-03,ncr,baguio_beans,77.5,50,100,prevailing,4
2021-05-10,ncr,baguio_beans,78,50,100,prevailing,5
2021-05-17,ncr,baguio_beans,80,50,100,prevailing,5
2021-05-24,ncr,baguio_beans,96,60,120,prevailing,5
2021-05-31,ncr,baguio_beans,120,80,160,prevailing,5
2021-06-07,ncr,baguio_beans,120,90,160,prevailing,5
2021-06-14,ncr,baguio_beans,120,100,160,prevailing,5
2021-06-21,ncr,baguio_beans,120,60,150,prevailing,5
2021-06-28,ncr,baguio_beans,116,80,140,prevailing,5
2021-07-05,ncr,baguio_beans,100,70,120,prevailing,4
2021-07-12,ncr,baguio_beans,98,60,140,prevailing,5
2021-07-19,ncr,baguio_beans,80,60,120,prevailing,5
2021-07-26,ncr,baguio_beans,84,50,120,prevailing,5
2021-08-02,ncr,baguio_beans,100,60,150,prevailing,5
2021-08-09,ncr,baguio_beans,96,60,120,prevailing,5
2021-08-16,ncr,baguio_beans,96,70,160,prevailing,5
2021-08-23,ncr,baguio_beans,96,60,130,prevailing,5
2021-08-30,ncr,baguio_beans,80,60,120,prevailing,5
2021-09-06,ncr,baguio_beans,80,,,prevailing,5
2021-09-13,ncr,baguio_beans,80,,,prevailing,5
2021-09-20,ncr,baguio_beans,84,,,prevailing,5
2021-09-27,ncr,baguio_beans,84,,,prevailing,5
2021-10-04,ncr,baguio_beans,80,,,prevailing,3
2021-10-11,ncr,baguio_beans,102,,,prevailing,5
2021-10-18,ncr,baguio_beans,132,,,prevailing,5
2021-10-25,ncr,baguio_beans,140,,,prevailing,1
2022-01-03,ncr,baguio_beans,90,,,prevailing,4
2022-01-10,ncr,baguio_beans,80,,,prevailing,5
2022-01-17,ncr,baguio_beans,76,,,prevailing,5
2022-01-24,ncr,baguio_beans,78,,,prevailing,5
2022-01-31,ncr,baguio_beans,80,,,prevailing,5
2022-02-07,ncr,baguio_beans,80,,,prevailing,5
2022-02-14,ncr,baguio_beans,80,,,prevailing,4
2022-02-21,ncr,baguio_beans,80,,,prevailing,5
2022-02-28,ncr,baguio_beans,92,,,prevailing,5
2022-03-07,ncr,baguio_beans,100,,,prevailing,5
2022-03-14,ncr,baguio_beans,82,,,prevailing,5
2022-03-21,ncr,baguio_beans,80,,,prevailing,5
2022-03-28,ncr,baguio_beans,80,,,prevailing,5
2022-04-04,ncr,baguio_beans,80,,,prevailing,5
2022-04-11,ncr,baguio_beans,80,,,prevailing,3
2022-04-18,ncr,baguio_beans,80,,,prevailing,5
2022-04-25,ncr,baguio_beans,76,,,prevailing,5
2022-05-02,ncr,baguio_beans,80,,,prevailing,5
2022-05-09,ncr,baguio_beans,80,,,prevailing,4
2022-05-16,ncr,baguio_beans,79,,,prevailing,5
2022-05-23,ncr,baguio_beans,108,,,prevailing,5
2022-05-30,ncr,baguio_beans,120,,,prevailing,5
2022-06-06,ncr,baguio_beans,120,,,prevailing,5
2022-06-13,ncr,baguio_beans,120,,,prevailing,5
2022-06-20,ncr,baguio_beans,120,,,prevailing,5
2022-06-27,ncr,baguio_beans,120,,,prevailing,5
2022-07-04,ncr,baguio_beans,138,,,prevailing,5
2022-07-11,ncr,baguio_beans,114,,,prevailing,5
2022-07-18,ncr,baguio_beans,100,,,prevailing,5
2022-07-25,ncr,baguio_beans,100,,,prevailing,5
2022-08-01,ncr,baguio_beans,94,,,prevailing,5
2022-08-08,ncr,baguio_beans,80,,,prevailing,5
2022-08-15,ncr,baguio_beans,88,,,prevailing,5
2022-08-22,ncr,baguio_beans,90,,,prevailing,5
2022-08-29,ncr,baguio_beans,85,,,prevailing,5
2022-09-05,ncr,baguio_beans,100,,,prevailing,5
2022-09-12,ncr,baguio_beans,98.75,,,prevailing,4
2022-09-19,ncr,baguio_beans,100,,,prevailing,4
2022-09-26,ncr,baguio_beans,108,,,prevailing,5
2022-10-03,ncr,baguio_beans,132,,,prevailing,5
2022-10-10,ncr,baguio_beans,140,,,prevailing,5
2022-10-17,ncr,baguio_beans,104,,,prevailing,5
2022-10-24,ncr,baguio_beans,100,,,prevailing,5
2022-10-31,ncr,baguio_beans,120,,,prevailing,4
2022-11-07,ncr,baguio_beans,200,,,prevailing,5
2022-11-14,ncr,baguio_beans,182,,,prevailing,5
2022-11-21,ncr,baguio_beans,120,,,prevailing,5
2022-11-28,ncr,baguio_beans,132,,,prevailing,5
2022-12-05,ncr,baguio_beans,106,,,prevailing,5
2022-12-12,ncr,baguio_beans,88,,,prevailing,5
2022-12-19,ncr,baguio_beans,108,,,prevailing,5
2022-12-26,ncr,baguio_beans,152,120,200,midpoint,5
2023-01-02,ncr,baguio_beans,136,60,200,midpoint,5
2023-01-09,ncr,baguio_beans,96,70,120,midpoint,5
2023-01-16,ncr,baguio_beans,105,70,140,midpoint,5
2023-01-23,ncr,baguio_beans,112,70,150,midpoint,5
2023-01-30,ncr,baguio_beans,119,90,150,midpoint,5
2023-02-06,ncr,baguio_beans,140,100,180,midpoint,5
2023-02-13,ncr,baguio_beans,111,70,170,midpoint,5
2023-02-20,ncr,baguio_beans,96,70,120,midpoint,5
2023-02-27,ncr,baguio_beans,103,80,130,midpoint,5
2023-03-06,ncr,baguio_beans,106,80,140,midpoint,5
2023-03-13,ncr,baguio_beans,117,80,140,midpoint,5
2023-03-20,ncr,baguio_beans,96,70,130,midpoint,5
2023-03-27,ncr,baguio_beans,91,60,140,midpoint,5
2023-04-03,ncr,baguio_beans,86.67,60,120,midpoint,3
2023-04-10,ncr,baguio_beans,92.5,60,120,midpoint,4
2023-04-17,ncr,baguio_beans,93,60,120,midpoint,5
2023-04-24,ncr,baguio_beans,91,60,120,midpoint,5
2023-05-01,ncr,baguio_beans,92.5,60,120,midpoint,4
2023-05-08,ncr,baguio_beans,97,70,120,midpoint,5
2023-05-15,ncr,baguio_beans,112,70,160,midpoint,5
2023-05-22,ncr,baguio_beans,103,60,140,midpoint,5
2023-05-29,ncr,baguio_beans,108,80,130,midpoint,5
2023-06-05,ncr,baguio_beans,101.67,80,120,midpoint,3
2023-06-12,ncr,baguio_beans,105,90,120,midpoint,1
2023-06-19,ncr,baguio_beans,103.75,80,130,midpoint,4
2023-06-26,ncr,baguio_beans,115,80,150,midpoint,4
2023-07-03,ncr,baguio_beans,99,70,140,midpoint,5
2023-07-10,ncr,baguio_beans,101,60,140,midpoint,5
2023-07-17,ncr,baguio_beans,96,70,120,midpoint,5
2023-07-24,ncr,baguio_beans,97.5,70,120,midpoint,4
2023-07-31,ncr,baguio_beans,155,100,240,midpoint,5
2023-08-07,ncr,baguio_beans,190,140,240,midpoint,5
2023-08-14,ncr,baguio_beans,174,120,240,midpoint,5
2023-08-21,ncr,baguio_beans,173,130,210,midpoint,5
2023-08-28,ncr,baguio_beans,192,130,250,midpoint,5
2023-09-04,ncr,baguio_beans,195,140,240,midpoint,5
2023-09-11,ncr,baguio_beans,151,80,220,midpoint,5
2023-09-18,ncr,baguio_beans,122,60,180,midpoint,5
2023-09-25,ncr,baguio_beans,100,60,140,midpoint,5
2023-10-02,ncr,baguio_beans,102,60,160,midpoint,5
2023-10-09,ncr,baguio_beans,98,60,150,midpoint,5
2023-10-16,ncr,baguio_beans,91,60,120,midpoint,5
2023-10-23,ncr,baguio_beans,85,60,120,midpoint,5
2023-10-30,ncr,baguio_beans,102.5,60,140,midpoint,4
2023-11-06,ncr,baguio_beans,110,60,180,midpoint,5
2023-11-13,ncr,baguio_beans,97,60,140,midpoint,5
2023-11-20,ncr,baguio_beans,121,70,180,midpoint,5
2023-11-27,ncr,baguio_beans,117.5,80,160,midpoint,4
2023-12-04,ncr,baguio_beans,112,70,160,midpoint,5
2023-12-11,ncr,baguio_beans,103.75,50,150,midpoint,4
2023-12-18,ncr,baguio_beans,105,70,140,midpoint,5
2023-12-25,ncr,baguio_beans,120,80,160,midpoint,4
2024-01-01,ncr,baguio_beans,123.75,80,180,midpoint,4
2024-01-08,ncr,baguio_beans,107,60,180,midpoint,5
2024-01-15,ncr,baguio_beans,103.5,70,150,midpoint,5
2024-01-22,ncr,baguio_beans,112,80,150,midpoint,5
2024-01-29,ncr,baguio_beans,98.5,70,140,midpoint,5
2024-02-05,ncr,baguio_beans,98,70,130,midpoint,5
2024-02-12,ncr,baguio_beans,91,60,130,midpoint,5
2024-02-19,ncr,baguio_beans,95,60,130,midpoint,5
2024-02-26,ncr,baguio_beans,95,80,110,midpoint,5
2024-03-04,ncr,baguio_beans,95.62,75,115,midpoint,4
2024-03-11,ncr,baguio_beans,94,60,130,midpoint,5
2024-03-18,ncr,baguio_beans,98,70,130,midpoint,5
2024-03-25,ncr,baguio_beans,97.5,70,130,midpoint,3
2024-04-01,ncr,baguio_beans,97,70,130,midpoint,5
2024-04-08,ncr,baguio_beans,90.83,60,120,midpoint,3
2024-04-15,ncr,baguio_beans,93.75,75,110,midpoint,6
2024-04-22,ncr,baguio_beans,103.75,60,140,midpoint,6
2024-04-29,ncr,baguio_beans,123.33,80,160,midpoint,6
2024-05-06,ncr,baguio_beans,147,100,200,midpoint,5
2024-05-13,ncr,baguio_beans,180.83,130,220,midpoint,6
2024-05-20,ncr,baguio_beans,185,150,220,midpoint,6
2024-05-27,ncr,baguio_beans,155.83,90,220,midpoint,6
2024-06-03,ncr,baguio_beans,140,100,180,midpoint,4
2024-06-10,ncr,baguio_beans,140,80,180,midpoint,4
2024-06-17,ncr,baguio_beans,154,110,200,midpoint,5
2024-06-24,ncr,baguio_beans,153.75,110,200,midpoint,4
2024-07-01,ncr,baguio_beans,134.17,80,180,midpoint,6
2024-07-08,ncr,baguio_beans,114.17,50,180,midpoint,6
2024-07-15,ncr,baguio_beans,95.83,50,160,midpoint,6
2024-07-22,ncr,baguio_beans,86.67,50,130,midpoint,6
2024-07-29,ncr,baguio_beans,118.75,70,180,midpoint,4
2024-08-05,ncr,baguio_beans,115,70,160,midpoint,2
2024-08-12,ncr,baguio_beans,102.5,50,150,midpoint,6
2024-08-19,ncr,baguio_beans,124.17,80,170,midpoint,6
2024-08-26,ncr,baguio_beans,109.17,70,150,midpoint,6
2024-09-02,ncr,baguio_beans,126.67,80,180,midpoint,3
2024-09-09,ncr,baguio_beans,166.25,90,250,midpoint,4
2024-09-16,ncr,baguio_beans,187.5,110,250,midpoint,6
2024-09-23,ncr,baguio_beans,189.17,140,230,midpoint,6
2024-09-30,ncr,baguio_beans,200,140,250,midpoint,5
2024-10-07,ncr,baguio_beans,180,80,250,midpoint,5
2024-10-14,ncr,baguio_beans,147.5,90,200,midpoint,6
2024-10-21,ncr,baguio_beans,145,90,200,midpoint,5
2024-10-28,ncr,baguio_beans,150,90,200,midpoint,5
2024-11-04,ncr,baguio_beans,158.75,105,200,midpoint,6
2024-11-11,ncr,baguio_beans,152,70,200,midpoint,5
2024-11-18,ncr,baguio_beans,156.67,90,220,midpoint,6
2024-11-25,ncr,baguio_beans,238.33,180,300,midpoint,6
2024-12-02,ncr,baguio_beans,242.5,180,280,midpoint,4
2024-12-09,ncr,baguio_beans,215,150,280,midpoint,1
2024-12-16,ncr,baguio_beans,205,150,260,midpoint,2
2024-12-23,ncr,baguio_beans,206.25,120,300,midpoint,4
2024-12-30,ncr,baguio_beans,165,90,240,midpoint,1
2025-01-13,ncr,baguio_beans,98.53,60,140,average,3
2025-01-20,ncr,baguio_beans,93.56,50,130,average,6
2025-01-27,ncr,baguio_beans,89.85,50,120,average,6
2025-02-03,ncr,baguio_beans,85.11,50,120,average,6
2025-02-10,ncr,baguio_beans,80,50,130,prevailing,6
2025-02-17,ncr,baguio_beans,103.33,50,150,prevailing,6
2025-02-24,ncr,baguio_beans,113.33,70,160,prevailing,6
2025-03-03,ncr,baguio_beans,150,75,200,prevailing,6
2025-03-10,ncr,baguio_beans,130,70,180,prevailing,6
2025-03-17,ncr,baguio_beans,120,90,160,prevailing,6
2025-03-24,ncr,baguio_beans,120,90,160,prevailing,6
2025-03-31,ncr,baguio_beans,119.68,60,150,prevailing,6
2025-04-07,ncr,baguio_beans,110,50,160,prevailing,6
2025-04-14,ncr,baguio_beans,110,70,140,prevailing,3
2025-04-21,ncr,baguio_beans,108.33,70,150,prevailing,6
2025-04-28,ncr,baguio_beans,111.08,70,150,prevailing,6
2025-05-05,ncr,baguio_beans,105,70,150,prevailing,7
2025-05-12,ncr,baguio_beans,115.71,70,160,prevailing,7
2025-05-19,ncr,baguio_beans,118.62,70,160,prevailing,7
2025-05-26,ncr,baguio_beans,115.71,70,150,prevailing,7
2025-06-02,ncr,baguio_beans,110.71,70,150,prevailing,7
2025-06-09,ncr,baguio_beans,118.1,70,150,prevailing,7
2025-06-16,ncr,baguio_beans,135.43,80,180,prevailing,7
2025-06-23,ncr,baguio_beans,136.19,90,180,prevailing,7
2025-06-30,ncr,baguio_beans,119.26,90,150,prevailing,7
2025-07-07,ncr,baguio_beans,119.05,70,150,prevailing,7
2025-07-14,ncr,baguio_beans,120.08,90,160,prevailing,7
2025-07-21,ncr,baguio_beans,122.14,80,160,prevailing,7
2025-07-28,ncr,baguio_beans,147.87,100,200,prevailing,7
2025-08-04,ncr,baguio_beans,186.29,100,260,prevailing,7
2025-08-11,ncr,baguio_beans,128.78,70,230,prevailing,7
2025-08-18,ncr,baguio_beans,161.51,100,220,prevailing,7
2025-08-25,ncr,baguio_beans,131.47,80,200,prevailing,7
2025-09-01,ncr,baguio_beans,123.96,80,180,prevailing,7
2025-09-08,ncr,baguio_beans,120.1,90,170,prevailing,7
2025-09-15,ncr,baguio_beans,119.9,70,180,prevailing,7
2025-09-22,ncr,baguio_beans,120,70,180,prevailing,5
2025-09-29,ncr,baguio_beans,141.49,80,180,prevailing,7
2025-10-06,ncr,baguio_beans,147.74,110,200,prevailing,7
2025-10-13,ncr,baguio_beans,138.14,80,180,prevailing,7
2025-10-20,ncr,baguio_beans,155,100,180,prevailing,7
2025-10-27,ncr,baguio_beans,156.31,110,180,prevailing,7
2025-11-03,ncr,baguio_beans,161.07,115,220,prevailing,7
2025-11-10,ncr,baguio_beans,251.04,115,360,prevailing,7
2025-11-17,ncr,baguio_beans,374.6,160,550,prevailing,7
2025-11-24,ncr,baguio_beans,365.06,200,500,prevailing,7
2025-12-01,ncr,baguio_beans,335.71,250,420,prevailing,7
2025-12-08,ncr,baguio_beans,317.66,240,500,prevailing,7
2025-12-15,ncr,baguio_beans,249.87,100,360,prevailing,7
2025-12-22,ncr,baguio_beans,233.38,120,350,prevailing,7
2025-12-29,ncr,baguio_beans,189.87,100,260,prevailing,7
2026-01-05,ncr,baguio_beans,101.43,30,200,prevailing,7
2026-01-12,ncr,baguio_beans,99.64,40,150,prevailing,7
2026-01-19,ncr,baguio_beans,99.09,40,150,prevailing,7
2026-01-26,ncr,baguio_beans,98.7,50,130,prevailing,7
2026-02-02,ncr,baguio_beans,99.22,50,130,prevailing,7
2026-02-09,ncr,baguio_beans,98.83,50,130,prevailing,7
2026-02-16,ncr,baguio_beans,100.71,50,140,prevailing,7
2026-02-23,ncr,baguio_beans,111.56,65,150,prevailing,7
2026-03-02,ncr,baguio_beans,126.88,70,160,prevailing,7
2026-03-09,ncr,baguio_beans,120.52,70,160,prevailing,7
2026-03-16,ncr,baguio_beans,135.65,80,180,prevailing,7
2026-03-23,ncr,baguio_beans,135.14,40,180,prevailing,7
2026-03-30,ncr,baguio_beans,118.1,60,160,prevailing,7
2026-04-06,ncr,baguio_beans,107.2,50,150,prevailing,7
2026-04-13,ncr,baguio_beans,115.56,60,150,prevailing,7
2026-04-20,ncr,baguio_beans,124.86,70,200,prevailing,7
2026-04-27,ncr,baguio_beans,130.25,90,160,prevailing,7
2026-05-04,ncr,baguio_beans,118.13,90,170,prevailing,7
2026-05-11,ncr,baguio_beans,118.91,90,160,prevailing,7
2026-05-18,ncr,baguio_beans,121.47,90,170,prevailing,7
2026-05-25,ncr,baguio_beans,138.37,80,180,prevailing,7
2026-06-01,ncr,baguio_beans,158.98,110,200,prevailing,7
2026-06-08,ncr,baguio_beans,192.78,120,250,prevailing,7
2026-06-15,ncr,baguio_beans,180.81,80,250,prevailing,7
2026-06-22,ncr,baguio_beans,127.74,70,240,prevailing,7
2026-06-29,ncr,baguio_beans,126.24,80,200,prevailing,7
2026-07-06,ncr,baguio_beans,121.43,80,180,prevailing,7
2026-07-13,ncr,baguio_beans,120,90,180,prevailing,7
2026-07-20,ncr,baguio_beans,120,75,180,prevailing,7
2026-07-27,ncr,baguio_beans,120,60,200,prevailing,7
2026-08-03,ncr,baguio_beans,120,65,180,prevailing,7
2026-08-10,ncr,baguio_beans,157.14,80,250,prevailing,7
2026-08-17,ncr,baguio_beans,197.14,120,280,prevailing,7
2026-08-24,ncr,baguio_beans,200,80,250,prevailing,7
2026-08-31,ncr,baguio_beans,200,80,250,prevailing,7
2026-09-07,ncr,baguio_beans,200,120,250,prevailing,7
2026-09-14,ncr,baguio_beans,194.29,100,260,prevailing,7
2026-09-21,ncr,baguio_beans,182.86,80,260,prevailing,7
2026-09-28,ncr,baguio_beans,172.23,110,260,prevailing,7
2020-11-02,ncr,banana_lakatan,85,55,100,prevailing,4
2020-11-09,ncr,banana_lakatan,87.5,50,100,prevailing,4
2020-11-16,ncr,banana_lakatan,88,50,100,prevailing,5
2020-11-23,ncr,banana_lakatan,80,50,100,prevailing,5
2020-11-30,ncr,banana_lakatan,90,50,90,prevailing,4
2020-12-07,ncr,banana_lakatan,90,40,90,prevailing,4
2020-12-14,ncr,banana_lakatan,90,40,90,prevailing,4
2020-12-21,ncr,banana_lakatan,90,45,90,prevailing,3
2020-12-28,ncr,banana_lakatan,90,45,90,prevailing,2
2021-01-04,ncr,banana_lakatan,86,50,90,prevailing,5
2021-01-11,ncr,banana_lakatan,86,40,100,prevailing,5
2021-01-18,ncr,banana_lakatan,90,40,100,prevailing,5
2021-01-25,ncr,banana_lakatan,84,40,90,prevailing,5
2021-02-01,ncr,banana_lakatan,84,50,90,prevailing,5
2021-02-08,ncr,banana_lakatan,84,45,90,prevailing,5
2021-02-15,ncr,banana_lakatan,80,45,90,prevailing,5
2021-02-22,ncr,banana_lakatan,82,45,90,prevailing,5
2021-03-01,ncr,banana_lakatan,80,45,90,prevailing,5
2021-03-08,ncr,banana_lakatan,80,45,90,prevailing,5
2021-03-15,ncr,banana_lakatan,80,50,90,prevailing,5
2021-03-22,ncr,banana_lakatan,80,50,90,prevailing,5
2021-03-29,ncr,banana_lakatan,80,50,90,prevailing,3
2021-04-05,ncr,banana_lakatan,80,50,90,prevailing,5
2021-04-12,ncr,banana_lakatan,80,50,90,prevailing,5
2021-04-19,ncr,banana_lakatan,80,50,90,prevailing,5
2021-04-26,ncr,banana_lakatan,80,50,90,prevailing,5
2021-05-03,ncr,banana_lakatan,80,50,809,prevailing,4
2021-05-10,ncr,banana_lakatan,80,50,90,prevailing,5
2021-05-17,ncr,banana_lakatan,80,50,90,prevailing,5
2021-05-24,ncr,banana_lakatan,80,50,90,prevailing,5
2021-05-31,ncr,banana_lakatan,72,40,90,prevailing,5
2021-06-07,ncr,banana_lakatan,70,40,90,prevailing,5
2021-06-14,ncr,banana_lakatan,78,40,90,prevailing,5
2021-06-21,ncr,banana_lakatan,79,40,90,prevailing,5
2021-06-28,ncr,banana_lakatan,80,40,90,prevailing,5
2021-07-05,ncr,banana_lakatan,75,40,95,prevailing,4
2021-07-12,ncr,banana_lakatan,80,40,90,prevailing,5
2021-07-19,ncr,banana_lakatan,80,40,90,prevailing,5
2021-07-26,ncr,banana_lakatan,80,40,90,prevailing,5
2021-08-02,ncr,banana_lakatan,80,40,90,prevailing,5
2021-08-09,ncr,banana_lakatan,80,40,90,prevailing,5
2021-08-16,ncr,banana_lakatan,80,40,90,prevailing,5
2021-08-23,ncr,banana_lakatan,80,40,90,prevailing,5
2021-08-30,ncr,banana_lakatan,80,40,90,prevailing,5
2021-09-06,ncr,banana_lakatan,78,,,prevailing,5
2021-09-13,ncr,banana_lakatan,80,,,prevailing,5
2021-09-20,ncr,banana_lakatan,76,,,prevailing,5
2021-09-27,ncr,banana_lakatan,72,,,prevailing,5
2021-10-04,ncr,banana_lakatan,80,,,prevailing,3
2021-10-11,ncr,banana_lakatan,72,,,prevailing,5
2021-10-18,ncr,banana_lakatan,71,,,prevailing,5
2021-10-25,ncr,banana_lakatan,70,,,prevailing,1
2022-01-03,ncr,banana_lakatan,80,,,prevailing,4
2022-01-10,ncr,banana_lakatan,66,,,prevailing,5
2022-01-17,ncr,banana_lakatan,60,,,prevailing,5
2022-01-24,ncr,banana_lakatan,60,,,prevailing,5
2022-01-31,ncr,banana_lakatan,60,,,prevailing,5
2022-02-07,ncr,banana_lakatan,60,,,prevailing,5
2022-02-14,ncr,banana_lakatan,60,,,prevailing,4
2022-02-21,ncr,banana_lakatan,64,,,prevailing,5
2022-02-28,ncr,banana_lakatan,61,,,prevailing,5
2022-03-07,ncr,banana_lakatan,61,,,prevailing,5
2022-03-14,ncr,banana_lakatan,65,,,prevailing,5
2022-03-21,ncr,banana_lakatan,61,,,prevailing,5
2022-03-28,ncr,banana_lakatan,63,,,prevailing,5
2022-04-04,ncr,banana_lakatan,67,,,prevailing,5
2022-04-11,ncr,banana_lakatan,66.67,,,prevailing,3
2022-04-18,ncr,banana_lakatan,61,,,prevailing,5
2022-04-25,ncr,banana_lakatan,61,,,prevailing,5
2022-05-02,ncr,banana_lakatan,60,,,prevailing,5
2022-05-09,ncr,banana_lakatan,60,,,prevailing,4
2022-05-16,ncr,banana_lakatan,61,,,prevailing,5
2022-05-23,ncr,banana_lakatan,62,,,prevailing,5
2022-05-30,ncr,banana_lakatan,64,,,prevailing,5
2022-06-06,ncr,banana_lakatan,66,,,prevailing,5
2022-06-13,ncr,banana_lakatan,70,,,prevailing,5
2022-06-20,ncr,banana_lakatan,68,,,prevailing,5
2022-06-27,ncr,banana_lakatan,70,,,prevailing,5
2022-07-04,ncr,banana_lakatan,69,,,prevailing,5
2022-07-11,ncr,banana_lakatan,69,,,prevailing,5
2022-07-18,ncr,banana_lakatan,65,,,prevailing,5
2022-07-25,ncr,banana_lakatan,61,,,prevailing,5
2022-08-01,ncr,banana_lakatan,70,,,prevailing,5
2022-08-08,ncr,banana_lakatan,70,,,prevailing,5
2022-08-15,ncr,banana_lakatan,70,,,prevailing,5
2022-08-22,ncr,banana_lakatan,70,,,prevailing,5
2022-08-29,ncr,banana_lakatan,70,,,prevailing,5
2022-09-05,ncr,banana_lakatan,60,,,prevailing,5
2022-09-12,ncr,banana_lakatan,60,,,prevailing,4
2022-09-19,ncr,banana_lakatan,62.5,,,prevailing,4
2022-09-26,ncr,banana_lakatan,64,,,prevailing,5
2022-10-03,ncr,banana_lakatan,62,,,prevailing,5
2022-10-10,ncr,banana_lakatan,64,,,prevailing,5
2022-10-17,ncr,banana_lakatan,63,,,prevailing,5
2022-10-24,ncr,banana_lakatan,70,,,prevailing,5
2022-10-31,ncr,banana_lakatan,67.5,,,prevailing,4
2022-11-07,ncr,banana_lakatan,69,,,prevailing,5
2022-11-14,ncr,banana_lakatan,70,,,prevailing,5
2022-11-21,ncr,banana_lakatan,68,,,prevailing,5
2022-11-28,ncr,banana_lakatan,64,,,prevailing,5
2022-12-05,ncr,banana_lakatan,70,,,prevailing,5
2022-12-12,ncr,banana_lakatan,64,,,prevailing,5
2022-12-19,ncr,banana_lakatan,66,,,prevailing,5
2022-12-26,ncr,banana_lakatan,77,60,100,midpoint,5
2023-01-02,ncr,banana_lakatan,80,60,100,midpoint,5
2023-01-09,ncr,banana_lakatan,80,60,100,midpoint,5
2023-01-16,ncr,banana_lakatan,79,50,100,midpoint,5
2023-01-23,ncr,banana_lakatan,80,60,100,midpoint,5
2023-01-30,ncr,banana_lakatan,79.2,60,100,midpoint,5
2023-02-06,ncr,banana_lakatan,80,60,100,midpoint,5
2023-02-13,ncr,banana_lakatan,82,60,120,midpoint,5
2023-02-20,ncr,banana_lakatan,95,70,120,midpoint,5
2023-02-27,ncr,banana_lakatan,91,60,120,midpoint,5
2023-03-06,ncr,banana_lakatan,95,65,150,midpoint,5
2023-03-13,ncr,banana_lakatan,88.5,60,110,midpoint,5
2023-03-20,ncr,banana_lakatan,86,60,110,midpoint,5
2023-03-27,ncr,banana_lakatan,84.5,65,110,midpoint,5
2023-04-03,ncr,banana_lakatan,82.5,65,100,midpoint,3
2023-04-10,ncr,banana_lakatan,80.62,50,100,midpoint,4
2023-04-17,ncr,banana_lakatan,80.5,50,100,midpoint,5
2023-04-24,ncr,banana_lakatan,80,60,100,midpoint,5
2023-05-01,ncr,banana_lakatan,80.62,60,100,midpoint,4
2023-05-08,ncr,banana_lakatan,82,60,110,midpoint,5
2023-05-15,ncr,banana_lakatan,81.5,60,100,midpoint,5
2023-05-22,ncr,banana_lakatan,80.5,60,100,midpoint,5
2023-05-29,ncr,banana_lakatan,80.5,60,100,midpoint,5
2023-06-05,ncr,banana_lakatan,81.67,60,100,midpoint,3
2023-06-12,ncr,banana_lakatan,82.5,65,100,midpoint,1
2023-06-19,ncr,banana_lakatan,80.62,60,100,midpoint,4
2023-06-26,ncr,banana_lakatan,80.62,60,100,midpoint,4
2023-07-03,ncr,banana_lakatan,81,60,100,midpoint,5
2023-07-10,ncr,banana_lakatan,80,60,100,midpoint,5
2023-07-17,ncr,banana_lakatan,78,40,100,midpoint,5
2023-07-24,ncr,banana_lakatan,79.38,55,100,midpoint,4
2023-07-31,ncr,banana_lakatan,80.5,55,100,midpoint,5
2023-08-07,ncr,banana_lakatan,80,60,100,midpoint,5
2023-08-14,ncr,banana_lakatan,80,60,100,midpoint,5
2023-08-21,ncr,banana_lakatan,78,50,100,midpoint,5
2023-08-28,ncr,banana_lakatan,79.5,55,100,midpoint,5
2023-09-04,ncr,banana_lakatan,80.5,60,100,midpoint,5
2023-09-11,ncr,banana_lakatan,83,65,100,midpoint,5
2023-09-18,ncr,banana_lakatan,83,60,100,midpoint,5
2023-09-25,ncr,banana_lakatan,87.5,60,120,midpoint,5
2023-10-02,ncr,banana_lakatan,92,60,120,midpoint,5
2023-10-09,ncr,banana_lakatan,93,65,120,midpoint,5
2023-10-16,ncr,banana_lakatan,92.5,65,120,midpoint,5
2023-10-23,ncr,banana_lakatan,90.5,65,120,midpoint,5
2023-10-30,ncr,banana_lakatan,96.25,65,130,midpoint,4
2023-11-06,ncr,banana_lakatan,99.2,75,125,midpoint,5
2023-11-13,ncr,banana_lakatan,97.5,75,120,midpoint,5
2023-11-20,ncr,banana_lakatan,99,78,120,midpoint,5
2023-11-27,ncr,banana_lakatan,93.5,40,120,midpoint,4
2023-12-04,ncr,banana_lakatan,97,70,120,midpoint,5
2023-12-11,ncr,banana_lakatan,95,60,120,midpoint,4
2023-12-18,ncr,banana_lakatan,100,80,120,midpoint,5
2023-12-25,ncr,banana_lakatan,105,80,130,midpoint,4
2024-01-01,ncr,banana_lakatan,100,60,130,midpoint,4
2024-01-08,ncr,banana_lakatan,103,70,130,midpoint,5
2024-01-15,ncr,banana_lakatan,110,80,140,midpoint,5
2024-01-22,ncr,banana_lakatan,106,70,140,midpoint,5
2024-01-29,ncr,banana_lakatan,109,75,140,midpoint,5
2024-02-05,ncr,banana_lakatan,107.5,75,140,midpoint,5
2024-02-12,ncr,banana_lakatan,103.5,70,140,midpoint,5
2024-02-19,ncr,banana_lakatan,103,60,130,midpoint,5
2024-02-26,ncr,banana_lakatan,102.5,55,130,midpoint,5
2024-03-04,ncr,banana_lakatan,105,80,130,midpoint,4
2024-03-11,ncr,banana_lakatan,105,80,130,midpoint,5
2024-03-18,ncr,banana_lakatan,101,70,130,midpoint,5
2024-03-25,ncr,banana_lakatan,103.33,70,130,midpoint,3
2024-04-01,ncr,banana_lakatan,105,80,130,midpoint,5
2024-04-08,ncr,banana_lakatan,98.33,60,130,midpoint,3
2024-04-15,ncr,banana_lakatan,102.92,60,130,midpoint,6
2024-04-22,ncr,banana_lakatan,105,80,130,midpoint,6
2024-04-29,ncr,banana_lakatan,101.67,60,130,midpoint,6
2024-05-06,ncr,banana_lakatan,102.5,75,130,midpoint,6
2024-05-13,ncr,banana_lakatan,104.58,75,130,midpoint,6
2024-05-20,ncr,banana_lakatan,100.83,80,130,midpoint,6
2024-05-27,ncr,banana_lakatan,105,80,130,midpoint,6
2024-06-03,ncr,banana_lakatan,105,80,130,midpoint,6
2024-06-10,ncr,banana_lakatan,104.17,80,130,midpoint,6
2024-06-17,ncr,banana_lakatan,100.83,80,130,midpoint,6
2024-06-24,ncr,banana_lakatan,95.83,70,120,midpoint,6
2024-07-01,ncr,banana_lakatan,96.67,70,130,midpoint,6
2024-07-08,ncr,banana_lakatan,100.83,70,130,midpoint,6
2024-07-15,ncr,banana_lakatan,100,80,120,midpoint,6
2024-07-22,ncr,banana_lakatan,102.5,80,130,midpoint,6
2024-07-29,ncr,banana_lakatan,103.33,80,130,midpoint,6
2024-08-05,ncr,banana_lakatan,105,80,130,midpoint,6
2024-08-12,ncr,banana_lakatan,105,80,140,midpoint,6
2024-08-19,ncr,banana_lakatan,105,80,130,midpoint,6
2024-08-26,ncr,banana_lakatan,105,80,130,midpoint,6
2024-09-02,ncr,banana_lakatan,102.5,80,130,midpoint,6
2024-09-09,ncr,banana_lakatan,100,80,120,midpoint,6
2024-09-16,ncr,banana_lakatan,100,80,120,midpoint,6
2024-09-23,ncr,banana_lakatan,100,80,120,midpoint,6
2024-09-30,ncr,banana_lakatan,100,80,120,midpoint,5
2024-10-07,ncr,banana_lakatan,100,80,120,midpoint,5
2024-10-14,ncr,banana_lakatan,97.92,75,120,midpoint,6
2024-10-21,ncr,banana_lakatan,102,75,130,midpoint,5
2024-10-28,ncr,banana_lakatan,97.5,70,130,midpoint,5
2024-11-04,ncr,banana_lakatan,95.83,70,120,midpoint,6
2024-11-11,ncr,banana_lakatan,97,70,120,midpoint,5
2024-11-18,ncr,banana_lakatan,100,80,120,midpoint,6
2024-11-25,ncr,banana_lakatan,100,80,120,midpoint,6
2024-12-02,ncr,banana_lakatan,99.5,75,120,midpoint,5
2024-12-09,ncr,banana_lakatan,99.5,75,120,midpoint,5
2024-12-16,ncr,banana_lakatan,100,80,120,midpoint,5
2024-12-23,ncr,banana_lakatan,102,80,130,midpoint,5
2024-12-30,ncr,banana_lakatan,105,80,130,midpoint,4
2025-01-06,ncr,banana_lakatan,104,80,130,midpoint,5
2025-01-13,ncr,banana_lakatan,101.68,60,120,average,6
2025-01-20,ncr,banana_lakatan,105.89,60,120,average,6
2025-01-27,ncr,banana_lakatan,104.08,60,120,average,6
2025-02-03,ncr,banana_lakatan,105.98,60,120,average,6
2025-02-10,ncr,banana_lakatan,120,60,120,prevailing,6
2025-02-17,ncr,banana_lakatan,113.33,80,120,prevailing,6
2025-02-24,ncr,banana_lakatan,116.67,80,130,prevailing,6
2025-03-03,ncr,banana_lakatan,113.33,80,130,prevailing,6
2025-03-10,ncr,banana_lakatan,110,80,130,prevailing,6
2025-03-17,ncr,banana_lakatan,116.67,80,130,prevailing,6
2025-03-24,ncr,banana_lakatan,115,80,130,prevailing,6
2025-03-31,ncr,banana_lakatan,105.42,70,130,prevailing,7
2025-04-07,ncr,banana_lakatan,110.48,70,130,prevailing,7
2025-04-14,ncr,banana_lakatan,101,70,130,prevailing,4
2025-04-21,ncr,banana_lakatan,106.86,80,130,prevailing,7
2025-04-28,ncr,banana_lakatan,114.22,80,130,prevailing,7
2025-05-05,ncr,banana_lakatan,112,75,130,prevailing,7
2025-05-12,ncr,banana_lakatan,113.33,75,130,prevailing,7
2025-05-19,ncr,banana_lakatan,115.97,70,130,prevailing,7
2025-05-26,ncr,banana_lakatan,115.6,75,130,prevailing,7
2025-06-02,ncr,banana_lakatan,113.16,75,130,prevailing,7
2025-06-09,ncr,banana_lakatan,117.5,75,150,prevailing,7
2025-06-16,ncr,banana_lakatan,111.31,75,130,prevailing,7
2025-06-23,ncr,banana_lakatan,116.9,60,130,prevailing,7
2025-06-30,ncr,banana_lakatan,106.07,60,130,prevailing,7
2025-07-07,ncr,banana_lakatan,114.64,70,130,prevailing,7
2025-07-14,ncr,banana_lakatan,115.11,65,130,prevailing,7
2025-07-21,ncr,banana_lakatan,116.55,70,130,prevailing,7
2025-07-28,ncr,banana_lakatan,112.52,60,130,prevailing,7
2025-08-04,ncr,banana_lakatan,104.64,60,130,prevailing,7
2025-08-11,ncr,banana_lakatan,99.88,60,130,prevailing,7
2025-08-18,ncr,banana_lakatan,114.53,60,130,prevailing,7
2025-08-25,ncr,banana_lakatan,108.65,60,130,prevailing,7
2025-09-01,ncr,banana_lakatan,99.59,60,130,prevailing,7
2025-09-08,ncr,banana_lakatan,102.98,60,130,prevailing,7
2025-09-15,ncr,banana_lakatan,107.76,60,130,prevailing,7
2025-09-22,ncr,banana_lakatan,104.71,60,120,prevailing,7
2025-09-29,ncr,banana_lakatan,100.17,60,120,prevailing,7
2025-10-06,ncr,banana_lakatan,95.98,50,120,prevailing,7
2025-10-13,ncr,banana_lakatan,99.13,60,130,prevailing,7
2025-10-20,ncr,banana_lakatan,99.14,60,120,prevailing,7
2025-10-27,ncr,banana_lakatan,99.58,60,120,prevailing,7
2025-11-03,ncr,banana_lakatan,98.93,60,120,prevailing,7
2025-11-10,ncr,banana_lakatan,100.95,60,120,prevailing,7
2025-11-17,ncr,banana_lakatan,99.68,60,130,prevailing,7
2025-11-24,ncr,banana_lakatan,99.35,60,130,prevailing,7
2025-12-01,ncr,banana_lakatan,99.42,60,120,prevailing,7
2025-12-08,ncr,banana_lakatan,99.42,60,120,prevailing,7
2025-12-15,ncr,banana_lakatan,99.03,60,120,prevailing,7
2025-12-22,ncr,banana_lakatan,99.05,60,120,prevailing,7
2025-12-29,ncr,banana_lakatan,99.68,60,120,prevailing,7
2026-01-05,ncr,banana_lakatan,99.74,60,130,prevailing,7
2026-01-12,ncr,banana_lakatan,99.35,60,130,prevailing,7
2026-01-19,ncr,banana_lakatan,99.61,60,130,prevailing,7
2026-01-26,ncr,banana_lakatan,99.05,60,130,prevailing,7
2026-02-02,ncr,banana_lakatan,99.68,60,130,prevailing,7
2026-02-09,ncr,banana_lakatan,99.35,60,130,prevailing,7
2026-02-16,ncr,banana_lakatan,100.64,60,130,prevailing,7
2026-02-23,ncr,banana_lakatan,100.06,60,130,prevailing,7
2026-03-02,ncr,banana_lakatan,104.16,60,130,prevailing,7
2026-03-09,ncr,banana_lakatan,105.58,70,130,prevailing,7
2026-03-16,ncr,banana_lakatan,100.52,70,130,prevailing,7
2026-03-23,ncr,banana_lakatan,100.07,70,130,prevailing,7
2026-03-30,ncr,banana_lakatan,100.48,70,120,prevailing,7
2026-04-06,ncr,banana_lakatan,100.12,65,130,prevailing,7
2026-04-13,ncr,banana_lakatan,107.14,65,130,prevailing,7
2026-04-20,ncr,banana_lakatan,98.77,65,130,prevailing,7
2026-04-27,ncr,banana_lakatan,98.79,65,130,prevailing,7
2026-05-04,ncr,banana_lakatan,98.33,65,130,prevailing,7
2026-05-11,ncr,banana_lakatan,98.52,65,130,prevailing,7
2026-05-18,ncr,banana_lakatan,98.57,65,130,prevailing,7
2026-05-25,ncr,banana_lakatan,98.71,65,130,prevailing,7
2026-06-01,ncr,banana_lakatan,98.32,60,130,prevailing,7
2026-06-08,ncr,banana_lakatan,97.71,60,130,prevailing,7
2026-06-15,ncr,banana_lakatan,98.21,60,130,prevailing,7
2026-06-22,ncr,banana_lakatan,99.57,60,130,prevailing,7
2026-06-29,ncr,banana_lakatan,99.55,65,120,prevailing,7
2026-07-06,ncr,banana_lakatan,98.57,50,120,prevailing,7
2026-07-13,ncr,banana_lakatan,100,65,120,prevailing,7
2026-07-20,ncr,banana_lakatan,100,65,120,prevailing,7
2026-07-27,ncr,banana_lakatan,100,75,110,prevailing,7
2026-08-03,ncr,banana_lakatan,100,75,110,prevailing,7
2026-08-10,ncr,banana_lakatan,100,75,110,prevailing,7
2026-08-17,ncr,banana_lakatan,100,75,110,prevailing,7
2026-08-24,ncr,banana_lakatan,100,60,120,prevailing,7
2026-08-31,ncr,banana_lakatan,100,60,130,prevailing,7
2026-09-07,ncr,banana_lakatan,100,65,120,prevailing,7
2026-09-14,ncr,banana_lakatan,100,50,120,prevailing,7
2026-09-21,ncr,banana_lakatan,100,50,120,prevailing,7
2026-09-28,ncr,banana_lakatan,98.67,60,120,prevailing,7
2020-11-02,ncr,banana_latundan,67.5,40,80,prevailing,4
2020-11-09,ncr,banana_latundan,67.5,50,80,prevailing,4
2020-11-16,ncr,banana_latundan,67,50,80,prevailing,5
2020-11-23,ncr,banana_latundan,68,50,80,prevailing,5
2020-11-30,ncr,banana_latundan,70,50,80,prevailing,4
2020-12-07,ncr,banana_latundan,70,50,80,prevailing,4
2020-12-14,ncr,banana_latundan,70,50,80,prevailing,4
2020-12-21,ncr,banana_latundan,70,50,80,prevailing,3
2020-12-28,ncr,banana_latundan,70,50,80,prevailing,2
2021-01-04,ncr,banana_latundan,70,50,80,prevailing,5
2021-01-11,ncr,banana_latundan,70,50,80,prevailing,5
2021-01-18,ncr,banana_latundan,70,50,80,prevailing,5
2021-01-25,ncr,banana_latundan,70,50,85,prevailing,5
2021-02-01,ncr,banana_latundan,70,50,70,prevailing,5
2021-02-08,ncr,banana_latundan,70,40,70,prevailing,5
2021-02-15,ncr,banana_latundan,70,50,75,prevailing,5
2021-02-22,ncr,banana_latundan,70,50,70,prevailing,5
2021-03-01,ncr,banana_latundan,70,50,80,prevailing,5
2021-03-08,ncr,banana_latundan,70,50,80,prevailing,5
2021-03-15,ncr,banana_latundan,70,50,70,prevailing,5
2021-03-22,ncr,banana_latundan,70,50,70,prevailing,5
2021-03-29,ncr,banana_latundan,70,50,70,prevailing,3
2021-04-05,ncr,banana_latundan,70,50,70,prevailing,5
2021-04-12,ncr,banana_latundan,70,50,70,prevailing,5
2021-04-19,ncr,banana_latundan,70,50,70,prevailing,5
2021-04-26,ncr,banana_latundan,70,50,70,prevailing,5
2021-05-03,ncr,banana_latundan,70,50,70,prevailing,4
2021-05-10,ncr,banana_latundan,70,50,70,prevailing,5
2021-05-17,ncr,banana_latundan,70,50,70,prevailing,5
2021-05-24,ncr,banana_latundan,70,50,70,prevailing,5
2021-05-31,ncr,banana_latundan,70,50,80,prevailing,5
2021-06-07,ncr,banana_latundan,70,50,70,prevailing,5
2021-06-14,ncr,banana_latundan,70,45,70,prevailing,5
2021-06-21,ncr,banana_latundan,70,45,70,prevailing,5
2021-06-28,ncr,banana_latundan,70,50,70,prevailing,5
2021-07-05,ncr,banana_latundan,70,45,70,prevailing,4
2021-07-12,ncr,banana_latundan,70,45,70,prevailing,5
2021-07-19,ncr,banana_latundan,70,45,70,prevailing,5
2021-07-26,ncr,banana_latundan,67,45,70,prevailing,5
2021-08-02,ncr,banana_latundan,70,40,80,prevailing,5
2021-08-09,ncr,banana_latundan,62,40,70,prevailing,5
2021-08-16,ncr,banana_latundan,67,40,70,prevailing,5
2021-08-23,ncr,banana_latundan,70,40,80,prevailing,5
2021-08-30,ncr,banana_latundan,64,40,70,prevailing,5
2021-09-06,ncr,banana_latundan,60,,,prevailing,5
2021-09-13,ncr,banana_latundan,62,,,prevailing,5
2021-09-20,ncr,banana_latundan,64,,,prevailing,5
2021-09-27,ncr,banana_latundan,62,,,prevailing,5
2021-10-04,ncr,banana_latundan,60,,,prevailing,3
2021-10-11,ncr,banana_latundan,64,,,prevailing,5
2021-10-18,ncr,banana_latundan,69,,,prevailing,5
2021-10-25,ncr,banana_latundan,70,,,prevailing,1
2022-01-03,ncr,banana_latundan,61.25,,,prevailing,4
2022-01-10,ncr,banana_latundan,69,,,prevailing,5
2022-01-17,ncr,banana_latundan,62,,,prevailing,5
2022-01-24,ncr,banana_latundan,60,,,prevailing,5
2022-01-31,ncr,banana_latundan,64,,,prevailing,5
2022-02-07,ncr,banana_latundan,64,,,prevailing,5
2022-02-14,ncr,banana_latundan,70,,,prevailing,4
2022-02-21,ncr,banana_latundan,60,,,prevailing,5
2022-02-28,ncr,banana_latundan,59,,,prevailing,5
2022-03-07,ncr,banana_latundan,70,,,prevailing,5
2022-03-14,ncr,banana_latundan,70,,,prevailing,5
2022-03-21,ncr,banana_latundan,70,,,prevailing,5
2022-03-28,ncr,banana_latundan,69,,,prevailing,5
2022-04-04,ncr,banana_latundan,61,,,prevailing,5
2022-04-11,ncr,banana_latundan,70,,,prevailing,3
2022-04-18,ncr,banana_latundan,61,,,prevailing,5
2022-04-25,ncr,banana_latundan,66,,,prevailing,5
2022-05-02,ncr,banana_latundan,67,,,prevailing,5
2022-05-09,ncr,banana_latundan,70,,,prevailing,4
2022-05-16,ncr,banana_latundan,70,,,prevailing,5
2022-05-23,ncr,banana_latundan,60,,,prevailing,5
2022-05-30,ncr,banana_latundan,60,,,prevailing,5
2022-06-06,ncr,banana_latundan,60,,,prevailing,5
2022-06-13,ncr,banana_latundan,60,,,prevailing,5
2022-06-20,ncr,banana_latundan,60,,,prevailing,5
2022-06-27,ncr,banana_latundan,60,,,prevailing,5
2022-07-04,ncr,banana_latundan,60,,,prevailing,5
2022-07-11,ncr,banana_latundan,60,,,prevailing,5
2022-07-18,ncr,banana_latundan,60,,,prevailing,5
2022-07-25,ncr,banana_latundan,50,,,prevailing,5
2022-08-01,ncr,banana_latundan,60,,,prevailing,5
2022-08-08,ncr,banana_latundan,60,,,prevailing,5
2022-08-15,ncr,banana_latundan,60,,,prevailing,5
2022-08-22,ncr,banana_latundan,60,,,prevailing,5
2022-08-29,ncr,banana_latundan,60,,,prevailing,5
2022-09-05,ncr,banana_latundan,59,,,prevailing,5
2022-09-12,ncr,banana_latundan,58.75,,,prevailing,4
2022-09-19,ncr,banana_latundan,60,,,prevailing,4
2022-09-26,ncr,banana_latundan,60,,,prevailing,5
2022-10-03,ncr,banana_latundan,60,,,prevailing,5
2022-10-10,ncr,banana_latundan,60,,,prevailing,5
2022-10-17,ncr,banana_latundan,60,,,prevailing,5
2022-10-24,ncr,banana_latundan,59,,,prevailing,5
2022-10-31,ncr,banana_latundan,57.5,,,prevailing,4
2022-11-07,ncr,banana_latundan,60,,,prevailing,5
2022-11-14,ncr,banana_latundan,60,,,prevailing,5
2022-11-21,ncr,banana_latundan,63,,,prevailing,5
2022-11-28,ncr,banana_latundan,54,,,prevailing,5
2022-12-05,ncr,banana_latundan,66,,,prevailing,5
2022-12-12,ncr,banana_latundan,50,,,prevailing,5
2022-12-19,ncr,banana_latundan,50,,,prevailing,5
2022-12-26,ncr,banana_latundan,64.8,48,90,midpoint,5
2023-01-02,ncr,banana_latundan,65,50,80,midpoint,5
2023-01-09,ncr,banana_latundan,65,50,80,midpoint,5
2023-01-16,ncr,banana_latundan,63,45,80,midpoint,5
2023-01-23,ncr,banana_latundan,65.5,45,90,midpoint,5
2023-01-30,ncr,banana_latundan,64.5,45,80,midpoint,5
2023-02-06,ncr,banana_latundan,63,45,80,midpoint,5
2023-02-13,ncr,banana_latundan,62.5,45,80,midpoint,5
2023-02-20,ncr,banana_latundan,61.8,42,80,midpoint,5
2023-02-27,ncr,banana_latundan,63.5,45,90,midpoint,5
2023-03-06,ncr,banana_latundan,62.5,45,80,midpoint,5
2023-03-13,ncr,banana_latundan,62.5,45,80,midpoint,5
2023-03-20,ncr,banana_latundan,60.5,40,80,midpoint,5
2023-03-27,ncr,banana_latundan,60,40,80,midpoint,5
2023-04-03,ncr,banana_latundan,61.67,40,90,midpoint,3
2023-04-10,ncr,banana_latundan,61.25,40,90,midpoint,4
2023-04-17,ncr,banana_latundan,59,30,80,midpoint,5
2023-04-24,ncr,banana_latundan,59.5,35,80,midpoint,5
2023-05-01,ncr,banana_latundan,60,40,80,midpoint,4
2023-05-08,ncr,banana_latundan,61.5,40,90,midpoint,5
2023-05-15,ncr,banana_latundan,62.5,45,80,midpoint,5
2023-05-22,ncr,banana_latundan,63.5,45,90,midpoint,5
2023-05-29,ncr,banana_latundan,63.6,45,88,midpoint,5
2023-06-05,ncr,banana_latundan,62.5,45,80,midpoint,3
2023-06-12,ncr,banana_latundan,60,40,80,midpoint,1
2023-06-19,ncr,banana_latundan,60,40,80,midpoint,4
2023-06-26,ncr,banana_latundan,63.12,40,80,midpoint,4
2023-07-03,ncr,banana_latundan,60,40,80,midpoint,5
2023-07-10,ncr,banana_latundan,61,40,80,midpoint,5
2023-07-17,ncr,banana_latundan,62.5,45,80,midpoint,5
2023-07-24,ncr,banana_latundan,61.25,40,80,midpoint,4
2023-07-31,ncr,banana_latundan,60.5,40,80,midpoint,5
2023-08-07,ncr,banana_latundan,59.5,35,80,midpoint,5
2023-08-14,ncr,banana_latundan,60.7,38,80,midpoint,5
2023-08-21,ncr,banana_latundan,60.6,40,80,midpoint,5
2023-08-28,ncr,banana_latundan,60.9,40,80,midpoint,5
2023-09-04,ncr,banana_latundan,60.5,40,80,midpoint,5
2023-09-11,ncr,banana_latundan,62.5,45,80,midpoint,5
2023-09-18,ncr,banana_latundan,63,45,80,midpoint,5
2023-09-25,ncr,banana_latundan,62.5,45,80,midpoint,5
2023-10-02,ncr,banana_latundan,62.5,45,80,midpoint,5
2023-10-09,ncr,banana_latundan,63,45,80,midpoint,5
2023-10-16,ncr,banana_latundan,62.5,45,80,midpoint,5
2023-10-23,ncr,banana_latundan,62.5,45,80,midpoint,5
2023-10-30,ncr,banana_latundan,62.5,45,80,midpoint,4
2023-11-06,ncr,banana_latundan,82.5,45,120,midpoint,5
2023-11-13,ncr,banana_latundan,67.5,45,90,midpoint,5
2023-11-20,ncr,banana_latundan,70.5,45,100,midpoint,5
2023-11-27,ncr,banana_latundan,73.75,40,100,midpoint,4
2023-12-04,ncr,banana_latundan,72.5,45,100,midpoint,5
2023-12-11,ncr,banana_latundan,71.25,45,100,midpoint,4
2023-12-18,ncr,banana_latundan,73,45,100,midpoint,5
2023-12-25,ncr,banana_latundan,76.25,50,100,midpoint,4
2024-01-01,ncr,banana_latundan,74.38,45,100,midpoint,4
2024-01-08,ncr,banana_latundan,73.5,45,100,midpoint,5
2024-01-15,ncr,banana_latundan,70,50,100,midpoint,5
2024-01-22,ncr,banana_latundan,74.1,48,100,midpoint,5
2024-01-29,ncr,banana_latundan,68.5,35,100,midpoint,5
2024-02-05,ncr,banana_latundan,74.5,45,100,midpoint,5
2024-02-12,ncr,banana_latundan,73.5,45,100,midpoint,5
2024-02-19,ncr,banana_latundan,73.5,40,100,midpoint,5
2024-02-26,ncr,banana_latundan,73.5,45,110,midpoint,5
2024-03-04,ncr,banana_latundan,72.5,45,100,midpoint,4
2024-03-11,ncr,banana_latundan,72.5,45,100,midpoint,5
2024-03-18,ncr,banana_latundan,72.5,45,100,midpoint,5
2024-03-25,ncr,banana_latundan,72.5,45,100,midpoint,3
2024-04-01,ncr,banana_latundan,72.5,45,100,midpoint,5
2024-04-08,ncr,banana_latundan,71.67,40,100,midpoint,3
2024-04-15,ncr,banana_latundan,67.5,35,100,midpoint,6
2024-04-22,ncr,banana_latundan,67.5,35,100,midpoint,6
2024-04-29,ncr,banana_latundan,67.92,35,100,midpoint,6
2024-05-06,ncr,banana_latundan,68.33,35,110,midpoint,6
2024-05-13,ncr,banana_latundan,67.5,35,100,midpoint,6
2024-05-20,ncr,banana_latundan,67.5,35,100,midpoint,6
2024-05-27,ncr,banana_latundan,67.5,35,100,midpoint,6
2024-06-03,ncr,banana_latundan,67.5,35,100,midpoint,6
2024-06-10,ncr,banana_latundan,67.5,35,100,midpoint,6
2024-06-17,ncr,banana_latundan,67.5,35,100,midpoint,6
2024-06-24,ncr,banana_latundan,67.5,35,100,midpoint,6
2024-07-01,ncr,banana_latundan,67.5,35,100,midpoint,6
2024-07-08,ncr,banana_latundan,67.5,35,100,midpoint,6
2024-07-15,ncr,banana_latundan,67.92,35,100,midpoint,6
2024-07-22,ncr,banana_latundan,68.33,35,100,midpoint,6
2024-07-29,ncr,banana_latundan,70,40,100,midpoint,6
2024-08-05,ncr,banana_latundan,70.83,40,100,midpoint,6
2024-08-12,ncr,banana_latundan,70,40,100,midpoint,6
2024-08-19,ncr,banana_latundan,70.83,40,100,midpoint,6
2024-08-26,ncr,banana_latundan,73.33,40,100,midpoint,6
2024-09-02,ncr,banana_latundan,70,40,100,midpoint,6
2024-09-09,ncr,banana_latundan,71.67,40,100,midpoint,6
2024-09-16,ncr,banana_latundan,74.58,45,100,midpoint,6
2024-09-23,ncr,banana_latundan,74.17,40,100,midpoint,6
2024-09-30,ncr,banana_latundan,74,45,100,midpoint,5
2024-10-07,ncr,banana_latundan,72,40,100,midpoint,5
2024-10-14,ncr,banana_latundan,72.5,40,100,midpoint,6
2024-10-21,ncr,banana_latundan,71.5,40,100,midpoint,5
2024-10-28,ncr,banana_latundan,73,40,100,midpoint,5
2024-11-04,ncr,banana_latundan,71.67,40,100,midpoint,6
2024-11-11,ncr,banana_latundan,72,40,100,midpoint,5
2024-11-18,ncr,banana_latundan,73.33,45,100,midpoint,6
2024-11-25,ncr,banana_latundan,74.17,40,100,midpoint,6
2024-12-02,ncr,banana_latundan,71.5,40,100,midpoint,5
2024-12-09,ncr,banana_latundan,72.5,55,90,midpoint,5
2024-12-16,ncr,banana_latundan,72.5,45,100,midpoint,5
2024-12-23,ncr,banana_latundan,72,40,100,midpoint,5
2024-12-30,ncr,banana_latundan,73.12,45,100,midpoint,4
2025-01-06,ncr,banana_latundan,74,55,90,midpoint,5
2025-01-13,ncr,banana_latundan,74.01,40,100,average,6
2025-01-20,ncr,banana_latundan,74.57,60,90,average,6
2025-01-27,ncr,banana_latundan,73.86,60,90,average,6
2025-02-03,ncr,banana_latundan,75.91,60,90,average,6
2025-02-10,ncr,banana_latundan,80,60,90,prevailing,6
2025-02-17,ncr,banana_latundan,80,60,90,prevailing,6
2025-02-24,ncr,banana_latundan,80,55,90,prevailing,6
2025-03-03,ncr,banana_latundan,80,55,90,prevailing,6
2025-03-10,ncr,banana_latundan,79.17,60,90,prevailing,6
2025-03-17,ncr,banana_latundan,80,60,90,prevailing,6
2025-03-24,ncr,banana_latundan,80,60,90,prevailing,6
2025-03-31,ncr,banana_latundan,77.27,60,90,prevailing,7
2025-04-07,ncr,banana_latundan,78.21,60,90,prevailing,7
2025-04-14,ncr,banana_latundan,76.56,60,90,prevailing,4
2025-04-21,ncr,banana_latundan,78.39,60,90,prevailing,7
2025-04-28,ncr,banana_latundan,78.65,60,90,prevailing,7
2025-05-05,ncr,banana_latundan,79.29,60,90,prevailing,7
2025-05-12,ncr,banana_latundan,77.86,55,90,prevailing,7
2025-05-19,ncr,banana_latundan,78.4,55,90,prevailing,7
2025-05-26,ncr,banana_latundan,78.57,60,90,prevailing,7
2025-06-02,ncr,banana_latundan,78.93,60,90,prevailing,7
2025-06-09,ncr,banana_latundan,79.05,55,90,prevailing,7
2025-06-16,ncr,banana_latundan,78.29,55,90,prevailing,7
2025-06-23,ncr,banana_latundan,78.57,55,90,prevailing,7
2025-06-30,ncr,banana_latundan,79.17,55,90,prevailing,7
2025-07-07,ncr,banana_latundan,79.29,55,90,prevailing,7
2025-07-14,ncr,banana_latundan,78.6,55,90,prevailing,7
2025-07-21,ncr,banana_latundan,79.11,55,90,prevailing,7
2025-07-28,ncr,banana_latundan,78.34,55,90,prevailing,7
2025-08-04,ncr,banana_latundan,78.39,55,90,prevailing,7
2025-08-11,ncr,banana_latundan,79,55,90,prevailing,7
2025-08-18,ncr,banana_latundan,77.56,55,90,prevailing,7
2025-08-25,ncr,banana_latundan,77.59,55,90,prevailing,7
2025-09-01,ncr,banana_latundan,77.07,55,90,prevailing,7
2025-09-08,ncr,banana_latundan,79,55,90,prevailing,7
2025-09-15,ncr,banana_latundan,78.1,55,90,prevailing,7
2025-09-22,ncr,banana_latundan,78.11,50,120,prevailing,7
2025-09-29,ncr,banana_latundan,77.55,55,90,prevailing,7
2025-10-06,ncr,banana_latundan,81.29,55,120,prevailing,7
2025-10-13,ncr,banana_latundan,78.75,55,90,prevailing,7
2025-10-20,ncr,banana_latundan,78.21,55,90,prevailing,7
2025-10-27,ncr,banana_latundan,79.57,55,90,prevailing,7
2025-11-03,ncr,banana_latundan,78.31,55,90,prevailing,7
2025-11-10,ncr,banana_latundan,78.71,55,90,prevailing,7
2025-11-17,ncr,banana_latundan,79.29,55,90,prevailing,7
2025-11-24,ncr,banana_latundan,79.14,50,100,prevailing,7
2025-12-01,ncr,banana_latundan,79.57,55,90,prevailing,7
2025-12-08,ncr,banana_latundan,79,55,90,prevailing,7
2025-12-15,ncr,banana_latundan,78.86,55,90,prevailing,7
2025-12-22,ncr,banana_latundan,78.77,55,90,prevailing,7
2025-12-29,ncr,banana_latundan,79.43,55,90,prevailing,7
2026-01-05,ncr,banana_latundan,79.37,55,90,prevailing,7
2026-01-12,ncr,banana_latundan,79.14,55,90,prevailing,7
2026-01-19,ncr,banana_latundan,79.68,55,90,prevailing,7
2026-01-26,ncr,banana_latundan,78.61,55,90,prevailing,7
2026-02-02,ncr,banana_latundan,79.36,55,90,prevailing,7
2026-02-09,ncr,banana_latundan,78.83,55,90,prevailing,7
2026-02-16,ncr,banana_latundan,79.68,55,90,prevailing,7
2026-02-23,ncr,banana_latundan,79.19,55,90,prevailing,7
2026-03-02,ncr,banana_latundan,78.76,55,90,prevailing,7
2026-03-09,ncr,banana_latundan,79.52,55,90,prevailing,7
2026-03-16,ncr,banana_latundan,79.86,55,90,prevailing,7
2026-03-23,ncr,banana_latundan,78.65,55,90,prevailing,7
2026-03-30,ncr,banana_latundan,79.8,55,90,prevailing,7
2026-04-06,ncr,banana_latundan,79,55,90,prevailing,7
2026-04-13,ncr,banana_latundan,79.52,55,90,prevailing,7
2026-04-20,ncr,banana_latundan,77.86,55,90,prevailing,7
2026-04-27,ncr,banana_latundan,78.19,55,90,prevailing,7
2026-05-04,ncr,banana_latundan,77.75,55,90,prevailing,7
2026-05-11,ncr,banana_latundan,77.86,55,90,prevailing,7
2026-05-18,ncr,banana_latundan,77.99,55,90,prevailing,7
2026-05-25,ncr,banana_latundan,78.27,55,90,prevailing,7
2026-06-01,ncr,banana_latundan,77.99,55,90,prevailing,7
2026-06-08,ncr,banana_latundan,77.53,55,90,prevailing,7
2026-06-15,ncr,banana_latundan,77.98,55,90,prevailing,7
2026-06-22,ncr,banana_latundan,79.43,55,90,prevailing,7
2026-06-29,ncr,banana_latundan,79.43,60,90,prevailing,7
2026-07-06,ncr,banana_latundan,80,60,90,prevailing,7
2026-07-13,ncr,banana_latundan,80,55,90,prevailing,7
2026-07-20,ncr,banana_latundan,80,55,90,prevailing,7
2026-07-27,ncr,banana_latundan,80,55,90,prevailing,7
2026-08-03,ncr,banana_latundan,80,55,90,prevailing,7
2026-08-10,ncr,banana_latundan,80,55,90,prevailing,7
2026-08-17,ncr,banana_latundan,80,55,90,prevailing,7
2026-08-24,ncr,banana_latundan,80,40,90,prevailing,7
2026-08-31,ncr,banana_latundan,80,45,100,prevailing,7
2026-09-07,ncr,banana_latundan,80,45,100,prevailing,7
2026-09-14,ncr,banana_latundan,80,30,100,prevailing,7
2026-09-21,ncr,banana_latundan,80,40,100,prevailing,7
2026-09-28,ncr,banana_latundan,79.27,45,100,prevailing,7
2024-11-18,ncr,banana_saba,52.92,25,80,midpoint,6
2024-11-25,ncr,banana_saba,54.58,30,80,midpoint,6
2024-12-02,ncr,banana_saba,50.5,25,80,midpoint,5
2024-12-09,ncr,banana_saba,47,25,70,midpoint,5
2024-12-16,ncr,banana_saba,46.5,25,80,midpoint,5
2024-12-23,ncr,banana_saba,46,25,80,midpoint,5
2024-12-30,ncr,banana_saba,46.25,25,80,midpoint,4
2025-01-06,ncr,banana_saba,49.9,28,80,midpoint,5
2025-01-13,ncr,banana_saba,47.93,25,80,average,6
2025-01-20,ncr,banana_saba,49.01,25,80,average,6
2025-01-27,ncr,banana_saba,47.57,25,60,average,6
2025-02-03,ncr,banana_saba,48.36,25,80,average,6
2025-02-10,ncr,banana_saba,50,25,70,prevailing,6
2025-02-17,ncr,banana_saba,50,30,80,prevailing,6
2025-02-24,ncr,banana_saba,50,30,80,prevailing,6
2025-03-03,ncr,banana_saba,50,30,80,prevailing,6
2025-03-10,ncr,banana_saba,50,30,80,prevailing,6
2025-03-17,ncr,banana_saba,50,30,60,prevailing,6
2025-03-24,ncr,banana_saba,50,30,70,prevailing,6
2025-03-31,ncr,banana_saba,49.07,30,80,prevailing,7
2025-04-07,ncr,banana_saba,49.29,30,80,prevailing,7
2025-04-14,ncr,banana_saba,50,30,80,prevailing,4
2025-04-21,ncr,banana_saba,50.71,30,80,prevailing,7
2025-04-28,ncr,banana_saba,50.59,30,80,prevailing,7
2025-05-05,ncr,banana_saba,49.82,30,80,prevailing,7
2025-05-12,ncr,banana_saba,49.29,30,80,prevailing,7
2025-05-19,ncr,banana_saba,50.08,30,80,prevailing,7
2025-05-26,ncr,banana_saba,49.93,30,80,prevailing,7
2025-06-02,ncr,banana_saba,49.8,30,80,prevailing,7
2025-06-09,ncr,banana_saba,49.82,30,80,prevailing,7
2025-06-16,ncr,banana_saba,49.17,30,80,prevailing,7
2025-06-23,ncr,banana_saba,49.17,30,80,prevailing,7
2025-06-30,ncr,banana_saba,50.86,30,80,prevailing,7
2025-07-07,ncr,banana_saba,49.09,30,80,prevailing,7
2025-07-14,ncr,banana_saba,50.19,25,80,prevailing,7
2025-07-21,ncr,banana_saba,49.52,25,80,prevailing,7
2025-07-28,ncr,banana_saba,50.26,30,80,prevailing,7
2025-08-04,ncr,banana_saba,49.43,30,80,prevailing,7
2025-08-11,ncr,banana_saba,49.37,30,80,prevailing,7
2025-08-18,ncr,banana_saba,51.67,30,80,prevailing,7
2025-08-25,ncr,banana_saba,50.51,30,80,prevailing,7
2025-09-01,ncr,banana_saba,50.07,30,80,prevailing,7
2025-09-08,ncr,banana_saba,49.71,30,80,prevailing,7
2025-09-15,ncr,banana_saba,49.4,30,80,prevailing,7
2025-09-22,ncr,banana_saba,55.32,30,80,prevailing,7
2025-09-29,ncr,banana_saba,55.03,30,80,prevailing,7
2025-10-06,ncr,banana_saba,54.2,25,90,prevailing,7
2025-10-13,ncr,banana_saba,49.8,25,80,prevailing,7
2025-10-20,ncr,banana_saba,50.16,25,80,prevailing,7
2025-10-27,ncr,banana_saba,50.13,30,80,prevailing,7
2025-11-03,ncr,banana_saba,51.45,30,80,prevailing,7
2025-11-10,ncr,banana_saba,51.23,30,80,prevailing,7
2025-11-17,ncr,banana_saba,50.89,30,80,prevailing,7
2025-11-24,ncr,banana_saba,52.21,30,80,prevailing,7
2025-12-01,ncr,banana_saba,53.05,30,80,prevailing,7
2025-12-08,ncr,banana_saba,54.42,30,80,prevailing,7
2025-12-15,ncr,banana_saba,55.14,30,80,prevailing,7
2025-12-22,ncr,banana_saba,58.1,30,80,prevailing,7
2025-12-29,ncr,banana_saba,57.73,30,80,prevailing,7
2026-01-05,ncr,banana_saba,59.29,35,75,prevailing,7
2026-01-12,ncr,banana_saba,59.32,30,80,prevailing,7
2026-01-19,ncr,banana_saba,59.29,35,75,prevailing,7
2026-01-26,ncr,banana_saba,59.23,35,75,prevailing,7
2026-02-02,ncr,banana_saba,59.29,35,75,prevailing,7
2026-02-09,ncr,banana_saba,57.86,35,75,prevailing,7
2026-02-16,ncr,banana_saba,58.14,35,75,prevailing,7
2026-02-23,ncr,banana_saba,58.96,35,75,prevailing,7
2026-03-02,ncr,banana_saba,57.21,35,75,prevailing,7
2026-03-09,ncr,banana_saba,56.86,35,75,prevailing,7
2026-03-16,ncr,banana_saba,59.03,35,75,prevailing,7
2026-03-23,ncr,banana_saba,59.07,35,75,prevailing,7
2026-03-30,ncr,banana_saba,58.04,35,75,prevailing,7
2026-04-06,ncr,banana_saba,58.31,35,80,prevailing,7
2026-04-13,ncr,banana_saba,58.37,35,90,prevailing,7
2026-04-20,ncr,banana_saba,59.2,35,90,prevailing,7
2026-04-27,ncr,banana_saba,56.43,35,90,prevailing,7
2026-05-04,ncr,banana_saba,54.23,35,90,prevailing,7
2026-05-11,ncr,banana_saba,51.48,35,90,prevailing,7
2026-05-18,ncr,banana_saba,51.47,35,90,prevailing,7
2026-05-25,ncr,banana_saba,52.95,40,90,prevailing,7
2026-06-01,ncr,banana_saba,53.57,40,90,prevailing,7
2026-06-08,ncr,banana_saba,51.58,40,90,prevailing,7
2026-06-15,ncr,banana_saba,52.31,40,90,prevailing,7
2026-06-22,ncr,banana_saba,62.33,40,100,prevailing,7
2026-06-29,ncr,banana_saba,61,35,90,prevailing,7
2026-07-06,ncr,banana_saba,60,35,90,prevailing,7
2026-07-13,ncr,banana_saba,60,35,90,prevailing,7
2026-07-20,ncr,banana_saba,60,35,90,prevailing,7
2026-07-27,ncr,banana_saba,60,35,90,prevailing,7
2026-08-03,ncr,banana_saba,60,35,90,prevailing,7
2026-08-10,ncr,banana_saba,61.43,35,90,prevailing,7
2026-08-17,ncr,banana_saba,64.29,45,85,prevailing,7
2026-08-24,ncr,banana_saba,67.14,40,80,prevailing,7
2026-08-31,ncr,banana_saba,67.86,40,90,prevailing,7
2026-09-07,ncr,banana_saba,67.86,40,80,prevailing,7
2026-09-14,ncr,banana_saba,70,40,80,prevailing,7
2026-09-21,ncr,banana_saba,70,40,80,prevailing,7
2026-09-28,ncr,banana_saba,68.82,40,85,prevailing,7
2020-11-02,ncr,bangus,150,110,240,prevailing,4
2020-11-09,ncr,bangus,137.5,115,220,prevailing,4
2020-11-16,ncr,bangus,160,120,220,prevailing,5
2020-11-23,ncr,bangus,148,120,220,prevailing,5
2020-11-30,ncr,bangus,160,120,200,prevailing,4
2020-12-07,ncr,bangus,152.5,120,200,prevailing,4
2020-12-14,ncr,bangus,157.5,120,200,prevailing,4
2020-12-21,ncr,bangus,160,120,200,prevailing,3
2020-12-28,ncr,bangus,160,120,220,prevailing,2
2021-01-04,ncr,bangus,160,120,220,prevailing,5
2021-01-11,ncr,bangus,166,120,240,prevailing,5
2021-01-18,ncr,bangus,170,120,240,prevailing,5
2021-01-25,ncr,bangus,166,120,200,prevailing,5
2021-02-01,ncr,bangus,160,130,220,prevailing,5
2021-02-08,ncr,bangus,160,120,220,prevailing,5
2021-02-15,ncr,bangus,160,130,220,prevailing,5
2021-02-22,ncr,bangus,160,130,220,prevailing,5
2021-03-01,ncr,bangus,158,130,220,prevailing,5
2021-03-08,ncr,bangus,160,130,220,prevailing,5
2021-03-15,ncr,bangus,160,130,220,prevailing,5
2021-03-22,ncr,bangus,160,130,220,prevailing,5
2021-03-29,ncr,bangus,160,130,200,prevailing,3
2021-04-05,ncr,bangus,160,130,220,prevailing,5
2021-04-12,ncr,bangus,158,130,220,prevailing,5
2021-04-19,ncr,bangus,154,120,220,prevailing,5
2021-04-26,ncr,bangus,158,120,220,prevailing,5
2021-05-03,ncr,bangus,157.5,130,220,prevailing,4
2021-05-10,ncr,bangus,152,120,220,prevailing,5
2021-05-17,ncr,bangus,160,120,220,prevailing,5
2021-05-24,ncr,bangus,152,120,220,prevailing,5
2021-05-31,ncr,bangus,156,120,220,prevailing,5
2021-06-07,ncr,bangus,158,110,220,prevailing,5
2021-06-14,ncr,bangus,156,120,220,prevailing,5
2021-06-21,ncr,bangus,160,120,220,prevailing,5
2021-06-28,ncr,bangus,160,120,220,prevailing,5
2021-07-05,ncr,bangus,160,120,200,prevailing,4
2021-07-12,ncr,bangus,160,120,200,prevailing,5
2021-07-19,ncr,bangus,156,120,220,prevailing,5
2021-07-26,ncr,bangus,160,100,220,prevailing,5
2021-08-02,ncr,bangus,160,120,200,prevailing,5
2021-08-09,ncr,bangus,160,120,200,prevailing,5
2021-08-16,ncr,bangus,160,120,200,prevailing,5
2021-08-23,ncr,bangus,160,120,200,prevailing,5
2021-08-30,ncr,bangus,160,120,200,prevailing,5
2021-09-06,ncr,bangus,158,,,prevailing,5
2021-09-13,ncr,bangus,158,,,prevailing,5
2021-09-20,ncr,bangus,158,,,prevailing,5
2021-09-27,ncr,bangus,160,,,prevailing,5
2021-10-04,ncr,bangus,160,,,prevailing,3
2021-10-11,ncr,bangus,160,,,prevailing,5
2021-10-18,ncr,bangus,160,,,prevailing,5
2021-10-25,ncr,bangus,160,,,prevailing,1
2022-01-03,ncr,bangus,160,,,prevailing,4
2022-01-10,ncr,bangus,160,,,prevailing,5
2022-01-17,ncr,bangus,162,,,prevailing,5
2022-01-24,ncr,bangus,160,,,prevailing,5
2022-01-31,ncr,bangus,160,,,prevailing,5
2022-02-07,ncr,bangus,160,,,prevailing,5
2022-02-14,ncr,bangus,160,,,prevailing,4
2022-02-21,ncr,bangus,160,,,prevailing,5
2022-02-28,ncr,bangus,160,,,prevailing,5
2022-03-07,ncr,bangus,160,,,prevailing,5
2022-03-14,ncr,bangus,157,,,prevailing,5
2022-03-21,ncr,bangus,164,,,prevailing,5
2022-03-28,ncr,bangus,168,,,prevailing,5
2022-04-04,ncr,bangus,172,,,prevailing,5
2022-04-11,ncr,bangus,170,,,prevailing,3
2022-04-18,ncr,bangus,171,,,prevailing,5
2022-04-25,ncr,bangus,176,,,prevailing,5
2022-05-02,ncr,bangus,176,,,prevailing,5
2022-05-09,ncr,bangus,166.25,,,prevailing,4
2022-05-16,ncr,bangus,159,,,prevailing,5
2022-05-23,ncr,bangus,174,,,prevailing,5
2022-05-30,ncr,bangus,176,,,prevailing,5
2022-06-06,ncr,bangus,170,,,prevailing,5
2022-06-13,ncr,bangus,175,,,prevailing,5
2022-06-20,ncr,bangus,170,,,prevailing,5
2022-06-27,ncr,bangus,164,,,prevailing,5
2022-07-04,ncr,bangus,160,,,prevailing,5
2022-07-11,ncr,bangus,175,,,prevailing,5
2022-07-18,ncr,bangus,178,,,prevailing,5
2022-07-25,ncr,bangus,166,,,prevailing,5
2022-08-01,ncr,bangus,165,,,prevailing,5
2022-08-08,ncr,bangus,166,,,prevailing,5
2022-08-15,ncr,bangus,180,,,prevailing,5
2022-08-22,ncr,bangus,178,,,prevailing,5
2022-08-29,ncr,bangus,174,,,prevailing,5
2022-09-05,ncr,bangus,172,,,prevailing,5
2022-09-12,ncr,bangus,177.5,,,prevailing,4
2022-09-19,ncr,bangus,172.5,,,prevailing,4
2022-09-26,ncr,bangus,177,,,prevailing,5
2022-10-03,ncr,bangus,180,,,prevailing,5
2022-10-10,ncr,bangus,180,,,prevailing,5
2022-10-17,ncr,bangus,183,,,prevailing,5
2022-10-24,ncr,bangus,180,,,prevailing,5
2022-10-31,ncr,bangus,180,,,prevailing,4
2022-11-07,ncr,bangus,180,,,prevailing,5
2022-11-14,ncr,bangus,180,,,prevailing,5
2022-11-21,ncr,bangus,180,,,prevailing,5
2022-11-28,ncr,bangus,169,,,prevailing,5
2022-12-05,ncr,bangus,180,,,prevailing,5
2022-12-12,ncr,bangus,180,,,prevailing,5
2022-12-19,ncr,bangus,180,,,prevailing,5
2022-12-26,ncr,bangus,183,150,220,midpoint,5
2023-01-02,ncr,bangus,185,150,220,midpoint,5
2023-01-09,ncr,bangus,185,150,220,midpoint,5
2023-01-16,ncr,bangus,187,140,220,midpoint,5
2023-01-23,ncr,bangus,185,150,220,midpoint,5
2023-01-30,ncr,bangus,192,140,300,midpoint,5
2023-02-06,ncr,bangus,183,130,220,midpoint,5
2023-02-13,ncr,bangus,184,140,220,midpoint,5
2023-02-20,ncr,bangus,187.5,150,220,midpoint,5
2023-02-27,ncr,bangus,186,150,220,midpoint,5
2023-03-06,ncr,bangus,186,150,220,midpoint,5
2023-03-13,ncr,bangus,188,150,220,midpoint,5
2023-03-20,ncr,bangus,184,120,220,midpoint,5
2023-03-27,ncr,bangus,184,140,220,midpoint,5
2023-04-03,ncr,bangus,186.67,150,220,midpoint,3
2023-04-10,ncr,bangus,188.75,150,220,midpoint,4
2023-04-17,ncr,bangus,186,150,220,midpoint,5
2023-04-24,ncr,bangus,188,120,240,midpoint,5
2023-05-01,ncr,bangus,195,150,240,midpoint,4
2023-05-08,ncr,bangus,197,150,260,midpoint,5
2023-05-15,ncr,bangus,195,150,240,midpoint,5
2023-05-22,ncr,bangus,196,150,240,midpoint,5
2023-05-29,ncr,bangus,187,120,240,midpoint,5
2023-06-05,ncr,bangus,195,150,240,midpoint,3
2023-06-12,ncr,bangus,175,150,200,midpoint,1
2023-06-19,ncr,bangus,195,150,240,midpoint,4
2023-06-26,ncr,bangus,191.25,140,240,midpoint,4
2023-07-03,ncr,bangus,192,140,240,midpoint,5
2023-07-10,ncr,bangus,192,130,240,midpoint,5
2023-07-17,ncr,bangus,192,140,240,midpoint,5
2023-07-24,ncr,bangus,191.25,140,240,midpoint,4
2023-07-31,ncr,bangus,194,140,240,midpoint,5
2023-08-07,ncr,bangus,196,150,240,midpoint,5
2023-08-14,ncr,bangus,194,140,240,midpoint,5
2023-08-21,ncr,bangus,193,140,240,midpoint,5
2023-08-28,ncr,bangus,196,140,250,midpoint,5
2023-09-04,ncr,bangus,205,150,260,midpoint,5
2023-09-11,ncr,bangus,200,150,250,midpoint,5
2023-09-18,ncr,bangus,201,150,250,midpoint,5
2023-09-25,ncr,bangus,196,150,240,midpoint,5
2023-10-02,ncr,bangus,198,150,260,midpoint,5
2023-10-09,ncr,bangus,196,150,240,midpoint,5
2023-10-16,ncr,bangus,195,150,240,midpoint,5
2023-10-23,ncr,bangus,191,150,240,midpoint,5
2023-10-30,ncr,bangus,195,150,240,midpoint,4
2023-11-06,ncr,bangus,197,140,260,midpoint,5
2023-11-13,ncr,bangus,189,130,240,midpoint,5
2023-11-20,ncr,bangus,195,140,250,midpoint,5
2023-11-27,ncr,bangus,197.5,140,270,midpoint,4
2023-12-04,ncr,bangus,197,140,250,midpoint,5
2023-12-11,ncr,bangus,203.75,150,260,midpoint,4
2023-12-18,ncr,bangus,201,140,260,midpoint,5
2023-12-25,ncr,bangus,198.75,140,270,midpoint,4
2024-01-01,ncr,bangus,201.88,140,270,midpoint,4
2024-01-08,ncr,bangus,196,140,260,midpoint,5
2024-01-15,ncr,bangus,185,150,220,midpoint,5
2024-01-22,ncr,bangus,195,140,250,midpoint,5
2024-01-29,ncr,bangus,199,150,250,midpoint,5
2024-02-05,ncr,bangus,200,140,260,midpoint,5
2024-02-12,ncr,bangus,194,140,260,midpoint,5
2024-02-19,ncr,bangus,197.5,130,260,midpoint,5
2024-02-26,ncr,bangus,193,140,250,midpoint,5
2024-03-04,ncr,bangus,186.25,130,240,midpoint,4
2024-03-11,ncr,bangus,191,140,250,midpoint,5
2024-03-18,ncr,bangus,187,140,250,midpoint,5
2024-03-25,ncr,bangus,196.67,140,250,midpoint,3
2024-04-01,ncr,bangus,192,140,250,midpoint,5
2024-04-08,ncr,bangus,190,150,230,midpoint,3
2024-04-15,ncr,bangus,188.58,130,250,midpoint,6
2024-04-22,ncr,bangus,187.5,120,260,midpoint,6
2024-04-29,ncr,bangus,189.58,120,260,midpoint,6
2024-05-06,ncr,bangus,189.17,120,260,midpoint,6
2024-05-13,ncr,bangus,190.83,130,260,midpoint,6
2024-05-20,ncr,bangus,191.67,120,260,midpoint,6
2024-05-27,ncr,bangus,188.33,130,250,midpoint,6
2024-06-03,ncr,bangus,191.67,140,260,midpoint,6
2024-06-10,ncr,bangus,193.33,140,260,midpoint,6
2024-06-17,ncr,bangus,190.83,140,250,midpoint,6
2024-06-24,ncr,bangus,191.67,130,250,midpoint,6
2024-07-01,ncr,bangus,190.83,130,250,midpoint,6
2024-07-08,ncr,bangus,189.58,135,240,midpoint,6
2024-07-15,ncr,bangus,190,130,250,midpoint,6
2024-07-22,ncr,bangus,188.75,135,250,midpoint,6
2024-07-29,ncr,bangus,188.75,130,240,midpoint,6
2024-08-05,ncr,bangus,187.5,130,240,midpoint,6
2024-08-12,ncr,bangus,187.5,135,240,midpoint,6
2024-08-19,ncr,bangus,185.42,130,240,midpoint,6
2024-08-26,ncr,bangus,187.5,130,240,midpoint,6
2024-09-02,ncr,bangus,190.42,135,240,midpoint,6
2024-09-09,ncr,bangus,189.17,135,240,midpoint,6
2024-09-16,ncr,bangus,189.17,135,240,midpoint,6
2024-09-23,ncr,bangus,187.92,135,240,midpoint,6
2024-09-30,ncr,bangus,189.5,135,240,midpoint,5
2024-10-07,ncr,bangus,190.5,135,250,midpoint,5
2024-10-14,ncr,bangus,192.92,130,250,midpoint,6
2024-10-21,ncr,bangus,189,135,250,midpoint,5
2024-10-28,ncr,bangus,190,150,240,midpoint,5
2024-11-04,ncr,bangus,187.08,135,240,midpoint,6
2024-11-11,ncr,bangus,192,130,250,midpoint,5
2024-11-18,ncr,bangus,194.58,130,250,midpoint,6
2024-11-25,ncr,bangus,194.17,130,250,midpoint,6
2024-12-02,ncr,bangus,192,130,250,midpoint,5
2024-12-09,ncr,bangus,192,130,250,midpoint,5
2024-12-16,ncr,bangus,193,135,250,midpoint,5
2024-12-23,ncr,bangus,193,135,250,midpoint,5
2024-12-30,ncr,bangus,195,135,260,midpoint,4
2025-01-06,ncr,bangus,193,135,250,midpoint,5
2025-01-13,ncr,bangus,194.5,130,250,average,6
2025-01-20,ncr,bangus,197.91,130,250,average,6
2025-01-27,ncr,bangus,198.31,130,250,average,6
2025-02-03,ncr,bangus,198.91,130,250,average,6
2025-02-10,ncr,bangus,200,130,250,prevailing,6
2025-02-17,ncr,bangus,200,130,250,prevailing,6
2025-02-24,ncr,bangus,203.33,130,250,prevailing,6
2025-03-03,ncr,bangus,200,130,250,prevailing,6
2025-03-10,ncr,bangus,200,140,250,prevailing,6
2025-03-17,ncr,bangus,200,140,250,prevailing,6
2025-03-24,ncr,bangus,213.33,140,250,prevailing,6
2025-03-31,ncr,bangus,219.02,140,260,prevailing,7
2025-04-07,ncr,bangus,221.52,130,250,prevailing,7
2025-04-14,ncr,bangus,215.68,140,250,prevailing,4
2025-04-21,ncr,bangus,205.84,140,260,prevailing,7
2025-04-28,ncr,bangus,199.59,140,250,prevailing,7
2025-05-05,ncr,bangus,201.43,140,250,prevailing,7
2025-05-12,ncr,bangus,199.71,140,250,prevailing,7
2025-05-19,ncr,bangus,201.56,140,250,prevailing,7
2025-05-26,ncr,bangus,210.71,140,250,prevailing,7
2025-06-02,ncr,bangus,213.33,140,250,prevailing,7
2025-06-09,ncr,bangus,210,140,260,prevailing,7
2025-06-16,ncr,bangus,211.43,140,250,prevailing,7
2025-06-23,ncr,bangus,214,140,250,prevailing,7
2025-06-30,ncr,bangus,215.43,140,250,prevailing,7
2025-07-07,ncr,bangus,215.43,140,250,prevailing,7
2025-07-14,ncr,bangus,224.17,150,250,prevailing,7
2025-07-21,ncr,bangus,232.86,150,260,prevailing,7
2025-07-28,ncr,bangus,235.51,150,260,prevailing,7
2025-08-04,ncr,bangus,236.43,160,280,prevailing,7
2025-08-11,ncr,bangus,236,150,300,prevailing,5
2025-08-18,ncr,bangus,240.65,160,300,prevailing,6
2025-08-25,ncr,bangus,259.96,160,300,prevailing,7
2025-09-01,ncr,bangus,270.76,180,300,prevailing,7
2025-09-08,ncr,bangus,272.57,200,300,prevailing,7
2025-09-15,ncr,bangus,273.57,180,300,prevailing,7
2025-09-22,ncr,bangus,274.91,180,330,prevailing,7
2025-09-29,ncr,bangus,263.86,180,330,prevailing,7
2025-10-06,ncr,bangus,274.29,160,300,prevailing,7
2025-10-13,ncr,bangus,276.47,160,300,prevailing,7
2025-10-20,ncr,bangus,276.19,160,300,prevailing,7
2025-10-27,ncr,bangus,255.97,160,300,prevailing,7
2025-11-03,ncr,bangus,240.75,170,300,prevailing,7
2025-11-10,ncr,bangus,249.22,160,300,prevailing,7
2025-11-17,ncr,bangus,257.46,160,300,prevailing,7
2025-11-24,ncr,bangus,258.05,160,300,prevailing,7
2025-12-01,ncr,bangus,255.78,160,300,prevailing,7
2025-12-08,ncr,bangus,247.02,160,300,prevailing,7
2025-12-15,ncr,bangus,245.93,160,300,prevailing,7
2025-12-22,ncr,bangus,247.4,160,300,prevailing,7
2025-12-29,ncr,bangus,250,160,300,prevailing,7
2026-01-05,ncr,bangus,257,160,300,prevailing,7
2026-01-12,ncr,bangus,258.29,160,300,prevailing,7
2026-01-19,ncr,bangus,257.92,160,300,prevailing,7
2026-01-26,ncr,bangus,256.95,160,300,prevailing,7
2026-02-02,ncr,bangus,254.87,160,300,prevailing,7
2026-02-09,ncr,bangus,251.01,160,300,prevailing,7
2026-02-16,ncr,bangus,239.29,170,300,prevailing,7
2026-02-23,ncr,bangus,240.13,170,300,prevailing,7
2026-03-02,ncr,bangus,239,170,300,prevailing,7
2026-03-09,ncr,bangus,240.52,175,280,prevailing,7
2026-03-16,ncr,bangus,240.14,175,280,prevailing,7
2026-03-23,ncr,bangus,239.9,170,280,prevailing,7
2026-03-30,ncr,bangus,240.54,175,280,prevailing,7
2026-04-06,ncr,bangus,240.24,175,280,prevailing,7
2026-04-13,ncr,bangus,239.64,170,280,prevailing,7
2026-04-20,ncr,bangus,237.78,170,280,prevailing,7
2026-04-27,ncr,bangus,236.76,170,280,prevailing,7
2026-05-04,ncr,bangus,236.86,170,280,prevailing,7
2026-05-11,ncr,bangus,235.82,170,280,prevailing,7
2026-05-18,ncr,bangus,235.45,170,280,prevailing,7
2026-05-25,ncr,bangus,235.9,170,280,prevailing,7
2026-06-01,ncr,bangus,236.16,170,280,prevailing,7
2026-06-08,ncr,bangus,236,170,280,prevailing,7
2026-06-15,ncr,bangus,235.92,170,280,prevailing,7
2026-06-22,ncr,bangus,238.79,170,320,prevailing,7
2026-06-29,ncr,bangus,238.76,175,280,prevailing,7
2026-07-06,ncr,bangus,240,175,280,prevailing,7
2026-07-13,ncr,bangus,240,180,280,prevailing,7
2026-07-20,ncr,bangus,240,180,280,prevailing,7
2026-07-27,ncr,bangus,240,180,280,prevailing,7
2026-08-03,ncr,bangus,240,175,300,prevailing,7
2026-08-10,ncr,bangus,240,160,320,prevailing,7
2026-08-17,ncr,bangus,240,160,320,prevailing,7
2026-08-24,ncr,bangus,240,160,300,prevailing,7
2026-08-31,ncr,bangus,249.29,160,300,prevailing,7
2026-09-07,ncr,bangus,260,160,300,prevailing,7
2026-09-14,ncr,bangus,260,160,280,prevailing,7
2026-09-21,ncr,bangus,258.57,160,280,prevailing,7
2026-09-28,ncr,bangus,253.87,160,290,prevailing,7
2025-03-31,ncr,bangus_large,223.62,,,prevailing,2
2025-04-07,ncr,bangus_large,218,,,prevailing,1
2025-04-14,ncr,bangus_large,217.5,,,prevailing,1
2025-04-21,ncr,bangus_large,250,,,prevailing,1
2025-04-28,ncr,bangus_large,227.94,,,prevailing,2
2025-05-05,ncr,bangus_large,221.25,,,prevailing,1
2025-05-12,ncr,bangus_large,219,,,prevailing,1
2025-05-19,ncr,bangus_large,229.79,,,prevailing,2
2025-05-26,ncr,bangus_large,219.44,,,prevailing,1
2025-06-02,ncr,bangus_large,228.33,,,prevailing,1
2025-06-09,ncr,bangus_large,216.67,,,prevailing,1
2025-06-16,ncr,bangus_large,218,,,prevailing,1
2025-06-23,ncr,bangus_large,210,,,prevailing,1
2025-06-30,ncr,bangus_large,227.86,,,prevailing,1
2025-07-07,ncr,bangus_large,228,,,prevailing,1
2025-07-14,ncr,bangus_large,240.3,,,prevailing,2
2025-07-21,ncr,bangus_large,240,,,prevailing,1
2025-07-28,ncr,bangus_large,253.05,,,prevailing,2
2025-08-04,ncr,bangus_large,250,,,prevailing,1
2025-08-11,ncr,bangus_large,261.67,,,prevailing,1
2025-08-18,ncr,bangus_large,276.98,,,prevailing,2
2025-08-25,ncr,bangus_large,283.17,,,prevailing,3
2025-09-01,ncr,bangus_large,290.42,,,prevailing,2
2025-09-08,ncr,bangus_large,271.43,,,prevailing,1
2025-09-15,ncr,bangus_large,284.29,,,prevailing,1
2025-09-22,ncr,bangus_large,289.1,,,prevailing,2
2025-09-29,ncr,bangus_large,279.74,,,prevailing,3
2025-10-06,ncr,bangus_large,294.44,,,prevailing,1
2025-10-13,ncr,bangus_large,293.24,,,prevailing,1
2025-10-20,ncr,bangus_large,295.5,,,prevailing,1
2025-10-27,ncr,bangus_large,288.18,,,prevailing,1
2025-11-03,ncr,bangus_large,278.02,,,prevailing,2
2025-11-10,ncr,bangus_large,282,,,prevailing,1
2025-11-17,ncr,bangus_large,273.33,,,prevailing,1
2025-11-24,ncr,bangus_large,265.56,,,prevailing,1
2025-12-01,ncr,bangus_large,272.22,,,prevailing,1
2025-12-08,ncr,bangus_large,270,,,prevailing,1
2025-12-15,ncr,bangus_large,261.43,,,prevailing,1
2025-12-22,ncr,bangus_large,272.22,,,prevailing,1
2025-12-29,ncr,bangus_large,290,,,prevailing,1
2026-01-05,ncr,bangus_large,284,,,prevailing,1
2026-01-12,ncr,bangus_large,278.33,,,prevailing,1
2026-01-19,ncr,bangus_large,274.44,,,prevailing,1
2026-01-26,ncr,bangus_large,265,,,prevailing,1
2026-02-02,ncr,bangus_large,268,,,prevailing,1
2026-02-09,ncr,bangus_large,266,,,prevailing,1
2026-02-16,ncr,bangus_large,265.56,,,prevailing,1
2026-02-23,ncr,bangus_large,261,,,prevailing,1
2026-03-02,ncr,bangus_large,265.45,,,prevailing,1
2026-03-09,ncr,bangus_large,266.36,,,prevailing,1
2026-03-16,ncr,bangus_large,267,,,prevailing,1
2026-03-23,ncr,bangus_large,265.03,,,prevailing,2
2026-03-30,ncr,bangus_large,271.25,,,prevailing,1
2026-04-06,ncr,bangus_large,265.45,,,prevailing,1
2026-04-13,ncr,bangus_large,265,,,prevailing,1
2026-04-20,ncr,bangus_large,243.13,,,prevailing,1
2026-04-27,ncr,bangus_large,244.38,,,prevailing,1
2026-05-04,ncr,bangus_large,240,,,prevailing,1
2026-05-11,ncr,bangus_large,235,,,prevailing,1
2026-05-18,ncr,bangus_large,232,,,prevailing,1
2026-05-25,ncr,bangus_large,232.86,,,prevailing,1
2026-06-01,ncr,bangus_large,235.63,,,prevailing,1
2026-06-08,ncr,bangus_large,234.29,,,prevailing,1
2026-06-15,ncr,bangus_large,233.57,,,prevailing,1
2026-06-22,ncr,bangus_large,250.12,,,prevailing,1
2026-06-29,ncr,bangus_large,254.19,,,prevailing,1
2026-09-28,ncr,bangus_large,275.86,,,prevailing,2
2020-11-02,ncr,beef_brisket,300,270,380,prevailing,4
2020-11-09,ncr,beef_brisket,300,270,380,prevailing,4
2020-11-16,ncr,beef_brisket,300,270,420,prevailing,5
2020-11-23,ncr,beef_brisket,300,280,380,prevailing,5
2020-11-30,ncr,beef_brisket,305,280,380,prevailing,4
2020-12-07,ncr,beef_brisket,300,280,400,prevailing,4
2020-12-14,ncr,beef_brisket,305,280,390,prevailing,4
2020-12-21,ncr,beef_brisket,300,280,380,prevailing,3
2020-12-28,ncr,beef_brisket,310,280,380,prevailing,2
2021-01-04,ncr,beef_brisket,318,280,380,prevailing,5
2021-01-11,ncr,beef_brisket,328,280,380,prevailing,5
2021-01-18,ncr,beef_brisket,330,290,380,prevailing,5
2021-01-25,ncr,beef_brisket,326,300,380,prevailing,5
2021-02-01,ncr,beef_brisket,334,300,380,prevailing,5
2021-02-08,ncr,beef_brisket,362,300,400,prevailing,5
2021-02-15,ncr,beef_brisket,330,300,380,prevailing,5
2021-02-22,ncr,beef_brisket,340,300,390,prevailing,5
2021-03-01,ncr,beef_brisket,340,300,380,prevailing,5
2021-03-08,ncr,beef_brisket,340,300,380,prevailing,5
2021-03-15,ncr,beef_brisket,342,300,380,prevailing,5
2021-03-22,ncr,beef_brisket,346,300,380,prevailing,5
2021-03-29,ncr,beef_brisket,346.67,300,380,prevailing,3
2021-04-05,ncr,beef_brisket,343,300,380,prevailing,5
2021-04-12,ncr,beef_brisket,342,300,460,prevailing,5
2021-04-19,ncr,beef_brisket,340,300,380,prevailing,5
2021-04-26,ncr,beef_brisket,340,300,380,prevailing,5
2021-05-03,ncr,beef_brisket,342.5,300,380,prevailing,4
2021-05-10,ncr,beef_brisket,344,300,380,prevailing,5
2021-05-17,ncr,beef_brisket,342,300,380,prevailing,5
2021-05-24,ncr,beef_brisket,350,300,380,prevailing,5
2021-05-31,ncr,beef_brisket,350,300,380,prevailing,5
2021-06-07,ncr,beef_brisket,348,300,380,prevailing,5
2021-06-14,ncr,beef_brisket,350,300,390,prevailing,5
2021-06-21,ncr,beef_brisket,352,300,380,prevailing,5
2021-06-28,ncr,beef_brisket,350,300,380,prevailing,5
2021-07-05,ncr,beef_brisket,345,300,380,prevailing,4
2021-07-12,ncr,beef_brisket,344,300,380,prevailing,5
2021-07-19,ncr,beef_brisket,346,300,380,prevailing,5
2021-07-26,ncr,beef_brisket,346,300,390,prevailing,5
2021-08-02,ncr,beef_brisket,340,300,380,prevailing,5
2021-08-09,ncr,beef_brisket,340,240,380,prevailing,5
2021-08-16,ncr,beef_brisket,340,300,400,prevailing,5
2021-08-23,ncr,beef_brisket,340,300,400,prevailing,5
2021-08-30,ncr,beef_brisket,342,300,390,prevailing,5
2021-09-06,ncr,beef_brisket,350,,,prevailing,5
2021-09-13,ncr,beef_brisket,346,,,prevailing,5
2021-09-20,ncr,beef_brisket,340,,,prevailing,5
2021-09-27,ncr,beef_brisket,341,,,prevailing,5
2021-10-04,ncr,beef_brisket,341.67,,,prevailing,3
2021-10-11,ncr,beef_brisket,343,,,prevailing,5
2021-10-18,ncr,beef_brisket,348,,,prevailing,5
2021-10-25,ncr,beef_brisket,345,,,prevailing,1
2022-01-03,ncr,beef_brisket,350,,,prevailing,4
2022-01-10,ncr,beef_brisket,350,,,prevailing,5
2022-01-17,ncr,beef_brisket,350,,,prevailing,5
2022-01-24,ncr,beef_brisket,350,,,prevailing,5
2022-01-31,ncr,beef_brisket,350,,,prevailing,5
2022-02-07,ncr,beef_brisket,350,,,prevailing,5
2022-02-14,ncr,beef_brisket,350,,,prevailing,4
2022-02-21,ncr,beef_brisket,350,,,prevailing,5
2022-02-28,ncr,beef_brisket,350,,,prevailing,5
2022-03-07,ncr,beef_brisket,350,,,prevailing,5
2022-03-14,ncr,beef_brisket,350,,,prevailing,5
2022-03-21,ncr,beef_brisket,350,,,prevailing,5
2022-03-28,ncr,beef_brisket,350,,,prevailing,5
2022-04-04,ncr,beef_brisket,350,,,prevailing,5
2022-04-11,ncr,beef_brisket,350,,,prevailing,3
2022-04-18,ncr,beef_brisket,350,,,prevailing,5
2022-04-25,ncr,beef_brisket,350,,,prevailing,5
2022-05-02,ncr,beef_brisket,352,,,prevailing,5
2022-05-09,ncr,beef_brisket,360,,,prevailing,4
2022-05-16,ncr,beef_brisket,360,,,prevailing,5
2022-05-23,ncr,beef_brisket,360,,,prevailing,5
2022-05-30,ncr,beef_brisket,360,,,prevailing,5
2022-06-06,ncr,beef_brisket,360,,,prevailing,5
2022-06-13,ncr,beef_brisket,360,,,prevailing,5
2022-06-20,ncr,beef_brisket,356,,,prevailing,5
2022-06-27,ncr,beef_brisket,360,,,prevailing,5
2022-07-04,ncr,beef_brisket,360,,,prevailing,5
2022-07-11,ncr,beef_brisket,354,,,prevailing,5
2022-07-18,ncr,beef_brisket,356,,,prevailing,5
2022-07-25,ncr,beef_brisket,354,,,prevailing,5
2022-08-01,ncr,beef_brisket,358,,,prevailing,5
2022-08-08,ncr,beef_brisket,360,,,prevailing,5
2022-08-15,ncr,beef_brisket,360,,,prevailing,5
2022-08-22,ncr,beef_brisket,360,,,prevailing,5
2022-08-29,ncr,beef_brisket,360,,,prevailing,5
2022-09-05,ncr,beef_brisket,360,,,prevailing,5
2022-09-12,ncr,beef_brisket,360,,,prevailing,4
2022-09-19,ncr,beef_brisket,360,,,prevailing,4
2022-09-26,ncr,beef_brisket,363,,,prevailing,5
2022-10-03,ncr,beef_brisket,360,,,prevailing,5
2022-10-10,ncr,beef_brisket,360,,,prevailing,5
2022-10-17,ncr,beef_brisket,360,,,prevailing,5
2022-10-24,ncr,beef_brisket,360,,,prevailing,5
2022-10-31,ncr,beef_brisket,360,,,prevailing,4
2022-11-07,ncr,beef_brisket,360,,,prevailing,5
2022-11-14,ncr,beef_brisket,360,,,prevailing,5
2022-11-21,ncr,beef_brisket,360,,,prevailing,5
2022-11-28,ncr,beef_brisket,380,,,prevailing,5
2022-12-05,ncr,beef_brisket,370,,,prevailing,5
2022-12-12,ncr,beef_brisket,369,,,prevailing,5
2022-12-19,ncr,beef_brisket,370,,,prevailing,5
2022-12-26,ncr,beef_brisket,379,350,420,midpoint,5
2023-01-02,ncr,beef_brisket,385,350,420,midpoint,5
2023-01-09,ncr,beef_brisket,381,310,420,midpoint,5
2023-01-16,ncr,beef_brisket,385,350,420,midpoint,5
2023-01-23,ncr,beef_brisket,385,350,420,midpoint,5
2023-01-30,ncr,beef_brisket,397,350,450,midpoint,5
2023-02-06,ncr,beef_brisket,387,350,440,midpoint,5
2023-02-13,ncr,beef_brisket,385,350,420,midpoint,5
2023-02-20,ncr,beef_brisket,385,350,420,midpoint,5
2023-02-27,ncr,beef_brisket,385,350,420,midpoint,5
2023-03-06,ncr,beef_brisket,389,350,430,midpoint,5
2023-03-13,ncr,beef_brisket,390,350,430,midpoint,5
2023-03-20,ncr,beef_brisket,390,350,430,midpoint,5
2023-03-27,ncr,beef_brisket,411,350,500,midpoint,5
2023-04-03,ncr,beef_brisket,425,350,500,midpoint,3
2023-04-10,ncr,beef_brisket,397.5,350,460,midpoint,4
2023-04-17,ncr,beef_brisket,402,350,460,midpoint,5
2023-04-24,ncr,beef_brisket,405,350,460,midpoint,5
2023-05-01,ncr,beef_brisket,400,350,460,midpoint,4
2023-05-08,ncr,beef_brisket,395,350,440,midpoint,5
2023-05-15,ncr,beef_brisket,395,350,440,midpoint,5
2023-05-22,ncr,beef_brisket,395,350,440,midpoint,5
2023-05-29,ncr,beef_brisket,399,350,450,midpoint,5
2023-06-05,ncr,beef_brisket,390,350,430,midpoint,3
2023-06-12,ncr,beef_brisket,390,350,430,midpoint,1
2023-06-19,ncr,beef_brisket,391.25,350,430,midpoint,4
2023-06-26,ncr,beef_brisket,391.25,350,430,midpoint,4
2023-07-03,ncr,beef_brisket,384,330,430,midpoint,5
2023-07-10,ncr,beef_brisket,389,340,430,midpoint,5
2023-07-17,ncr,beef_brisket,385,340,430,midpoint,5
2023-07-24,ncr,beef_brisket,385,340,430,midpoint,4
2023-07-31,ncr,beef_brisket,395,340,450,midpoint,5
2023-08-07,ncr,beef_brisket,395,340,450,midpoint,5
2023-08-14,ncr,beef_brisket,395,340,450,midpoint,5
2023-08-21,ncr,beef_brisket,395,340,450,midpoint,5
2023-08-28,ncr,beef_brisket,393,320,450,midpoint,5
2023-09-04,ncr,beef_brisket,395,340,450,midpoint,5
2023-09-11,ncr,beef_brisket,385,340,430,midpoint,5
2023-09-18,ncr,beef_brisket,385,340,430,midpoint,5
2023-09-25,ncr,beef_brisket,385,340,430,midpoint,5
2023-10-02,ncr,beef_brisket,385,340,430,midpoint,5
2023-10-09,ncr,beef_brisket,385,340,430,midpoint,5
2023-10-16,ncr,beef_brisket,384,330,430,midpoint,5
2023-10-23,ncr,beef_brisket,380,340,430,midpoint,5
2023-10-30,ncr,beef_brisket,385,340,430,midpoint,4
2023-11-06,ncr,beef_brisket,380,300,450,midpoint,5
2023-11-13,ncr,beef_brisket,375.5,305,470,midpoint,5
2023-11-20,ncr,beef_brisket,380.5,300,470,midpoint,5
2023-11-27,ncr,beef_brisket,386.25,300,480,midpoint,4
2023-12-04,ncr,beef_brisket,388,300,470,midpoint,5
2023-12-11,ncr,beef_brisket,384.38,290,470,midpoint,4
2023-12-18,ncr,beef_brisket,381.5,290,470,midpoint,5
2023-12-25,ncr,beef_brisket,383.12,305,470,midpoint,4
2024-01-01,ncr,beef_brisket,381.25,305,470,midpoint,4
2024-01-08,ncr,beef_brisket,381.5,305,440,midpoint,5
2024-01-15,ncr,beef_brisket,395,350,440,midpoint,5
2024-01-22,ncr,beef_brisket,392,305,460,midpoint,5
2024-01-29,ncr,beef_brisket,395,350,440,midpoint,5
2024-02-05,ncr,beef_brisket,394,340,440,midpoint,5
2024-02-12,ncr,beef_brisket,386,320,440,midpoint,5
2024-02-19,ncr,beef_brisket,388,305,470,midpoint,5
2024-02-26,ncr,beef_brisket,388,320,460,midpoint,5
2024-03-04,ncr,beef_brisket,383.12,305,440,midpoint,4
2024-03-11,ncr,beef_brisket,388,320,440,midpoint,5
2024-03-18,ncr,beef_brisket,386.5,305,440,midpoint,5
2024-03-25,ncr,beef_brisket,385,320,440,midpoint,3
2024-04-01,ncr,beef_brisket,384,300,460,midpoint,5
2024-04-08,ncr,beef_brisket,386.67,300,460,midpoint,3
2024-04-15,ncr,beef_brisket,385.42,300,460,midpoint,6
2024-04-22,ncr,beef_brisket,380.83,300,460,midpoint,6
2024-04-29,ncr,beef_brisket,382.5,300,460,midpoint,6
2024-05-06,ncr,beef_brisket,380,300,440,midpoint,6
2024-05-13,ncr,beef_brisket,383.33,300,460,midpoint,6
2024-05-20,ncr,beef_brisket,381.67,300,460,midpoint,6
2024-05-27,ncr,beef_brisket,381.67,300,460,midpoint,6
2024-06-03,ncr,beef_brisket,381.25,305,460,midpoint,6
2024-06-10,ncr,beef_brisket,381.25,305,460,midpoint,6
2024-06-17,ncr,beef_brisket,381.67,305,460,midpoint,6
2024-06-24,ncr,beef_brisket,382.92,305,460,midpoint,6
2024-07-01,ncr,beef_brisket,386.67,320,460,midpoint,6
2024-07-08,ncr,beef_brisket,385.83,320,460,midpoint,6
2024-07-15,ncr,beef_brisket,385,320,460,midpoint,6
2024-07-22,ncr,beef_brisket,381.67,320,460,midpoint,6
2024-07-29,ncr,beef_brisket,383.33,320,460,midpoint,6
2024-08-05,ncr,beef_brisket,386.67,320,460,midpoint,6
2024-08-12,ncr,beef_brisket,386.67,320,460,midpoint,6
2024-08-19,ncr,beef_brisket,390,320,460,midpoint,6
2024-08-26,ncr,beef_brisket,388.33,320,460,midpoint,6
2024-09-02,ncr,beef_brisket,390,320,460,midpoint,6
2024-09-09,ncr,beef_brisket,386.67,320,460,midpoint,6
2024-09-16,ncr,beef_brisket,390,320,460,midpoint,6
2024-09-23,ncr,beef_brisket,386.67,320,460,midpoint,6
2024-09-30,ncr,beef_brisket,388,320,460,midpoint,5
2024-10-07,ncr,beef_brisket,384,320,460,midpoint,5
2024-10-14,ncr,beef_brisket,391.67,320,480,midpoint,6
2024-10-21,ncr,beef_brisket,389,320,460,midpoint,5
2024-10-28,ncr,beef_brisket,392,320,460,midpoint,5
2024-11-04,ncr,beef_brisket,390,320,460,midpoint,6
2024-11-11,ncr,beef_brisket,390,320,460,midpoint,5
2024-11-18,ncr,beef_brisket,390,320,460,midpoint,6
2024-11-25,ncr,beef_brisket,395,320,460,midpoint,6
2024-12-02,ncr,beef_brisket,390,320,460,midpoint,4
2024-12-09,ncr,beef_brisket,390,320,460,midpoint,1
2024-12-16,ncr,beef_brisket,390,320,460,midpoint,2
2024-12-23,ncr,beef_brisket,390,320,460,midpoint,4
2024-12-30,ncr,beef_brisket,390,320,460,midpoint,1
2025-01-13,ncr,beef_brisket,398.03,320,460,average,3
2025-01-20,ncr,beef_brisket,397.49,320,460,average,6
2025-01-27,ncr,beef_brisket,398.07,320,460,average,6
2025-02-03,ncr,beef_brisket,395.21,320,460,average,6
2025-02-10,ncr,beef_brisket,397.37,320,460,average,6
2025-02-17,ncr,beef_brisket,396.7,320,460,average,6
2025-02-24,ncr,beef_brisket,398.22,320,460,average,6
2025-03-03,ncr,beef_brisket,396.9,320,460,average,6
2025-03-10,ncr,beef_brisket,396.64,320,460,average,6
2025-03-17,ncr,beef_brisket,394.34,320,460,average,6
2025-03-24,ncr,beef_brisket,394.81,320,460,average,6
2025-03-31,ncr,beef_brisket,396.47,320,480,average,7
2025-04-07,ncr,beef_brisket,396.56,320,480,average,7
2025-04-14,ncr,beef_brisket,399.38,320,460,average,4
2025-04-21,ncr,beef_brisket,396.89,320,460,average,7
2025-04-28,ncr,beef_brisket,394.26,320,460,average,6
2025-05-05,ncr,beef_brisket,396.2,320,460,average,6
2025-05-12,ncr,beef_brisket,396.5,320,490,average,5
2025-05-19,ncr,beef_brisket,397.43,320,490,average,5
2025-05-26,ncr,beef_brisket,398.44,330,490,average,6
2025-06-02,ncr,beef_brisket,396.38,330,490,average,6
2025-06-09,ncr,beef_brisket,399.2,330,490,average,6
2025-06-16,ncr,beef_brisket,399.28,330,490,average,6
2025-06-23,ncr,beef_brisket,400.69,330,490,average,6
2025-06-30,ncr,beef_brisket,398.81,330,460,average,6
2025-07-07,ncr,beef_brisket,398.87,330,460,average,6
2025-07-14,ncr,beef_brisket,400.41,330,480,average,5
2025-07-21,ncr,beef_brisket,400.66,330,480,average,6
2025-07-28,ncr,beef_brisket,400.21,330,490,average,5
2025-08-04,ncr,beef_brisket,399.56,330,480,average,6
2025-08-11,ncr,beef_brisket,400.9,330,480,average,6
2025-08-18,ncr,beef_brisket,402.19,330,490,average,5
2025-08-25,ncr,beef_brisket,404.02,330,490,average,4
2025-09-01,ncr,beef_brisket,403.77,330,490,average,5
2025-09-08,ncr,beef_brisket,405.06,340,490,average,6
2025-09-15,ncr,beef_brisket,406.42,350,480,average,6
2025-09-22,ncr,beef_brisket,418.72,350,520,average,7
2025-09-29,ncr,beef_brisket,408.74,350,480,average,7
2025-10-06,ncr,beef_brisket,413.32,350,480,average,7
2025-10-13,ncr,beef_brisket,412.23,350,480,average,7
2025-10-20,ncr,beef_brisket,413.86,350,480,average,7
2025-10-27,ncr,beef_brisket,416.67,350,480,average,7
2025-11-03,ncr,beef_brisket,417.16,350,480,average,7
2025-11-10,ncr,beef_brisket,421.05,350,500,average,7
2025-11-17,ncr,beef_brisket,424.46,500,,average,7
2025-11-24,ncr,beef_brisket,425.52,360,500,average,7
2025-12-01,ncr,beef_brisket,425.07,360,500,average,7
2025-12-08,ncr,beef_brisket,425.41,360,500,average,7
2025-12-15,ncr,beef_brisket,423.68,360,500,average,7
2025-12-22,ncr,beef_brisket,425.11,360,500,average,7
2025-12-29,ncr,beef_brisket,428.09,360,500,average,7
2026-01-05,ncr,beef_brisket,430.19,360,500,average,7
2026-01-12,ncr,beef_brisket,426.45,360,500,average,7
2026-01-19,ncr,beef_brisket,429.15,360,500,average,7
2026-01-26,ncr,beef_brisket,429.39,360,500,average,7
2026-02-02,ncr,beef_brisket,430.38,360,500,average,7
2026-02-09,ncr,beef_brisket,429.29,360,500,average,7
2026-02-16,ncr,beef_brisket,430.64,360,500,average,7
2026-02-23,ncr,beef_brisket,429.26,360,500,average,7
2026-03-02,ncr,beef_brisket,429.1,360,500,average,7
2026-03-09,ncr,beef_brisket,432.17,360,500,average,7
2026-03-16,ncr,beef_brisket,432.37,360,500,average,7
2026-03-23,ncr,beef_brisket,434.39,360,500,average,7
2026-03-30,ncr,beef_brisket,435.58,360,500,average,7
2026-04-06,ncr,beef_brisket,439.18,360,500,average,7
2026-04-13,ncr,beef_brisket,445.76,380,520,average,7
2026-04-20,ncr,beef_brisket,443.83,380,520,average,7
2026-04-27,ncr,beef_brisket,443.65,380,520,average,7
2026-05-04,ncr,beef_brisket,441.47,380,520,average,7
2026-05-11,ncr,beef_brisket,443.4,380,520,average,7
2026-05-18,ncr,beef_brisket,443.95,380,520,average,7
2026-05-25,ncr,beef_brisket,443.92,380,520,average,7
2026-06-01,ncr,beef_brisket,443.63,380,520,average,7
2026-06-08,ncr,beef_brisket,443.68,380,520,average,7
2026-06-15,ncr,beef_brisket,445.67,380,520,average,7
2026-06-22,ncr,beef_brisket,445.04,360,520,average,7
2026-06-29,ncr,beef_brisket,443.07,360,500,average,7
2026-07-06,ncr,beef_brisket,442.66,360,500,average,7
2026-07-13,ncr,beef_brisket,440.94,360,490,average,7
2026-07-20,ncr,beef_brisket,440.33,360,520,average,7
2026-07-27,ncr,beef_brisket,441.69,360,520,average,7
2026-08-03,ncr,beef_brisket,439.55,360,520,average,7
2026-08-10,ncr,beef_brisket,440.05,360,520,average,7
2026-08-17,ncr,beef_brisket,440.15,360,520,average,7
2026-08-24,ncr,beef_brisket,440.21,360,520,average,7
2026-08-31,ncr,beef_brisket,440.79,360,520,average,7
2026-09-07,ncr,beef_brisket,441.43,360,520,average,7
2026-09-14,ncr,beef_brisket,440.79,360,520,average,7
2026-09-21,ncr,beef_brisket,443.32,360,520,average,7
2026-09-28,ncr,beef_brisket,444.2,380,520,average,7
2020-11-02,ncr,beef_rump,380,340,420,prevailing,4
2020-11-09,ncr,beef_rump,380,300,420,prevailing,4
2020-11-16,ncr,beef_rump,380,340,420,prevailing,5
2020-11-23,ncr,beef_rump,382,340,420,prevailing,5
2020-11-30,ncr,beef_rump,380,340,420,prevailing,4
2020-12-07,ncr,beef_rump,400,340,420,prevailing,4
2020-12-14,ncr,beef_rump,400,340,420,prevailing,4
2020-12-21,ncr,beef_rump,400,340,420,prevailing,3
2020-12-28,ncr,beef_rump,400,340,420,prevailing,2
2021-01-04,ncr,beef_rump,384,340,450,prevailing,5
2021-01-11,ncr,beef_rump,400,340,450,prevailing,5
2021-01-18,ncr,beef_rump,408,340,450,prevailing,5
2021-01-25,ncr,beef_rump,404,300,450,prevailing,5
2021-02-01,ncr,beef_rump,404,360,450,prevailing,5
2021-02-08,ncr,beef_rump,416,360,450,prevailing,5
2021-02-15,ncr,beef_rump,420,360,440,prevailing,5
2021-02-22,ncr,beef_rump,404,360,450,prevailing,5
2021-03-01,ncr,beef_rump,400,360,470,prevailing,5
2021-03-08,ncr,beef_rump,400,360,450,prevailing,5
2021-03-15,ncr,beef_rump,408,360,450,prevailing,5
2021-03-22,ncr,beef_rump,420,360,450,prevailing,5
2021-03-29,ncr,beef_rump,420,360,450,prevailing,3
2021-04-05,ncr,beef_rump,420,360,450,prevailing,5
2021-04-12,ncr,beef_rump,420,360,450,prevailing,5
2021-04-19,ncr,beef_rump,420,360,450,prevailing,5
2021-04-26,ncr,beef_rump,420,360,450,prevailing,5
2021-05-03,ncr,beef_rump,420,360,450,prevailing,4
2021-05-10,ncr,beef_rump,420,360,450,prevailing,5
2021-05-17,ncr,beef_rump,420,360,450,prevailing,5
2021-05-24,ncr,beef_rump,420,360,450,prevailing,5
2021-05-31,ncr,beef_rump,420,360,470,prevailing,5
2021-06-07,ncr,beef_rump,420,360,450,prevailing,5
2021-06-14,ncr,beef_rump,420,360,450,prevailing,5
2021-06-21,ncr,beef_rump,408,350,450,prevailing,5
2021-06-28,ncr,beef_rump,400,360,450,prevailing,5
2021-07-05,ncr,beef_rump,400,360,450,prevailing,4
2021-07-12,ncr,beef_rump,400,360,450,prevailing,5
2021-07-19,ncr,beef_rump,404,360,450,prevailing,5
2021-07-26,ncr,beef_rump,400,240,480,prevailing,5
2021-08-02,ncr,beef_rump,400,360,450,prevailing,5
2021-08-09,ncr,beef_rump,400,360,450,prevailing,5
2021-08-16,ncr,beef_rump,400,360,460,prevailing,5
2021-08-23,ncr,beef_rump,400,360,460,prevailing,5
2021-08-30,ncr,beef_rump,400,360,450,prevailing,5
2021-09-06,ncr,beef_rump,400,,,prevailing,5
2021-09-13,ncr,beef_rump,400,,,prevailing,5
2021-09-20,ncr,beef_rump,400,,,prevailing,5
2021-09-27,ncr,beef_rump,402,,,prevailing,5
2021-10-04,ncr,beef_rump,400,,,prevailing,3
2021-10-11,ncr,beef_rump,400,,,prevailing,5
2021-10-18,ncr,beef_rump,400,,,prevailing,5
2021-10-25,ncr,beef_rump,400,,,prevailing,1
2022-01-03,ncr,beef_rump,407.5,,,prevailing,4
2022-01-10,ncr,beef_rump,380,,,prevailing,5
2022-01-17,ncr,beef_rump,400,,,prevailing,5
2022-01-24,ncr,beef_rump,400,,,prevailing,5
2022-01-31,ncr,beef_rump,394,,,prevailing,5
2022-02-07,ncr,beef_rump,400,,,prevailing,5
2022-02-14,ncr,beef_rump,400,,,prevailing,4
2022-02-21,ncr,beef_rump,400,,,prevailing,5
2022-02-28,ncr,beef_rump,400,,,prevailing,5
2022-03-07,ncr,beef_rump,400,,,prevailing,5
2022-03-14,ncr,beef_rump,400,,,prevailing,5
2022-03-21,ncr,beef_rump,400,,,prevailing,5
2022-03-28,ncr,beef_rump,400,,,prevailing,5
2022-04-04,ncr,beef_rump,400,,,prevailing,5
2022-04-11,ncr,beef_rump,400,,,prevailing,3
2022-04-18,ncr,beef_rump,400,,,prevailing,5
2022-04-25,ncr,beef_rump,400,,,prevailing,5
2022-05-02,ncr,beef_rump,400,,,prevailing,5
2022-05-09,ncr,beef_rump,400,,,prevailing,4
2022-05-16,ncr,beef_rump,414,,,prevailing,5
2022-05-23,ncr,beef_rump,408,,,prevailing,5
2022-05-30,ncr,beef_rump,404,,,prevailing,5
2022-06-06,ncr,beef_rump,400,,,prevailing,5
2022-06-13,ncr,beef_rump,400,,,prevailing,5
2022-06-20,ncr,beef_rump,402,,,prevailing,5
2022-06-27,ncr,beef_rump,412,,,prevailing,5
2022-07-04,ncr,beef_rump,390,,,prevailing,5
2022-07-11,ncr,beef_rump,396,,,prevailing,5
2022-07-18,ncr,beef_rump,400,,,prevailing,5
2022-07-25,ncr,beef_rump,400,,,prevailing,5
2022-08-01,ncr,beef_rump,414,,,prevailing,5
2022-08-08,ncr,beef_rump,414,,,prevailing,5
2022-08-15,ncr,beef_rump,412,,,prevailing,5
2022-08-22,ncr,beef_rump,424,,,prevailing,5
2022-08-29,ncr,beef_rump,420,,,prevailing,5
2022-09-05,ncr,beef_rump,420,,,prevailing,5
2022-09-12,ncr,beef_rump,420,,,prevailing,4
2022-09-19,ncr,beef_rump,420,,,prevailing,4
2022-09-26,ncr,beef_rump,426,,,prevailing,5
2022-10-03,ncr,beef_rump,426,,,prevailing,5
2022-10-10,ncr,beef_rump,419,,,prevailing,5
2022-10-17,ncr,beef_rump,423,,,prevailing,5
2022-10-24,ncr,beef_rump,420,,,prevailing,5
2022-10-31,ncr,beef_rump,420,,,prevailing,4
2022-11-07,ncr,beef_rump,426,,,prevailing,5
2022-11-14,ncr,beef_rump,420,,,prevailing,5
2022-11-21,ncr,beef_rump,420,,,prevailing,5
2022-11-28,ncr,beef_rump,426,,,prevailing,5
2022-12-05,ncr,beef_rump,420,,,prevailing,5
2022-12-12,ncr,beef_rump,435,,,prevailing,5
2022-12-19,ncr,beef_rump,426,,,prevailing,5
2022-12-26,ncr,beef_rump,430,380,480,midpoint,5
2023-01-02,ncr,beef_rump,430,380,480,midpoint,5
2023-01-09,ncr,beef_rump,430,380,480,midpoint,5
2023-01-16,ncr,beef_rump,430,380,480,midpoint,5
2023-01-23,ncr,beef_rump,430,380,480,midpoint,5
2023-01-30,ncr,beef_rump,440,380,500,midpoint,5
2023-02-06,ncr,beef_rump,440,380,500,midpoint,5
2023-02-13,ncr,beef_rump,440,380,500,midpoint,5
2023-02-20,ncr,beef_rump,440,380,500,midpoint,5
2023-02-27,ncr,beef_rump,443,380,500,midpoint,5
2023-03-06,ncr,beef_rump,445,390,500,midpoint,5
2023-03-13,ncr,beef_rump,444.5,375,500,midpoint,5
2023-03-20,ncr,beef_rump,447.5,395,500,midpoint,5
2023-03-27,ncr,beef_rump,460.5,395,550,midpoint,5
2023-04-03,ncr,beef_rump,471.67,390,550,midpoint,3
2023-04-10,ncr,beef_rump,471.88,390,550,midpoint,4
2023-04-17,ncr,beef_rump,472.5,395,550,midpoint,5
2023-04-24,ncr,beef_rump,472.5,395,550,midpoint,5
2023-05-01,ncr,beef_rump,463.75,390,550,midpoint,4
2023-05-08,ncr,beef_rump,463,370,550,midpoint,5
2023-05-15,ncr,beef_rump,470,390,550,midpoint,5
2023-05-22,ncr,beef_rump,465,390,550,midpoint,5
2023-05-29,ncr,beef_rump,470,390,550,midpoint,5
2023-06-05,ncr,beef_rump,461.67,390,550,midpoint,3
2023-06-12,ncr,beef_rump,435,390,480,midpoint,1
2023-06-19,ncr,beef_rump,470,390,550,midpoint,4
2023-06-26,ncr,beef_rump,470,390,550,midpoint,4
2023-07-03,ncr,beef_rump,470,390,550,midpoint,5
2023-07-10,ncr,beef_rump,470,390,550,midpoint,5
2023-07-17,ncr,beef_rump,465,390,550,midpoint,5
2023-07-24,ncr,beef_rump,470,390,550,midpoint,4
2023-07-31,ncr,beef_rump,472,390,550,midpoint,5
2023-08-07,ncr,beef_rump,470,390,550,midpoint,5
2023-08-14,ncr,beef_rump,470,390,550,midpoint,5
2023-08-21,ncr,beef_rump,470,390,550,midpoint,5
2023-08-28,ncr,beef_rump,465,360,550,midpoint,5
2023-09-04,ncr,beef_rump,470,390,550,midpoint,5
2023-09-11,ncr,beef_rump,470,390,550,midpoint,5
2023-09-18,ncr,beef_rump,463,390,550,midpoint,5
2023-09-25,ncr,beef_rump,472,390,550,midpoint,5
2023-10-02,ncr,beef_rump,470,390,550,midpoint,5
2023-10-09,ncr,beef_rump,470,390,550,midpoint,5
2023-10-16,ncr,beef_rump,470,390,550,midpoint,5
2023-10-23,ncr,beef_rump,438,390,500,midpoint,5
2023-10-30,ncr,beef_rump,428.75,300,500,midpoint,4
2023-11-06,ncr,beef_rump,436,300,500,midpoint,5
2023-11-13,ncr,beef_rump,445,390,500,midpoint,5
2023-11-20,ncr,beef_rump,439,380,500,midpoint,5
2023-11-27,ncr,beef_rump,440,380,500,midpoint,4
2023-12-04,ncr,beef_rump,442,380,500,midpoint,5
2023-12-11,ncr,beef_rump,442.5,380,500,midpoint,4
2023-12-18,ncr,beef_rump,440,380,500,midpoint,5
2023-12-25,ncr,beef_rump,437.5,380,500,midpoint,4
2024-01-01,ncr,beef_rump,431.25,360,490,midpoint,4
2024-01-08,ncr,beef_rump,442.5,380,500,midpoint,4
2024-01-15,ncr,beef_rump,443,380,500,midpoint,5
2024-01-22,ncr,beef_rump,442,370,500,midpoint,5
2024-01-29,ncr,beef_rump,445,390,500,midpoint,5
2024-02-05,ncr,beef_rump,445,390,500,midpoint,5
2024-02-12,ncr,beef_rump,445,390,500,midpoint,5
2024-02-19,ncr,beef_rump,444,380,500,midpoint,5
2024-02-26,ncr,beef_rump,440,360,500,midpoint,5
2024-03-04,ncr,beef_rump,445,390,500,midpoint,4
2024-03-11,ncr,beef_rump,445,390,500,midpoint,5
2024-03-18,ncr,beef_rump,445,390,500,midpoint,5
2024-03-25,ncr,beef_rump,443.33,390,500,midpoint,3
2024-04-01,ncr,beef_rump,442,380,500,midpoint,5
2024-04-08,ncr,beef_rump,440,390,490,midpoint,3
2024-04-15,ncr,beef_rump,441.67,390,500,midpoint,6
2024-04-22,ncr,beef_rump,445,390,500,midpoint,6
2024-04-29,ncr,beef_rump,442.5,390,500,midpoint,6
2024-05-06,ncr,beef_rump,444,390,500,midpoint,5
2024-05-13,ncr,beef_rump,443.33,370,500,midpoint,6
2024-05-20,ncr,beef_rump,445,390,500,midpoint,6
2024-05-27,ncr,beef_rump,443.33,390,500,midpoint,6
2024-06-03,ncr,beef_rump,438.33,390,490,midpoint,6
2024-06-10,ncr,beef_rump,443.33,390,500,midpoint,6
2024-06-17,ncr,beef_rump,447.5,400,500,midpoint,6
2024-06-24,ncr,beef_rump,447.5,400,500,midpoint,6
2024-07-01,ncr,beef_rump,445,400,490,midpoint,6
2024-07-08,ncr,beef_rump,448.33,400,500,midpoint,6
2024-07-15,ncr,beef_rump,450,400,500,midpoint,6
2024-07-22,ncr,beef_rump,447.5,400,500,midpoint,6
2024-07-29,ncr,beef_rump,445,400,490,midpoint,6
2024-08-05,ncr,beef_rump,446.67,400,500,midpoint,6
2024-08-12,ncr,beef_rump,446,400,500,midpoint,5
2024-08-19,ncr,beef_rump,446.67,400,500,midpoint,3
2024-08-26,ncr,beef_rump,442.5,400,490,midpoint,6
2024-09-02,ncr,beef_rump,446.67,400,490,midpoint,6
2024-09-09,ncr,beef_rump,445,400,490,midpoint,6
2024-09-16,ncr,beef_rump,445.83,400,500,midpoint,6
2024-09-23,ncr,beef_rump,445,400,500,midpoint,6
2024-09-30,ncr,beef_rump,445,400,490,midpoint,5
2024-10-07,ncr,beef_rump,448,400,500,midpoint,5
2024-10-14,ncr,beef_rump,449.38,400,495,midpoint,4
2024-10-21,ncr,beef_rump,448,400,495,midpoint,5
2024-10-28,ncr,beef_rump,448.75,400,495,midpoint,4
2024-11-04,ncr,beef_rump,448.12,400,495,midpoint,4
2024-11-11,ncr,beef_rump,447,400,495,midpoint,5
2024-11-18,ncr,beef_rump,450,400,500,midpoint,6
2024-11-25,ncr,beef_rump,455,420,490,midpoint,6
2024-12-02,ncr,beef_rump,450,400,500,midpoint,5
2024-12-09,ncr,beef_rump,453,410,500,midpoint,5
2024-12-16,ncr,beef_rump,450,400,500,midpoint,5
2024-12-23,ncr,beef_rump,450,400,500,midpoint,5
2024-12-30,ncr,beef_rump,460,400,520,midpoint,4
2025-01-06,ncr,beef_rump,457,400,515,midpoint,5
2025-01-13,ncr,beef_rump,452.91,400,500,average,6
2025-01-20,ncr,beef_rump,455.9,400,515,average,6
2025-01-27,ncr,beef_rump,455.54,390,520,average,6
2025-02-03,ncr,beef_rump,449.83,400,515,average,6
2025-02-10,ncr,beef_rump,457.04,400,510,average,6
2025-02-17,ncr,beef_rump,455.75,400,510,average,6
2025-02-24,ncr,beef_rump,459.13,400,520,average,6
2025-03-03,ncr,beef_rump,456.3,400,520,average,6
2025-03-10,ncr,beef_rump,456.48,400,520,average,6
2025-03-17,ncr,beef_rump,455.35,400,510,average,6
2025-03-24,ncr,beef_rump,456.42,400,510,average,6
2025-03-31,ncr,beef_rump,454.45,400,510,average,7
2025-04-07,ncr,beef_rump,453.79,400,510,average,7
2025-04-14,ncr,beef_rump,454.05,400,510,average,4
2025-04-21,ncr,beef_rump,455.17,400,510,average,7
2025-04-28,ncr,beef_rump,455.53,400,510,average,6
2025-05-05,ncr,beef_rump,458.23,400,510,average,6
2025-05-12,ncr,beef_rump,457.61,420,510,average,5
2025-05-19,ncr,beef_rump,457.71,420,510,average,5
2025-05-26,ncr,beef_rump,458.75,420,510,average,6
2025-06-02,ncr,beef_rump,459.28,420,520,average,6
2025-06-09,ncr,beef_rump,460.74,420,520,average,6
2025-06-16,ncr,beef_rump,461.45,420,520,average,6
2025-06-23,ncr,beef_rump,461.23,420,520,average,6
2025-06-30,ncr,beef_rump,461.4,420,520,average,6
2025-07-07,ncr,beef_rump,461.12,420,520,average,6
2025-07-14,ncr,beef_rump,460.94,420,520,average,5
2025-07-21,ncr,beef_rump,463.23,420,520,average,6
2025-07-28,ncr,beef_rump,462.75,420,520,average,5
2025-08-04,ncr,beef_rump,463.05,420,520,average,6
2025-08-11,ncr,beef_rump,464.25,420,520,average,6
2025-08-18,ncr,beef_rump,465.32,420,520,average,5
2025-08-25,ncr,beef_rump,467.05,420,520,average,4
2025-09-01,ncr,beef_rump,465.06,420,520,average,5
2025-09-08,ncr,beef_rump,465.72,420,520,average,6
2025-09-15,ncr,beef_rump,465.94,420,520,average,6
2025-09-22,ncr,beef_rump,460.53,350,520,average,7
2025-09-29,ncr,beef_rump,469,420,520,average,7
2025-10-06,ncr,beef_rump,472.48,420,530,average,7
2025-10-13,ncr,beef_rump,472.03,420,530,average,7
2025-10-20,ncr,beef_rump,475.34,420,530,average,7
2025-10-27,ncr,beef_rump,474.65,420,530,average,7
2025-11-03,ncr,beef_rump,475.74,420,530,average,7
2025-11-10,ncr,beef_rump,477.25,420,530,average,7
2025-11-17,ncr,beef_rump,478.5,540,,average,7
2025-11-24,ncr,beef_rump,481.15,420,540,average,7
2025-12-01,ncr,beef_rump,481.39,420,540,average,7
2025-12-08,ncr,beef_rump,480.78,420,540,average,7
2025-12-15,ncr,beef_rump,480.3,420,540,average,7
2025-12-22,ncr,beef_rump,482.27,420,540,average,7
2025-12-29,ncr,beef_rump,485.99,420,550,average,7
2026-01-05,ncr,beef_rump,487.35,420,550,average,7
2026-01-12,ncr,beef_rump,483.64,420,550,average,7
2026-01-19,ncr,beef_rump,485.35,420,550,average,7
2026-01-26,ncr,beef_rump,484.37,420,550,average,7
2026-02-02,ncr,beef_rump,485.38,420,550,average,7
2026-02-09,ncr,beef_rump,484.18,420,550,average,7
2026-02-16,ncr,beef_rump,485.08,420,550,average,7
2026-02-23,ncr,beef_rump,483.28,420,550,average,7
2026-03-02,ncr,beef_rump,483.98,420,550,average,7
2026-03-09,ncr,beef_rump,486.06,420,550,average,7
2026-03-16,ncr,beef_rump,488.3,420,550,average,7
2026-03-23,ncr,beef_rump,488.27,420,550,average,7
2026-03-30,ncr,beef_rump,486.8,420,550,average,7
2026-04-06,ncr,beef_rump,489.33,430,550,average,7
2026-04-13,ncr,beef_rump,496,430,580,average,7
2026-04-20,ncr,beef_rump,492.73,430,580,average,7
2026-04-27,ncr,beef_rump,493.24,430,580,average,7
2026-05-04,ncr,beef_rump,491.57,430,580,average,7
2026-05-11,ncr,beef_rump,493.2,430,580,average,7
2026-05-18,ncr,beef_rump,494.23,420,580,average,7
2026-05-25,ncr,beef_rump,493.9,420,580,average,7
2026-06-01,ncr,beef_rump,493.31,420,580,average,7
2026-06-08,ncr,beef_rump,493.02,420,580,average,7
2026-06-15,ncr,beef_rump,495.59,420,580,average,7
2026-06-22,ncr,beef_rump,495.97,420,580,average,7
2026-06-29,ncr,beef_rump,494.36,420,550,average,7
2026-07-06,ncr,beef_rump,494.85,420,550,average,7
2026-07-13,ncr,beef_rump,494.36,420,550,average,7
2026-07-20,ncr,beef_rump,493.42,420,550,average,7
2026-07-27,ncr,beef_rump,494.1,420,550,average,7
2026-08-03,ncr,beef_rump,493.09,420,550,average,7
2026-08-10,ncr,beef_rump,493.45,420,550,average,7
2026-08-17,ncr,beef_rump,493.72,420,550,average,7
2026-08-24,ncr,beef_rump,493.76,420,550,average,7
2026-08-31,ncr,beef_rump,494.51,420,550,average,7
2026-09-07,ncr,beef_rump,494.3,420,550,average,7
2026-09-14,ncr,beef_rump,494.6,420,550,average,7
2026-09-21,ncr,beef_rump,499.47,420,560,average,7
2026-09-28,ncr,beef_rump,501.52,430,550,average,7
2024-02-12,ncr,bell_pepper_green,220,140,300,midpoint,1
2024-02-19,ncr,bell_pepper_green,223,130,300,midpoint,5
2024-02-26,ncr,bell_pepper_green,220,130,300,midpoint,5
2024-03-04,ncr,bell_pepper_green,223.75,140,300,midpoint,4
2024-03-11,ncr,bell_pepper_green,225,150,300,midpoint,5
2024-03-18,ncr,bell_pepper_green,219,130,320,midpoint,5
2024-03-25,ncr,bell_pepper_green,221.67,130,320,midpoint,3
2024-04-01,ncr,bell_pepper_green,223,130,320,midpoint,5
2024-04-08,ncr,bell_pepper_green,223.33,140,300,midpoint,3
2024-04-15,ncr,bell_pepper_green,220,130,300,midpoint,6
2024-04-22,ncr,bell_pepper_green,236.67,150,350,midpoint,6
2024-04-29,ncr,bell_pepper_green,246.67,160,350,midpoint,6
2024-05-06,ncr,bell_pepper_green,255.83,180,350,midpoint,6
2024-05-13,ncr,bell_pepper_green,275.83,200,380,midpoint,6
2024-05-20,ncr,bell_pepper_green,296.67,200,400,midpoint,6
2024-05-27,ncr,bell_pepper_green,320.83,220,415,midpoint,6
2024-06-03,ncr,bell_pepper_green,323.33,230,420,midpoint,6
2024-06-10,ncr,bell_pepper_green,324.17,230,410,midpoint,6
2024-06-17,ncr,bell_pepper_green,316.67,230,410,midpoint,6
2024-06-24,ncr,bell_pepper_green,307.5,220,400,midpoint,6
2024-07-01,ncr,bell_pepper_green,307.5,250,360,midpoint,6
2024-07-08,ncr,bell_pepper_green,290,250,340,midpoint,6
2024-07-15,ncr,bell_pepper_green,286.67,250,330,midpoint,6
2024-07-22,ncr,bell_pepper_green,286.67,200,350,midpoint,6
2024-07-29,ncr,bell_pepper_green,281.67,180,360,midpoint,6
2024-08-05,ncr,bell_pepper_green,270,180,360,midpoint,6
2024-08-12,ncr,bell_pepper_green,250,150,350,midpoint,6
2024-08-19,ncr,bell_pepper_green,241.67,130,350,midpoint,6
2024-08-26,ncr,bell_pepper_green,216.67,120,300,midpoint,6
2024-09-02,ncr,bell_pepper_green,210.83,110,300,midpoint,6
2024-09-09,ncr,bell_pepper_green,220,140,300,midpoint,6
2024-09-16,ncr,bell_pepper_green,215.83,130,300,midpoint,6
2024-09-23,ncr,bell_pepper_green,200.83,110,300,midpoint,6
2024-09-30,ncr,bell_pepper_green,204,130,280,midpoint,5
2024-10-07,ncr,bell_pepper_green,227,150,320,midpoint,5
2024-10-14,ncr,bell_pepper_green,250.83,170,360,midpoint,6
2024-10-21,ncr,bell_pepper_green,258,150,360,midpoint,5
2024-10-28,ncr,bell_pepper_green,291,200,370,midpoint,5
2024-11-04,ncr,bell_pepper_green,335,200,500,midpoint,6
2024-11-11,ncr,bell_pepper_green,337,190,500,midpoint,5
2024-11-18,ncr,bell_pepper_green,350,200,500,midpoint,6
2024-11-25,ncr,bell_pepper_green,345,240,450,midpoint,6
2024-12-02,ncr,bell_pepper_green,334,250,400,midpoint,5
2024-12-09,ncr,bell_pepper_green,346,240,450,midpoint,5
2024-12-16,ncr,bell_pepper_green,349,280,450,midpoint,5
2024-12-23,ncr,bell_pepper_green,628,320,1000,midpoint,5
2024-12-30,ncr,bell_pepper_green,603.75,250,900,midpoint,4
2025-01-06,ncr,bell_pepper_green,483,180,800,midpoint,5
2025-01-13,ncr,bell_pepper_green,326.94,170,500,average,6
2025-01-20,ncr,bell_pepper_green,298.77,120,420,average,6
2025-01-27,ncr,bell_pepper_green,259.26,120,400,average,6
2025-02-03,ncr,bell_pepper_green,246.1,140,400,average,6
2025-02-10,ncr,bell_pepper_green,241.67,150,320,prevailing,6
2025-02-17,ncr,bell_pepper_green,250,140,300,prevailing,6
2025-02-24,ncr,bell_pepper_green,225,140,300,prevailing,6
2025-03-03,ncr,bell_pepper_green,200,130,300,prevailing,6
2025-03-10,ncr,bell_pepper_green,208.33,100,300,prevailing,6
2025-03-17,ncr,bell_pepper_green,200,100,300,prevailing,6
2025-03-24,ncr,bell_pepper_green,200,100,300,prevailing,6
2025-03-31,ncr,bell_pepper_green,203.16,130,240,prevailing,7
2025-04-07,ncr,bell_pepper_green,204.89,120,250,prevailing,7
2025-04-14,ncr,bell_pepper_green,197.5,120,260,prevailing,4
2025-04-21,ncr,bell_pepper_green,204.67,120,250,prevailing,7
2025-04-28,ncr,bell_pepper_green,201.38,100,250,prevailing,7
2025-05-05,ncr,bell_pepper_green,187.14,90,260,prevailing,7
2025-05-12,ncr,bell_pepper_green,194.29,120,250,prevailing,7
2025-05-19,ncr,bell_pepper_green,195.74,150,230,prevailing,7
2025-05-26,ncr,bell_pepper_green,198.57,150,220,prevailing,7
2025-06-02,ncr,bell_pepper_green,195.14,100,260,prevailing,7
2025-06-09,ncr,bell_pepper_green,176.67,100,260,prevailing,7
2025-06-16,ncr,bell_pepper_green,184.29,110,250,prevailing,7
2025-06-23,ncr,bell_pepper_green,183.43,100,250,prevailing,7
2025-06-30,ncr,bell_pepper_green,178.59,100,250,prevailing,7
2025-07-07,ncr,bell_pepper_green,186,100,250,prevailing,7
2025-07-14,ncr,bell_pepper_green,191.04,100,250,prevailing,7
2025-07-21,ncr,bell_pepper_green,212.86,100,300,prevailing,7
2025-07-28,ncr,bell_pepper_green,278.23,160,400,prevailing,7
2025-08-04,ncr,bell_pepper_green,339.43,200,420,prevailing,7
2025-08-11,ncr,bell_pepper_green,359.05,230,450,prevailing,7
2025-08-18,ncr,bell_pepper_green,412.04,290,600,prevailing,7
2025-08-25,ncr,bell_pepper_green,409.32,300,500,prevailing,7
2025-09-01,ncr,bell_pepper_green,445.53,340,600,prevailing,7
2025-09-08,ncr,bell_pepper_green,435.95,220,600,prevailing,7
2025-09-15,ncr,bell_pepper_green,398.57,200,600,prevailing,7
2025-09-22,ncr,bell_pepper_green,368.83,210,520,prevailing,7
2025-09-29,ncr,bell_pepper_green,351.42,220,500,prevailing,7
2025-10-06,ncr,bell_pepper_green,348.91,200,500,prevailing,7
2025-10-13,ncr,bell_pepper_green,297.59,180,450,prevailing,7
2025-10-20,ncr,bell_pepper_green,255.71,180,360,prevailing,7
2025-10-27,ncr,bell_pepper_green,277.86,180,350,prevailing,7
2025-11-03,ncr,bell_pepper_green,304.88,180,450,prevailing,7
2025-11-10,ncr,bell_pepper_green,334.14,180,500,prevailing,7
2025-11-17,ncr,bell_pepper_green,289.9,150,400,prevailing,7
2025-11-24,ncr,bell_pepper_green,290.87,180,400,prevailing,7
2025-12-01,ncr,bell_pepper_green,297.06,180,360,prevailing,7
2025-12-08,ncr,bell_pepper_green,300.57,180,400,prevailing,7
2025-12-15,ncr,bell_pepper_green,311.43,200,450,prevailing,7
2025-12-22,ncr,bell_pepper_green,476.86,200,600,prevailing,7
2025-12-29,ncr,bell_pepper_green,500.95,300,700,prevailing,7
2026-01-05,ncr,bell_pepper_green,331.59,180,600,prevailing,7
2026-01-12,ncr,bell_pepper_green,299.46,180,500,prevailing,7
2026-01-19,ncr,bell_pepper_green,285.95,100,400,prevailing,7
2026-01-26,ncr,bell_pepper_green,260.36,120,400,prevailing,7
2026-02-02,ncr,bell_pepper_green,250.82,130,350,prevailing,7
2026-02-09,ncr,bell_pepper_green,244.76,140,350,prevailing,7
2026-02-16,ncr,bell_pepper_green,222.65,140,350,prevailing,7
2026-02-23,ncr,bell_pepper_green,247.96,140,300,prevailing,7
2026-03-02,ncr,bell_pepper_green,247.62,130,300,prevailing,7
2026-03-09,ncr,bell_pepper_green,253.75,130,310,prevailing,7
2026-03-16,ncr,bell_pepper_green,277.86,150,350,prevailing,7
2026-03-23,ncr,bell_pepper_green,331.59,180,450,prevailing,7
2026-03-30,ncr,bell_pepper_green,312.86,150,450,prevailing,7
2026-04-06,ncr,bell_pepper_green,279.29,120,450,prevailing,7
2026-04-13,ncr,bell_pepper_green,248.57,120,400,prevailing,7
2026-04-20,ncr,bell_pepper_green,231.24,120,350,prevailing,7
2026-04-27,ncr,bell_pepper_green,229.14,130,350,prevailing,7
2026-05-04,ncr,bell_pepper_green,237.91,130,350,prevailing,7
2026-05-11,ncr,bell_pepper_green,247.14,150,320,prevailing,7
2026-05-18,ncr,bell_pepper_green,222.65,180,350,prevailing,7
2026-05-25,ncr,bell_pepper_green,216.43,180,350,prevailing,7
2026-06-01,ncr,bell_pepper_green,256.12,160,380,prevailing,7
2026-06-08,ncr,bell_pepper_green,298.57,180,360,prevailing,7
2026-06-15,ncr,bell_pepper_green,297.79,200,400,prevailing,7
2026-06-22,ncr,bell_pepper_green,298.19,180,350,prevailing,7
2026-06-29,ncr,bell_pepper_green,274.67,150,400,prevailing,7
2026-07-06,ncr,bell_pepper_green,257.14,100,400,prevailing,7
2026-07-13,ncr,bell_pepper_green,250,100,400,prevailing,7
2026-07-20,ncr,bell_pepper_green,257.14,90,400,prevailing,7
2026-07-27,ncr,bell_pepper_green,221.43,100,400,prevailing,7
2026-08-03,ncr,bell_pepper_green,235.71,110,350,prevailing,7
2026-08-10,ncr,bell_pepper_green,264.29,110,400,prevailing,7
2026-08-17,ncr,bell_pepper_green,285.71,130,400,prevailing,7
2026-08-24,ncr,bell_pepper_green,300,140,400,prevailing,7
2026-08-31,ncr,bell_pepper_green,296.43,140,400,prevailing,7
2026-09-07,ncr,bell_pepper_green,300,170,450,prevailing,7
2026-09-14,ncr,bell_pepper_green,314.29,180,500,prevailing,7
2026-09-21,ncr,bell_pepper_green,342.86,180,600,prevailing,7
2026-09-28,ncr,bell_pepper_green,380.88,180,550,prevailing,7
2024-02-12,ncr,bell_pepper_red,215,130,300,midpoint,1
2024-02-19,ncr,bell_pepper_red,223,140,300,midpoint,5
2024-02-26,ncr,bell_pepper_red,225,150,300,midpoint,5
2024-03-04,ncr,bell_pepper_red,224.38,145,300,midpoint,4
2024-03-11,ncr,bell_pepper_red,225,150,300,midpoint,5
2024-03-18,ncr,bell_pepper_red,224,140,300,midpoint,5
2024-03-25,ncr,bell_pepper_red,225,150,300,midpoint,3
2024-04-01,ncr,bell_pepper_red,231.5,150,300,midpoint,5
2024-04-08,ncr,bell_pepper_red,216.67,130,300,midpoint,3
2024-04-15,ncr,bell_pepper_red,228.33,150,300,midpoint,6
2024-04-22,ncr,bell_pepper_red,227.5,140,300,midpoint,6
2024-04-29,ncr,bell_pepper_red,230,180,280,midpoint,6
2024-05-06,ncr,bell_pepper_red,233.33,180,300,midpoint,6
2024-05-13,ncr,bell_pepper_red,250.83,190,350,midpoint,6
2024-05-20,ncr,bell_pepper_red,289.17,200,400,midpoint,6
2024-05-27,ncr,bell_pepper_red,319.17,230,405,midpoint,6
2024-06-03,ncr,bell_pepper_red,296.67,200,400,midpoint,6
2024-06-10,ncr,bell_pepper_red,282.5,200,370,midpoint,6
2024-06-17,ncr,bell_pepper_red,277.5,200,350,midpoint,6
2024-06-24,ncr,bell_pepper_red,272.5,190,350,midpoint,6
2024-07-01,ncr,bell_pepper_red,274.17,200,350,midpoint,6
2024-07-08,ncr,bell_pepper_red,280.83,200,350,midpoint,6
2024-07-15,ncr,bell_pepper_red,284.17,200,350,midpoint,6
2024-07-22,ncr,bell_pepper_red,279.17,200,360,midpoint,6
2024-07-29,ncr,bell_pepper_red,290,220,380,midpoint,6
2024-08-05,ncr,bell_pepper_red,283.33,200,360,midpoint,6
2024-08-12,ncr,bell_pepper_red,265.83,180,350,midpoint,6
2024-08-19,ncr,bell_pepper_red,248.33,120,400,midpoint,6
2024-08-26,ncr,bell_pepper_red,220.83,110,350,midpoint,6
2024-09-02,ncr,bell_pepper_red,211.67,100,300,midpoint,6
2024-09-09,ncr,bell_pepper_red,218.33,130,300,midpoint,6
2024-09-16,ncr,bell_pepper_red,221.67,130,300,midpoint,6
2024-09-23,ncr,bell_pepper_red,222.5,130,300,midpoint,6
2024-09-30,ncr,bell_pepper_red,218,130,300,midpoint,5
2024-10-07,ncr,bell_pepper_red,227,130,320,midpoint,5
2024-10-14,ncr,bell_pepper_red,225,150,300,midpoint,4
2024-10-21,ncr,bell_pepper_red,230,150,300,midpoint,5
2024-10-28,ncr,bell_pepper_red,291.25,210,370,midpoint,4
2024-11-04,ncr,bell_pepper_red,367.5,240,500,midpoint,4
2024-11-11,ncr,bell_pepper_red,365,250,450,midpoint,5
2024-11-18,ncr,bell_pepper_red,367.5,280,450,midpoint,6
2024-11-25,ncr,bell_pepper_red,365.83,240,500,midpoint,6
2024-12-02,ncr,bell_pepper_red,322,220,500,midpoint,5
2024-12-09,ncr,bell_pepper_red,360,240,500,midpoint,5
2024-12-16,ncr,bell_pepper_red,353,280,450,midpoint,5
2024-12-23,ncr,bell_pepper_red,669,300,1000,midpoint,5
2024-12-30,ncr,bell_pepper_red,710,480,900,midpoint,4
2025-01-06,ncr,bell_pepper_red,518,180,850,midpoint,5
2025-01-13,ncr,bell_pepper_red,338.61,200,500,average,6
2025-01-20,ncr,bell_pepper_red,301.47,110,420,average,6
2025-01-27,ncr,bell_pepper_red,258.56,120,400,average,6
2025-02-03,ncr,bell_pepper_red,239.36,130,400,average,6
2025-02-10,ncr,bell_pepper_red,233.33,130,300,prevailing,6
2025-02-17,ncr,bell_pepper_red,229.17,130,300,prevailing,6
2025-02-24,ncr,bell_pepper_red,200,100,300,prevailing,6
2025-03-03,ncr,bell_pepper_red,200,100,300,prevailing,6
2025-03-10,ncr,bell_pepper_red,200,80,300,prevailing,6
2025-03-17,ncr,bell_pepper_red,200,70,300,prevailing,6
2025-03-24,ncr,bell_pepper_red,200,80,250,prevailing,6
2025-03-31,ncr,bell_pepper_red,192.94,80,250,prevailing,7
2025-04-07,ncr,bell_pepper_red,200.14,80,250,prevailing,7
2025-04-14,ncr,bell_pepper_red,194.28,80,250,prevailing,4
2025-04-21,ncr,bell_pepper_red,192.21,70,300,prevailing,7
2025-04-28,ncr,bell_pepper_red,177.13,80,240,prevailing,7
2025-05-05,ncr,bell_pepper_red,175.43,80,220,prevailing,7
2025-05-12,ncr,bell_pepper_red,191.14,90,250,prevailing,7
2025-05-19,ncr,bell_pepper_red,182.77,110,250,prevailing,7
2025-05-26,ncr,bell_pepper_red,176.96,80,250,prevailing,7
2025-06-02,ncr,bell_pepper_red,175.71,80,250,prevailing,7
2025-06-09,ncr,bell_pepper_red,164.05,80,240,prevailing,7
2025-06-16,ncr,bell_pepper_red,159.71,80,240,prevailing,7
2025-06-23,ncr,bell_pepper_red,166.9,60,250,prevailing,7
2025-06-30,ncr,bell_pepper_red,153.84,80,250,prevailing,7
2025-07-07,ncr,bell_pepper_red,159.76,100,240,prevailing,7
2025-07-14,ncr,bell_pepper_red,163.43,100,250,prevailing,7
2025-07-21,ncr,bell_pepper_red,202.86,120,300,prevailing,7
2025-07-28,ncr,bell_pepper_red,256.08,150,350,prevailing,7
2025-08-04,ncr,bell_pepper_red,297.38,190,450,prevailing,7
2025-08-11,ncr,bell_pepper_red,301.02,200,440,prevailing,7
2025-08-18,ncr,bell_pepper_red,371.46,220,600,prevailing,7
2025-08-25,ncr,bell_pepper_red,400.41,280,500,prevailing,7
2025-09-01,ncr,bell_pepper_red,450.2,300,600,prevailing,7
2025-09-08,ncr,bell_pepper_red,437.35,300,550,prevailing,7
2025-09-15,ncr,bell_pepper_red,396.86,250,550,prevailing,7
2025-09-22,ncr,bell_pepper_red,394.83,300,480,prevailing,7
2025-09-29,ncr,bell_pepper_red,360.7,280,450,prevailing,7
2025-10-06,ncr,bell_pepper_red,345.4,150,500,prevailing,7
2025-10-13,ncr,bell_pepper_red,259.57,120,400,prevailing,7
2025-10-20,ncr,bell_pepper_red,250.86,120,400,prevailing,7
2025-10-27,ncr,bell_pepper_red,254.52,130,380,prevailing,7
2025-11-03,ncr,bell_pepper_red,340.27,200,450,prevailing,7
2025-11-10,ncr,bell_pepper_red,351.55,200,500,prevailing,7
2025-11-17,ncr,bell_pepper_red,301.59,140,500,prevailing,7
2025-11-24,ncr,bell_pepper_red,262.86,150,350,prevailing,7
2025-12-01,ncr,bell_pepper_red,269.48,150,400,prevailing,7
2025-12-08,ncr,bell_pepper_red,251.07,130,400,prevailing,7
2025-12-15,ncr,bell_pepper_red,263.12,140,350,prevailing,7
2025-12-22,ncr,bell_pepper_red,567.98,250,800,prevailing,7
2025-12-29,ncr,bell_pepper_red,503.51,350,750,prevailing,7
2026-01-05,ncr,bell_pepper_red,365.45,150,600,prevailing,7
2026-01-12,ncr,bell_pepper_red,300.95,180,450,prevailing,7
2026-01-19,ncr,bell_pepper_red,295.58,130,350,prevailing,7
2026-01-26,ncr,bell_pepper_red,256.19,120,350,prevailing,7
2026-02-02,ncr,bell_pepper_red,250.13,160,300,prevailing,7
2026-02-09,ncr,bell_pepper_red,250.71,160,300,prevailing,7
2026-02-16,ncr,bell_pepper_red,249.29,130,320,prevailing,7
2026-02-23,ncr,bell_pepper_red,249.22,130,320,prevailing,7
2026-03-02,ncr,bell_pepper_red,247.66,130,320,prevailing,7
2026-03-09,ncr,bell_pepper_red,249.87,130,300,prevailing,7
2026-03-16,ncr,bell_pepper_red,263.9,130,350,prevailing,7
2026-03-23,ncr,bell_pepper_red,323.2,180,500,prevailing,7
2026-03-30,ncr,bell_pepper_red,317.62,160,400,prevailing,7
2026-04-06,ncr,bell_pepper_red,293.57,170,400,prevailing,7
2026-04-13,ncr,bell_pepper_red,255.87,140,350,prevailing,7
2026-04-20,ncr,bell_pepper_red,247.64,150,300,prevailing,7
2026-04-27,ncr,bell_pepper_red,248.24,130,300,prevailing,7
2026-05-04,ncr,bell_pepper_red,246.3,130,300,prevailing,7
2026-05-11,ncr,bell_pepper_red,246.72,180,280,prevailing,7
2026-05-18,ncr,bell_pepper_red,247,170,320,prevailing,7
2026-05-25,ncr,bell_pepper_red,247.06,180,300,prevailing,7
2026-06-01,ncr,bell_pepper_red,245.71,140,320,prevailing,7
2026-06-08,ncr,bell_pepper_red,247.22,140,320,prevailing,7
2026-06-15,ncr,bell_pepper_red,245.63,160,320,prevailing,7
2026-06-22,ncr,bell_pepper_red,248.81,160,320,prevailing,7
2026-06-29,ncr,bell_pepper_red,247.74,130,300,prevailing,7
2026-07-06,ncr,bell_pepper_red,214.29,90,350,prevailing,7
2026-07-13,ncr,bell_pepper_red,200,80,350,prevailing,7
2026-07-20,ncr,bell_pepper_red,200,80,350,prevailing,7
2026-07-27,ncr,bell_pepper_red,200,100,350,prevailing,7
2026-08-03,ncr,bell_pepper_red,200,110,350,prevailing,7
2026-08-10,ncr,bell_pepper_red,246.43,110,350,prevailing,7
2026-08-17,ncr,bell_pepper_red,250,120,350,prevailing,7
2026-08-24,ncr,bell_pepper_red,257.14,120,400,prevailing,7
2026-08-31,ncr,bell_pepper_red,260.71,130,350,prevailing,7
2026-09-07,ncr,bell_pepper_red,228.57,130,450,prevailing,7
2026-09-14,ncr,bell_pepper_red,250,130,450,prevailing,7
2026-09-21,ncr,bell_pepper_red,253.57,150,360,prevailing,7
2026-09-28,ncr,bell_pepper_red,271.98,180,360,prevailing,7
2024-04-15,ncr,bonito,200,,,prevailing,3
2024-04-22,ncr,bonito,186.67,120,280,midpoint,6
2024-04-29,ncr,bonito,188.33,140,200,midpoint,6
2024-05-06,ncr,bonito,173.33,140,240,midpoint,6
2024-05-13,ncr,bonito,161.67,120,200,midpoint,6
2024-05-20,ncr,bonito,177.5,140,200,midpoint,6
2024-05-27,ncr,bonito,173,140,200,midpoint,5
2024-04-15,ncr,broccoli,177,120,250,midpoint,5
2024-04-22,ncr,broccoli,183.33,100,250,midpoint,6
2024-04-29,ncr,broccoli,194.17,120,280,midpoint,6
2024-05-06,ncr,broccoli,250.83,100,350,midpoint,6
2024-05-13,ncr,broccoli,266.67,140,350,midpoint,6
2024-05-20,ncr,broccoli,270,180,350,midpoint,6
2024-05-27,ncr,broccoli,265,150,350,midpoint,6
2024-06-03,ncr,broccoli,235,120,350,midpoint,6
2024-06-10,ncr,broccoli,205.83,110,300,midpoint,6
2024-06-17,ncr,broccoli,236.67,150,320,midpoint,6
2024-06-24,ncr,broccoli,248.33,180,320,midpoint,6
2024-07-01,ncr,broccoli,237.5,160,320,midpoint,6
2024-07-08,ncr,broccoli,241.67,180,290,midpoint,6
2024-07-15,ncr,broccoli,231.67,180,290,midpoint,6
2024-07-22,ncr,broccoli,229.17,150,300,midpoint,6
2024-07-29,ncr,broccoli,255,150,390,midpoint,6
2024-08-05,ncr,broccoli,319.17,200,480,midpoint,6
2024-08-12,ncr,broccoli,319.17,200,450,midpoint,6
2024-08-19,ncr,broccoli,237.5,130,350,midpoint,6
2024-08-26,ncr,broccoli,248.33,150,340,midpoint,6
2024-09-02,ncr,broccoli,252.5,170,380,midpoint,6
2024-09-09,ncr,broccoli,311.67,200,440,midpoint,6
2024-09-16,ncr,broccoli,342.5,150,500,midpoint,6
2024-09-23,ncr,broccoli,420.83,200,550,midpoint,6
2024-09-30,ncr,broccoli,462,270,600,midpoint,5
2024-10-07,ncr,broccoli,436,320,550,midpoint,5
2024-10-14,ncr,broccoli,410.83,280,540,midpoint,6
2024-10-21,ncr,broccoli,409,220,550,midpoint,5
2024-10-28,ncr,broccoli,374,220,500,midpoint,5
2024-11-04,ncr,broccoli,379.17,250,500,midpoint,6
2024-11-11,ncr,broccoli,377,250,500,midpoint,5
2024-11-18,ncr,broccoli,375.83,260,470,midpoint,6
2024-11-25,ncr,broccoli,372.5,280,460,midpoint,6
2024-12-02,ncr,broccoli,366,280,450,midpoint,5
2024-12-09,ncr,broccoli,335,210,500,midpoint,5
2024-12-16,ncr,broccoli,294,150,420,midpoint,5
2024-12-23,ncr,broccoli,282,120,400,midpoint,5
2024-12-30,ncr,broccoli,268.75,120,400,midpoint,4
2025-01-06,ncr,broccoli,241,100,400,midpoint,5
2025-01-13,ncr,broccoli,211.18,100,350,average,6
2025-01-20,ncr,broccoli,206.02,80,350,average,6
2025-01-27,ncr,broccoli,184.73,80,290,average,6
2025-02-03,ncr,broccoli,170.75,80,290,average,6
2025-02-10,ncr,broccoli,173.33,80,240,prevailing,6
2025-02-17,ncr,broccoli,150,70,250,prevailing,6
2025-02-24,ncr,broccoli,155,100,240,prevailing,6
2025-03-03,ncr,broccoli,196.67,100,270,prevailing,6
2025-03-10,ncr,broccoli,200,80,250,prevailing,6
2025-03-17,ncr,broccoli,196.67,100,250,prevailing,6
2025-03-24,ncr,broccoli,186.67,100,260,prevailing,6
2025-03-31,ncr,broccoli,193.04,80,250,prevailing,7
2025-04-07,ncr,broccoli,185.41,90,250,prevailing,7
2025-04-14,ncr,broccoli,182.75,100,250,prevailing,4
2025-04-21,ncr,broccoli,197.57,100,250,prevailing,7
2025-04-28,ncr,broccoli,180.34,120,250,prevailing,6
2025-05-05,ncr,broccoli,196.67,140,270,prevailing,6
2025-05-12,ncr,broccoli,208.33,150,300,prevailing,6
2025-05-19,ncr,broccoli,242,150,300,prevailing,5
2025-05-26,ncr,broccoli,241.67,120,300,prevailing,6
2025-06-02,ncr,broccoli,200,120,280,prevailing,6
2025-06-09,ncr,broccoli,193.33,120,260,prevailing,6
2025-06-16,ncr,broccoli,193.33,140,280,prevailing,6
2025-06-23,ncr,broccoli,200,120,320,prevailing,6
2025-06-30,ncr,broccoli,200.56,120,300,prevailing,6
2025-07-07,ncr,broccoli,208.33,120,280,prevailing,6
2025-07-14,ncr,broccoli,200,120,280,prevailing,5
2025-07-21,ncr,broccoli,250,120,300,prevailing,6
2025-07-28,ncr,broccoli,250,160,350,prevailing,5
2025-08-04,ncr,broccoli,400,210,600,prevailing,6
2025-08-11,ncr,broccoli,308.33,200,550,prevailing,6
2025-08-18,ncr,broccoli,300,180,350,prevailing,5
2025-08-25,ncr,broccoli,306.25,250,400,prevailing,4
2025-09-01,ncr,broccoli,377,250,600,prevailing,5
2025-09-08,ncr,broccoli,365,270,500,prevailing,6
2025-09-15,ncr,broccoli,278.33,250,380,prevailing,6
2025-09-22,ncr,broccoli,314.17,270,320,prevailing,6
2025-09-29,ncr,broccoli,319.29,320,320,prevailing,7
2025-10-06,ncr,broccoli,295.83,120,450,prevailing,6
2025-10-13,ncr,broccoli,252.86,120,350,prevailing,7
2025-10-20,ncr,broccoli,166.67,90,300,prevailing,6
2025-10-27,ncr,broccoli,228.33,90,290,prevailing,6
2025-11-03,ncr,broccoli,202.86,100,330,prevailing,7
2025-11-10,ncr,broccoli,200,100,320,prevailing,6
2025-11-17,ncr,broccoli,272.86,150,350,prevailing,7
2025-11-24,ncr,broccoli,332.5,180,450,prevailing,6
2025-12-01,ncr,broccoli,366.67,220,400,prevailing,6
2025-12-08,ncr,broccoli,303.33,280,400,prevailing,6
2025-12-15,ncr,broccoli,273.33,250,300,prevailing,6
2025-12-22,ncr,broccoli,280,250,280,prevailing,6
2025-12-29,ncr,broccoli,280,260,280,prevailing,6
2026-01-05,ncr,broccoli,257.14,100,280,prevailing,7
2026-01-12,ncr,broccoli,222.64,120,280,prevailing,6
2026-01-19,ncr,broccoli,184.29,110,260,prevailing,7
2026-01-26,ncr,broccoli,182.86,150,200,prevailing,7
2026-02-02,ncr,broccoli,191.43,120,230,prevailing,7
2026-02-09,ncr,broccoli,188.57,150,230,prevailing,7
2026-02-16,ncr,broccoli,180,100,220,prevailing,7
2026-02-23,ncr,broccoli,178.57,60,190,prevailing,7
2026-03-02,ncr,broccoli,165.71,60,180,prevailing,7
2026-03-09,ncr,broccoli,175,60,200,prevailing,6
2026-03-16,ncr,broccoli,144.17,60,190,prevailing,6
2026-03-23,ncr,broccoli,133.33,80,180,prevailing,6
2026-03-30,ncr,broccoli,150,140,180,prevailing,7
2026-04-06,ncr,broccoli,170,80,220,prevailing,7
2026-04-13,ncr,broccoli,175.24,90,280,prevailing,7
2026-04-20,ncr,broccoli,174.29,100,250,prevailing,7
2026-04-27,ncr,broccoli,168.57,100,250,prevailing,7
2026-05-04,ncr,broccoli,137.43,110,200,prevailing,7
2026-05-11,ncr,broccoli,161.43,120,270,prevailing,7
2026-05-18,ncr,broccoli,145.83,120,180,prevailing,6
2026-05-25,ncr,broccoli,165,80,220,prevailing,7
2026-06-01,ncr,broccoli,191.43,120,220,prevailing,7
2026-06-08,ncr,broccoli,194.29,140,220,prevailing,7
2026-06-15,ncr,broccoli,200,180,250,prevailing,6
2026-06-22,ncr,broccoli,263.33,80,320,prevailing,6
2026-06-29,ncr,broccoli,255.24,70,260,prevailing,7
2026-07-06,ncr,broccoli,260,80,300,prevailing,7
2026-07-13,ncr,broccoli,160,80,300,prevailing,7
2026-07-20,ncr,broccoli,195.71,100,300,prevailing,7
2026-07-27,ncr,broccoli,278.57,100,300,prevailing,7
2026-08-03,ncr,broccoli,228.57,100,300,prevailing,7
2026-08-10,ncr,broccoli,248.33,150,300,prevailing,7
2026-08-17,ncr,broccoli,240,170,300,prevailing,6
2026-08-24,ncr,broccoli,344,380,380,prevailing,5
2026-08-31,ncr,broccoli,245.71,,280,prevailing,7
2026-09-07,ncr,broccoli,256,260,260,prevailing,5
2026-09-14,ncr,broccoli,291.67,200,360,prevailing,6
2026-09-21,ncr,broccoli,235,220,250,prevailing,4
2026-09-28,ncr,broccoli,209,200,260,prevailing,5
2025-05-12,ncr,broccoli_imported,240,,,prevailing,1
2025-05-19,ncr,broccoli_imported,267.5,,,prevailing,2
2025-06-02,ncr,broccoli_imported,240,,,prevailing,1
2025-06-16,ncr,broccoli_imported,225,,,prevailing,1
2025-06-23,ncr,broccoli_imported,295,,,prevailing,1
2025-06-30,ncr,broccoli_imported,310,,,prevailing,1
2025-07-07,ncr,broccoli_imported,250,,,prevailing,1
2025-07-14,ncr,broccoli_imported,237.92,,,prevailing,2
2025-07-21,ncr,broccoli_imported,300,,,prevailing,1
2025-07-28,ncr,broccoli_imported,284.55,,,prevailing,1
2025-08-04,ncr,broccoli_imported,300,,,prevailing,1
2025-08-11,ncr,broccoli_imported,323.33,,,prevailing,1
2025-08-18,ncr,broccoli_imported,313.59,,,prevailing,2
2025-08-25,ncr,broccoli_imported,363.7,,,prevailing,3
2025-09-01,ncr,broccoli_imported,373.89,,,prevailing,2
2025-09-08,ncr,broccoli_imported,345,,,prevailing,1
2025-09-15,ncr,broccoli_imported,300,,,prevailing,1
2025-09-22,ncr,broccoli_imported,294.93,,,prevailing,2
2025-09-29,ncr,broccoli_imported,291.83,,,prevailing,3
2025-10-06,ncr,broccoli_imported,274,,,prevailing,1
2025-10-13,ncr,broccoli_imported,258.46,,,prevailing,1
2025-10-20,ncr,broccoli_imported,232.22,,,prevailing,1
2025-10-27,ncr,broccoli_imported,242.22,,,prevailing,1
2025-11-03,ncr,broccoli_imported,244.52,,,prevailing,2
2025-11-10,ncr,broccoli_imported,294.44,,,prevailing,1
2025-11-17,ncr,broccoli_imported,451.43,,,prevailing,1
2025-11-24,ncr,broccoli_imported,423.33,,,prevailing,1
2025-12-01,ncr,broccoli_imported,341.25,,,prevailing,1
2025-12-08,ncr,broccoli_imported,334,,,prevailing,1
2025-12-15,ncr,broccoli_imported,309,,,prevailing,1
2025-12-22,ncr,broccoli_imported,313.33,,,prevailing,1
2025-12-29,ncr,broccoli_imported,324.44,,,prevailing,1
2026-01-05,ncr,broccoli_imported,298.57,,,prevailing,1
2026-01-12,ncr,broccoli_imported,261,,,prevailing,1
2026-01-19,ncr,broccoli_imported,240,,,prevailing,1
2026-01-26,ncr,broccoli_imported,220,,,prevailing,1
2026-02-02,ncr,broccoli_imported,213,,,prevailing,1
2026-02-09,ncr,broccoli_imported,216.67,,,prevailing,1
2026-02-16,ncr,broccoli_imported,213.75,,,prevailing,1
2026-02-23,ncr,broccoli_imported,208.75,,,prevailing,1
2026-03-02,ncr,broccoli_imported,208.75,,,prevailing,1
2026-03-09,ncr,broccoli_imported,211.11,,,prevailing,1
2026-03-16,ncr,broccoli_imported,216,,,prevailing,1
2026-03-23,ncr,broccoli_imported,205.74,,,prevailing,2
2026-03-30,ncr,broccoli_imported,227.14,,,prevailing,1
2026-04-06,ncr,broccoli_imported,232.22,,,prevailing,1
2026-04-13,ncr,broccoli_imported,262.86,,,prevailing,1
2026-04-20,ncr,broccoli_imported,220.77,,,prevailing,1
2026-04-27,ncr,broccoli_imported,207.5,,,prevailing,1
2026-05-04,ncr,broccoli_imported,193.08,,,prevailing,1
2026-05-11,ncr,broccoli_imported,200,,,prevailing,1
2026-05-18,ncr,broccoli_imported,226.67,,,prevailing,1
2026-05-25,ncr,broccoli_imported,240,,,prevailing,1
2026-06-01,ncr,broccoli_imported,239.33,,,prevailing,1
2026-06-08,ncr,broccoli_imported,240,,,prevailing,1
2026-06-15,ncr,broccoli_imported,230,,,prevailing,1
2026-06-22,ncr,broccoli_imported,238.32,,,prevailing,1
2026-06-29,ncr,broccoli_imported,236.18,,,prevailing,1
2026-09-28,ncr,broccoli_imported,256.1,,,prevailing,2
2021-08-30,ncr,cabbage,200,,,prevailing,3
2021-09-06,ncr,cabbage,120,,,prevailing,5
2021-09-13,ncr,cabbage,120,,,prevailing,5
2021-09-20,ncr,cabbage,120,,,prevailing,5
2021-09-27,ncr,cabbage,126,,,prevailing,5
2021-10-04,ncr,cabbage,123.33,,,prevailing,3
2021-10-11,ncr,cabbage,108,,,prevailing,5
2021-10-18,ncr,cabbage,83,,,prevailing,5
2021-10-25,ncr,cabbage,88.33,80,100,average,5
2021-11-01,ncr,cabbage,122.9,100,155,average,4
2021-11-08,ncr,cabbage,112.2,80,150,average,5
2021-11-15,ncr,cabbage,96.54,60,140,average,5
2021-11-22,ncr,cabbage,85.71,65,120,average,5
2021-11-29,ncr,cabbage,79.16,60,100,average,5
2021-12-06,ncr,cabbage,72.5,60,100,average,5
2021-12-13,ncr,cabbage,72.66,50,80,average,4
2021-12-20,ncr,cabbage,75.5,60,80,average,4
2021-12-27,ncr,cabbage,79.43,50,110,average,5
2022-01-03,ncr,cabbage,80.43,75,100,prevailing,5
2022-01-10,ncr,cabbage,80,,,prevailing,5
2022-01-17,ncr,cabbage,70,,,prevailing,5
2022-01-24,ncr,cabbage,68,,,prevailing,5
2022-01-31,ncr,cabbage,68,,,prevailing,5
2022-02-07,ncr,cabbage,64,,,prevailing,5
2022-02-14,ncr,cabbage,62.5,,,prevailing,4
2022-02-21,ncr,cabbage,60,,,prevailing,5
2022-02-28,ncr,cabbage,60,,,prevailing,5
2022-03-07,ncr,cabbage,60,,,prevailing,5
2022-03-14,ncr,cabbage,60,,,prevailing,5
2022-03-21,ncr,cabbage,60,,,prevailing,5
2022-03-28,ncr,cabbage,62,,,prevailing,5
2022-04-04,ncr,cabbage,72,,,prevailing,5
2022-04-11,ncr,cabbage,75,,,prevailing,3
2022-04-18,ncr,cabbage,79,,,prevailing,5
2022-04-25,ncr,cabbage,77,,,prevailing,5
2022-05-02,ncr,cabbage,81,,,prevailing,5
2022-05-09,ncr,cabbage,80,,,prevailing,4
2022-05-16,ncr,cabbage,80,,,prevailing,5
2022-05-23,ncr,cabbage,72,,,prevailing,5
2022-05-30,ncr,cabbage,74,,,prevailing,5
2022-06-06,ncr,cabbage,68,,,prevailing,5
2022-06-13,ncr,cabbage,78,,,prevailing,5
2022-06-20,ncr,cabbage,80,,,prevailing,5
2022-06-27,ncr,cabbage,63,,,prevailing,5
2022-07-04,ncr,cabbage,67,,,prevailing,5
2022-07-11,ncr,cabbage,63,,,prevailing,5
2022-07-18,ncr,cabbage,61,,,prevailing,5
2022-07-25,ncr,cabbage,60,,,prevailing,5
2022-08-01,ncr,cabbage,60,,,prevailing,5
2022-08-08,ncr,cabbage,60,,,prevailing,5
2022-08-15,ncr,cabbage,60,,,prevailing,5
2022-08-22,ncr,cabbage,61,,,prevailing,5
2022-08-29,ncr,cabbage,62,,,prevailing,5
2022-09-05,ncr,cabbage,66,,,prevailing,5
2022-09-12,ncr,cabbage,65,,,prevailing,4
2022-09-19,ncr,cabbage,80,,,prevailing,4
2022-09-26,ncr,cabbage,80,,,prevailing,5
2022-10-03,ncr,cabbage,80,,,prevailing,5
2022-10-10,ncr,cabbage,84,,,prevailing,5
2022-10-17,ncr,cabbage,81,,,prevailing,5
2022-10-24,ncr,cabbage,80,,,prevailing,5
2022-10-31,ncr,cabbage,100,,,prevailing,4
2022-11-07,ncr,cabbage,104,,,prevailing,5
2022-11-14,ncr,cabbage,112,,,prevailing,5
2022-11-21,ncr,cabbage,120,,,prevailing,5
2022-11-28,ncr,cabbage,120,,,prevailing,5
2022-12-05,ncr,cabbage,124,,,prevailing,5
2022-12-12,ncr,cabbage,124,,,prevailing,5
2022-12-19,ncr,cabbage,114,,,prevailing,5
2022-12-26,ncr,cabbage,120,100,140,midpoint,5
2023-01-02,ncr,cabbage,112,80,140,midpoint,5
2023-01-09,ncr,cabbage,100,70,140,midpoint,5
2023-01-16,ncr,cabbage,85,70,100,midpoint,5
2023-01-23,ncr,cabbage,84,60,100,midpoint,5
2023-01-30,ncr,cabbage,88,50,120,midpoint,5
2023-02-06,ncr,cabbage,81,60,100,midpoint,5
2023-02-13,ncr,cabbage,79,60,100,midpoint,5
2023-02-20,ncr,cabbage,80,60,100,midpoint,5
2023-02-27,ncr,cabbage,78,60,100,midpoint,5
2023-03-06,ncr,cabbage,75,50,100,midpoint,5
2023-03-13,ncr,cabbage,78,50,100,midpoint,5
2023-03-20,ncr,cabbage,70,60,80,midpoint,5
2023-03-27,ncr,cabbage,68,50,90,midpoint,5
2023-04-03,ncr,cabbage,72.5,50,90,midpoint,3
2023-04-10,ncr,cabbage,78.75,60,100,midpoint,4
2023-04-17,ncr,cabbage,74,50,90,midpoint,5
2023-04-24,ncr,cabbage,73,50,100,midpoint,5
2023-05-01,ncr,cabbage,72.5,50,90,midpoint,4
2023-05-08,ncr,cabbage,73,50,90,midpoint,5
2023-05-15,ncr,cabbage,69,50,90,midpoint,5
2023-05-22,ncr,cabbage,71,50,90,midpoint,5
2023-05-29,ncr,cabbage,72,40,100,midpoint,5
2023-06-05,ncr,cabbage,82.5,60,120,midpoint,3
2023-06-12,ncr,cabbage,95,70,120,midpoint,1
2023-06-19,ncr,cabbage,98.12,70,125,midpoint,4
2023-06-26,ncr,cabbage,120.62,80,160,midpoint,4
2023-07-03,ncr,cabbage,135.5,95,180,midpoint,5
2023-07-10,ncr,cabbage,132,95,170,midpoint,5
2023-07-17,ncr,cabbage,125.5,85,160,midpoint,5
2023-07-24,ncr,cabbage,127.68,85,160,midpoint,5
2023-07-31,ncr,cabbage,127,100,160,midpoint,5
2023-08-07,ncr,cabbage,127.5,100,165,midpoint,5
2023-08-14,ncr,cabbage,142,110,180,midpoint,5
2023-08-21,ncr,cabbage,155,100,180,midpoint,5
2023-08-28,ncr,cabbage,145,100,180,midpoint,5
2023-09-04,ncr,cabbage,123,80,180,midpoint,5
2023-09-11,ncr,cabbage,123,80,160,midpoint,5
2023-09-18,ncr,cabbage,146.5,100,200,midpoint,5
2023-09-25,ncr,cabbage,160.5,140,185,midpoint,5
2023-10-02,ncr,cabbage,152,120,180,midpoint,5
2023-10-09,ncr,cabbage,154.5,120,180,midpoint,5
2023-10-16,ncr,cabbage,152,120,180,midpoint,5
2023-10-23,ncr,cabbage,135.5,100,170,midpoint,5
2023-10-30,ncr,cabbage,136.25,100,160,midpoint,4
2023-11-06,ncr,cabbage,106,70,160,midpoint,5
2023-11-13,ncr,cabbage,103,60,160,midpoint,5
2023-11-20,ncr,cabbage,84,60,140,midpoint,5
2023-11-27,ncr,cabbage,77.5,60,120,midpoint,4
2023-12-04,ncr,cabbage,71,50,90,midpoint,5
2023-12-11,ncr,cabbage,68.75,50,80,midpoint,4
2023-12-18,ncr,cabbage,78,60,120,midpoint,5
2023-12-25,ncr,cabbage,77.5,50,120,midpoint,4
2024-01-01,ncr,cabbage,73.75,50,90,midpoint,4
2024-01-08,ncr,cabbage,67.5,40,100,midpoint,2
2024-01-08,ncr,cabbage_rareball,55,30,80,midpoint,3
2024-01-15,ncr,cabbage_rareball,52.5,35,70,midpoint,5
2024-01-22,ncr,cabbage_rareball,54.5,35,80,midpoint,5
2024-01-29,ncr,cabbage_rareball,53.5,35,70,midpoint,5
2024-02-05,ncr,cabbage_rareball,53.5,35,80,midpoint,5
2024-02-12,ncr,cabbage_rareball,54.5,35,70,midpoint,5
2024-02-19,ncr,cabbage_rareball,62,40,80,midpoint,5
2024-02-26,ncr,cabbage_rareball,64.5,45,80,midpoint,5
2024-03-04,ncr,cabbage_rareball,62.03,40,80,midpoint,5
2024-03-11,ncr,cabbage_rareball,61,35,90,midpoint,5
2024-03-18,ncr,cabbage_rareball,59,35,90,midpoint,5
2024-03-25,ncr,cabbage_rareball,57.5,30,80,midpoint,3
2024-04-01,ncr,cabbage_rareball,64,45,80,midpoint,5
2024-04-08,ncr,cabbage_rareball,57.5,35,100,midpoint,3
2024-04-15,ncr,cabbage_rareball,58.33,35,90,midpoint,6
2024-04-22,ncr,cabbage_rareball,62.92,40,90,midpoint,6
2024-04-29,ncr,cabbage_rareball,67.75,33,100,midpoint,6
2024-05-06,ncr,cabbage_rareball,61.75,30,90,midpoint,6
2024-05-13,ncr,cabbage_rareball,63.33,40,85,midpoint,6
2024-05-20,ncr,cabbage_rareball,62.5,45,80,midpoint,6
2024-05-27,ncr,cabbage_rareball,66.67,40,90,midpoint,6
2024-06-03,ncr,cabbage_rareball,74.58,55,95,midpoint,6
2024-06-10,ncr,cabbage_rareball,70.83,40,90,midpoint,6
2024-06-17,ncr,cabbage_rareball,66.67,40,90,midpoint,6
2024-06-24,ncr,cabbage_rareball,72.75,50,90,midpoint,6
2024-07-01,ncr,cabbage_rareball,79.58,55,100,prevailing,6
2024-07-08,ncr,cabbage_rareball,76.25,55,95,midpoint,6
2024-07-15,ncr,cabbage_rareball,61.67,30,100,midpoint,6
2024-07-22,ncr,cabbage_rareball,60.83,30,95,midpoint,6
2024-07-29,ncr,cabbage_rareball,62.92,30,100,midpoint,6
2024-08-05,ncr,cabbage_rareball,55.83,30,90,midpoint,6
2024-08-12,ncr,cabbage_rareball,62.5,45,80,midpoint,6
2024-08-19,ncr,cabbage_rareball,58.17,25,80,midpoint,6
2024-08-26,ncr,cabbage_rareball,58.33,25,80,midpoint,6
2024-09-02,ncr,cabbage_rareball,59.58,30,90,midpoint,6
2024-09-09,ncr,cabbage_rareball,60.42,30,85,midpoint,6
2024-09-16,ncr,cabbage_rareball,57.92,30,85,midpoint,6
2024-09-23,ncr,cabbage_rareball,60.83,30,95,midpoint,6
2024-09-30,ncr,cabbage_rareball,68,35,90,midpoint,5
2024-10-07,ncr,cabbage_rareball,91,60,120,midpoint,5
2024-10-14,ncr,cabbage_rareball,97.92,60,140,midpoint,6
2024-10-21,ncr,cabbage_rareball,103,70,140,midpoint,5
2024-10-28,ncr,cabbage_rareball,115,70,160,midpoint,5
2024-11-04,ncr,cabbage_rareball,112.92,60,150,midpoint,6
2024-11-11,ncr,cabbage_rareball,103.5,65,140,midpoint,5
2024-11-18,ncr,cabbage_rareball,106.25,70,150,midpoint,6
2024-11-25,ncr,cabbage_rareball,109.17,70,140,midpoint,6
2024-12-02,ncr,cabbage_rareball,110,80,140,midpoint,5
2024-12-09,ncr,cabbage_rareball,96,50,140,midpoint,5
2024-12-16,ncr,cabbage_rareball,90,55,120,midpoint,5
2024-12-23,ncr,cabbage_rareball,106.5,70,140,midpoint,5
2024-12-30,ncr,cabbage_rareball,110,70,150,midpoint,4
2025-01-06,ncr,cabbage_rareball,85,45,130,midpoint,5
2025-01-13,ncr,cabbage_rareball,81.53,40,130,average,6
2025-01-20,ncr,cabbage_rareball,83.98,40,130,average,6
2025-01-27,ncr,cabbage_rareball,82.91,50,120,average,6
2025-02-03,ncr,cabbage_rareball,85.86,50,120,average,6
2025-02-10,ncr,cabbage_rareball,80,60,120,prevailing,6
2025-02-17,ncr,cabbage_rareball,80,35,120,prevailing,6
2025-02-24,ncr,cabbage_rareball,80,30,120,prevailing,6
2025-03-03,ncr,cabbage_rareball,80,30,100,prevailing,6
2025-03-10,ncr,cabbage_rareball,80,35,100,prevailing,6
2025-03-17,ncr,cabbage_rareball,80,35,100,prevailing,6
2025-03-24,ncr,cabbage_rareball,80,50,100,prevailing,6
2025-03-31,ncr,cabbage_rareball,79.62,50,120,prevailing,7
2025-04-07,ncr,cabbage_rareball,79.89,50,100,prevailing,7
2025-04-14,ncr,cabbage_rareball,97.45,65,140,prevailing,4
2025-04-21,ncr,cabbage_rareball,118.83,70,140,prevailing,7
2025-04-28,ncr,cabbage_rareball,111.11,70,150,prevailing,7
2025-05-05,ncr,cabbage_rareball,100,55,150,prevailing,7
2025-05-12,ncr,cabbage_rareball,98.57,50,130,prevailing,7
2025-05-19,ncr,cabbage_rareball,92.93,50,120,prevailing,7
2025-05-26,ncr,cabbage_rareball,97.14,50,120,prevailing,7
2025-06-02,ncr,cabbage_rareball,98.1,50,100,prevailing,7
2025-06-09,ncr,cabbage_rareball,88.57,40,100,prevailing,7
2025-06-16,ncr,cabbage_rareball,80,45,120,prevailing,7
2025-06-23,ncr,cabbage_rareball,79.29,40,100,prevailing,7
2025-06-30,ncr,cabbage_rareball,79.25,40,120,prevailing,7
2025-07-07,ncr,cabbage_rareball,79.52,40,100,prevailing,7
2025-07-14,ncr,cabbage_rareball,78.99,40,100,prevailing,7
2025-07-21,ncr,cabbage_rareball,83.14,40,110,prevailing,7
2025-07-28,ncr,cabbage_rareball,109.69,55,160,prevailing,7
2025-08-04,ncr,cabbage_rareball,146.79,60,200,prevailing,7
2025-08-11,ncr,cabbage_rareball,177.5,80,200,prevailing,7
2025-08-18,ncr,cabbage_rareball,171.3,90,220,prevailing,7
2025-08-25,ncr,cabbage_rareball,128.96,80,180,prevailing,7
2025-09-01,ncr,cabbage_rareball,104.42,50,160,prevailing,7
2025-09-08,ncr,cabbage_rareball,94.43,50,150,prevailing,7
2025-09-15,ncr,cabbage_rareball,79.52,40,120,prevailing,7
2025-09-22,ncr,cabbage_rareball,90.62,40,150,prevailing,7
2025-09-29,ncr,cabbage_rareball,82.33,50,120,prevailing,7
2025-10-06,ncr,cabbage_rareball,99.24,60,120,prevailing,7
2025-10-13,ncr,cabbage_rareball,108.67,50,150,prevailing,7
2025-10-20,ncr,cabbage_rareball,89.43,50,120,prevailing,7
2025-10-27,ncr,cabbage_rareball,86.96,50,120,prevailing,7
2025-11-03,ncr,cabbage_rareball,81.16,45,120,prevailing,7
2025-11-10,ncr,cabbage_rareball,94.57,50,140,prevailing,7
2025-11-17,ncr,cabbage_rareball,99.37,50,120,prevailing,7
2025-11-24,ncr,cabbage_rareball,98.93,50,120,prevailing,7
2025-12-01,ncr,cabbage_rareball,81.94,50,120,prevailing,7
2025-12-08,ncr,cabbage_rareball,84.08,50,120,prevailing,7
2025-12-15,ncr,cabbage_rareball,89.8,55,120,prevailing,7
2025-12-22,ncr,cabbage_rareball,102,50,120,prevailing,7
2025-12-29,ncr,cabbage_rareball,100.95,60,140,prevailing,7
2026-01-05,ncr,cabbage_rareball,101.84,70,140,prevailing,7
2026-01-12,ncr,cabbage_rareball,99.46,50,120,prevailing,7
2026-01-19,ncr,cabbage_rareball,99.43,50,120,prevailing,7
2026-01-26,ncr,cabbage_rareball,97.5,50,120,prevailing,7
2026-02-02,ncr,cabbage_rareball,98.57,50,100,prevailing,7
2026-02-09,ncr,cabbage_rareball,81.75,50,100,prevailing,7
2026-02-16,ncr,cabbage_rareball,80.48,40,100,prevailing,7
2026-02-23,ncr,cabbage_rareball,79.43,35,100,prevailing,7
2026-03-02,ncr,cabbage_rareball,79.02,45,100,prevailing,7
2026-03-09,ncr,cabbage_rareball,78.33,30,100,prevailing,7
2026-03-16,ncr,cabbage_rareball,79.59,30,100,prevailing,7
2026-03-23,ncr,cabbage_rareball,76.81,30,100,prevailing,7
2026-03-30,ncr,cabbage_rareball,78.81,30,100,prevailing,7
2026-04-06,ncr,cabbage_rareball,77.55,30,100,prevailing,7
2026-04-13,ncr,cabbage_rareball,78.47,30,100,prevailing,7
2026-04-20,ncr,cabbage_rareball,67.94,30,100,prevailing,7
2026-04-27,ncr,cabbage_rareball,66.07,30,90,prevailing,7
2026-05-04,ncr,cabbage_rareball,58.79,25,100,prevailing,7
2026-05-11,ncr,cabbage_rareball,59.29,25,100,prevailing,7
2026-05-18,ncr,cabbage_rareball,59,25,100,prevailing,7
2026-05-25,ncr,cabbage_rareball,59.44,30,100,prevailing,7
2026-06-01,ncr,cabbage_rareball,64.73,40,90,prevailing,7
2026-06-08,ncr,cabbage_rareball,74.46,40,100,prevailing,7
2026-06-15,ncr,cabbage_rareball,78.89,40,100,prevailing,7
2026-06-22,ncr,cabbage_rareball,103,50,140,prevailing,7
2026-06-29,ncr,cabbage_rareball,117.74,50,140,prevailing,7
2026-07-06,ncr,cabbage_rareball,108.57,50,140,prevailing,7
2026-07-13,ncr,cabbage_rareball,91.43,40,140,prevailing,7
2026-07-20,ncr,cabbage_rareball,90,30,140,prevailing,7
2026-07-27,ncr,cabbage_rareball,80,40,120,prevailing,7
2026-08-03,ncr,cabbage_rareball,80,30,100,prevailing,7
2026-08-10,ncr,cabbage_rareball,100,40,160,prevailing,7
2026-08-17,ncr,cabbage_rareball,91.43,40,160,prevailing,7
2026-08-24,ncr,cabbage_rareball,122.86,60,160,prevailing,7
2026-08-31,ncr,cabbage_rareball,150.71,60,200,prevailing,7
2026-09-07,ncr,cabbage_rareball,192.86,120,220,prevailing,7
2026-09-14,ncr,cabbage_rareball,192.86,140,280,prevailing,7
2026-09-21,ncr,cabbage_rareball,227.14,160,300,prevailing,7
2026-09-28,ncr,cabbage_rareball,208.68,140,270,prevailing,7
2020-11-02,ncr,cabbage_scorpio,82.5,50,120,prevailing,4
2020-11-09,ncr,cabbage_scorpio,80,70,100,prevailing,4
2020-11-16,ncr,cabbage_scorpio,104,70,150,prevailing,5
2020-11-23,ncr,cabbage_scorpio,120,80,180,prevailing,5
2020-11-30,ncr,cabbage_scorpio,140,100,180,prevailing,4
2020-12-07,ncr,cabbage_scorpio,132.5,100,170,prevailing,4
2020-12-14,ncr,cabbage_scorpio,120,90,160,prevailing,4
2020-12-21,ncr,cabbage_scorpio,136.67,90,180,prevailing,3
2020-12-28,ncr,cabbage_scorpio,200,120,250,prevailing,2
2021-01-04,ncr,cabbage_scorpio,178,100,250,prevailing,5
2021-01-11,ncr,cabbage_scorpio,188,140,250,prevailing,5
2021-01-18,ncr,cabbage_scorpio,192,120,230,prevailing,5
2021-01-25,ncr,cabbage_scorpio,144,100,200,prevailing,5
2021-02-01,ncr,cabbage_scorpio,120,90,170,prevailing,5
2021-02-08,ncr,cabbage_scorpio,160,100,200,prevailing,5
2021-02-15,ncr,cabbage_scorpio,140,100,180,prevailing,5
2021-02-22,ncr,cabbage_scorpio,104,70,150,prevailing,5
2021-03-01,ncr,cabbage_scorpio,80,50,120,prevailing,5
2021-03-08,ncr,cabbage_scorpio,72,50,100,prevailing,5
2021-03-15,ncr,cabbage_scorpio,64,50,90,prevailing,5
2021-03-22,ncr,cabbage_scorpio,60,40,90,prevailing,5
2021-03-29,ncr,cabbage_scorpio,63.33,40,90,prevailing,3
2021-04-05,ncr,cabbage_scorpio,62,50,80,prevailing,5
2021-04-12,ncr,cabbage_scorpio,60,50,80,prevailing,5
2021-04-19,ncr,cabbage_scorpio,60,45,80,prevailing,5
2021-04-26,ncr,cabbage_scorpio,60,30,80,prevailing,5
2021-05-03,ncr,cabbage_scorpio,60,45,80,prevailing,4
2021-05-10,ncr,cabbage_scorpio,60,45,80,prevailing,5
2021-05-17,ncr,cabbage_scorpio,60,50,80,prevailing,5
2021-05-24,ncr,cabbage_scorpio,60,50,80,prevailing,5
2021-05-31,ncr,cabbage_scorpio,60,40,80,prevailing,5
2021-06-07,ncr,cabbage_scorpio,60,50,80,prevailing,5
2021-06-14,ncr,cabbage_scorpio,60,50,80,prevailing,5
2021-06-21,ncr,cabbage_scorpio,80,60,100,prevailing,5
2021-06-28,ncr,cabbage_scorpio,80,60,100,prevailing,5
2021-07-05,ncr,cabbage_scorpio,75,50,100,prevailing,4
2021-07-12,ncr,cabbage_scorpio,80,60,100,prevailing,5
2021-07-19,ncr,cabbage_scorpio,88,60,140,prevailing,5
2021-07-26,ncr,cabbage_scorpio,108,80,150,prevailing,5
2021-08-02,ncr,cabbage_scorpio,116,90,150,prevailing,5
2021-08-09,ncr,cabbage_scorpio,174,100,220,prevailing,5
2021-08-16,ncr,cabbage_scorpio,212,160,300,prevailing,5
2021-08-23,ncr,cabbage_scorpio,208,170,250,prevailing,5
2021-08-30,ncr,cabbage_scorpio,200,150,250,prevailing,2
2024-01-08,ncr,cabbage_scorpio,60,40,80,midpoint,3
2024-01-15,ncr,cabbage_scorpio,63,45,80,midpoint,5
2024-01-22,ncr,cabbage_scorpio,63.5,40,90,midpoint,5
2024-01-29,ncr,cabbage_scorpio,61.5,40,80,midpoint,5
2024-02-05,ncr,cabbage_scorpio,64.5,40,100,midpoint,5
2024-02-12,ncr,cabbage_scorpio,70,40,100,midpoint,5
2024-02-19,ncr,cabbage_scorpio,74,40,100,midpoint,5
2024-02-26,ncr,cabbage_scorpio,70,40,100,midpoint,5
2024-03-04,ncr,cabbage_scorpio,66.78,40,100,midpoint,5
2024-03-11,ncr,cabbage_scorpio,67,40,100,midpoint,5
2024-03-18,ncr,cabbage_scorpio,65,35,100,midpoint,5
2024-03-25,ncr,cabbage_scorpio,65,35,100,midpoint,3
2024-04-01,ncr,cabbage_scorpio,68,35,100,midpoint,5
2024-04-08,ncr,cabbage_scorpio,64.17,35,100,midpoint,3
2024-04-15,ncr,cabbage_scorpio,66.25,35,90,midpoint,6
2024-04-22,ncr,cabbage_scorpio,70.42,40,100,midpoint,6
2024-04-29,ncr,cabbage_scorpio,68.33,40,90,midpoint,6
2024-05-06,ncr,cabbage_scorpio,62.08,40,100,midpoint,6
2024-05-13,ncr,cabbage_scorpio,65.83,40,90,midpoint,6
2024-05-20,ncr,cabbage_scorpio,70,50,90,midpoint,6
2024-05-27,ncr,cabbage_scorpio,73.33,40,100,midpoint,6
2024-06-03,ncr,cabbage_scorpio,74.58,50,105,midpoint,6
2024-06-10,ncr,cabbage_scorpio,73.33,55,90,midpoint,6
2024-06-17,ncr,cabbage_scorpio,74.17,55,90,midpoint,6
2024-06-24,ncr,cabbage_scorpio,76.25,50,100,midpoint,6
2024-07-01,ncr,cabbage_scorpio,84.17,65,100,midpoint,6
2024-07-08,ncr,cabbage_scorpio,83.33,70,100,midpoint,6
2024-07-15,ncr,cabbage_scorpio,73.33,45,100,midpoint,6
2024-07-22,ncr,cabbage_scorpio,70.83,40,120,midpoint,6
2024-07-29,ncr,cabbage_scorpio,71.67,40,100,midpoint,6
2024-08-05,ncr,cabbage_scorpio,64.58,35,100,midpoint,6
2024-08-12,ncr,cabbage_scorpio,63.33,35,100,midpoint,6
2024-08-19,ncr,cabbage_scorpio,64.17,35,100,midpoint,6
2024-08-26,ncr,cabbage_scorpio,65,35,100,midpoint,6
2024-09-02,ncr,cabbage_scorpio,67.08,40,90,midpoint,6
2024-09-09,ncr,cabbage_scorpio,67.08,35,100,midpoint,6
2024-09-16,ncr,cabbage_scorpio,62.5,45,80,midpoint,6
2024-09-23,ncr,cabbage_scorpio,64.17,45,90,midpoint,6
2024-09-30,ncr,cabbage_scorpio,74.5,45,100,midpoint,5
2024-10-07,ncr,cabbage_scorpio,90,60,120,midpoint,5
2024-10-14,ncr,cabbage_scorpio,90,60,120,midpoint,6
2024-10-21,ncr,cabbage_scorpio,116,80,150,midpoint,5
2024-10-28,ncr,cabbage_scorpio,127,80,160,midpoint,5
2024-11-04,ncr,cabbage_scorpio,120,70,160,midpoint,6
2024-11-11,ncr,cabbage_scorpio,113,80,150,midpoint,5
2024-11-18,ncr,cabbage_scorpio,112.08,70,140,midpoint,6
2024-11-25,ncr,cabbage_scorpio,121.67,90,170,midpoint,6
2024-12-02,ncr,cabbage_scorpio,120,90,150,midpoint,5
2024-12-09,ncr,cabbage_scorpio,104,70,140,midpoint,5
2024-12-16,ncr,cabbage_scorpio,95.5,60,120,midpoint,5
2024-12-23,ncr,cabbage_scorpio,114,90,140,midpoint,5
2024-12-30,ncr,cabbage_scorpio,115,80,140,midpoint,4
2025-01-06,ncr,cabbage_scorpio,99.5,60,140,midpoint,5
2025-01-13,ncr,cabbage_scorpio,87.22,50,120,average,6
2025-01-20,ncr,cabbage_scorpio,83.05,60,100,average,6
2025-01-27,ncr,cabbage_scorpio,81.46,60,100,average,6
2025-02-03,ncr,cabbage_scorpio,85.78,70,120,average,6
2025-02-10,ncr,cabbage_scorpio,80,60,120,prevailing,6
2025-02-17,ncr,cabbage_scorpio,80,40,100,prevailing,6
2025-02-24,ncr,cabbage_scorpio,79.17,40,100,prevailing,6
2025-03-03,ncr,cabbage_scorpio,80,50,100,prevailing,6
2025-03-10,ncr,cabbage_scorpio,80,40,100,prevailing,6
2025-03-17,ncr,cabbage_scorpio,80,60,100,prevailing,6
2025-03-24,ncr,cabbage_scorpio,78.33,50,120,prevailing,6
2025-03-31,ncr,cabbage_scorpio,82.69,50,120,prevailing,7
2025-04-07,ncr,cabbage_scorpio,82.11,60,120,prevailing,7
2025-04-14,ncr,cabbage_scorpio,88.75,70,130,prevailing,4
2025-04-21,ncr,cabbage_scorpio,118.24,70,150,prevailing,7
2025-04-28,ncr,cabbage_scorpio,125.7,70,160,prevailing,7
2025-05-05,ncr,cabbage_scorpio,102.38,60,160,prevailing,7
2025-05-12,ncr,cabbage_scorpio,103.21,70,160,prevailing,7
2025-05-19,ncr,cabbage_scorpio,102.43,70,150,prevailing,7
2025-05-26,ncr,cabbage_scorpio,105.18,70,150,prevailing,7
2025-06-02,ncr,cabbage_scorpio,100.24,70,150,prevailing,7
2025-06-09,ncr,cabbage_scorpio,98.57,60,150,prevailing,7
2025-06-16,ncr,cabbage_scorpio,90.71,70,120,prevailing,7
2025-06-23,ncr,cabbage_scorpio,97.14,70,120,prevailing,7
2025-06-30,ncr,cabbage_scorpio,90.36,60,120,prevailing,7
2025-07-07,ncr,cabbage_scorpio,97.86,60,120,prevailing,7
2025-07-14,ncr,cabbage_scorpio,95.08,60,120,prevailing,7
2025-07-21,ncr,cabbage_scorpio,100,60,130,prevailing,7
2025-07-28,ncr,cabbage_scorpio,103.09,60,140,prevailing,7
2025-08-04,ncr,cabbage_scorpio,137.86,100,180,prevailing,7
2025-08-11,ncr,cabbage_scorpio,173.57,140,200,prevailing,7
2025-08-18,ncr,cabbage_scorpio,177.83,120,200,prevailing,6
2025-08-25,ncr,cabbage_scorpio,132.45,100,200,prevailing,7
2025-09-01,ncr,cabbage_scorpio,106.67,70,150,prevailing,7
2025-09-08,ncr,cabbage_scorpio,95.71,50,150,prevailing,7
2025-09-15,ncr,cabbage_scorpio,86.67,60,110,prevailing,6
2025-09-22,ncr,cabbage_scorpio,92.19,70,160,prevailing,7
2025-09-29,ncr,cabbage_scorpio,88.45,80,140,prevailing,7
2025-10-06,ncr,cabbage_scorpio,100,80,120,prevailing,6
2025-10-13,ncr,cabbage_scorpio,105.71,80,120,prevailing,7
2025-10-20,ncr,cabbage_scorpio,97.14,80,120,prevailing,7
2025-10-27,ncr,cabbage_scorpio,90,70,120,prevailing,6
2025-11-03,ncr,cabbage_scorpio,79.03,60,100,prevailing,7
2025-11-10,ncr,cabbage_scorpio,95,60,140,prevailing,7
2025-11-17,ncr,cabbage_scorpio,105.71,70,130,prevailing,7
2025-11-24,ncr,cabbage_scorpio,81.9,60,120,prevailing,7
2025-12-01,ncr,cabbage_scorpio,78.57,60,120,prevailing,7
2025-12-08,ncr,cabbage_scorpio,83.33,60,120,prevailing,7
2025-12-15,ncr,cabbage_scorpio,87.14,70,100,prevailing,7
2025-12-22,ncr,cabbage_scorpio,91.43,70,120,prevailing,7
2025-12-29,ncr,cabbage_scorpio,98.57,70,120,prevailing,7
2026-01-05,ncr,cabbage_scorpio,87.14,70,150,prevailing,7
2026-01-12,ncr,cabbage_scorpio,95.83,70,120,prevailing,6
2026-01-19,ncr,cabbage_scorpio,89.29,70,100,prevailing,7
2026-01-26,ncr,cabbage_scorpio,85,70,100,prevailing,6
2026-02-02,ncr,cabbage_scorpio,83.33,70,100,prevailing,6
2026-02-09,ncr,cabbage_scorpio,85,60,120,prevailing,7
2026-02-16,ncr,cabbage_scorpio,84.17,70,120,prevailing,6
2026-02-23,ncr,cabbage_scorpio,87.14,50,120,prevailing,7
2026-03-02,ncr,cabbage_scorpio,88.33,50,90,prevailing,6
2026-03-09,ncr,cabbage_scorpio,84.29,50,90,prevailing,7
2026-03-16,ncr,cabbage_scorpio,84.29,60,100,prevailing,7
2026-03-23,ncr,cabbage_scorpio,86.22,70,100,prevailing,7
2026-03-30,ncr,cabbage_scorpio,85,70,100,prevailing,7
2026-04-06,ncr,cabbage_scorpio,80.71,50,100,prevailing,7
2026-04-13,ncr,cabbage_scorpio,77.14,60,90,prevailing,7
2026-04-20,ncr,cabbage_scorpio,77.68,50,90,prevailing,7
2026-04-27,ncr,cabbage_scorpio,77.86,50,90,prevailing,7
2026-05-04,ncr,cabbage_scorpio,68.57,50,90,prevailing,7
2026-05-11,ncr,cabbage_scorpio,69.52,35,80,prevailing,7
2026-05-18,ncr,cabbage_scorpio,73.93,30,80,prevailing,7
2026-05-25,ncr,cabbage_scorpio,71.9,35,90,prevailing,7
2026-06-01,ncr,cabbage_scorpio,75,40,90,prevailing,7
2026-06-08,ncr,cabbage_scorpio,70.71,50,120,prevailing,7
2026-06-15,ncr,cabbage_scorpio,80.95,50,120,prevailing,7
2026-06-22,ncr,cabbage_scorpio,102.05,50,120,prevailing,7
2026-06-29,ncr,cabbage_scorpio,108.9,70,150,prevailing,7
2026-07-06,ncr,cabbage_scorpio,111.43,70,150,prevailing,7
2026-07-13,ncr,cabbage_scorpio,100.71,60,150,prevailing,7
2026-07-20,ncr,cabbage_scorpio,105.71,50,120,prevailing,7
2026-07-27,ncr,cabbage_scorpio,112.86,50,120,prevailing,7
2026-08-03,ncr,cabbage_scorpio,95.71,50,120,prevailing,7
2026-08-10,ncr,cabbage_scorpio,102.14,50,140,prevailing,7
2026-08-17,ncr,cabbage_scorpio,108.57,60,140,prevailing,7
2026-08-24,ncr,cabbage_scorpio,117.14,70,160,prevailing,7
2026-08-31,ncr,cabbage_scorpio,140,100,180,prevailing,7
2026-09-07,ncr,cabbage_scorpio,165.71,120,200,prevailing,7
2026-09-14,ncr,cabbage_scorpio,194.29,150,260,prevailing,7
2026-09-21,ncr,cabbage_scorpio,215.71,180,280,prevailing,7
2026-09-28,ncr,cabbage_scorpio,209.77,140,280,prevailing,7
2024-01-08,ncr,cabbage_wonderball,55,35,80,midpoint,3
2024-01-15,ncr,cabbage_wonderball,49.8,33,70,midpoint,5
2024-01-22,ncr,cabbage_wonderball,54.5,30,80,midpoint,5
2024-01-29,ncr,cabbage_wonderball,54.3,35,70,midpoint,5
2024-02-05,ncr,cabbage_wonderball,53,35,70,midpoint,5
2024-02-12,ncr,cabbage_wonderball,59.5,35,80,midpoint,5
2024-02-19,ncr,cabbage_wonderball,66,40,100,midpoint,5
2024-02-26,ncr,cabbage_wonderball,62.5,40,80,midpoint,3
2024-03-04,ncr,cabbage_wonderball,63.44,40,90,midpoint,4
2024-03-11,ncr,cabbage_wonderball,63,50,80,midpoint,5
2024-03-18,ncr,cabbage_wonderball,60.5,30,80,midpoint,5
2024-03-25,ncr,cabbage_wonderball,60,30,100,midpoint,2
2024-04-01,ncr,cabbage_wonderball,62,30,90,midpoint,5
2024-04-08,ncr,cabbage_wonderball,65,30,100,midpoint,3
2024-04-15,ncr,cabbage_wonderball,67.5,50,90,midpoint,6
2024-04-22,ncr,cabbage_wonderball,74.58,50,100,midpoint,6
2024-04-29,ncr,cabbage_wonderball,72.92,55,90,midpoint,6
2024-05-06,ncr,cabbage_wonderball,73.33,50,100,midpoint,6
2024-05-13,ncr,cabbage_wonderball,74.17,50,100,midpoint,6
2024-05-20,ncr,cabbage_wonderball,68.33,35,100,midpoint,6
2024-05-27,ncr,cabbage_wonderball,77.5,60,120,midpoint,6
2024-06-03,ncr,cabbage_wonderball,78.33,60,90,prevailing,6
2024-06-10,ncr,cabbage_wonderball,78.33,60,90,midpoint,6
2024-06-17,ncr,cabbage_wonderball,75.42,60,95,midpoint,6
2024-06-24,ncr,cabbage_wonderball,80,60,120,midpoint,6
2024-07-01,ncr,cabbage_wonderball,85.83,60,120,midpoint,6
2024-07-08,ncr,cabbage_wonderball,78.33,60,120,midpoint,6
2024-07-15,ncr,cabbage_wonderball,73.33,50,100,midpoint,6
2024-07-22,ncr,cabbage_wonderball,76.67,50,120,midpoint,6
2024-07-29,ncr,cabbage_wonderball,75.83,50,100,midpoint,6
2024-08-05,ncr,cabbage_wonderball,75.42,35,100,midpoint,6
2024-08-12,ncr,cabbage_wonderball,74.17,50,100,midpoint,6
2024-08-19,ncr,cabbage_wonderball,73.33,50,100,midpoint,6
2024-08-26,ncr,cabbage_wonderball,65.42,45,90,midpoint,6
2024-09-02,ncr,cabbage_wonderball,69.17,50,90,midpoint,6
2024-09-09,ncr,cabbage_wonderball,64.58,45,90,midpoint,6
2024-09-16,ncr,cabbage_wonderball,68.33,50,100,midpoint,6
2024-09-23,ncr,cabbage_wonderball,72.5,50,100,midpoint,6
2024-09-30,ncr,cabbage_wonderball,78,50,100,midpoint,5
2024-10-07,ncr,cabbage_wonderball,104,80,140,midpoint,5
2024-10-14,ncr,cabbage_wonderball,106.67,90,140,midpoint,6
2024-10-21,ncr,cabbage_wonderball,124,90,150,midpoint,5
2024-10-28,ncr,cabbage_wonderball,123,90,160,midpoint,5
2024-11-04,ncr,cabbage_wonderball,127.5,100,160,midpoint,6
2024-11-11,ncr,cabbage_wonderball,119,100,150,midpoint,5
2024-11-18,ncr,cabbage_wonderball,110,80,150,midpoint,6
2024-11-25,ncr,cabbage_wonderball,113.33,90,140,midpoint,6
2024-12-02,ncr,cabbage_wonderball,118,100,140,midpoint,5
2024-12-09,ncr,cabbage_wonderball,106,70,140,midpoint,5
2024-12-16,ncr,cabbage_wonderball,96,70,120,midpoint,5
2024-12-23,ncr,cabbage_wonderball,107.5,80,150,midpoint,5
2024-12-30,ncr,cabbage_wonderball,116.25,90,150,midpoint,4
2025-01-06,ncr,cabbage_wonderball,103,70,140,midpoint,5
2025-01-13,ncr,cabbage_wonderball,94.87,80,110,average,6
2025-01-20,ncr,cabbage_wonderball,94.4,60,120,average,6
2025-01-27,ncr,cabbage_wonderball,91.63,50,120,average,6
2025-02-03,ncr,cabbage_wonderball,95.3,60,120,average,6
2025-02-10,ncr,cabbage_wonderball,90,50,120,prevailing,6
2025-02-17,ncr,cabbage_wonderball,81.67,45,120,prevailing,6
2025-02-24,ncr,cabbage_wonderball,80,45,120,prevailing,6
2025-03-03,ncr,cabbage_wonderball,80,50,120,prevailing,6
2025-03-10,ncr,cabbage_wonderball,80,40,120,prevailing,6
2025-03-17,ncr,cabbage_wonderball,78.33,50,120,prevailing,6
2025-03-24,ncr,cabbage_wonderball,80,50,120,prevailing,6
2025-03-31,ncr,cabbage_wonderball,81.47,50,120,prevailing,7
2025-04-07,ncr,cabbage_wonderball,80,70,100,prevailing,7
2025-04-14,ncr,cabbage_wonderball,95,70,120,prevailing,4
2025-04-21,ncr,cabbage_wonderball,120,100,140,prevailing,7
2025-04-28,ncr,cabbage_wonderball,117.91,90,140,prevailing,7
2025-05-05,ncr,cabbage_wonderball,110,70,150,prevailing,7
2025-05-12,ncr,cabbage_wonderball,102.86,70,140,prevailing,7
2025-05-19,ncr,cabbage_wonderball,97.56,75,120,prevailing,7
2025-05-26,ncr,cabbage_wonderball,100,70,120,prevailing,7
2025-06-02,ncr,cabbage_wonderball,97.14,60,120,prevailing,7
2025-06-09,ncr,cabbage_wonderball,91.43,60,120,prevailing,7
2025-06-16,ncr,cabbage_wonderball,85.36,70,100,prevailing,7
2025-06-23,ncr,cabbage_wonderball,79.64,70,100,prevailing,7
2025-06-30,ncr,cabbage_wonderball,88.66,70,100,prevailing,7
2025-07-07,ncr,cabbage_wonderball,83.57,50,120,prevailing,7
2025-07-14,ncr,cabbage_wonderball,81.67,50,120,prevailing,6
2025-07-21,ncr,cabbage_wonderball,90,70,120,prevailing,7
2025-07-28,ncr,cabbage_wonderball,110.2,80,160,prevailing,7
2025-08-04,ncr,cabbage_wonderball,137.14,100,200,prevailing,7
2025-08-11,ncr,cabbage_wonderball,160,100,200,prevailing,7
2025-08-18,ncr,cabbage_wonderball,183.53,150,240,prevailing,7
2025-08-25,ncr,cabbage_wonderball,131.25,120,180,prevailing,7
2025-09-01,ncr,cabbage_wonderball,113.2,80,160,prevailing,7
2025-09-08,ncr,cabbage_wonderball,100,60,140,prevailing,7
2025-09-15,ncr,cabbage_wonderball,84.29,50,130,prevailing,7
2025-09-22,ncr,cabbage_wonderball,106.27,60,170,prevailing,7
2025-09-29,ncr,cabbage_wonderball,102.25,70,140,prevailing,7
2025-10-06,ncr,cabbage_wonderball,97.86,70,120,prevailing,7
2025-10-13,ncr,cabbage_wonderball,97.86,70,120,prevailing,7
2025-10-20,ncr,cabbage_wonderball,100,60,130,prevailing,7
2025-10-27,ncr,cabbage_wonderball,93.21,50,120,prevailing,7
2025-11-03,ncr,cabbage_wonderball,81.23,50,120,prevailing,7
2025-11-10,ncr,cabbage_wonderball,96.43,40,120,prevailing,7
2025-11-17,ncr,cabbage_wonderball,88.33,50,120,prevailing,6
2025-11-24,ncr,cabbage_wonderball,78.57,50,100,prevailing,7
2025-12-01,ncr,cabbage_wonderball,81.07,50,120,prevailing,7
2025-12-08,ncr,cabbage_wonderball,80,50,100,prevailing,7
2025-12-15,ncr,cabbage_wonderball,80.71,60,120,prevailing,7
2025-12-22,ncr,cabbage_wonderball,84.64,60,120,prevailing,7
2025-12-29,ncr,cabbage_wonderball,99.29,60,120,prevailing,7
2026-01-05,ncr,cabbage_wonderball,98.21,60,120,prevailing,7
2026-01-12,ncr,cabbage_wonderball,97.14,60,120,prevailing,7
2026-01-19,ncr,cabbage_wonderball,82.14,60,120,prevailing,7
2026-01-26,ncr,cabbage_wonderball,82,60,120,prevailing,7
2026-02-02,ncr,cabbage_wonderball,82,60,120,prevailing,7
2026-02-09,ncr,cabbage_wonderball,80,50,120,prevailing,7
2026-02-16,ncr,cabbage_wonderball,80.43,50,100,prevailing,7
2026-02-23,ncr,cabbage_wonderball,79.88,40,100,prevailing,7
2026-03-02,ncr,cabbage_wonderball,79.05,45,100,prevailing,7
2026-03-09,ncr,cabbage_wonderball,75.71,40,100,prevailing,7
2026-03-16,ncr,cabbage_wonderball,77.14,40,100,prevailing,7
2026-03-23,ncr,cabbage_wonderball,62.79,35,100,prevailing,7
2026-03-30,ncr,cabbage_wonderball,62.86,35,100,prevailing,7
2026-04-06,ncr,cabbage_wonderball,61.29,30,100,prevailing,7
2026-04-13,ncr,cabbage_wonderball,62.86,30,90,prevailing,7
2026-04-20,ncr,cabbage_wonderball,62.02,25,90,prevailing,7
2026-04-27,ncr,cabbage_wonderball,60.21,30,90,prevailing,7
2026-05-04,ncr,cabbage_wonderball,59.76,30,80,prevailing,7
2026-05-11,ncr,cabbage_wonderball,59.6,30,90,prevailing,7
2026-05-18,ncr,cabbage_wonderball,59.61,30,90,prevailing,7
2026-05-25,ncr,cabbage_wonderball,63.65,30,100,prevailing,7
2026-06-01,ncr,cabbage_wonderball,58.65,35,100,prevailing,7
2026-06-08,ncr,cabbage_wonderball,63.31,40,100,prevailing,7
2026-06-15,ncr,cabbage_wonderball,72.68,45,100,prevailing,7
2026-06-22,ncr,cabbage_wonderball,96.6,50,130,prevailing,7
2026-06-29,ncr,cabbage_wonderball,99.92,80,100,prevailing,7
2026-07-06,ncr,cabbage_wonderball,97.14,50,130,prevailing,7
2026-07-13,ncr,cabbage_wonderball,86.43,45,130,prevailing,7
2026-07-20,ncr,cabbage_wonderball,69.29,35,130,prevailing,7
2026-07-27,ncr,cabbage_wonderball,64.29,35,105,prevailing,7
2026-08-03,ncr,cabbage_wonderball,65.71,40,100,prevailing,7
2026-08-10,ncr,cabbage_wonderball,94.29,50,160,prevailing,7
2026-08-17,ncr,cabbage_wonderball,85.71,55,160,prevailing,7
2026-08-24,ncr,cabbage_wonderball,114.29,60,150,prevailing,7
2026-08-31,ncr,cabbage_wonderball,140,80,190,prevailing,7
2026-09-07,ncr,cabbage_wonderball,159.29,100,220,prevailing,7
2026-09-14,ncr,cabbage_wonderball,188.57,140,300,prevailing,7
2026-09-21,ncr,cabbage_wonderball,192.86,160,300,prevailing,7
2026-09-28,ncr,cabbage_wonderball,192.28,120,280,prevailing,7
2020-11-02,ncr,calamansi,50,40,80,prevailing,4
2020-11-09,ncr,calamansi,50,40,80,prevailing,4
2020-11-16,ncr,calamansi,60,40,90,prevailing,5
2020-11-23,ncr,calamansi,54,35,80,prevailing,5
2020-11-30,ncr,calamansi,50,35,80,prevailing,4
2020-12-07,ncr,calamansi,52.5,35,80,prevailing,4
2020-12-14,ncr,calamansi,62.5,40,90,prevailing,4
2020-12-21,ncr,calamansi,76.67,50,100,prevailing,3
2020-12-28,ncr,calamansi,80,60,100,prevailing,2
2021-01-04,ncr,calamansi,76,48,100,prevailing,5
2021-01-11,ncr,calamansi,64,50,100,prevailing,5
2021-01-18,ncr,calamansi,62,50,100,prevailing,5
2021-01-25,ncr,calamansi,66,50,100,prevailing,5
2021-02-01,ncr,calamansi,82,50,120,prevailing,5
2021-02-08,ncr,calamansi,116,80,140,prevailing,5
2021-02-15,ncr,calamansi,120,100,170,prevailing,5
2021-02-22,ncr,calamansi,120,90,160,prevailing,5
2021-03-01,ncr,calamansi,100,80,160,prevailing,5
2021-03-08,ncr,calamansi,80,60,140,prevailing,5
2021-03-15,ncr,calamansi,80,50,130,prevailing,5
2021-03-22,ncr,calamansi,66,50,100,prevailing,5
2021-03-29,ncr,calamansi,80,60,100,prevailing,3
2021-04-05,ncr,calamansi,80,60,120,prevailing,5
2021-04-12,ncr,calamansi,88,50,100,prevailing,5
2021-04-19,ncr,calamansi,98,70,120,prevailing,5
2021-04-26,ncr,calamansi,100,70,120,prevailing,5
2021-05-03,ncr,calamansi,110,70,170,prevailing,4
2021-05-10,ncr,calamansi,100,70,130,prevailing,5
2021-05-17,ncr,calamansi,100,70,120,prevailing,5
2021-05-24,ncr,calamansi,100,60,120,prevailing,5
2021-05-31,ncr,calamansi,80,50,120,prevailing,5
2021-06-07,ncr,calamansi,78,50,120,prevailing,5
2021-06-14,ncr,calamansi,72,50,100,prevailing,5
2021-06-21,ncr,calamansi,60,50,100,prevailing,5
2021-06-28,ncr,calamansi,60,40,100,prevailing,5
2021-07-05,ncr,calamansi,60,40,120,prevailing,4
2021-07-12,ncr,calamansi,60,40,100,prevailing,5
2021-07-19,ncr,calamansi,60,35,90,prevailing,5
2021-07-26,ncr,calamansi,68,40,100,prevailing,5
2021-08-02,ncr,calamansi,64,40,100,prevailing,5
2021-08-09,ncr,calamansi,60,40,100,prevailing,5
2021-08-16,ncr,calamansi,60,40,80,prevailing,5
2021-08-23,ncr,calamansi,56,40,80,prevailing,5
2021-08-30,ncr,calamansi,58,40,80,prevailing,5
2021-09-06,ncr,calamansi,60,,,prevailing,5
2021-09-13,ncr,calamansi,60,,,prevailing,5
2021-09-20,ncr,calamansi,58,,,prevailing,5
2021-09-27,ncr,calamansi,54,,,prevailing,5
2021-10-04,ncr,calamansi,50,,,prevailing,3
2021-10-11,ncr,calamansi,52,,,prevailing,5
2021-10-18,ncr,calamansi,56,,,prevailing,5
2021-10-25,ncr,calamansi,60,,,prevailing,1
2022-01-03,ncr,calamansi,77.5,,,prevailing,4
2022-01-10,ncr,calamansi,80,,,prevailing,5
2022-01-17,ncr,calamansi,79,,,prevailing,5
2022-01-24,ncr,calamansi,68,,,prevailing,5
2022-01-31,ncr,calamansi,80,,,prevailing,5
2022-02-07,ncr,calamansi,82,,,prevailing,5
2022-02-14,ncr,calamansi,97.5,,,prevailing,4
2022-02-21,ncr,calamansi,110,,,prevailing,5
2022-02-28,ncr,calamansi,100,,,prevailing,5
2022-03-07,ncr,calamansi,100,,,prevailing,5
2022-03-14,ncr,calamansi,100,,,prevailing,5
2022-03-21,ncr,calamansi,100,,,prevailing,5
2022-03-28,ncr,calamansi,100,,,prevailing,5
2022-04-04,ncr,calamansi,100,,,prevailing,5
2022-04-11,ncr,calamansi,100,,,prevailing,3
2022-04-18,ncr,calamansi,99,,,prevailing,5
2022-04-25,ncr,calamansi,98,,,prevailing,5
2022-05-02,ncr,calamansi,94,,,prevailing,5
2022-05-09,ncr,calamansi,95,,,prevailing,4
2022-05-16,ncr,calamansi,90,,,prevailing,5
2022-05-23,ncr,calamansi,84,,,prevailing,5
2022-05-30,ncr,calamansi,77,,,prevailing,5
2022-06-06,ncr,calamansi,76,,,prevailing,5
2022-06-13,ncr,calamansi,74,,,prevailing,5
2022-06-20,ncr,calamansi,78,,,prevailing,5
2022-06-27,ncr,calamansi,77,,,prevailing,5
2022-07-04,ncr,calamansi,80,,,prevailing,5
2022-07-11,ncr,calamansi,75,,,prevailing,5
2022-07-18,ncr,calamansi,78,,,prevailing,5
2022-07-25,ncr,calamansi,72,,,prevailing,5
2022-08-01,ncr,calamansi,70,,,prevailing,5
2022-08-08,ncr,calamansi,80,,,prevailing,5
2022-08-15,ncr,calamansi,80,,,prevailing,5
2022-08-22,ncr,calamansi,80,,,prevailing,5
2022-08-29,ncr,calamansi,78,,,prevailing,5
2022-09-05,ncr,calamansi,72,,,prevailing,5
2022-09-12,ncr,calamansi,72.5,,,prevailing,4
2022-09-19,ncr,calamansi,70,,,prevailing,4
2022-09-26,ncr,calamansi,80,,,prevailing,5
2022-10-03,ncr,calamansi,79,,,prevailing,5
2022-10-10,ncr,calamansi,80,,,prevailing,5
2022-10-17,ncr,calamansi,80,,,prevailing,5
2022-10-24,ncr,calamansi,88,,,prevailing,5
2022-10-31,ncr,calamansi,110,,,prevailing,4
2022-11-07,ncr,calamansi,100,,,prevailing,5
2022-11-14,ncr,calamansi,99,,,prevailing,5
2022-11-21,ncr,calamansi,100,,,prevailing,5
2022-11-28,ncr,calamansi,100,,,prevailing,5
2022-12-05,ncr,calamansi,100,,,prevailing,5
2022-12-12,ncr,calamansi,100,,,prevailing,5
2022-12-19,ncr,calamansi,100,,,prevailing,5
2022-12-26,ncr,calamansi,104,90,130,midpoint,5
2023-01-02,ncr,calamansi,119,80,160,midpoint,5
2023-01-09,ncr,calamansi,104,70,140,midpoint,5
2023-01-16,ncr,calamansi,96,60,120,midpoint,5
2023-01-23,ncr,calamansi,89,50,120,midpoint,5
2023-01-30,ncr,calamansi,81,50,120,midpoint,5
2023-02-06,ncr,calamansi,73,50,120,midpoint,5
2023-02-13,ncr,calamansi,73,50,100,midpoint,5
2023-02-20,ncr,calamansi,86,50,120,midpoint,5
2023-02-27,ncr,calamansi,89,60,120,midpoint,5
2023-03-06,ncr,calamansi,112,80,150,midpoint,5
2023-03-13,ncr,calamansi,108.5,80,140,midpoint,5
2023-03-20,ncr,calamansi,125,100,160,midpoint,5
2023-03-27,ncr,calamansi,125,100,190,midpoint,5
2023-04-03,ncr,calamansi,120,100,140,midpoint,3
2023-04-10,ncr,calamansi,127.5,90,160,midpoint,4
2023-04-17,ncr,calamansi,120,100,140,midpoint,5
2023-04-24,ncr,calamansi,116,60,140,midpoint,5
2023-05-01,ncr,calamansi,118.75,90,140,midpoint,4
2023-05-08,ncr,calamansi,112,80,140,midpoint,5
2023-05-15,ncr,calamansi,102,60,140,midpoint,5
2023-05-22,ncr,calamansi,96,60,140,midpoint,5
2023-05-29,ncr,calamansi,85,50,120,midpoint,5
2023-06-05,ncr,calamansi,88.33,60,120,midpoint,3
2023-06-12,ncr,calamansi,80,60,100,midpoint,1
2023-06-19,ncr,calamansi,78.75,50,100,midpoint,4
2023-06-26,ncr,calamansi,78.75,50,100,midpoint,4
2023-07-03,ncr,calamansi,78,50,100,midpoint,5
2023-07-10,ncr,calamansi,80.5,60,105,midpoint,5
2023-07-17,ncr,calamansi,81,60,105,midpoint,5
2023-07-24,ncr,calamansi,76.25,40,100,midpoint,4
2023-07-31,ncr,calamansi,90,60,120,midpoint,5
2023-08-07,ncr,calamansi,93,50,160,midpoint,5
2023-08-14,ncr,calamansi,78,50,120,midpoint,5
2023-08-21,ncr,calamansi,71,50,100,midpoint,5
2023-08-28,ncr,calamansi,69,40,100,midpoint,5
2023-09-04,ncr,calamansi,72.5,40,100,midpoint,5
2023-09-11,ncr,calamansi,76,50,100,midpoint,5
2023-09-18,ncr,calamansi,72,45,100,midpoint,5
2023-09-25,ncr,calamansi,73,45,100,midpoint,5
2023-10-02,ncr,calamansi,74,50,100,midpoint,5
2023-10-09,ncr,calamansi,78,50,100,midpoint,5
2023-10-16,ncr,calamansi,83,60,110,midpoint,5
2023-10-23,ncr,calamansi,93,70,120,midpoint,5
2023-10-30,ncr,calamansi,115,70,160,midpoint,4
2023-11-06,ncr,calamansi,100,60,140,midpoint,5
2023-11-13,ncr,calamansi,92,60,140,midpoint,5
2023-11-20,ncr,calamansi,90,60,120,midpoint,5
2023-11-27,ncr,calamansi,90,60,120,midpoint,4
2023-12-04,ncr,calamansi,90,60,120,midpoint,5
2023-12-11,ncr,calamansi,88.75,50,120,midpoint,4
2023-12-18,ncr,calamansi,90,60,120,midpoint,5
2023-12-25,ncr,calamansi,91.25,60,120,midpoint,4
2024-01-01,ncr,calamansi,92.5,60,120,midpoint,4
2024-01-08,ncr,calamansi,89,60,120,midpoint,5
2024-01-15,ncr,calamansi,84,40,120,midpoint,5
2024-01-22,ncr,calamansi,87.5,60,120,midpoint,5
2024-01-29,ncr,calamansi,91,60,120,midpoint,5
2024-02-05,ncr,calamansi,110,80,140,midpoint,5
2024-02-12,ncr,calamansi,106,80,140,midpoint,5
2024-02-19,ncr,calamansi,97.5,80,115,midpoint,5
2024-02-26,ncr,calamansi,95,80,110,midpoint,5
2024-03-04,ncr,calamansi,92.5,65,120,midpoint,4
2024-03-11,ncr,calamansi,88,50,120,midpoint,5
2024-03-18,ncr,calamansi,86.5,50,120,midpoint,5
2024-03-25,ncr,calamansi,81.67,50,120,midpoint,3
2024-04-01,ncr,calamansi,85.5,50,120,midpoint,5
2024-04-08,ncr,calamansi,85,50,120,midpoint,3
2024-04-15,ncr,calamansi,75,40,120,midpoint,6
2024-04-22,ncr,calamansi,80.42,40,120,midpoint,6
2024-04-29,ncr,calamansi,85,50,120,midpoint,6
2024-05-06,ncr,calamansi,105,60,160,midpoint,6
2024-05-13,ncr,calamansi,111.25,70,150,midpoint,6
2024-05-20,ncr,calamansi,123.33,90,140,midpoint,6
2024-05-27,ncr,calamansi,128.33,90,170,midpoint,6
2024-06-03,ncr,calamansi,117.08,80,150,midpoint,6
2024-06-10,ncr,calamansi,106.67,70,140,midpoint,6
2024-06-17,ncr,calamansi,105,70,140,midpoint,6
2024-06-24,ncr,calamansi,109.17,70,140,midpoint,6
2024-07-01,ncr,calamansi,126.67,90,160,midpoint,6
2024-07-08,ncr,calamansi,133.33,90,180,midpoint,6
2024-07-15,ncr,calamansi,136.67,100,170,midpoint,6
2024-07-22,ncr,calamansi,135.83,100,180,midpoint,6
2024-07-29,ncr,calamansi,128.33,80,180,midpoint,6
2024-08-05,ncr,calamansi,125.83,90,160,midpoint,6
2024-08-12,ncr,calamansi,110.83,70,150,midpoint,6
2024-08-19,ncr,calamansi,104.17,50,150,midpoint,6
2024-08-26,ncr,calamansi,92.92,40,150,midpoint,6
2024-09-02,ncr,calamansi,88.33,50,140,midpoint,6
2024-09-09,ncr,calamansi,88.33,50,130,midpoint,6
2024-09-16,ncr,calamansi,84.17,30,140,midpoint,6
2024-09-23,ncr,calamansi,74.17,30,120,midpoint,6
2024-09-30,ncr,calamansi,71,30,120,midpoint,5
2024-10-07,ncr,calamansi,72.5,30,100,midpoint,5
2024-10-14,ncr,calamansi,71.67,35,100,midpoint,6
2024-10-21,ncr,calamansi,75,40,100,midpoint,5
2024-10-28,ncr,calamansi,88,50,120,midpoint,5
2024-11-04,ncr,calamansi,85,50,120,midpoint,6
2024-11-11,ncr,calamansi,84,50,120,midpoint,5
2024-11-18,ncr,calamansi,86.67,50,120,midpoint,6
2024-11-25,ncr,calamansi,83.75,35,120,midpoint,6
2024-12-02,ncr,calamansi,79,40,100,midpoint,5
2024-12-09,ncr,calamansi,75,50,100,midpoint,5
2024-12-16,ncr,calamansi,69,30,100,midpoint,5
2024-12-23,ncr,calamansi,79,50,120,midpoint,5
2024-12-30,ncr,calamansi,84.38,45,130,midpoint,4
2025-01-06,ncr,calamansi,76,40,120,midpoint,5
2025-01-13,ncr,calamansi,81.84,40,120,average,6
2025-01-20,ncr,calamansi,90.14,50,120,average,6
2025-01-27,ncr,calamansi,108.94,70,140,average,6
2025-02-03,ncr,calamansi,118.32,70,150,average,6
2025-02-10,ncr,calamansi,120,90,150,prevailing,6
2025-02-17,ncr,calamansi,120,110,140,prevailing,6
2025-02-24,ncr,calamansi,120,110,140,prevailing,6
2025-03-03,ncr,calamansi,120,110,140,prevailing,6
2025-03-10,ncr,calamansi,120,80,140,prevailing,6
2025-03-17,ncr,calamansi,120,100,140,prevailing,6
2025-03-24,ncr,calamansi,120,95,140,prevailing,6
2025-03-31,ncr,calamansi,119.38,120,,prevailing,7
2025-04-07,ncr,calamansi,119.52,90,150,prevailing,7
2025-04-14,ncr,calamansi,123.5,90,160,prevailing,4
2025-04-21,ncr,calamansi,121.14,90,170,prevailing,7
2025-04-28,ncr,calamansi,120.65,110,145,prevailing,7
2025-05-05,ncr,calamansi,119.14,80,160,prevailing,7
2025-05-12,ncr,calamansi,119.29,110,145,prevailing,7
2025-05-19,ncr,calamansi,117.41,70,150,prevailing,7
2025-05-26,ncr,calamansi,116.43,55,150,prevailing,7
2025-06-02,ncr,calamansi,117.76,70,150,prevailing,7
2025-06-09,ncr,calamansi,116.43,70,150,prevailing,7
2025-06-16,ncr,calamansi,117.14,70,140,prevailing,7
2025-06-23,ncr,calamansi,117.62,70,140,prevailing,7
2025-06-30,ncr,calamansi,113.96,50,130,prevailing,7
2025-07-07,ncr,calamansi,103.57,50,140,prevailing,7
2025-07-14,ncr,calamansi,99.18,50,130,prevailing,7
2025-07-21,ncr,calamansi,100.24,50,140,prevailing,7
2025-07-28,ncr,calamansi,99.76,50,140,prevailing,7
2025-08-04,ncr,calamansi,99.64,50,140,prevailing,7
2025-08-11,ncr,calamansi,99.08,50,130,prevailing,7
2025-08-18,ncr,calamansi,97.21,50,130,prevailing,7
2025-08-25,ncr,calamansi,95.13,50,130,prevailing,7
2025-09-01,ncr,calamansi,93.29,45,130,prevailing,7
2025-09-08,ncr,calamansi,80,40,130,prevailing,7
2025-09-15,ncr,calamansi,78.16,40,110,prevailing,7
2025-09-22,ncr,calamansi,79.5,35,120,prevailing,7
2025-09-29,ncr,calamansi,78.61,35,120,prevailing,7
2025-10-06,ncr,calamansi,81.17,40,140,prevailing,6
2025-10-13,ncr,calamansi,81.94,50,120,prevailing,7
2025-10-20,ncr,calamansi,107.07,50,140,prevailing,7
2025-10-27,ncr,calamansi,120.36,70,140,prevailing,7
2025-11-03,ncr,calamansi,138.39,80,180,prevailing,7
2025-11-10,ncr,calamansi,136.55,90,190,prevailing,7
2025-11-17,ncr,calamansi,120.57,80,160,prevailing,7
2025-11-24,ncr,calamansi,119.4,70,160,prevailing,7
2025-12-01,ncr,calamansi,118.93,70,140,prevailing,7
2025-12-08,ncr,calamansi,103.63,70,140,prevailing,7
2025-12-15,ncr,calamansi,102.92,70,140,prevailing,7
2025-12-22,ncr,calamansi,137.01,80,220,prevailing,7
2025-12-29,ncr,calamansi,197.86,120,230,prevailing,7
2026-01-05,ncr,calamansi,191.17,100,230,prevailing,7
2026-01-12,ncr,calamansi,178.1,110,220,prevailing,7
2026-01-19,ncr,calamansi,165.39,100,200,prevailing,7
2026-01-26,ncr,calamansi,140.71,80,180,prevailing,7
2026-02-02,ncr,calamansi,139.36,80,170,prevailing,7
2026-02-09,ncr,calamansi,137.14,90,160,prevailing,7
2026-02-16,ncr,calamansi,133.57,90,170,prevailing,7
2026-02-23,ncr,calamansi,134.68,90,170,prevailing,7
2026-03-02,ncr,calamansi,138.57,90,160,prevailing,7
2026-03-09,ncr,calamansi,140.19,90,170,prevailing,7
2026-03-16,ncr,calamansi,138.9,90,170,prevailing,7
2026-03-23,ncr,calamansi,133.72,90,170,prevailing,7
2026-03-30,ncr,calamansi,139.05,90,170,prevailing,7
2026-04-06,ncr,calamansi,140.36,90,170,prevailing,7
2026-04-13,ncr,calamansi,140.71,100,180,prevailing,7
2026-04-20,ncr,calamansi,139.18,100,180,prevailing,7
2026-04-27,ncr,calamansi,138.93,100,180,prevailing,7
2026-05-04,ncr,calamansi,137.86,100,180,prevailing,7
2026-05-11,ncr,calamansi,138.48,90,180,prevailing,7
2026-05-18,ncr,calamansi,136.84,80,180,prevailing,7
2026-05-25,ncr,calamansi,125.48,90,160,prevailing,7
2026-06-01,ncr,calamansi,118.8,90,160,prevailing,7
2026-06-08,ncr,calamansi,119.24,90,160,prevailing,7
2026-06-15,ncr,calamansi,117.95,60,160,prevailing,7
2026-06-22,ncr,calamansi,116.33,60,160,prevailing,7
2026-06-29,ncr,calamansi,116.41,60,160,prevailing,7
2026-07-06,ncr,calamansi,117.14,65,160,prevailing,7
2026-07-13,ncr,calamansi,117.14,60,180,prevailing,7
2026-07-20,ncr,calamansi,120,60,180,prevailing,7
2026-07-27,ncr,calamansi,120,70,180,prevailing,7
2026-08-03,ncr,calamansi,121.43,70,180,prevailing,7
2026-08-10,ncr,calamansi,120,65,180,prevailing,7
2026-08-17,ncr,calamansi,120,50,200,prevailing,7
2026-08-24,ncr,calamansi,122.86,50,200,prevailing,7
2026-08-31,ncr,calamansi,111.43,40,180,prevailing,7
2026-09-07,ncr,calamansi,105.71,40,180,prevailing,7
2026-09-14,ncr,calamansi,100,40,180,prevailing,7
2026-09-21,ncr,calamansi,100,40,180,prevailing,7
2026-09-28,ncr,calamansi,99.54,50,160,prevailing,7
2020-11-02,ncr,carrot,82.5,60,120,prevailing,4
2020-11-09,ncr,carrot,80,50,100,prevailing,4
2020-11-16,ncr,carrot,100,10,150,prevailing,5
2020-11-23,ncr,carrot,114,90,180,prevailing,5
2020-11-30,ncr,carrot,130,100,170,prevailing,4
2020-12-07,ncr,carrot,120,100,160,prevailing,4
2020-12-14,ncr,carrot,115,80,160,prevailing,4
2020-12-21,ncr,carrot,106.67,80,160,prevailing,3
2020-12-28,ncr,carrot,140,100,170,prevailing,2
2021-01-04,ncr,carrot,162,120,200,prevailing,5
2021-01-11,ncr,carrot,128,100,200,prevailing,5
2021-01-18,ncr,carrot,114,80,150,prevailing,5
2021-01-25,ncr,carrot,120,90,180,prevailing,5
2021-02-01,ncr,carrot,110,80,160,prevailing,5
2021-02-08,ncr,carrot,100,80,150,prevailing,5
2021-02-15,ncr,carrot,104,70,150,prevailing,5
2021-02-22,ncr,carrot,91,70,140,prevailing,5
2021-03-01,ncr,carrot,82,60,140,prevailing,5
2021-03-08,ncr,carrot,80,60,100,prevailing,5
2021-03-15,ncr,carrot,80,60,100,prevailing,5
2021-03-22,ncr,carrot,74,60,100,prevailing,5
2021-03-29,ncr,carrot,80,50,100,prevailing,3
2021-04-05,ncr,carrot,80,50,100,prevailing,5
2021-04-12,ncr,carrot,70,50,100,prevailing,5
2021-04-19,ncr,carrot,60,50,100,prevailing,5
2021-04-26,ncr,carrot,64,50,100,prevailing,5
2021-05-03,ncr,carrot,67.5,50,100,prevailing,4
2021-05-10,ncr,carrot,62,40,90,prevailing,5
2021-05-17,ncr,carrot,62,40,90,prevailing,5
2021-05-24,ncr,carrot,60,50,90,prevailing,5
2021-05-31,ncr,carrot,60,40,100,prevailing,5
2021-06-07,ncr,carrot,60,50,90,prevailing,5
2021-06-14,ncr,carrot,60,50,100,prevailing,5
2021-06-21,ncr,carrot,60,50,100,prevailing,5
2021-06-28,ncr,carrot,62,50,100,prevailing,5
2021-07-05,ncr,carrot,62.5,40,100,prevailing,4
2021-07-12,ncr,carrot,60,50,100,prevailing,5
2021-07-19,ncr,carrot,64,50,90,prevailing,5
2021-07-26,ncr,carrot,80,50,120,prevailing,5
2021-08-02,ncr,carrot,90,70,120,prevailing,5
2021-08-09,ncr,carrot,126,80,180,prevailing,5
2021-08-16,ncr,carrot,130,90,180,prevailing,5
2021-08-23,ncr,carrot,130,100,240,prevailing,5
2021-08-30,ncr,carrot,158,120,200,prevailing,5
2021-09-06,ncr,carrot,126,,,prevailing,5
2021-09-13,ncr,carrot,83,,,prevailing,5
2021-09-20,ncr,carrot,96,,,prevailing,5
2021-09-27,ncr,carrot,86,,,prevailing,5
2021-10-04,ncr,carrot,100,,,prevailing,3
2021-10-11,ncr,carrot,96,,,prevailing,5
2021-10-18,ncr,carrot,84,,,prevailing,5
2021-10-25,ncr,carrot,100,,,prevailing,1
2022-01-03,ncr,carrot,97.5,,,prevailing,4
2022-01-10,ncr,carrot,80,,,prevailing,5
2022-01-17,ncr,carrot,70,,,prevailing,5
2022-01-24,ncr,carrot,80,,,prevailing,5
2022-01-31,ncr,carrot,78,,,prevailing,5
2022-02-07,ncr,carrot,79,,,prevailing,5
2022-02-14,ncr,carrot,90,,,prevailing,4
2022-02-21,ncr,carrot,98,,,prevailing,5
2022-02-28,ncr,carrot,100,,,prevailing,5
2022-03-07,ncr,carrot,106,,,prevailing,5
2022-03-14,ncr,carrot,104,,,prevailing,5
2022-03-21,ncr,carrot,92,,,prevailing,5
2022-03-28,ncr,carrot,88,,,prevailing,5
2022-04-04,ncr,carrot,84,,,prevailing,5
2022-04-11,ncr,carrot,80,,,prevailing,3
2022-04-18,ncr,carrot,91,,,prevailing,5
2022-04-25,ncr,carrot,84,,,prevailing,5
2022-05-02,ncr,carrot,80,,,prevailing,5
2022-05-09,ncr,carrot,85,,,prevailing,4
2022-05-16,ncr,carrot,80,,,prevailing,5
2022-05-23,ncr,carrot,82,,,prevailing,5
2022-05-30,ncr,carrot,80,,,prevailing,5
2022-06-06,ncr,carrot,80,,,prevailing,5
2022-06-13,ncr,carrot,84,,,prevailing,5
2022-06-20,ncr,carrot,76,,,prevailing,5
2022-06-27,ncr,carrot,76,,,prevailing,5
2022-07-04,ncr,carrot,82,,,prevailing,5
2022-07-11,ncr,carrot,82,,,prevailing,5
2022-07-18,ncr,carrot,84,,,prevailing,5
2022-07-25,ncr,carrot,99,,,prevailing,5
2022-08-01,ncr,carrot,100,,,prevailing,5
2022-08-08,ncr,carrot,100,,,prevailing,5
2022-08-15,ncr,carrot,120,,,prevailing,5
2022-08-22,ncr,carrot,120,,,prevailing,5
2022-08-29,ncr,carrot,120,,,prevailing,5
2022-09-05,ncr,carrot,140,,,prevailing,5
2022-09-12,ncr,carrot,142.5,,,prevailing,4
2022-09-19,ncr,carrot,147.5,,,prevailing,4
2022-09-26,ncr,carrot,144,,,prevailing,5
2022-10-03,ncr,carrot,140,,,prevailing,5
2022-10-10,ncr,carrot,140,,,prevailing,5
2022-10-17,ncr,carrot,140,,,prevailing,5
2022-10-24,ncr,carrot,140,,,prevailing,5
2022-10-31,ncr,carrot,152.5,,,prevailing,4
2022-11-07,ncr,carrot,120,,,prevailing,5
2022-11-14,ncr,carrot,114,,,prevailing,5
2022-11-21,ncr,carrot,120,,,prevailing,5
2022-11-28,ncr,carrot,120,,,prevailing,5
2022-12-05,ncr,carrot,108,,,prevailing,5
2022-12-12,ncr,carrot,100,,,prevailing,5
2022-12-19,ncr,carrot,104,,,prevailing,5
2022-12-26,ncr,carrot,109,80,140,midpoint,5
2023-01-02,ncr,carrot,108,75,140,midpoint,5
2023-01-09,ncr,carrot,94,60,120,midpoint,5
2023-01-16,ncr,carrot,89,70,120,midpoint,5
2023-01-23,ncr,carrot,80,60,100,midpoint,5
2023-01-30,ncr,carrot,82,50,120,midpoint,5
2023-02-06,ncr,carrot,75,60,90,midpoint,5
2023-02-13,ncr,carrot,79,50,120,midpoint,5
2023-02-20,ncr,carrot,76.5,50,100,midpoint,5
2023-02-27,ncr,carrot,80,60,100,midpoint,5
2023-03-06,ncr,carrot,80,60,100,midpoint,5
2023-03-13,ncr,carrot,79,50,100,midpoint,5
2023-03-20,ncr,carrot,80,60,100,midpoint,5
2023-03-27,ncr,carrot,79,50,120,midpoint,5
2023-04-03,ncr,carrot,80,60,100,midpoint,3
2023-04-10,ncr,carrot,90,60,120,midpoint,4
2023-04-17,ncr,carrot,79,50,100,midpoint,5
2023-04-24,ncr,carrot,80,60,100,midpoint,5
2023-05-01,ncr,carrot,83.75,60,120,midpoint,4
2023-05-08,ncr,carrot,81,60,110,midpoint,5
2023-05-15,ncr,carrot,80,60,100,midpoint,5
2023-05-22,ncr,carrot,80,60,100,midpoint,5
2023-05-29,ncr,carrot,77.5,55,100,midpoint,5
2023-06-05,ncr,carrot,81.67,60,110,midpoint,3
2023-06-12,ncr,carrot,95,70,120,midpoint,1
2023-06-19,ncr,carrot,101.25,70,140,midpoint,4
2023-06-26,ncr,carrot,118.75,80,160,midpoint,4
2023-07-03,ncr,carrot,146,100,200,midpoint,5
2023-07-10,ncr,carrot,194,130,260,midpoint,5
2023-07-17,ncr,carrot,196,120,260,midpoint,5
2023-07-24,ncr,carrot,203.75,140,260,midpoint,4
2023-07-31,ncr,carrot,182,120,250,midpoint,5
2023-08-07,ncr,carrot,177,120,240,midpoint,5
2023-08-14,ncr,carrot,174,120,240,midpoint,5
2023-08-21,ncr,carrot,160,100,210,midpoint,5
2023-08-28,ncr,carrot,165,100,220,midpoint,5
2023-09-04,ncr,carrot,162,100,200,midpoint,5
2023-09-11,ncr,carrot,156,100,200,midpoint,5
2023-09-18,ncr,carrot,150,120,180,midpoint,5
2023-09-25,ncr,carrot,151,120,180,midpoint,5
2023-10-02,ncr,carrot,155,120,200,midpoint,5
2023-10-09,ncr,carrot,160,120,200,midpoint,5
2023-10-16,ncr,carrot,158,130,180,midpoint,5
2023-10-23,ncr,carrot,144,100,180,midpoint,5
2023-10-30,ncr,carrot,161.25,110,200,midpoint,4
2023-11-06,ncr,carrot,132,80,190,midpoint,5
2023-11-13,ncr,carrot,124,80,170,midpoint,5
2023-11-20,ncr,carrot,120.5,70,170,midpoint,5
2023-11-27,ncr,carrot,121.88,75,180,midpoint,4
2023-12-04,ncr,carrot,105,60,160,midpoint,5
2023-12-11,ncr,carrot,103.75,70,140,midpoint,4
2023-12-18,ncr,carrot,107,60,190,midpoint,5
2023-12-25,ncr,carrot,107.5,60,160,midpoint,4
2024-01-01,ncr,carrot,112.5,70,160,midpoint,4
2024-01-08,ncr,carrot,97,50,150,midpoint,5
2024-01-15,ncr,carrot,92,50,130,midpoint,5
2024-01-22,ncr,carrot,96,60,130,midpoint,5
2024-01-29,ncr,carrot,96,70,130,midpoint,5
2024-02-05,ncr,carrot,95,70,120,midpoint,5
2024-02-12,ncr,carrot,96,70,130,midpoint,5
2024-02-19,ncr,carrot,95,80,110,midpoint,5
2024-02-26,ncr,carrot,113.5,80,140,midpoint,5
2024-03-04,ncr,carrot,121.25,80,150,midpoint,4
2024-03-11,ncr,carrot,117,90,150,midpoint,5
2024-03-18,ncr,carrot,112.5,75,150,midpoint,5
2024-03-25,ncr,carrot,115,80,150,midpoint,3
2024-04-01,ncr,carrot,111,70,150,midpoint,5
2024-04-08,ncr,carrot,101.67,70,140,midpoint,3
2024-04-15,ncr,carrot,93.33,60,130,midpoint,6
2024-04-22,ncr,carrot,98.33,60,140,midpoint,6
2024-04-29,ncr,carrot,100.42,60,140,midpoint,6
2024-05-06,ncr,carrot,101.67,60,160,midpoint,6
2024-05-13,ncr,carrot,95.42,50,140,midpoint,6
2024-05-20,ncr,carrot,92.5,50,130,midpoint,6
2024-05-27,ncr,carrot,93.33,60,140,midpoint,6
2024-06-03,ncr,carrot,107.5,70,150,midpoint,6
2024-06-10,ncr,carrot,105.42,65,150,midpoint,6
2024-06-17,ncr,carrot,109.17,70,150,midpoint,6
2024-06-24,ncr,carrot,120,70,150,midpoint,6
2024-07-01,ncr,carrot,124.17,90,160,midpoint,6
2024-07-08,ncr,carrot,137.5,90,180,midpoint,6
2024-07-15,ncr,carrot,141.25,100,170,midpoint,6
2024-07-22,ncr,carrot,170,120,280,midpoint,6
2024-07-29,ncr,carrot,163.33,100,250,midpoint,6
2024-08-05,ncr,carrot,143.33,90,200,midpoint,6
2024-08-12,ncr,carrot,125,90,160,midpoint,6
2024-08-19,ncr,carrot,115,70,150,midpoint,6
2024-08-26,ncr,carrot,105.83,70,140,midpoint,6
2024-09-02,ncr,carrot,108.33,60,150,midpoint,6
2024-09-09,ncr,carrot,112.5,70,160,midpoint,6
2024-09-16,ncr,carrot,111.67,70,150,midpoint,6
2024-09-23,ncr,carrot,115,80,150,midpoint,6
2024-09-30,ncr,carrot,125,80,160,midpoint,5
2024-10-07,ncr,carrot,138.5,100,180,midpoint,5
2024-10-14,ncr,carrot,127.5,90,160,midpoint,6
2024-10-21,ncr,carrot,147,110,190,midpoint,5
2024-10-28,ncr,carrot,165,120,210,midpoint,5
2024-11-04,ncr,carrot,173.33,130,220,midpoint,6
2024-11-11,ncr,carrot,165,130,200,midpoint,5
2024-11-18,ncr,carrot,185.83,140,240,midpoint,6
2024-11-25,ncr,carrot,169.58,130,200,midpoint,6
2024-12-02,ncr,carrot,167,120,200,midpoint,5
2024-12-09,ncr,carrot,160,120,200,midpoint,5
2024-12-16,ncr,carrot,160,120,200,midpoint,5
2024-12-23,ncr,carrot,184,130,240,midpoint,5
2024-12-30,ncr,carrot,207.5,150,280,midpoint,4
2025-01-06,ncr,carrot,175,100,250,midpoint,5
2025-01-13,ncr,carrot,158.64,100,220,average,6
2025-01-20,ncr,carrot,137.87,90,200,average,6
2025-01-27,ncr,carrot,121.88,80,160,average,6
2025-02-03,ncr,carrot,118.79,60,160,average,6
2025-02-10,ncr,carrot,115,70,150,prevailing,6
2025-02-17,ncr,carrot,105,60,150,prevailing,6
2025-02-24,ncr,carrot,100,60,140,prevailing,6
2025-03-03,ncr,carrot,100,50,130,prevailing,6
2025-03-10,ncr,carrot,100,50,130,prevailing,6
2025-03-17,ncr,carrot,100,50,130,prevailing,6
2025-03-24,ncr,carrot,100,50,120,prevailing,6
2025-03-31,ncr,carrot,83.97,50,120,prevailing,7
2025-04-07,ncr,carrot,88.83,50,120,prevailing,7
2025-04-14,ncr,carrot,84.81,40,120,prevailing,4
2025-04-21,ncr,carrot,83.01,50,120,prevailing,7
2025-04-28,ncr,carrot,83.24,50,120,prevailing,7
2025-05-05,ncr,carrot,79.71,50,130,prevailing,7
2025-05-12,ncr,carrot,80.48,50,120,prevailing,7
2025-05-19,ncr,carrot,84.73,50,120,prevailing,7
2025-05-26,ncr,carrot,95.93,50,120,prevailing,7
2025-06-02,ncr,carrot,86.07,50,130,prevailing,7
2025-06-09,ncr,carrot,94.29,50,130,prevailing,7
2025-06-16,ncr,carrot,90.86,55,130,prevailing,7
2025-06-23,ncr,carrot,98.45,50,120,prevailing,7
2025-06-30,ncr,carrot,92.11,60,130,prevailing,7
2025-07-07,ncr,carrot,97.38,60,130,prevailing,7
2025-07-14,ncr,carrot,106.16,65,150,prevailing,7
2025-07-21,ncr,carrot,134.52,90,200,prevailing,7
2025-07-28,ncr,carrot,185.75,100,320,prevailing,7
2025-08-04,ncr,carrot,206.67,100,320,prevailing,5
2025-08-11,ncr,carrot,208.47,150,300,prevailing,7
2025-08-18,ncr,carrot,259.72,220,320,prevailing,7
2025-08-25,ncr,carrot,273.1,200,350,prevailing,7
2025-09-01,ncr,carrot,256.16,180,320,prevailing,7
2025-09-08,ncr,carrot,246.86,180,340,prevailing,5
2025-09-15,ncr,carrot,250.48,200,320,prevailing,6
2025-09-22,ncr,carrot,258.43,210,400,prevailing,5
2025-09-29,ncr,carrot,252.2,180,320,prevailing,5
2025-10-06,ncr,carrot,232.2,160,320,prevailing,5
2025-10-13,ncr,carrot,195.1,100,250,prevailing,5
2025-10-20,ncr,carrot,160,100,250,prevailing,7
2025-10-27,ncr,carrot,148,120,230,prevailing,7
2025-11-03,ncr,carrot,149.59,100,210,prevailing,7
2025-11-10,ncr,carrot,173.93,120,260,prevailing,7
2025-11-17,ncr,carrot,160.51,120,200,prevailing,7
2025-11-24,ncr,carrot,147.3,80,200,prevailing,7
2025-12-01,ncr,carrot,122.47,80,200,prevailing,7
2025-12-08,ncr,carrot,121.43,80,200,prevailing,7
2025-12-15,ncr,carrot,102.22,70,150,prevailing,7
2025-12-22,ncr,carrot,106.51,60,160,prevailing,7
2025-12-29,ncr,carrot,113.67,60,160,prevailing,7
2026-01-05,ncr,carrot,108.81,60,160,prevailing,7
2026-01-12,ncr,carrot,104.35,60,160,prevailing,7
2026-01-19,ncr,carrot,100.71,60,150,prevailing,7
2026-01-26,ncr,carrot,100.32,60,140,prevailing,7
2026-02-02,ncr,carrot,100.57,60,150,prevailing,7
2026-02-09,ncr,carrot,100.29,60,140,prevailing,7
2026-02-16,ncr,carrot,100.86,50,140,prevailing,7
2026-02-23,ncr,carrot,106.23,60,160,prevailing,7
2026-03-02,ncr,carrot,127.53,90,170,prevailing,7
2026-03-09,ncr,carrot,149.16,90,200,prevailing,7
2026-03-16,ncr,carrot,163.9,120,200,prevailing,7
2026-03-23,ncr,carrot,159.47,120,200,prevailing,7
2026-03-30,ncr,carrot,159.29,110,220,prevailing,7
2026-04-06,ncr,carrot,163.04,120,220,prevailing,7
2026-04-13,ncr,carrot,153.89,120,200,prevailing,7
2026-04-20,ncr,carrot,153.64,120,200,prevailing,7
2026-04-27,ncr,carrot,150.12,90,200,prevailing,7
2026-05-04,ncr,carrot,141.76,80,200,prevailing,7
2026-05-11,ncr,carrot,140,80,180,prevailing,7
2026-05-18,ncr,carrot,138.14,90,180,prevailing,7
2026-05-25,ncr,carrot,137.9,80,180,prevailing,7
2026-06-01,ncr,carrot,133.81,80,180,prevailing,7
2026-06-08,ncr,carrot,120.16,70,180,prevailing,7
2026-06-15,ncr,carrot,118.64,80,170,prevailing,7
2026-06-22,ncr,carrot,119.34,60,170,prevailing,7
2026-06-29,ncr,carrot,110.42,60,160,prevailing,7
2026-07-06,ncr,carrot,112.86,70,150,prevailing,7
2026-07-13,ncr,carrot,114.29,60,160,prevailing,7
2026-07-20,ncr,carrot,102.86,70,150,prevailing,7
2026-07-27,ncr,carrot,100,70,160,prevailing,7
2026-08-03,ncr,carrot,100,60,160,prevailing,7
2026-08-10,ncr,carrot,102.86,70,190,prevailing,7
2026-08-17,ncr,carrot,112.86,70,170,prevailing,7
2026-08-24,ncr,carrot,118.57,60,160,prevailing,7
2026-08-31,ncr,carrot,120,60,180,prevailing,7
2026-09-07,ncr,carrot,120,70,160,prevailing,7
2026-09-14,ncr,carrot,120,60,180,prevailing,7
2026-09-21,ncr,carrot,120,60,200,prevailing,7
2026-09-28,ncr,carrot,120.6,50,200,prevailing,7
2025-10-13,ncr,carrot_imported,160,,,prevailing,1
2025-10-20,ncr,carrot_imported,107.5,,,prevailing,1
2025-10-27,ncr,carrot_imported,123.33,,,prevailing,1
2025-11-03,ncr,carrot_imported,125.2,,,prevailing,2
2025-11-10,ncr,carrot_imported,173.33,,,prevailing,1
2025-11-17,ncr,carrot_imported,150,,,prevailing,1
2025-11-24,ncr,carrot_imported,130,,,prevailing,1
2025-12-01,ncr,carrot_imported,110,,,prevailing,1
2025-12-08,ncr,carrot_imported,115,,,prevailing,1
2025-12-15,ncr,carrot_imported,105,,,prevailing,1
2025-12-22,ncr,carrot_imported,114.29,,,prevailing,1
2025-12-29,ncr,carrot_imported,120,,,prevailing,1
2026-01-05,ncr,carrot_imported,120,,,prevailing,1
2026-01-12,ncr,carrot_imported,110,,,prevailing,1
2026-01-19,ncr,carrot_imported,107.5,,,prevailing,1
2026-01-26,ncr,carrot_imported,120,,,prevailing,1
2026-02-02,ncr,carrot_imported,106.67,,,prevailing,1
2026-02-09,ncr,carrot_imported,113.33,,,prevailing,1
2026-02-16,ncr,carrot_imported,110,,,prevailing,1
2026-02-23,ncr,carrot_imported,120,,,prevailing,1
2026-03-09,ncr,carrot_imported,165,,,prevailing,1
2026-03-23,ncr,carrot_imported,165,,,prevailing,1
2026-04-20,ncr,carrot_imported,160,,,prevailing,1
2026-05-25,ncr,carrot_imported,120,,,prevailing,1
2026-06-01,ncr,carrot_imported,120,,,prevailing,1
2026-06-08,ncr,carrot_imported,135,,,prevailing,1
2026-06-15,ncr,carrot_imported,114,,,prevailing,1
2026-06-22,ncr,carrot_imported,108.95,,,prevailing,1
2026-06-29,ncr,carrot_imported,106.94,,,prevailing,1
2026-09-28,ncr,carrot_imported,113.32,,,prevailing,2
2024-11-18,ncr,cauliflower,287.5,200,400,midpoint,6
2024-11-25,ncr,cauliflower,276.67,220,350,midpoint,6
2024-12-02,ncr,cauliflower,299,200,400,midpoint,5
2024-12-09,ncr,cauliflower,252,140,350,midpoint,5
2024-12-16,ncr,cauliflower,222,100,350,midpoint,5
2024-12-23,ncr,cauliflower,225,130,330,midpoint,5
2024-12-30,ncr,cauliflower,211.25,80,350,midpoint,4
2025-01-06,ncr,cauliflower,176,80,290,midpoint,5
2025-01-13,ncr,cauliflower,175.19,80,280,average,6
2025-01-20,ncr,cauliflower,168.71,80,280,average,6
2025-01-27,ncr,cauliflower,151.85,60,270,average,6
2025-02-03,ncr,cauliflower,139.05,60,250,average,6
2025-02-10,ncr,cauliflower,108.33,60,220,prevailing,6
2025-02-17,ncr,cauliflower,100,50,220,prevailing,6
2025-02-24,ncr,cauliflower,103.33,55,210,prevailing,6
2025-03-03,ncr,cauliflower,112.5,60,220,prevailing,6
2025-03-10,ncr,cauliflower,116.67,70,200,prevailing,6
2025-03-17,ncr,cauliflower,108.33,70,200,prevailing,6
2025-03-24,ncr,cauliflower,127.5,70,200,prevailing,6
2025-03-31,ncr,cauliflower,139.58,60,200,prevailing,6
2025-04-07,ncr,cauliflower,120,50,200,prevailing,6
2025-04-14,ncr,cauliflower,120,70,200,prevailing,3
2025-04-21,ncr,cauliflower,150,80,220,prevailing,6
2025-04-28,ncr,cauliflower,147.45,80,200,prevailing,6
2025-05-05,ncr,cauliflower,150,70,200,prevailing,6
2025-05-12,ncr,cauliflower,150,100,200,prevailing,6
2025-05-19,ncr,cauliflower,150,110,200,prevailing,5
2025-05-26,ncr,cauliflower,158.33,120,220,prevailing,6
2025-06-02,ncr,cauliflower,160,120,250,prevailing,6
2025-06-09,ncr,cauliflower,166.67,120,260,prevailing,6
2025-06-16,ncr,cauliflower,176.67,110,250,prevailing,6
2025-06-23,ncr,cauliflower,184.17,100,250,prevailing,6
2025-06-30,ncr,cauliflower,161.72,120,250,prevailing,6
2025-07-07,ncr,cauliflower,191.67,120,250,prevailing,6
2025-07-14,ncr,cauliflower,192,120,250,prevailing,5
2025-07-21,ncr,cauliflower,216.67,120,320,prevailing,6
2025-07-28,ncr,cauliflower,290,140,350,prevailing,5
2025-08-04,ncr,cauliflower,300,200,450,prevailing,6
2025-08-11,ncr,cauliflower,312.5,230,400,prevailing,6
2025-08-18,ncr,cauliflower,300,180,400,prevailing,5
2025-08-25,ncr,cauliflower,300,180,360,prevailing,4
2025-09-01,ncr,cauliflower,260,200,350,prevailing,5
2025-09-08,ncr,cauliflower,250,200,350,prevailing,6
2025-09-15,ncr,cauliflower,220.83,160,400,prevailing,6
2025-09-22,ncr,cauliflower,250.49,200,400,prevailing,7
2025-09-29,ncr,cauliflower,256.93,180,350,prevailing,7
2025-10-06,ncr,cauliflower,263.29,180,350,prevailing,7
2025-10-13,ncr,cauliflower,251.24,200,350,prevailing,7
2025-10-20,ncr,cauliflower,249.82,130,300,prevailing,7
2025-10-27,ncr,cauliflower,243.14,130,300,prevailing,7
2025-11-03,ncr,cauliflower,253.32,160,300,prevailing,7
2025-11-10,ncr,cauliflower,272.24,180,370,prevailing,7
2025-11-17,ncr,cauliflower,292.22,180,400,prevailing,7
2025-11-24,ncr,cauliflower,300.79,200,400,prevailing,7
2025-12-01,ncr,cauliflower,300,160,400,prevailing,7
2025-12-08,ncr,cauliflower,263.86,130,400,prevailing,7
2025-12-15,ncr,cauliflower,225.2,90,350,prevailing,7
2025-12-22,ncr,cauliflower,170.33,90,300,prevailing,7
2025-12-29,ncr,cauliflower,127.94,100,280,prevailing,7
2026-01-05,ncr,cauliflower,120.36,50,250,prevailing,7
2026-01-12,ncr,cauliflower,106.14,70,230,prevailing,7
2026-01-19,ncr,cauliflower,109.92,50,200,prevailing,7
2026-01-26,ncr,cauliflower,104.55,50,200,prevailing,7
2026-02-02,ncr,cauliflower,104.71,60,200,prevailing,7
2026-02-09,ncr,cauliflower,101.3,70,150,prevailing,7
2026-02-16,ncr,cauliflower,102.7,60,180,prevailing,7
2026-02-23,ncr,cauliflower,101.43,55,180,prevailing,7
2026-03-02,ncr,cauliflower,103.04,60,180,prevailing,7
2026-03-09,ncr,cauliflower,111.25,60,160,prevailing,7
2026-03-16,ncr,cauliflower,122.57,60,220,prevailing,7
2026-03-23,ncr,cauliflower,124.62,80,180,prevailing,7
2026-03-30,ncr,cauliflower,124.29,70,200,prevailing,7
2026-04-06,ncr,cauliflower,121.71,80,180,prevailing,7
2026-04-13,ncr,cauliflower,121.07,70,200,prevailing,7
2026-04-20,ncr,cauliflower,118.03,50,200,prevailing,7
2026-04-27,ncr,cauliflower,119.08,50,200,prevailing,7
2026-05-04,ncr,cauliflower,120.38,60,200,prevailing,7
2026-05-11,ncr,cauliflower,120,70,200,prevailing,7
2026-05-18,ncr,cauliflower,121.07,80,180,prevailing,7
2026-05-25,ncr,cauliflower,121.07,80,180,prevailing,7
2026-06-01,ncr,cauliflower,121.79,80,180,prevailing,7
2026-06-08,ncr,cauliflower,135.38,80,250,prevailing,7
2026-06-15,ncr,cauliflower,175,80,280,prevailing,6
2026-06-22,ncr,cauliflower,200,100,280,prevailing,6
2026-06-29,ncr,cauliflower,198.5,120,250,prevailing,7
2026-07-06,ncr,cauliflower,200,100,250,prevailing,7
2026-07-13,ncr,cauliflower,200,100,250,prevailing,7
2026-07-20,ncr,cauliflower,200,80,250,prevailing,7
2026-07-27,ncr,cauliflower,187.14,100,250,prevailing,7
2026-08-03,ncr,cauliflower,200,120,300,prevailing,7
2026-08-10,ncr,cauliflower,250,140,350,prevailing,7
2026-08-17,ncr,cauliflower,264.29,180,380,prevailing,7
2026-08-24,ncr,cauliflower,300,180,380,prevailing,7
2026-08-31,ncr,cauliflower,300,100,380,prevailing,7
2026-09-07,ncr,cauliflower,297.14,180,360,prevailing,7
2026-09-14,ncr,cauliflower,300,170,380,prevailing,7
2026-09-21,ncr,cauliflower,300,200,400,prevailing,7
2026-09-28,ncr,cauliflower,300,200,420,prevailing,5
2024-11-18,ncr,celery,199.17,90,300,midpoint,6
2024-11-25,ncr,celery,205,100,320,midpoint,6
2024-12-02,ncr,celery,200,120,290,midpoint,5
2024-12-09,ncr,celery,184,100,260,midpoint,5
2024-12-16,ncr,celery,182,100,250,midpoint,5
2024-12-23,ncr,celery,176,100,250,midpoint,5
2024-12-30,ncr,celery,182.5,100,260,midpoint,4
2025-01-06,ncr,celery,172,60,270,midpoint,5
2025-01-13,ncr,celery,167.32,50,300,average,6
2025-01-20,ncr,celery,159.56,50,260,average,6
2025-01-27,ncr,celery,155.41,50,250,average,6
2025-02-03,ncr,celery,146.11,60,250,average,6
2025-02-10,ncr,celery,150,70,250,prevailing,6
2025-02-17,ncr,celery,150,60,200,prevailing,6
2025-02-24,ncr,celery,150,60,200,prevailing,6
2025-03-03,ncr,celery,150,60,200,prevailing,6
2025-03-10,ncr,celery,150,60,200,prevailing,6
2025-03-17,ncr,celery,150,60,200,prevailing,6
2025-03-24,ncr,celery,150,60,200,prevailing,6
2025-03-31,ncr,celery,150.16,80,200,prevailing,6
2025-04-07,ncr,celery,150,80,200,prevailing,6
2025-04-14,ncr,celery,150,100,200,prevailing,3
2025-04-21,ncr,celery,150,90,210,prevailing,6
2025-04-28,ncr,celery,150.82,80,240,prevailing,6
2025-05-05,ncr,celery,151.67,90,250,prevailing,6
2025-05-12,ncr,celery,193.33,100,260,prevailing,6
2025-05-19,ncr,celery,200,120,300,prevailing,5
2025-05-26,ncr,celery,233.33,130,300,prevailing,6
2025-06-02,ncr,celery,250,110,350,prevailing,6
2025-06-09,ncr,celery,250,150,330,prevailing,6
2025-06-16,ncr,celery,227.5,120,300,prevailing,6
2025-06-23,ncr,celery,225,100,300,prevailing,6
2025-06-30,ncr,celery,198.37,90,300,prevailing,6
2025-07-07,ncr,celery,200,80,260,prevailing,6
2025-07-14,ncr,celery,196,150,230,prevailing,5
2025-07-21,ncr,celery,225,120,300,prevailing,6
2025-07-28,ncr,celery,290,130,420,prevailing,5
2025-08-04,ncr,celery,325,180,500,prevailing,6
2025-08-11,ncr,celery,391.67,220,550,prevailing,6
2025-08-18,ncr,celery,400,150,550,prevailing,5
2025-08-25,ncr,celery,281.25,130,450,prevailing,4
2025-09-01,ncr,celery,220,130,300,prevailing,5
2025-09-08,ncr,celery,200,80,350,prevailing,6
2025-09-15,ncr,celery,183.33,80,250,prevailing,6
2025-09-22,ncr,celery,185.5,80,350,prevailing,7
2025-09-29,ncr,celery,189.82,80,260,prevailing,7
2025-10-06,ncr,celery,196.28,80,300,prevailing,7
2025-10-13,ncr,celery,198.99,100,260,prevailing,7
2025-10-20,ncr,celery,200.18,80,250,prevailing,7
2025-10-27,ncr,celery,199.43,80,250,prevailing,7
2025-11-03,ncr,celery,196.46,80,270,prevailing,7
2025-11-10,ncr,celery,201.29,70,280,prevailing,7
2025-11-17,ncr,celery,198.04,70,250,prevailing,7
2025-11-24,ncr,celery,197.78,80,250,prevailing,7
2025-12-01,ncr,celery,200,80,250,prevailing,7
2025-12-08,ncr,celery,201.17,80,250,prevailing,7
2025-12-15,ncr,celery,201.59,80,250,prevailing,7
2025-12-22,ncr,celery,200.63,80,300,prevailing,7
2025-12-29,ncr,celery,225.71,80,350,prevailing,7
2026-01-05,ncr,celery,200.48,80,350,prevailing,7
2026-01-12,ncr,celery,201.3,80,250,prevailing,7
2026-01-19,ncr,celery,192.71,70,250,prevailing,7
2026-01-26,ncr,celery,178.38,60,250,prevailing,7
2026-02-02,ncr,celery,151.9,70,250,prevailing,7
2026-02-09,ncr,celery,155,80,240,prevailing,7
2026-02-16,ncr,celery,154.76,70,250,prevailing,7
2026-02-23,ncr,celery,154.44,70,250,prevailing,7
2026-03-02,ncr,celery,153.17,70,250,prevailing,7
2026-03-09,ncr,celery,152.7,70,250,prevailing,7
2026-03-16,ncr,celery,166.51,80,250,prevailing,7
2026-03-23,ncr,celery,153.92,60,250,prevailing,7
2026-03-30,ncr,celery,151.67,80,250,prevailing,7
2026-04-06,ncr,celery,154.71,70,250,prevailing,7
2026-04-13,ncr,celery,152.32,60,250,prevailing,7
2026-04-20,ncr,celery,148.24,60,250,prevailing,7
2026-04-27,ncr,celery,148.78,60,220,prevailing,7
2026-05-04,ncr,celery,146.1,60,200,prevailing,7
2026-05-11,ncr,celery,146.59,60,250,prevailing,7
2026-05-18,ncr,celery,147.14,60,250,prevailing,7
2026-05-25,ncr,celery,146.61,60,250,prevailing,7
2026-06-01,ncr,celery,148.17,60,200,prevailing,7
2026-06-08,ncr,celery,146.86,70,240,prevailing,7
2026-06-15,ncr,celery,146.53,70,220,prevailing,7
2026-06-22,ncr,celery,142.06,60,250,prevailing,7
2026-06-29,ncr,celery,149.76,60,250,prevailing,7
2026-07-06,ncr,celery,150,60,250,prevailing,7
2026-07-13,ncr,celery,150,60,250,prevailing,7
2026-07-20,ncr,celery,150,50,250,prevailing,7
2026-07-27,ncr,celery,150,60,250,prevailing,7
2026-08-03,ncr,celery,150,60,230,prevailing,7
2026-08-10,ncr,celery,189.29,80,250,prevailing,7
2026-08-17,ncr,celery,175,80,300,prevailing,7
2026-08-24,ncr,celery,217.86,120,350,prevailing,7
2026-08-31,ncr,celery,292.86,120,400,prevailing,7
2026-09-07,ncr,celery,335.71,180,600,prevailing,7
2026-09-14,ncr,celery,389.29,250,600,prevailing,7
2026-09-21,ncr,celery,421.43,200,600,prevailing,7
2026-09-28,ncr,celery,390.64,180,600,prevailing,7
2020-11-02,ncr,chayote,40,25,60,prevailing,4
2020-11-09,ncr,chayote,40,30,60,prevailing,4
2020-11-16,ncr,chayote,46,30,70,prevailing,5
2020-11-23,ncr,chayote,54,30,70,prevailing,5
2020-11-30,ncr,chayote,55,30,80,prevailing,4
2020-12-07,ncr,chayote,40,30,70,prevailing,4
2020-12-14,ncr,chayote,35,25,60,prevailing,4
2020-12-21,ncr,chayote,40,25,60,prevailing,3
2020-12-28,ncr,chayote,35,25,60,prevailing,2
2021-01-04,ncr,chayote,34,20,60,prevailing,5
2021-01-11,ncr,chayote,36,25,60,prevailing,5
2021-01-18,ncr,chayote,36,25,70,prevailing,5
2021-01-25,ncr,chayote,37,25,50,prevailing,5
2021-02-01,ncr,chayote,38,25,50,prevailing,5
2021-02-08,ncr,chayote,36,25,50,prevailing,5
2021-02-15,ncr,chayote,30,20,50,prevailing,5
2021-02-22,ncr,chayote,30,20,50,prevailing,5
2021-03-01,ncr,chayote,30,20,50,prevailing,5
2021-03-08,ncr,chayote,30,20,50,prevailing,5
2021-03-15,ncr,chayote,30,15,50,prevailing,5
2021-03-22,ncr,chayote,30,20,60,prevailing,5
2021-03-29,ncr,chayote,30,20,50,prevailing,3
2021-04-05,ncr,chayote,30,20,80,prevailing,5
2021-04-12,ncr,chayote,30,20,60,prevailing,5
2021-04-19,ncr,chayote,30,20,50,prevailing,5
2021-04-26,ncr,chayote,30,20,50,prevailing,5
2021-05-03,ncr,chayote,30,25,50,prevailing,4
2021-05-10,ncr,chayote,30,20,60,prevailing,5
2021-05-17,ncr,chayote,33,20,50,prevailing,5
2021-05-24,ncr,chayote,31,20,50,prevailing,5
2021-05-31,ncr,chayote,32,25,50,prevailing,5
2021-06-07,ncr,chayote,30,25,60,prevailing,5
2021-06-14,ncr,chayote,40,30,50,prevailing,5
2021-06-21,ncr,chayote,40,30,75,prevailing,5
2021-06-28,ncr,chayote,50,30,60,prevailing,5
2021-07-05,ncr,chayote,47.5,30,70,prevailing,4
2021-07-12,ncr,chayote,42,30,100,prevailing,5
2021-07-19,ncr,chayote,40,25,60,prevailing,5
2021-07-26,ncr,chayote,44,30,70,prevailing,5
2021-08-02,ncr,chayote,54,35,70,prevailing,5
2021-08-09,ncr,chayote,60,40,80,prevailing,5
2021-08-16,ncr,chayote,70,50,90,prevailing,5
2021-08-23,ncr,chayote,82,60,120,prevailing,5
2021-08-30,ncr,chayote,98,70,120,prevailing,5
2021-09-06,ncr,chayote,78,,,prevailing,5
2021-09-13,ncr,chayote,58,,,prevailing,5
2021-09-20,ncr,chayote,50,,,prevailing,5
2021-09-27,ncr,chayote,48,,,prevailing,5
2021-10-04,ncr,chayote,40,,,prevailing,3
2021-10-11,ncr,chayote,40,,,prevailing,5
2021-10-18,ncr,chayote,40,,,prevailing,5
2021-10-25,ncr,chayote,40,,,prevailing,1
2022-01-03,ncr,chayote,50,,,prevailing,4
2022-01-10,ncr,chayote,46,,,prevailing,5
2022-01-17,ncr,chayote,50,,,prevailing,5
2022-01-24,ncr,chayote,50,,,prevailing,5
2022-01-31,ncr,chayote,40,,,prevailing,5
2022-02-07,ncr,chayote,40,,,prevailing,5
2022-02-14,ncr,chayote,40,,,prevailing,4
2022-02-21,ncr,chayote,39,,,prevailing,5
2022-02-28,ncr,chayote,40,,,prevailing,5
2022-03-07,ncr,chayote,40,,,prevailing,5
2022-03-14,ncr,chayote,40,,,prevailing,5
2022-03-21,ncr,chayote,40,,,prevailing,5
2022-03-28,ncr,chayote,40,,,prevailing,5
2022-04-04,ncr,chayote,40,,,prevailing,5
2022-04-11,ncr,chayote,40,,,prevailing,3
2022-04-18,ncr,chayote,37,,,prevailing,5
2022-04-25,ncr,chayote,34,,,prevailing,5
2022-05-02,ncr,chayote,34,,,prevailing,5
2022-05-09,ncr,chayote,35,,,prevailing,4
2022-05-16,ncr,chayote,36,,,prevailing,5
2022-05-23,ncr,chayote,35,,,prevailing,5
2022-05-30,ncr,chayote,36,,,prevailing,5
2022-06-06,ncr,chayote,40,,,prevailing,5
2022-06-13,ncr,chayote,30,,,prevailing,5
2022-06-20,ncr,chayote,34,,,prevailing,5
2022-06-27,ncr,chayote,37,,,prevailing,5
2022-07-04,ncr,chayote,39,,,prevailing,5
2022-07-11,ncr,chayote,38,,,prevailing,5
2022-07-18,ncr,chayote,32,,,prevailing,5
2022-07-25,ncr,chayote,40,,,prevailing,5
2022-08-01,ncr,chayote,37,,,prevailing,5
2022-08-08,ncr,chayote,36,,,prevailing,5
2022-08-15,ncr,chayote,40,,,prevailing,5
2022-08-22,ncr,chayote,39,,,prevailing,5
2022-08-29,ncr,chayote,40,,,prevailing,5
2022-09-05,ncr,chayote,32,,,prevailing,5
2022-09-12,ncr,chayote,40,,,prevailing,4
2022-09-19,ncr,chayote,40,,,prevailing,4
2022-09-26,ncr,chayote,40,,,prevailing,5
2022-10-03,ncr,chayote,40,,,prevailing,5
2022-10-10,ncr,chayote,40,,,prevailing,5
2022-10-17,ncr,chayote,43,,,prevailing,5
2022-10-24,ncr,chayote,40,,,prevailing,5
2022-10-31,ncr,chayote,52.5,,,prevailing,4
2022-11-07,ncr,chayote,52,,,prevailing,5
2022-11-14,ncr,chayote,52,,,prevailing,5
2022-11-21,ncr,chayote,56,,,prevailing,5
2022-11-28,ncr,chayote,52,,,prevailing,5
2022-12-05,ncr,chayote,51,,,prevailing,5
2022-12-12,ncr,chayote,50,,,prevailing,5
2022-12-19,ncr,chayote,44,,,prevailing,5
2022-12-26,ncr,chayote,43,30,60,midpoint,5
2023-01-02,ncr,chayote,45,30,60,midpoint,5
2023-01-09,ncr,chayote,45,30,60,midpoint,5
2023-01-16,ncr,chayote,47.5,35,60,midpoint,5
2023-01-23,ncr,chayote,48.5,35,60,midpoint,5
2023-01-30,ncr,chayote,55,35,80,midpoint,5
2023-02-06,ncr,chayote,56.5,40,80,midpoint,5
2023-02-13,ncr,chayote,52.5,35,70,midpoint,5
2023-02-20,ncr,chayote,50.5,35,70,midpoint,5
2023-02-27,ncr,chayote,53,35,90,midpoint,5
2023-03-06,ncr,chayote,48.5,30,70,midpoint,5
2023-03-13,ncr,chayote,46,30,60,midpoint,5
2023-03-20,ncr,chayote,47.5,35,60,midpoint,5
2023-03-27,ncr,chayote,45,30,60,midpoint,5
2023-04-03,ncr,chayote,45,30,60,midpoint,3
2023-04-10,ncr,chayote,45,30,60,midpoint,4
2023-04-17,ncr,chayote,48.5,35,60,midpoint,5
2023-04-24,ncr,chayote,57,30,180,midpoint,5
2023-05-01,ncr,chayote,62.5,40,100,midpoint,4
2023-05-08,ncr,chayote,70,50,90,midpoint,5
2023-05-15,ncr,chayote,60.5,35,80,midpoint,5
2023-05-22,ncr,chayote,57,40,80,midpoint,5
2023-05-29,ncr,chayote,53.5,35,80,midpoint,5
2023-06-05,ncr,chayote,55.5,40,73,midpoint,3
2023-06-12,ncr,chayote,57.5,40,75,midpoint,1
2023-06-19,ncr,chayote,60.62,40,80,midpoint,4
2023-06-26,ncr,chayote,57.5,40,75,midpoint,4
2023-07-03,ncr,chayote,57.5,40,75,midpoint,5
2023-07-10,ncr,chayote,56,35,75,midpoint,5
2023-07-17,ncr,chayote,52.5,35,70,midpoint,5
2023-07-24,ncr,chayote,50,30,70,midpoint,4
2023-07-31,ncr,chayote,59.5,40,85,midpoint,5
2023-08-07,ncr,chayote,67.5,40,95,midpoint,5
2023-08-14,ncr,chayote,71,50,90,midpoint,5
2023-08-21,ncr,chayote,81,60,110,midpoint,5
2023-08-28,ncr,chayote,97,60,130,midpoint,5
2023-09-04,ncr,chayote,98,70,130,midpoint,5
2023-09-11,ncr,chayote,92.5,60,120,midpoint,5
2023-09-18,ncr,chayote,72,40,100,midpoint,5
2023-09-25,ncr,chayote,75,50,100,midpoint,5
2023-10-02,ncr,chayote,72,50,100,midpoint,5
2023-10-09,ncr,chayote,61.5,35,80,midpoint,5
2023-10-16,ncr,chayote,53,30,80,midpoint,5
2023-10-23,ncr,chayote,45.5,20,80,midpoint,5
2023-10-30,ncr,chayote,50.62,25,90,midpoint,4
2023-11-06,ncr,chayote,43,20,70,midpoint,5
2023-11-13,ncr,chayote,44.5,20,70,midpoint,5
2023-11-20,ncr,chayote,47,20,70,midpoint,5
2023-11-27,ncr,chayote,45.62,20,70,midpoint,4
2023-12-04,ncr,chayote,51,20,80,midpoint,5
2023-12-11,ncr,chayote,44.38,20,70,midpoint,4
2023-12-18,ncr,chayote,48,25,75,midpoint,5
2023-12-25,ncr,chayote,51.25,25,80,midpoint,4
2024-01-01,ncr,chayote,53.12,30,80,midpoint,4
2024-01-08,ncr,chayote,48,20,70,midpoint,5
2024-01-15,ncr,chayote,53,30,75,midpoint,5
2024-01-22,ncr,chayote,57.5,40,80,midpoint,5
2024-01-29,ncr,chayote,55,40,70,midpoint,5
2024-02-05,ncr,chayote,56.3,30,80,midpoint,5
2024-02-12,ncr,chayote,53,35,75,midpoint,5
2024-02-19,ncr,chayote,52.5,25,80,midpoint,5
2024-02-26,ncr,chayote,44,25,65,midpoint,5
2024-03-04,ncr,chayote,42.5,25,60,midpoint,4
2024-03-11,ncr,chayote,42.5,25,60,midpoint,5
2024-03-18,ncr,chayote,42.5,25,60,midpoint,5
2024-03-25,ncr,chayote,43.33,25,65,midpoint,3
2024-04-01,ncr,chayote,43,25,60,midpoint,5
2024-04-08,ncr,chayote,53.33,30,80,midpoint,3
2024-04-15,ncr,chayote,53.75,30,80,midpoint,6
2024-04-22,ncr,chayote,53.75,30,80,midpoint,6
2024-04-29,ncr,chayote,59.83,30,90,midpoint,6
2024-05-06,ncr,chayote,65.5,45,85,midpoint,5
2024-05-13,ncr,chayote,65,45,85,midpoint,6
2024-05-20,ncr,chayote,70.42,50,95,midpoint,6
2024-05-27,ncr,chayote,74.58,55,95,midpoint,6
2024-06-03,ncr,chayote,74.17,55,100,midpoint,6
2024-06-10,ncr,chayote,72.5,40,100,midpoint,6
2024-06-17,ncr,chayote,68.75,40,90,midpoint,6
2024-06-24,ncr,chayote,64.58,30,100,midpoint,6
2024-07-01,ncr,chayote,55.83,25,85,midpoint,6
2024-07-08,ncr,chayote,51.88,20,80,midpoint,4
2024-07-15,ncr,chayote,47.25,20,80,midpoint,6
2024-07-22,ncr,chayote,50.83,20,90,midpoint,6
2024-07-29,ncr,chayote,57.08,30,90,midpoint,6
2024-08-05,ncr,chayote,54.58,30,85,midpoint,6
2024-08-12,ncr,chayote,54.5,35,75,midpoint,5
2024-08-19,ncr,chayote,53.33,35,75,midpoint,3
2024-08-26,ncr,chayote,48.75,20,70,midpoint,6
2024-09-02,ncr,chayote,50.83,25,80,midpoint,6
2024-09-09,ncr,chayote,52.92,35,70,midpoint,6
2024-09-16,ncr,chayote,48.58,20,70,midpoint,6
2024-09-23,ncr,chayote,52.92,20,80,midpoint,6
2024-09-30,ncr,chayote,54.5,35,75,midpoint,5
2024-10-07,ncr,chayote,53.5,30,80,midpoint,5
2024-10-14,ncr,chayote,53.75,35,75,midpoint,6
2024-10-21,ncr,chayote,54.5,35,80,midpoint,5
2024-10-28,ncr,chayote,64.5,45,85,midpoint,5
2024-11-04,ncr,chayote,65.83,40,95,midpoint,6
2024-11-11,ncr,chayote,62.5,45,80,midpoint,5
2024-11-18,ncr,chayote,74.58,40,95,midpoint,6
2024-11-25,ncr,chayote,74.17,50,100,midpoint,6
2024-12-02,ncr,chayote,82,50,120,midpoint,5
2024-12-09,ncr,chayote,73,50,100,midpoint,5
2024-12-16,ncr,chayote,63,30,100,midpoint,5
2024-12-23,ncr,chayote,62,30,90,midpoint,5
2024-12-30,ncr,chayote,59.38,30,80,midpoint,4
2025-01-06,ncr,chayote,50.5,20,80,midpoint,5
2025-01-13,ncr,chayote,54.15,25,80,average,6
2025-01-20,ncr,chayote,55.28,30,80,average,6
2025-01-27,ncr,chayote,53.82,30,70,average,6
2025-02-03,ncr,chayote,54.67,20,70,average,6
2025-02-10,ncr,chayote,50.83,20,80,prevailing,6
2025-02-17,ncr,chayote,50,20,80,prevailing,6
2025-02-24,ncr,chayote,50,20,80,prevailing,6
2025-03-03,ncr,chayote,50,20,80,prevailing,6
2025-03-10,ncr,chayote,50,20,70,prevailing,6
2025-03-17,ncr,chayote,50,20,70,prevailing,6
2025-03-24,ncr,chayote,50,25,60,prevailing,6
2025-03-31,ncr,chayote,49.18,25,60,prevailing,6
2025-04-07,ncr,chayote,50,20,70,prevailing,5
2025-04-14,ncr,chayote,50,20,70,prevailing,3
2025-04-21,ncr,chayote,50,25,65,prevailing,6
2025-04-28,ncr,chayote,49.45,25,65,prevailing,6
2025-05-05,ncr,chayote,50,25,82,prevailing,6
2025-05-12,ncr,chayote,50,25,80,prevailing,6
2025-05-19,ncr,chayote,50,25,80,prevailing,5
2025-05-26,ncr,chayote,50,30,80,prevailing,6
2025-06-02,ncr,chayote,50,30,70,prevailing,6
2025-06-09,ncr,chayote,50,30,80,prevailing,6
2025-06-16,ncr,chayote,50,25,80,prevailing,6
2025-06-23,ncr,chayote,50,20,80,prevailing,6
2025-06-30,ncr,chayote,49.76,20,80,prevailing,6
2025-07-07,ncr,chayote,50,25,80,prevailing,6
2025-07-14,ncr,chayote,50,30,80,prevailing,5
2025-07-21,ncr,chayote,52.5,25,80,prevailing,6
2025-07-28,ncr,chayote,64,35,100,prevailing,5
2025-08-04,ncr,chayote,86.67,50,130,prevailing,6
2025-08-11,ncr,chayote,100,60,130,prevailing,6
2025-08-18,ncr,chayote,100,60,120,prevailing,5
2025-08-25,ncr,chayote,100,70,140,prevailing,4
2025-09-01,ncr,chayote,100,35,130,prevailing,5
2025-09-08,ncr,chayote,80,30,100,prevailing,6
2025-09-15,ncr,chayote,60,20,100,prevailing,6
2025-09-22,ncr,chayote,63.54,25,120,prevailing,7
2025-09-29,ncr,chayote,67.9,35,100,prevailing,7
2025-10-06,ncr,chayote,76.43,40,100,prevailing,7
2025-10-13,ncr,chayote,79.5,40,100,prevailing,7
2025-10-20,ncr,chayote,78.43,30,100,prevailing,7
2025-10-27,ncr,chayote,69.23,30,90,prevailing,7
2025-11-03,ncr,chayote,62.44,25,80,prevailing,7
2025-11-10,ncr,chayote,76.37,40,120,prevailing,7
2025-11-17,ncr,chayote,102,50,150,prevailing,7
2025-11-24,ncr,chayote,101.9,50,150,prevailing,7
2025-12-01,ncr,chayote,119.05,80,160,prevailing,7
2025-12-08,ncr,chayote,119.52,80,150,prevailing,7
2025-12-15,ncr,chayote,119.74,80,150,prevailing,7
2025-12-22,ncr,chayote,118.69,70,150,prevailing,7
2025-12-29,ncr,chayote,80.06,40,130,prevailing,7
2026-01-05,ncr,chayote,70.26,30,100,prevailing,7
2026-01-12,ncr,chayote,59.64,30,100,prevailing,7
2026-01-19,ncr,chayote,64.64,25,90,prevailing,7
2026-01-26,ncr,chayote,60.18,30,90,prevailing,7
2026-02-02,ncr,chayote,60.78,30,100,prevailing,7
2026-02-09,ncr,chayote,59.94,25,90,prevailing,7
2026-02-16,ncr,chayote,56.86,25,80,prevailing,7
2026-02-23,ncr,chayote,59.35,35,70,prevailing,7
2026-03-02,ncr,chayote,54.68,25,80,prevailing,7
2026-03-09,ncr,chayote,57.4,30,80,prevailing,7
2026-03-16,ncr,chayote,60.78,30,90,prevailing,7
2026-03-23,ncr,chayote,60.01,25,90,prevailing,7
2026-03-30,ncr,chayote,60.95,25,80,prevailing,7
2026-04-06,ncr,chayote,60,25,80,prevailing,7
2026-04-13,ncr,chayote,61.27,30,90,prevailing,7
2026-04-20,ncr,chayote,61.67,30,100,prevailing,7
2026-04-27,ncr,chayote,59.72,30,100,prevailing,7
2026-05-04,ncr,chayote,63.02,35,100,prevailing,7
2026-05-11,ncr,chayote,66.81,35,100,prevailing,7
2026-05-18,ncr,chayote,77.46,35,100,prevailing,7
2026-05-25,ncr,chayote,74.59,50,120,prevailing,7
2026-06-01,ncr,chayote,97.79,50,120,prevailing,7
2026-06-08,ncr,chayote,91.09,50,120,prevailing,7
2026-06-15,ncr,chayote,79.29,40,120,prevailing,7
2026-06-22,ncr,chayote,78.63,35,120,prevailing,7
2026-06-29,ncr,chayote,77.21,30,100,prevailing,7
2026-07-06,ncr,chayote,67.14,30,120,prevailing,7
2026-07-13,ncr,chayote,57.14,20,100,prevailing,7
2026-07-20,ncr,chayote,52.14,20,100,prevailing,7
2026-07-27,ncr,chayote,55.71,25,90,prevailing,7
2026-08-03,ncr,chayote,50,25,90,prevailing,7
2026-08-10,ncr,chayote,72.14,30,100,prevailing,7
2026-08-17,ncr,chayote,65.71,30,100,prevailing,7
2026-08-24,ncr,chayote,72.86,30,100,prevailing,7
2026-08-31,ncr,chayote,107.14,30,160,prevailing,7
2026-09-07,ncr,chayote,120,30,160,prevailing,7
2026-09-14,ncr,chayote,120,80,160,prevailing,7
2026-09-21,ncr,chayote,120,60,160,prevailing,7
2026-09-28,ncr,chayote,117.09,60,170,prevailing,7
2025-09-22,ncr,chili_green,119.55,,,prevailing,2
2025-09-29,ncr,chili_green,141.07,,,prevailing,3
2025-10-06,ncr,chili_green,140,,,prevailing,1
2025-10-13,ncr,chili_green,159.47,,,prevailing,1
2025-10-20,ncr,chili_green,208,,,prevailing,1
2025-10-27,ncr,chili_green,243.64,,,prevailing,1
2025-11-03,ncr,chili_green,307.52,,,prevailing,2
2025-11-10,ncr,chili_green,292.73,,,prevailing,1
2025-11-17,ncr,chili_green,392.22,,,prevailing,1
2025-11-24,ncr,chili_green,366.36,,,prevailing,1
2025-12-01,ncr,chili_green,329.09,,,prevailing,1
2025-12-08,ncr,chili_green,372.5,,,prevailing,1
2025-12-15,ncr,chili_green,389,,,prevailing,1
2025-12-22,ncr,chili_green,308.33,,,prevailing,1
2025-12-29,ncr,chili_green,184,,,prevailing,1
2026-01-05,ncr,chili_green,178.18,,,prevailing,1
2026-01-12,ncr,chili_green,121.94,40,200,prevailing,6
2026-01-19,ncr,chili_green,103.29,50,180,prevailing,7
2026-01-26,ncr,chili_green,101.43,50,160,prevailing,7
2026-02-02,ncr,chili_green,102.71,60,160,prevailing,7
2026-02-09,ncr,chili_green,114.23,70,150,prevailing,7
2026-02-16,ncr,chili_green,102.57,70,150,prevailing,7
2026-02-23,ncr,chili_green,100.39,50,150,prevailing,7
2026-03-02,ncr,chili_green,100.78,50,150,prevailing,7
2026-03-09,ncr,chili_green,100.78,50,130,prevailing,7
2026-03-16,ncr,chili_green,100.26,40,160,prevailing,7
2026-03-23,ncr,chili_green,98.7,50,130,prevailing,7
2026-03-30,ncr,chili_green,101.75,50,130,prevailing,7
2026-04-06,ncr,chili_green,101.07,50,130,prevailing,7
2026-04-13,ncr,chili_green,100.63,50,130,prevailing,7
2026-04-20,ncr,chili_green,98.23,50,130,prevailing,7
2026-04-27,ncr,chili_green,102.35,50,160,prevailing,7
2026-05-04,ncr,chili_green,101.09,50,200,prevailing,7
2026-05-11,ncr,chili_green,113.36,60,200,prevailing,7
2026-05-18,ncr,chili_green,113.38,60,200,prevailing,7
2026-05-25,ncr,chili_green,119.85,60,200,prevailing,7
2026-06-01,ncr,chili_green,119.29,60,170,prevailing,7
2026-06-08,ncr,chili_green,120.4,70,200,prevailing,7
2026-06-15,ncr,chili_green,118.3,50,200,prevailing,7
2026-06-22,ncr,chili_green,119.43,60,200,prevailing,7
2026-06-29,ncr,chili_green,104.9,60,170,prevailing,7
2026-07-06,ncr,chili_green,120,60,160,prevailing,7
2026-07-13,ncr,chili_green,120,60,170,prevailing,7
2026-07-20,ncr,chili_green,120,60,170,prevailing,7
2026-07-27,ncr,chili_green,120,60,170,prevailing,7
2026-08-03,ncr,chili_green,117.14,70,200,prevailing,7
2026-08-10,ncr,chili_green,128.57,60,200,prevailing,7
2026-08-17,ncr,chili_green,126.43,80,220,prevailing,7
2026-08-24,ncr,chili_green,192.86,80,260,prevailing,7
2026-08-31,ncr,chili_green,200,100,270,prevailing,7
2026-09-07,ncr,chili_green,200,100,260,prevailing,7
2026-09-14,ncr,chili_green,207.14,120,300,prevailing,7
2026-09-21,ncr,chili_green,235.71,90,300,prevailing,7
2026-09-28,ncr,chili_green,201.55,80,300,prevailing,7
2020-11-02,ncr,chili_labuyo,187.5,150,400,prevailing,4
2020-11-09,ncr,chili_labuyo,200,180,300,prevailing,4
2020-11-16,ncr,chili_labuyo,280,200,350,prevailing,5
2020-11-23,ncr,chili_labuyo,310,200,500,prevailing,5
2020-11-30,ncr,chili_labuyo,587.5,320,750,prevailing,4
2020-12-07,ncr,chili_labuyo,625,500,800,prevailing,4
2020-12-14,ncr,chili_labuyo,775,500,960,prevailing,4
2020-12-21,ncr,chili_labuyo,1000,800,1200,prevailing,3
2020-12-28,ncr,chili_labuyo,1000,900,1500,prevailing,2
2021-01-04,ncr,chili_labuyo,800,600,1200,prevailing,5
2021-01-11,ncr,chili_labuyo,800,700,1000,prevailing,5
2021-01-18,ncr,chili_labuyo,760,400,1000,prevailing,5
2021-01-25,ncr,chili_labuyo,400,250,700,prevailing,5
2021-02-01,ncr,chili_labuyo,310,220,450,prevailing,5
2021-02-08,ncr,chili_labuyo,300,200,500,prevailing,5
2021-02-15,ncr,chili_labuyo,290,200,400,prevailing,5
2021-02-22,ncr,chili_labuyo,230,120,300,prevailing,5
2021-03-01,ncr,chili_labuyo,200,140,300,prevailing,5
2021-03-08,ncr,chili_labuyo,200,100,250,prevailing,5
2021-03-15,ncr,chili_labuyo,200,120,240,prevailing,5
2021-03-22,ncr,chili_labuyo,152,120,200,prevailing,5
2021-03-29,ncr,chili_labuyo,153.33,100,250,prevailing,3
2021-04-05,ncr,chili_labuyo,136,100,200,prevailing,5
2021-04-12,ncr,chili_labuyo,120,70,200,prevailing,5
2021-04-19,ncr,chili_labuyo,100,70,160,prevailing,5
2021-04-26,ncr,chili_labuyo,100,60,150,prevailing,5
2021-05-03,ncr,chili_labuyo,100,70,150,prevailing,4
2021-05-10,ncr,chili_labuyo,100,70,120,prevailing,5
2021-05-17,ncr,chili_labuyo,100,60,120,prevailing,5
2021-05-24,ncr,chili_labuyo,96,60,120,prevailing,5
2021-05-31,ncr,chili_labuyo,100,60,120,prevailing,5
2021-06-07,ncr,chili_labuyo,100,60,120,prevailing,5
2021-06-14,ncr,chili_labuyo,98,60,180,prevailing,5
2021-06-21,ncr,chili_labuyo,100,60,140,prevailing,5
2021-06-28,ncr,chili_labuyo,100,70,140,prevailing,5
2021-07-05,ncr,chili_labuyo,100,80,150,prevailing,4
2021-07-12,ncr,chili_labuyo,108,80,150,prevailing,5
2021-07-19,ncr,chili_labuyo,100,80,150,prevailing,5
2021-07-26,ncr,chili_labuyo,100,50,160,prevailing,5
2021-08-02,ncr,chili_labuyo,108,80,180,prevailing,5
2021-08-09,ncr,chili_labuyo,116,80,180,prevailing,5
2021-08-16,ncr,chili_labuyo,116,70,160,prevailing,5
2021-08-23,ncr,chili_labuyo,190,90,300,prevailing,5
2021-08-30,ncr,chili_labuyo,248,180,300,prevailing,5
2021-09-06,ncr,chili_labuyo,490,,,prevailing,5
2021-09-13,ncr,chili_labuyo,500,,,prevailing,5
2021-09-20,ncr,chili_labuyo,500,,,prevailing,5
2021-09-27,ncr,chili_labuyo,500,,,prevailing,5
2021-10-04,ncr,chili_labuyo,400,,,prevailing,1
2021-10-11,ncr,chili_labuyo,350,,,prevailing,5
2021-10-18,ncr,chili_labuyo,300,,,prevailing,5
2021-10-25,ncr,chili_labuyo,300,,,prevailing,1
2022-01-03,ncr,chili_labuyo,120,,,prevailing,4
2022-01-10,ncr,chili_labuyo,100,,,prevailing,5
2022-01-17,ncr,chili_labuyo,100,,,prevailing,5
2022-01-24,ncr,chili_labuyo,100,,,prevailing,5
2022-01-31,ncr,chili_labuyo,100,,,prevailing,5
2022-02-07,ncr,chili_labuyo,92,,,prevailing,5
2022-02-14,ncr,chili_labuyo,100,,,prevailing,4
2022-02-21,ncr,chili_labuyo,102,,,prevailing,5
2022-02-28,ncr,chili_labuyo,100,,,prevailing,5
2022-03-07,ncr,chili_labuyo,100,,,prevailing,5
2022-03-14,ncr,chili_labuyo,100,,,prevailing,5
2022-03-21,ncr,chili_labuyo,100,,,prevailing,5
2022-03-28,ncr,chili_labuyo,100,,,prevailing,5
2022-04-04,ncr,chili_labuyo,108,,,prevailing,5
2022-04-11,ncr,chili_labuyo,113.33,,,prevailing,3
2022-04-18,ncr,chili_labuyo,150,,,prevailing,5
2022-04-25,ncr,chili_labuyo,186.67,,,prevailing,5
2022-05-02,ncr,chili_labuyo,200,,,prevailing,5
2022-05-09,ncr,chili_labuyo,212.5,,,prevailing,4
2022-05-16,ncr,chili_labuyo,240,,,prevailing,5
2022-05-23,ncr,chili_labuyo,215,,,prevailing,5
2022-05-30,ncr,chili_labuyo,220,,,prevailing,5
2022-06-06,ncr,chili_labuyo,250,,,prevailing,5
2022-06-13,ncr,chili_labuyo,250,,,prevailing,5
2022-06-20,ncr,chili_labuyo,250,,,prevailing,5
2022-06-27,ncr,chili_labuyo,350,,,prevailing,5
2022-07-04,ncr,chili_labuyo,420,,,prevailing,5
2022-07-11,ncr,chili_labuyo,400,,,prevailing,5
2022-07-18,ncr,chili_labuyo,400,,,prevailing,5
2022-07-25,ncr,chili_labuyo,320,,,prevailing,5
2022-08-01,ncr,chili_labuyo,400,,,prevailing,5
2022-08-08,ncr,chili_labuyo,465,,,prevailing,5
2022-08-15,ncr,chili_labuyo,500,,,prevailing,4
2022-08-22,ncr,chili_labuyo,470,,,prevailing,5
2022-08-29,ncr,chili_labuyo,350,,,prevailing,5
2022-09-05,ncr,chili_labuyo,250,,,prevailing,5
2022-09-12,ncr,chili_labuyo,250,,,prevailing,4
2022-09-19,ncr,chili_labuyo,243.75,,,prevailing,4
2022-09-26,ncr,chili_labuyo,300,,,prevailing,5
2022-10-03,ncr,chili_labuyo,300,,,prevailing,5
2022-10-10,ncr,chili_labuyo,340,,,prevailing,5
2022-10-17,ncr,chili_labuyo,320,,,prevailing,5
2022-10-24,ncr,chili_labuyo,340,,,prevailing,5
2022-10-31,ncr,chili_labuyo,468.75,,,prevailing,4
2022-11-07,ncr,chili_labuyo,500,,,prevailing,5
2022-11-14,ncr,chili_labuyo,500,,,prevailing,5
2022-11-21,ncr,chili_labuyo,500,,,prevailing,5
2022-11-28,ncr,chili_labuyo,500,,,prevailing,5
2022-12-05,ncr,chili_labuyo,500,,,prevailing,5
2022-12-12,ncr,chili_labuyo,600,,,prevailing,5
2022-12-19,ncr,chili_labuyo,580,,,prevailing,5
2022-12-26,ncr,chili_labuyo,600,450,750,midpoint,5
2023-01-02,ncr,chili_labuyo,520,300,650,midpoint,5
2023-01-09,ncr,chili_labuyo,358,180,550,midpoint,5
2023-01-16,ncr,chili_labuyo,239,140,360,midpoint,5
2023-01-23,ncr,chili_labuyo,202,130,300,midpoint,5
2023-01-30,ncr,chili_labuyo,187,90,300,midpoint,5
2023-02-06,ncr,chili_labuyo,184,120,250,midpoint,5
2023-02-13,ncr,chili_labuyo,160,110,200,midpoint,5
2023-02-20,ncr,chili_labuyo,192,130,250,midpoint,5
2023-02-27,ncr,chili_labuyo,198,140,250,midpoint,5
2023-03-06,ncr,chili_labuyo,185,80,250,midpoint,5
2023-03-13,ncr,chili_labuyo,217,150,300,midpoint,5
2023-03-20,ncr,chili_labuyo,183,110,250,midpoint,5
2023-03-27,ncr,chili_labuyo,164,90,250,midpoint,5
2023-04-03,ncr,chili_labuyo,140,90,200,midpoint,3
2023-04-10,ncr,chili_labuyo,145,90,200,midpoint,4
2023-04-17,ncr,chili_labuyo,138,80,190,midpoint,5
2023-04-24,ncr,chili_labuyo,124,80,200,midpoint,5
2023-05-01,ncr,chili_labuyo,133.75,60,200,midpoint,4
2023-05-08,ncr,chili_labuyo,130.5,75,200,midpoint,5
2023-05-15,ncr,chili_labuyo,110,70,150,midpoint,5
2023-05-22,ncr,chili_labuyo,110,70,150,midpoint,5
2023-05-29,ncr,chili_labuyo,104,50,150,midpoint,5
2023-06-05,ncr,chili_labuyo,108.33,70,150,midpoint,3
2023-06-12,ncr,chili_labuyo,110,70,150,midpoint,1
2023-06-19,ncr,chili_labuyo,111.25,60,150,midpoint,4
2023-06-26,ncr,chili_labuyo,111.25,70,150,midpoint,4
2023-07-03,ncr,chili_labuyo,123,60,180,midpoint,5
2023-07-10,ncr,chili_labuyo,125.5,70,200,midpoint,5
2023-07-17,ncr,chili_labuyo,142,70,200,midpoint,5
2023-07-24,ncr,chili_labuyo,140,80,200,midpoint,4
2023-07-31,ncr,chili_labuyo,237,170,300,midpoint,5
2023-08-07,ncr,chili_labuyo,258,180,400,midpoint,5
2023-08-14,ncr,chili_labuyo,392,200,500,midpoint,5
2023-08-21,ncr,chili_labuyo,420,350,500,midpoint,5
2023-08-28,ncr,chili_labuyo,501,400,610,midpoint,5
2023-09-04,ncr,chili_labuyo,553,400,700,midpoint,5
2023-09-11,ncr,chili_labuyo,644,500,800,midpoint,5
2023-09-18,ncr,chili_labuyo,575,400,800,midpoint,5
2023-09-25,ncr,chili_labuyo,436,280,700,midpoint,5
2023-10-02,ncr,chili_labuyo,400,300,600,midpoint,5
2023-10-09,ncr,chili_labuyo,435,300,600,midpoint,5
2023-10-16,ncr,chili_labuyo,490,300,600,midpoint,5
2023-10-23,ncr,chili_labuyo,372,200,550,midpoint,5
2023-10-30,ncr,chili_labuyo,325,150,500,midpoint,4
2023-11-06,ncr,chili_labuyo,318,140,500,midpoint,5
2023-11-13,ncr,chili_labuyo,249,150,400,midpoint,5
2023-11-20,ncr,chili_labuyo,230,150,300,midpoint,5
2023-11-27,ncr,chili_labuyo,227.5,150,300,midpoint,4
2023-12-04,ncr,chili_labuyo,223,140,300,midpoint,5
2023-12-11,ncr,chili_labuyo,218.75,130,300,midpoint,4
2023-12-18,ncr,chili_labuyo,216,120,300,midpoint,5
2023-12-25,ncr,chili_labuyo,267.5,150,400,midpoint,4
2024-01-01,ncr,chili_labuyo,290,160,500,midpoint,4
2024-01-08,ncr,chili_labuyo,273,140,400,midpoint,5
2024-01-15,ncr,chili_labuyo,271,180,350,midpoint,5
2024-01-22,ncr,chili_labuyo,280,200,400,midpoint,5
2024-01-29,ncr,chili_labuyo,271,180,350,midpoint,5
2024-02-05,ncr,chili_labuyo,254,180,320,midpoint,5
2024-02-12,ncr,chili_labuyo,215,90,350,midpoint,5
2024-02-19,ncr,chili_labuyo,175,80,280,midpoint,5
2024-02-26,ncr,chili_labuyo,178.75,80,300,midpoint,4
2024-03-04,ncr,chili_labuyo,182.5,80,300,midpoint,4
2024-03-11,ncr,chili_labuyo,135.83,85,200,midpoint,3
2024-03-18,ncr,chili_labuyo,143.75,90,200,midpoint,4
2024-03-25,ncr,chili_labuyo,162.5,100,250,midpoint,2
2024-04-01,ncr,chili_labuyo,203,100,300,midpoint,5
2024-04-08,ncr,chili_labuyo,178.33,90,280,midpoint,3
2024-04-15,ncr,chili_labuyo,172.5,70,300,midpoint,6
2024-04-22,ncr,chili_labuyo,165,80,250,midpoint,1
2024-04-29,ncr,chili_labuyo,149,80,200,midpoint,5
2024-05-06,ncr,chili_labuyo,175,100,250,midpoint,4
2024-05-20,ncr,chili_labuyo,185,120,250,midpoint,2
2024-05-27,ncr,chili_labuyo,182.5,100,260,midpoint,6
2024-06-03,ncr,chili_labuyo,188.33,120,260,midpoint,6
2024-06-10,ncr,chili_labuyo,226.67,120,350,midpoint,6
2024-06-17,ncr,chili_labuyo,248.33,160,350,midpoint,6
2024-06-24,ncr,chili_labuyo,235.83,160,350,midpoint,6
2024-07-01,ncr,chili_labuyo,225,140,320,midpoint,6
2024-07-08,ncr,chili_labuyo,209.17,100,300,midpoint,6
2024-07-15,ncr,chili_labuyo,169.17,80,300,midpoint,6
2024-07-22,ncr,chili_labuyo,151.67,70,260,midpoint,6
2024-07-29,ncr,chili_labuyo,188.33,80,350,midpoint,6
2024-08-05,ncr,chili_labuyo,178.33,100,250,midpoint,6
2024-08-12,ncr,chili_labuyo,199.17,130,300,midpoint,6
2024-08-19,ncr,chili_labuyo,210,150,300,midpoint,6
2024-08-26,ncr,chili_labuyo,207.5,120,300,midpoint,6
2024-09-02,ncr,chili_labuyo,286.67,150,450,midpoint,6
2024-09-09,ncr,chili_labuyo,317.5,180,450,midpoint,6
2024-09-16,ncr,chili_labuyo,273.33,200,400,prevailing,6
2024-09-23,ncr,chili_labuyo,291.67,230,400,midpoint,6
2024-09-30,ncr,chili_labuyo,293,160,450,midpoint,5
2024-10-07,ncr,chili_labuyo,269,150,400,midpoint,5
2024-10-14,ncr,chili_labuyo,326.67,180,500,midpoint,6
2024-10-21,ncr,chili_labuyo,359,250,500,midpoint,5
2024-10-28,ncr,chili_labuyo,362,250,450,midpoint,5
2024-11-04,ncr,chili_labuyo,440.83,280,600,midpoint,6
2024-11-11,ncr,chili_labuyo,409,200,600,midpoint,5
2024-11-18,ncr,chili_labuyo,370,280,450,midpoint,6
2024-11-25,ncr,chili_labuyo,368.33,280,450,midpoint,6
2024-12-02,ncr,chili_labuyo,479,300,700,midpoint,5
2024-12-09,ncr,chili_labuyo,623,350,800,midpoint,5
2024-12-16,ncr,chili_labuyo,644,500,800,midpoint,5
2024-12-23,ncr,chili_labuyo,826,500,1200,midpoint,5
2024-12-30,ncr,chili_labuyo,818.75,500,1000,midpoint,4
2025-01-06,ncr,chili_labuyo,549,240,950,midpoint,5
2025-01-13,ncr,chili_labuyo,484.3,300,700,average,6
2025-01-20,ncr,chili_labuyo,477.11,250,600,average,6
2025-01-27,ncr,chili_labuyo,364.66,120,600,average,6
2025-02-03,ncr,chili_labuyo,267.77,100,450,average,6
2025-02-10,ncr,chili_labuyo,208.33,100,450,prevailing,6
2025-02-17,ncr,chili_labuyo,200,130,300,prevailing,6
2025-02-24,ncr,chili_labuyo,200,80,300,prevailing,6
2025-03-03,ncr,chili_labuyo,200,80,300,prevailing,6
2025-03-10,ncr,chili_labuyo,158.33,70,250,prevailing,6
2025-03-17,ncr,chili_labuyo,150,60,250,prevailing,6
2025-03-24,ncr,chili_labuyo,150,80,190,prevailing,6
2025-03-31,ncr,chili_labuyo,160.63,80,200,prevailing,6
2025-04-07,ncr,chili_labuyo,159.11,60,200,prevailing,7
2025-04-14,ncr,chili_labuyo,158.22,50,200,prevailing,4
2025-04-21,ncr,chili_labuyo,134.63,60,220,prevailing,7
2025-04-28,ncr,chili_labuyo,125,50,200,prevailing,6
2025-05-05,ncr,chili_labuyo,116.29,50,200,prevailing,7
2025-05-12,ncr,chili_labuyo,136.19,50,200,prevailing,7
2025-05-19,ncr,chili_labuyo,131.99,80,200,prevailing,7
2025-05-26,ncr,chili_labuyo,123.33,50,200,prevailing,6
2025-06-02,ncr,chili_labuyo,116.67,60,200,prevailing,6
2025-06-09,ncr,chili_labuyo,117.86,50,200,prevailing,7
2025-06-16,ncr,chili_labuyo,119.76,50,200,prevailing,7
2025-06-23,ncr,chili_labuyo,121.11,70,180,prevailing,6
2025-06-30,ncr,chili_labuyo,124.54,80,180,prevailing,7
2025-07-07,ncr,chili_labuyo,123.33,80,180,prevailing,7
2025-07-14,ncr,chili_labuyo,187.48,100,250,prevailing,7
2025-07-21,ncr,chili_labuyo,283.71,130,400,prevailing,7
2025-07-28,ncr,chili_labuyo,353.34,120,500,prevailing,7
2025-08-04,ncr,chili_labuyo,465.14,280,650,prevailing,7
2025-08-11,ncr,chili_labuyo,494.05,380,560,prevailing,7
2025-08-18,ncr,chili_labuyo,580.31,400,750,prevailing,7
2025-08-25,ncr,chili_labuyo,567.79,400,750,prevailing,7
2025-09-01,ncr,chili_labuyo,657.41,400,900,prevailing,7
2025-09-08,ncr,chili_labuyo,635.33,200,850,prevailing,6
2025-09-15,ncr,chili_labuyo,393.43,200,600,prevailing,7
2025-09-22,ncr,chili_labuyo,390,180,550,prevailing,5
2025-09-29,ncr,chili_labuyo,325,200,500,prevailing,4
2025-10-06,ncr,chili_labuyo,275,140,500,prevailing,5
2025-10-13,ncr,chili_labuyo,275,200,350,prevailing,6
2025-10-20,ncr,chili_labuyo,250,180,350,prevailing,6
2025-10-27,ncr,chili_labuyo,250,150,350,prevailing,6
2025-11-03,ncr,chili_labuyo,380,200,500,prevailing,5
2025-11-10,ncr,chili_labuyo,450,250,800,prevailing,6
2025-11-17,ncr,chili_labuyo,516.67,300,700,prevailing,6
2025-11-24,ncr,chili_labuyo,500,350,700,prevailing,6
2025-12-01,ncr,chili_labuyo,600,400,800,prevailing,6
2025-12-08,ncr,chili_labuyo,600,400,800,prevailing,6
2025-12-15,ncr,chili_labuyo,600,400,750,prevailing,6
2025-12-22,ncr,chili_labuyo,750,400,900,prevailing,6
2025-12-29,ncr,chili_labuyo,666.67,350,900,prevailing,6
2026-01-05,ncr,chili_labuyo,500,300,750,prevailing,6
2026-01-12,ncr,chili_labuyo,583.33,350,800,prevailing,6
2026-01-19,ncr,chili_labuyo,400,150,700,prevailing,6
2026-01-26,ncr,chili_labuyo,300,150,400,prevailing,6
2026-02-02,ncr,chili_labuyo,300,100,400,prevailing,6
2026-02-09,ncr,chili_labuyo,254.17,120,400,prevailing,6
2026-02-16,ncr,chili_labuyo,200,100,300,prevailing,6
2026-02-23,ncr,chili_labuyo,200,100,300,prevailing,6
2026-03-02,ncr,chili_labuyo,183.33,90,250,prevailing,6
2026-03-09,ncr,chili_labuyo,191.67,90,250,prevailing,6
2026-03-16,ncr,chili_labuyo,186.67,90,250,prevailing,6
2026-03-23,ncr,chili_labuyo,200,100,250,prevailing,5
2026-03-30,ncr,chili_labuyo,200,100,250,prevailing,6
2026-04-06,ncr,chili_labuyo,200,70,260,prevailing,6
2026-04-13,ncr,chili_labuyo,175,70,250,prevailing,6
2026-04-20,ncr,chili_labuyo,183.33,70,250,prevailing,6
2026-04-27,ncr,chili_labuyo,158.33,60,250,prevailing,6
2026-05-04,ncr,chili_labuyo,135.56,70,250,prevailing,6
2026-05-11,ncr,chili_labuyo,104.17,70,300,prevailing,6
2026-05-18,ncr,chili_labuyo,150,70,220,prevailing,6
2026-05-25,ncr,chili_labuyo,150,80,200,prevailing,6
2026-06-01,ncr,chili_labuyo,150,80,210,prevailing,6
2026-06-08,ncr,chili_labuyo,183.33,100,250,prevailing,6
2026-06-15,ncr,chili_labuyo,200,100,280,prevailing,6
2026-06-22,ncr,chili_labuyo,200,100,300,prevailing,6
2026-06-29,ncr,chili_labuyo,200,100,280,prevailing,6
2026-07-06,ncr,chili_labuyo,200,80,250,prevailing,7
2026-07-13,ncr,chili_labuyo,200,80,250,prevailing,7
2026-07-20,ncr,chili_labuyo,175,80,260,prevailing,7
2026-07-27,ncr,chili_labuyo,147.86,60,280,prevailing,7
2026-08-03,ncr,chili_labuyo,157.14,60,300,prevailing,7
2026-08-10,ncr,chili_labuyo,192.86,80,300,prevailing,7
2026-08-17,ncr,chili_labuyo,200,80,250,prevailing,7
2026-08-24,ncr,chili_labuyo,200,100,350,prevailing,7
2026-08-31,ncr,chili_labuyo,200,100,350,prevailing,7
2026-09-07,ncr,chili_labuyo,200,100,350,prevailing,7
2026-09-14,ncr,chili_labuyo,200,80,300,prevailing,7
2026-09-21,ncr,chili_labuyo,210.71,80,350,prevailing,7
2026-09-28,ncr,chili_labuyo,240,120,300,prevailing,5
2025-03-31,ncr,chili_red,136.21,,,prevailing,1
2025-04-28,ncr,chili_red,121.75,,,prevailing,1
2025-09-22,ncr,chili_red,355.96,,,prevailing,2
2025-09-29,ncr,chili_red,309.45,,,prevailing,3
2025-10-06,ncr,chili_red,274.5,,,prevailing,1
2025-10-13,ncr,chili_red,272.11,,,prevailing,1
2025-10-20,ncr,chili_red,278,,,prevailing,1
2025-10-27,ncr,chili_red,270.83,,,prevailing,1
2025-11-03,ncr,chili_red,352.06,,,prevailing,2
2025-11-10,ncr,chili_red,490,,,prevailing,1
2025-11-17,ncr,chili_red,486.67,,,prevailing,1
2025-11-24,ncr,chili_red,595.45,,,prevailing,1
2025-12-01,ncr,chili_red,575.45,,,prevailing,1
2025-12-08,ncr,chili_red,587.5,,,prevailing,1
2025-12-15,ncr,chili_red,646,,,prevailing,1
2025-12-22,ncr,chili_red,712.5,,,prevailing,1
2025-12-29,ncr,chili_red,633,,,prevailing,1
2026-01-05,ncr,chili_red,572.73,,,prevailing,1
2026-01-12,ncr,chili_red,554.17,,,prevailing,1
2026-01-19,ncr,chili_red,320,,,prevailing,1
2026-01-26,ncr,chili_red,276.67,,,prevailing,1
2026-02-02,ncr,chili_red,276.36,,,prevailing,1
2026-02-09,ncr,chili_red,216.67,,,prevailing,1
2026-02-16,ncr,chili_red,202,,,prevailing,1
2026-02-23,ncr,chili_red,190,,,prevailing,1
2026-03-02,ncr,chili_red,155.45,,,prevailing,1
2026-03-09,ncr,chili_red,180,,,prevailing,1
2026-03-16,ncr,chili_red,180,,,prevailing,1
2026-03-23,ncr,chili_red,166.13,,,prevailing,2
2026-03-30,ncr,chili_red,198.89,,,prevailing,1
2026-04-06,ncr,chili_red,185.83,,,prevailing,1
2026-04-13,ncr,chili_red,165.56,,,prevailing,1
2026-04-20,ncr,chili_red,131.43,,,prevailing,1
2026-04-27,ncr,chili_red,141.11,,,prevailing,1
2026-05-04,ncr,chili_red,120.56,,,prevailing,1
2026-05-11,ncr,chili_red,122.94,,,prevailing,1
2026-05-18,ncr,chili_red,128.42,,,prevailing,1
2026-05-25,ncr,chili_red,137.37,,,prevailing,1
2026-06-01,ncr,chili_red,149.47,,,prevailing,1
2026-06-08,ncr,chili_red,191.11,,,prevailing,1
2026-06-15,ncr,chili_red,191.88,,,prevailing,1
2026-06-22,ncr,chili_red,202.48,,,prevailing,1
2026-06-29,ncr,chili_red,194.64,,,prevailing,1
2026-09-28,ncr,chili_red,225.69,,,prevailing,2
2020-11-02,ncr,eggplant,110,80,150,prevailing,4
2020-11-09,ncr,eggplant,105,80,150,prevailing,4
2020-11-16,ncr,eggplant,166,100,200,prevailing,5
2020-11-23,ncr,eggplant,146,100,200,prevailing,5
2020-11-30,ncr,eggplant,125,100,160,prevailing,4
2020-12-07,ncr,eggplant,100,60,150,prevailing,4
2020-12-14,ncr,eggplant,95,60,150,prevailing,4
2020-12-21,ncr,eggplant,100,80,120,prevailing,3
2020-12-28,ncr,eggplant,120,90,150,prevailing,2
2021-01-04,ncr,eggplant,154,100,200,prevailing,5
2021-01-11,ncr,eggplant,172,120,210,prevailing,5
2021-01-18,ncr,eggplant,140,80,200,prevailing,5
2021-01-25,ncr,eggplant,92,60,150,prevailing,5
2021-02-01,ncr,eggplant,96,60,140,prevailing,5
2021-02-08,ncr,eggplant,100,60,130,prevailing,5
2021-02-15,ncr,eggplant,94,70,120,prevailing,5
2021-02-22,ncr,eggplant,80,50,120,prevailing,5
2021-03-01,ncr,eggplant,76,50,100,prevailing,5
2021-03-08,ncr,eggplant,68,50,90,prevailing,5
2021-03-15,ncr,eggplant,64,50,90,prevailing,5
2021-03-22,ncr,eggplant,67,50,100,prevailing,5
2021-03-29,ncr,eggplant,70,60,100,prevailing,3
2021-04-05,ncr,eggplant,76,60,100,prevailing,5
2021-04-12,ncr,eggplant,70,50,100,prevailing,5
2021-04-19,ncr,eggplant,60,40,90,prevailing,5
2021-04-26,ncr,eggplant,54,40,90,prevailing,5
2021-05-03,ncr,eggplant,50,40,80,prevailing,4
2021-05-10,ncr,eggplant,54,35,80,prevailing,5
2021-05-17,ncr,eggplant,52,40,80,prevailing,5
2021-05-24,ncr,eggplant,54,30,90,prevailing,5
2021-05-31,ncr,eggplant,54,40,80,prevailing,5
2021-06-07,ncr,eggplant,52,40,100,prevailing,5
2021-06-14,ncr,eggplant,50,40,80,prevailing,5
2021-06-21,ncr,eggplant,56,35,100,prevailing,5
2021-06-28,ncr,eggplant,50,40,80,prevailing,5
2021-07-05,ncr,eggplant,50,40,100,prevailing,4
2021-07-12,ncr,eggplant,50,35,80,prevailing,5
2021-07-19,ncr,eggplant,56,40,80,prevailing,5
2021-07-26,ncr,eggplant,92,60,130,prevailing,5
2021-08-02,ncr,eggplant,100,80,150,prevailing,5
2021-08-09,ncr,eggplant,144,100,180,prevailing,5
2021-08-16,ncr,eggplant,116,80,160,prevailing,5
2021-08-23,ncr,eggplant,88,50,140,prevailing,5
2021-08-30,ncr,eggplant,58,40,100,prevailing,5
2021-09-06,ncr,eggplant,54,,,prevailing,5
2021-09-13,ncr,eggplant,60,,,prevailing,5
2021-09-20,ncr,eggplant,61,,,prevailing,5
2021-09-27,ncr,eggplant,98,,,prevailing,5
2021-10-04,ncr,eggplant,96.67,,,prevailing,3
2021-10-11,ncr,eggplant,80,,,prevailing,5
2021-10-18,ncr,eggplant,78,,,prevailing,5
2021-10-25,ncr,eggplant,90,,,prevailing,1
2022-01-03,ncr,eggplant,80,,,prevailing,4
2022-01-10,ncr,eggplant,80,,,prevailing,5
2022-01-17,ncr,eggplant,80,,,prevailing,5
2022-01-24,ncr,eggplant,66,,,prevailing,5
2022-01-31,ncr,eggplant,64,,,prevailing,5
2022-02-07,ncr,eggplant,60,,,prevailing,5
2022-02-14,ncr,eggplant,62.5,,,prevailing,4
2022-02-21,ncr,eggplant,70,,,prevailing,5
2022-02-28,ncr,eggplant,72,,,prevailing,5
2022-03-07,ncr,eggplant,72,,,prevailing,5
2022-03-14,ncr,eggplant,70,,,prevailing,5
2022-03-21,ncr,eggplant,59,,,prevailing,5
2022-03-28,ncr,eggplant,54,,,prevailing,5
2022-04-04,ncr,eggplant,60,,,prevailing,5
2022-04-11,ncr,eggplant,76.67,,,prevailing,3
2022-04-18,ncr,eggplant,78,,,prevailing,5
2022-04-25,ncr,eggplant,68,,,prevailing,5
2022-05-02,ncr,eggplant,72,,,prevailing,5
2022-05-09,ncr,eggplant,67.5,,,prevailing,4
2022-05-16,ncr,eggplant,62,,,prevailing,5
2022-05-23,ncr,eggplant,60,,,prevailing,5
2022-05-30,ncr,eggplant,84,,,prevailing,5
2022-06-06,ncr,eggplant,120,,,prevailing,5
2022-06-13,ncr,eggplant,100,,,prevailing,5
2022-06-20,ncr,eggplant,85,,,prevailing,5
2022-06-27,ncr,eggplant,73,,,prevailing,5
2022-07-04,ncr,eggplant,76,,,prevailing,5
2022-07-11,ncr,eggplant,80,,,prevailing,5
2022-07-18,ncr,eggplant,100,,,prevailing,5
2022-07-25,ncr,eggplant,96,,,prevailing,5
2022-08-01,ncr,eggplant,88,,,prevailing,5
2022-08-08,ncr,eggplant,79,,,prevailing,5
2022-08-15,ncr,eggplant,70,,,prevailing,5
2022-08-22,ncr,eggplant,80,,,prevailing,5
2022-08-29,ncr,eggplant,80,,,prevailing,5
2022-09-05,ncr,eggplant,80,,,prevailing,5
2022-09-12,ncr,eggplant,80,,,prevailing,4
2022-09-19,ncr,eggplant,80,,,prevailing,4
2022-09-26,ncr,eggplant,86,,,prevailing,5
2022-10-03,ncr,eggplant,82,,,prevailing,5
2022-10-10,ncr,eggplant,100,,,prevailing,5
2022-10-17,ncr,eggplant,108,,,prevailing,5
2022-10-24,ncr,eggplant,104,,,prevailing,5
2022-10-31,ncr,eggplant,115,,,prevailing,4
2022-11-07,ncr,eggplant,138,,,prevailing,5
2022-11-14,ncr,eggplant,140,,,prevailing,5
2022-11-21,ncr,eggplant,132,,,prevailing,5
2022-11-28,ncr,eggplant,118,,,prevailing,5
2022-12-05,ncr,eggplant,94,,,prevailing,5
2022-12-12,ncr,eggplant,80,,,prevailing,5
2022-12-19,ncr,eggplant,82,,,prevailing,5
2022-12-26,ncr,eggplant,114,90,150,midpoint,5
2023-01-02,ncr,eggplant,124,80,160,midpoint,5
2023-01-09,ncr,eggplant,136,100,160,midpoint,5
2023-01-16,ncr,eggplant,128,90,160,midpoint,5
2023-01-23,ncr,eggplant,124,90,150,midpoint,5
2023-01-30,ncr,eggplant,118,80,150,midpoint,5
2023-02-06,ncr,eggplant,112,80,140,midpoint,5
2023-02-13,ncr,eggplant,90,60,120,midpoint,5
2023-02-20,ncr,eggplant,81,50,120,midpoint,5
2023-02-27,ncr,eggplant,82.5,50,120,midpoint,5
2023-03-06,ncr,eggplant,80,60,100,midpoint,5
2023-03-13,ncr,eggplant,94,70,120,midpoint,5
2023-03-20,ncr,eggplant,80,60,100,midpoint,5
2023-03-27,ncr,eggplant,71,50,100,midpoint,5
2023-04-03,ncr,eggplant,71.67,50,100,midpoint,3
2023-04-10,ncr,eggplant,78.75,50,100,midpoint,4
2023-04-17,ncr,eggplant,79.5,60,100,midpoint,5
2023-04-24,ncr,eggplant,79,50,110,midpoint,5
2023-05-01,ncr,eggplant,88.75,70,110,midpoint,4
2023-05-08,ncr,eggplant,90,60,120,midpoint,5
2023-05-15,ncr,eggplant,77,50,120,midpoint,5
2023-05-22,ncr,eggplant,68,40,100,midpoint,5
2023-05-29,ncr,eggplant,69.5,45,90,midpoint,5
2023-06-05,ncr,eggplant,80,50,100,midpoint,3
2023-06-12,ncr,eggplant,90,60,120,midpoint,1
2023-06-19,ncr,eggplant,83.75,60,100,midpoint,4
2023-06-26,ncr,eggplant,86.25,60,120,midpoint,4
2023-07-03,ncr,eggplant,91,60,120,midpoint,5
2023-07-10,ncr,eggplant,87,50,120,midpoint,5
2023-07-17,ncr,eggplant,86,60,120,midpoint,5
2023-07-24,ncr,eggplant,87.5,50,120,midpoint,4
2023-07-31,ncr,eggplant,123,80,160,midpoint,5
2023-08-07,ncr,eggplant,125,100,150,midpoint,5
2023-08-14,ncr,eggplant,128,100,170,midpoint,5
2023-08-21,ncr,eggplant,111,60,170,midpoint,5
2023-08-28,ncr,eggplant,87.5,50,130,midpoint,5
2023-09-04,ncr,eggplant,91,50,120,midpoint,5
2023-09-11,ncr,eggplant,121,80,150,midpoint,5
2023-09-18,ncr,eggplant,135,100,180,midpoint,5
2023-09-25,ncr,eggplant,101,60,140,midpoint,5
2023-10-02,ncr,eggplant,91,50,130,midpoint,5
2023-10-09,ncr,eggplant,90,60,120,midpoint,5
2023-10-16,ncr,eggplant,90,60,120,midpoint,5
2023-10-23,ncr,eggplant,83,60,120,midpoint,5
2023-10-30,ncr,eggplant,85,60,120,midpoint,4
2023-11-06,ncr,eggplant,104,60,150,midpoint,5
2023-11-13,ncr,eggplant,111,70,150,midpoint,5
2023-11-20,ncr,eggplant,111,70,150,midpoint,5
2023-11-27,ncr,eggplant,107.5,70,140,midpoint,4
2023-12-04,ncr,eggplant,104,70,140,midpoint,5
2023-12-11,ncr,eggplant,101.88,60,140,midpoint,4
2023-12-18,ncr,eggplant,103.5,50,140,midpoint,5
2023-12-25,ncr,eggplant,98.75,40,140,midpoint,4
2024-01-01,ncr,eggplant,103.75,70,150,midpoint,4
2024-01-08,ncr,eggplant,115,50,160,midpoint,5
2024-01-15,ncr,eggplant,117.5,80,150,midpoint,5
2024-01-22,ncr,eggplant,112,80,140,midpoint,5
2024-01-29,ncr,eggplant,98.5,70,140,midpoint,5
2024-02-05,ncr,eggplant,89,60,130,midpoint,5
2024-02-12,ncr,eggplant,80.5,50,120,midpoint,5
2024-02-19,ncr,eggplant,88,50,120,midpoint,5
2024-02-26,ncr,eggplant,83.5,50,120,midpoint,5
2024-03-04,ncr,eggplant,86.88,60,120,midpoint,4
2024-03-11,ncr,eggplant,83,65,100,midpoint,5
2024-03-18,ncr,eggplant,85.5,70,105,midpoint,5
2024-03-25,ncr,eggplant,86.67,70,105,midpoint,3
2024-04-01,ncr,eggplant,93,50,120,midpoint,5
2024-04-08,ncr,eggplant,83.33,50,120,midpoint,3
2024-04-15,ncr,eggplant,85,50,120,midpoint,6
2024-04-22,ncr,eggplant,85,50,120,midpoint,6
2024-04-29,ncr,eggplant,83.33,50,120,midpoint,6
2024-05-06,ncr,eggplant,89.17,50,120,midpoint,6
2024-05-13,ncr,eggplant,90.83,60,120,midpoint,6
2024-05-20,ncr,eggplant,93.75,55,130,midpoint,6
2024-05-27,ncr,eggplant,88.75,50,120,midpoint,6
2024-06-03,ncr,eggplant,90,55,130,midpoint,6
2024-06-10,ncr,eggplant,86.67,50,120,midpoint,6
2024-06-17,ncr,eggplant,88.75,50,130,midpoint,6
2024-06-24,ncr,eggplant,86.67,50,120,midpoint,6
2024-07-01,ncr,eggplant,85.83,50,120,midpoint,6
2024-07-08,ncr,eggplant,95,60,140,midpoint,6
2024-07-15,ncr,eggplant,107.08,70,150,midpoint,6
2024-07-22,ncr,eggplant,113.33,75,150,midpoint,6
2024-07-29,ncr,eggplant,131.67,90,180,midpoint,6
2024-08-05,ncr,eggplant,135.83,100,180,midpoint,6
2024-08-12,ncr,eggplant,135.83,90,180,midpoint,6
2024-08-19,ncr,eggplant,97.5,50,150,midpoint,6
2024-08-26,ncr,eggplant,79.17,40,120,midpoint,6
2024-09-02,ncr,eggplant,72.92,40,100,midpoint,6
2024-09-09,ncr,eggplant,104.17,70,150,midpoint,6
2024-09-16,ncr,eggplant,134.17,70,180,midpoint,6
2024-09-23,ncr,eggplant,164.17,110,220,midpoint,6
2024-09-30,ncr,eggplant,132,90,180,midpoint,5
2024-10-07,ncr,eggplant,130,90,180,midpoint,5
2024-10-14,ncr,eggplant,91.67,50,140,midpoint,6
2024-10-21,ncr,eggplant,80,40,120,midpoint,5
2024-10-28,ncr,eggplant,121,80,160,midpoint,5
2024-11-04,ncr,eggplant,131.67,90,180,midpoint,6
2024-11-11,ncr,eggplant,175,120,220,midpoint,5
2024-11-18,ncr,eggplant,190,150,230,midpoint,6
2024-11-25,ncr,eggplant,172.5,110,230,midpoint,6
2024-12-02,ncr,eggplant,144,100,180,midpoint,5
2024-12-09,ncr,eggplant,117,70,160,midpoint,5
2024-12-16,ncr,eggplant,113,70,150,midpoint,5
2024-12-23,ncr,eggplant,122,70,160,midpoint,5
2024-12-30,ncr,eggplant,126.25,90,160,midpoint,4
2025-01-06,ncr,eggplant,154,100,200,midpoint,5
2025-01-13,ncr,eggplant,164.06,110,200,average,6
2025-01-20,ncr,eggplant,156.91,100,200,average,6
2025-01-27,ncr,eggplant,135.54,80,180,average,6
2025-02-03,ncr,eggplant,116,60,160,average,6
2025-02-10,ncr,eggplant,95.83,50,150,prevailing,6
2025-02-17,ncr,eggplant,80,50,130,prevailing,6
2025-02-24,ncr,eggplant,95,50,150,prevailing,6
2025-03-03,ncr,eggplant,130,70,170,prevailing,6
2025-03-10,ncr,eggplant,120,70,160,prevailing,6
2025-03-17,ncr,eggplant,110,60,150,prevailing,6
2025-03-24,ncr,eggplant,100,50,130,prevailing,6
2025-03-31,ncr,eggplant,81.49,50,120,prevailing,6
2025-04-07,ncr,eggplant,80,40,120,prevailing,6
2025-04-14,ncr,eggplant,80,40,120,prevailing,3
2025-04-21,ncr,eggplant,120,70,150,prevailing,6
2025-04-28,ncr,eggplant,111.48,70,150,prevailing,6
2025-05-05,ncr,eggplant,97.5,50,150,prevailing,7
2025-05-12,ncr,eggplant,97.5,50,130,prevailing,7
2025-05-19,ncr,eggplant,95.62,50,130,prevailing,7
2025-05-26,ncr,eggplant,99.86,60,130,prevailing,7
2025-06-02,ncr,eggplant,98.81,50,130,prevailing,7
2025-06-09,ncr,eggplant,91.9,50,130,prevailing,7
2025-06-16,ncr,eggplant,108,70,140,prevailing,7
2025-06-23,ncr,eggplant,120.95,80,160,prevailing,7
2025-06-30,ncr,eggplant,118.62,70,150,prevailing,7
2025-07-07,ncr,eggplant,119.05,70,150,prevailing,7
2025-07-14,ncr,eggplant,118.66,70,150,prevailing,7
2025-07-21,ncr,eggplant,139.52,80,180,prevailing,7
2025-07-28,ncr,eggplant,154.9,100,200,prevailing,7
2025-08-04,ncr,eggplant,192.62,120,250,prevailing,7
2025-08-11,ncr,eggplant,164.69,100,230,prevailing,7
2025-08-18,ncr,eggplant,109.13,50,200,prevailing,7
2025-08-25,ncr,eggplant,80.53,40,140,prevailing,7
2025-09-01,ncr,eggplant,79.29,40,100,prevailing,7
2025-09-08,ncr,eggplant,81.43,50,120,prevailing,7
2025-09-15,ncr,eggplant,92.65,50,130,prevailing,7
2025-09-22,ncr,eggplant,112.65,55,160,prevailing,7
2025-09-29,ncr,eggplant,126.25,90,160,prevailing,7
2025-10-06,ncr,eggplant,146.21,110,190,prevailing,7
2025-10-13,ncr,eggplant,139.86,80,170,prevailing,7
2025-10-20,ncr,eggplant,119.29,70,170,prevailing,7
2025-10-27,ncr,eggplant,115.77,60,160,prevailing,7
2025-11-03,ncr,eggplant,101.37,60,140,prevailing,7
2025-11-10,ncr,eggplant,141.19,70,240,prevailing,7
2025-11-17,ncr,eggplant,201.14,80,260,prevailing,7
2025-11-24,ncr,eggplant,201.07,80,260,prevailing,7
2025-12-01,ncr,eggplant,199.29,100,260,prevailing,7
2025-12-08,ncr,eggplant,168.1,100,220,prevailing,7
2025-12-15,ncr,eggplant,144.16,100,190,prevailing,7
2025-12-22,ncr,eggplant,122.62,80,180,prevailing,7
2025-12-29,ncr,eggplant,111.75,80,160,prevailing,7
2026-01-05,ncr,eggplant,132.47,80,180,prevailing,7
2026-01-12,ncr,eggplant,138.57,90,180,prevailing,7
2026-01-19,ncr,eggplant,128.44,60,160,prevailing,7
2026-01-26,ncr,eggplant,115.42,60,160,prevailing,7
2026-02-02,ncr,eggplant,99.87,50,150,prevailing,7
2026-02-09,ncr,eggplant,83.21,50,120,prevailing,7
2026-02-16,ncr,eggplant,79.36,40,120,prevailing,7
2026-02-23,ncr,eggplant,79.16,60,90,prevailing,7
2026-03-02,ncr,eggplant,79.48,40,100,prevailing,7
2026-03-09,ncr,eggplant,80.71,55,90,prevailing,7
2026-03-16,ncr,eggplant,94.03,50,140,prevailing,7
2026-03-23,ncr,eggplant,96.39,50,130,prevailing,7
2026-03-30,ncr,eggplant,82.38,40,130,prevailing,7
2026-04-06,ncr,eggplant,78.75,40,120,prevailing,7
2026-04-13,ncr,eggplant,78.02,30,100,prevailing,7
2026-04-20,ncr,eggplant,79.08,40,100,prevailing,7
2026-04-27,ncr,eggplant,79.66,40,120,prevailing,7
2026-05-04,ncr,eggplant,79.48,45,120,prevailing,7
2026-05-11,ncr,eggplant,80.5,55,120,prevailing,7
2026-05-18,ncr,eggplant,80.29,50,130,prevailing,7
2026-05-25,ncr,eggplant,80.53,50,130,prevailing,7
2026-06-01,ncr,eggplant,81.07,50,130,prevailing,7
2026-06-08,ncr,eggplant,98.5,50,130,prevailing,7
2026-06-15,ncr,eggplant,86.68,50,130,prevailing,7
2026-06-22,ncr,eggplant,105.62,50,160,prevailing,7
2026-06-29,ncr,eggplant,90.44,50,130,prevailing,7
2026-07-06,ncr,eggplant,91.43,50,130,prevailing,7
2026-07-13,ncr,eggplant,97.14,40,160,prevailing,7
2026-07-20,ncr,eggplant,120,60,160,prevailing,7
2026-07-27,ncr,eggplant,120,70,150,prevailing,7
2026-08-03,ncr,eggplant,111.43,70,150,prevailing,7
2026-08-10,ncr,eggplant,145.71,70,200,prevailing,7
2026-08-17,ncr,eggplant,191.43,100,250,prevailing,7
2026-08-24,ncr,eggplant,200,80,260,prevailing,7
2026-08-31,ncr,eggplant,197.14,100,260,prevailing,7
2026-09-07,ncr,eggplant,158.57,80,250,prevailing,7
2026-09-14,ncr,eggplant,128.57,80,180,prevailing,7
2026-09-21,ncr,eggplant,120,70,180,prevailing,7
2026-09-28,ncr,eggplant,115.91,40,200,prevailing,7
2020-11-02,ncr,galunggong_imported,243.33,220,260,prevailing,3
2020-11-16,ncr,galunggong_imported,240,180,280,prevailing,5
2020-11-23,ncr,galunggong_imported,252,220,320,prevailing,5
2020-11-30,ncr,galunggong_imported,240,200,280,prevailing,4
2020-12-07,ncr,galunggong_imported,240,200,300,prevailing,4
2020-12-14,ncr,galunggong_imported,240,240,280,prevailing,4
2020-12-21,ncr,galunggong_imported,226.67,160,280,prevailing,3
2020-12-28,ncr,galunggong_imported,240,220,280,prevailing,2
2021-01-04,ncr,galunggong_imported,244,180,280,prevailing,5
2021-01-11,ncr,galunggong_imported,240,200,280,prevailing,5
2021-01-18,ncr,galunggong_imported,240,200,280,prevailing,5
2021-01-25,ncr,galunggong_imported,240,200,280,prevailing,5
2021-02-01,ncr,galunggong_imported,232,150,260,prevailing,5
2021-02-08,ncr,galunggong_imported,228,180,260,prevailing,5
2021-02-15,ncr,galunggong_imported,232,150,250,prevailing,5
2021-02-22,ncr,galunggong_imported,220,150,240,prevailing,5
2021-03-01,ncr,galunggong_imported,236,200,260,prevailing,5
2021-03-08,ncr,galunggong_imported,216,160,260,prevailing,5
2021-03-15,ncr,galunggong_imported,216,160,260,prevailing,5
2021-03-22,ncr,galunggong_imported,224,180,260,prevailing,5
2021-03-29,ncr,galunggong_imported,226.67,200,240,prevailing,3
2021-04-05,ncr,galunggong_imported,216,200,260,prevailing,5
2021-04-12,ncr,galunggong_imported,196,160,240,prevailing,5
2021-07-19,ncr,galunggong_imported,180,160,180,prevailing,1
2021-07-26,ncr,galunggong_imported,196,170,240,prevailing,5
2021-08-02,ncr,galunggong_imported,216,200,240,prevailing,5
2021-08-16,ncr,galunggong_imported,200,200,200,prevailing,1
2021-09-20,ncr,galunggong_imported,240,,,prevailing,2
2021-09-27,ncr,galunggong_imported,224,,,prevailing,5
2021-10-04,ncr,galunggong_imported,213.33,,,prevailing,3
2021-10-11,ncr,galunggong_imported,220,,,prevailing,5
2021-10-18,ncr,galunggong_imported,228,,,prevailing,5
2021-10-25,ncr,galunggong_imported,240,,,prevailing,1
2022-01-03,ncr,galunggong_imported,230,,,prevailing,4
2022-01-10,ncr,galunggong_imported,236,,,prevailing,5
2022-01-17,ncr,galunggong_imported,236,,,prevailing,5
2022-01-24,ncr,galunggong_imported,200,,,prevailing,5
2022-01-31,ncr,galunggong_imported,200,,,prevailing,5
2022-02-07,ncr,galunggong_imported,212,,,prevailing,5
2022-02-14,ncr,galunggong_imported,225,,,prevailing,4
2022-02-21,ncr,galunggong_imported,210,,,prevailing,4
2022-02-28,ncr,galunggong_imported,196,,,prevailing,5
2022-03-07,ncr,galunggong_imported,195,,,prevailing,4
2022-03-14,ncr,galunggong_imported,228,,,prevailing,5
2022-03-21,ncr,galunggong_imported,240,,,prevailing,5
2022-03-28,ncr,galunggong_imported,190,,,prevailing,4
2022-04-04,ncr,galunggong_imported,198,,,prevailing,5
2022-04-11,ncr,galunggong_imported,196.67,,,prevailing,3
2022-04-18,ncr,galunggong_imported,231,,,prevailing,5
2022-04-25,ncr,galunggong_imported,226.67,,,prevailing,3
2022-05-02,ncr,galunggong_imported,240,,,prevailing,2
2022-05-09,ncr,galunggong_imported,200,,,prevailing,2
2022-05-16,ncr,galunggong_imported,233.75,,,prevailing,4
2022-05-23,ncr,galunggong_imported,240,,,prevailing,1
2022-06-20,ncr,galunggong_imported,216,,,prevailing,5
2022-07-04,ncr,galunggong_imported,223,,,prevailing,5
2022-07-11,ncr,galunggong_imported,200,,,prevailing,5
2022-07-18,ncr,galunggong_imported,200,,,prevailing,2
2022-08-08,ncr,galunggong_imported,220,,,prevailing,3
2022-08-15,ncr,galunggong_imported,204,,,prevailing,5
2022-08-22,ncr,galunggong_imported,220,,,prevailing,5
2022-08-29,ncr,galunggong_imported,200,,,prevailing,5
2022-09-05,ncr,galunggong_imported,202,,,prevailing,5
2022-09-12,ncr,galunggong_imported,200,,,prevailing,4
2022-09-19,ncr,galunggong_imported,193.75,,,prevailing,4
2022-09-26,ncr,galunggong_imported,200,,,prevailing,5
2022-10-03,ncr,galunggong_imported,200,,,prevailing,5
2022-10-10,ncr,galunggong_imported,196,,,prevailing,5
2022-10-17,ncr,galunggong_imported,200,,,prevailing,5
2022-10-24,ncr,galunggong_imported,200,,,prevailing,5
2022-10-31,ncr,galunggong_imported,197.5,,,prevailing,4
2022-11-07,ncr,galunggong_imported,200,,,prevailing,5
2022-11-14,ncr,galunggong_imported,200,,,prevailing,5
2022-11-21,ncr,galunggong_imported,200,,,prevailing,5
2022-11-28,ncr,galunggong_imported,200,,,prevailing,5
2022-12-05,ncr,galunggong_imported,240,,,prevailing,5
2022-12-12,ncr,galunggong_imported,240,,,prevailing,5
2022-12-19,ncr,galunggong_imported,236,,,prevailing,5
2022-12-26,ncr,galunggong_imported,236,200,280,midpoint,5
2023-01-02,ncr,galunggong_imported,242,200,260,midpoint,5
2023-01-09,ncr,galunggong_imported,240,200,260,midpoint,5
2023-01-16,ncr,galunggong_imported,244,220,260,midpoint,5
2023-01-23,ncr,galunggong_imported,241,220,260,midpoint,5
2023-01-30,ncr,galunggong_imported,258,220,360,midpoint,5
2023-02-06,ncr,galunggong_imported,246,220,260,midpoint,5
2023-02-13,ncr,galunggong_imported,240,200,260,midpoint,5
2023-02-20,ncr,galunggong_imported,232,200,260,midpoint,5
2023-02-27,ncr,galunggong_imported,218,200,240,midpoint,5
2023-03-06,ncr,galunggong_imported,217.5,200,260,midpoint,4
2023-03-13,ncr,galunggong_imported,226,200,280,midpoint,5
2023-03-20,ncr,galunggong_imported,213.33,200,240,midpoint,3
2023-04-17,ncr,galunggong_imported,185,180,200,midpoint,4
2023-04-24,ncr,galunggong_imported,173.75,160,200,midpoint,4
2023-05-01,ncr,galunggong_imported,182.5,160,200,midpoint,4
2023-05-08,ncr,galunggong_imported,194,180,200,midpoint,5
2023-05-15,ncr,galunggong_imported,172,160,180,midpoint,5
2023-05-22,ncr,galunggong_imported,159,140,180,midpoint,5
2023-05-29,ncr,galunggong_imported,186,160,240,midpoint,5
2023-06-05,ncr,galunggong_imported,195,180,200,midpoint,2
2023-06-12,ncr,galunggong_imported,200,200,200,midpoint,1
2023-06-19,ncr,galunggong_imported,193.33,180,200,midpoint,3
2023-06-26,ncr,galunggong_imported,200,160,300,midpoint,3
2023-07-03,ncr,galunggong_imported,196,180,200,midpoint,5
2023-07-10,ncr,galunggong_imported,196,180,200,midpoint,5
2023-07-17,ncr,galunggong_imported,195,180,200,midpoint,4
2023-07-24,ncr,galunggong_imported,210,200,240,midpoint,4
2023-07-31,ncr,galunggong_imported,218,200,240,midpoint,5
2023-08-07,ncr,galunggong_imported,200,200,200,midpoint,1
2023-08-14,ncr,galunggong_imported,197.5,180,200,midpoint,4
2023-08-21,ncr,galunggong_imported,200,200,200,midpoint,1
2023-08-28,ncr,galunggong_imported,227,200,260,midpoint,5
2023-09-04,ncr,galunggong_imported,246,200,360,midpoint,5
2023-09-11,ncr,galunggong_imported,220,200,240,midpoint,1
2023-09-18,ncr,galunggong_imported,225,200,260,midpoint,2
2023-09-25,ncr,galunggong_imported,230,200,240,midpoint,4
2023-10-02,ncr,galunggong_imported,242.5,220,260,midpoint,4
2023-10-09,ncr,galunggong_imported,360,360,360,midpoint,1
2023-10-16,ncr,galunggong_imported,245,200,260,midpoint,4
2023-10-30,ncr,galunggong_imported,240,240,240,midpoint,1
2023-11-06,ncr,galunggong_imported,214,140,260,midpoint,5
2023-11-13,ncr,galunggong_imported,224,180,260,midpoint,5
2023-11-20,ncr,galunggong_imported,224,180,280,midpoint,5
2023-11-27,ncr,galunggong_imported,220,180,260,midpoint,4
2023-12-04,ncr,galunggong_imported,220,180,260,midpoint,5
2023-12-11,ncr,galunggong_imported,225,180,280,midpoint,4
2023-12-18,ncr,galunggong_imported,219,180,260,midpoint,5
2023-12-25,ncr,galunggong_imported,217.5,180,260,midpoint,4
2024-01-01,ncr,galunggong_imported,217.5,180,260,midpoint,4
2024-01-08,ncr,galunggong_imported,227,170,300,midpoint,5
2024-01-15,ncr,galunggong_imported,222,180,260,midpoint,5
2024-01-22,ncr,galunggong_imported,232,180,260,midpoint,5
2024-01-29,ncr,galunggong_imported,220,180,260,midpoint,5
2024-02-05,ncr,galunggong_imported,224,180,300,midpoint,5
2024-02-12,ncr,galunggong_imported,220,180,260,midpoint,5
2024-02-19,ncr,galunggong_imported,220,180,260,midpoint,5
2024-02-26,ncr,galunggong_imported,220,180,260,midpoint,5
2024-03-04,ncr,galunggong_imported,195,180,200,prevailing,2
2024-03-11,ncr,galunggong_imported,190,180,200,midpoint,3
2024-03-18,ncr,galunggong_imported,190,180,200,midpoint,5
2024-03-25,ncr,galunggong_imported,180,,,prevailing,1
2024-04-01,ncr,galunggong_imported,200,,,prevailing,1
2024-04-29,ncr,galunggong_imported,240,200,360,prevailing,2
2024-05-27,ncr,galunggong_imported,260,,,prevailing,2
2024-07-22,ncr,galunggong_imported,230,200,240,prevailing,2
2024-08-12,ncr,galunggong_imported,220,,,prevailing,2
2024-09-02,ncr,galunggong_imported,212.5,200,300,prevailing,4
2024-09-09,ncr,galunggong_imported,220,200,240,midpoint,1
2024-09-30,ncr,galunggong_imported,260,,,prevailing,4
2024-10-07,ncr,galunggong_imported,250,240,260,midpoint,1
2024-10-14,ncr,galunggong_imported,250,210,300,midpoint,3
2024-10-21,ncr,galunggong_imported,262,240,300,midpoint,5
2024-10-28,ncr,galunggong_imported,248,220,280,midpoint,5
2024-11-04,ncr,galunggong_imported,250,240,280,midpoint,6
2024-11-11,ncr,galunggong_imported,236,200,260,prevailing,5
2024-11-18,ncr,galunggong_imported,250,220,280,midpoint,6
2024-11-25,ncr,galunggong_imported,245,200,260,midpoint,6
2024-12-02,ncr,galunggong_imported,252,220,280,midpoint,5
2024-12-09,ncr,galunggong_imported,258,240,280,midpoint,5
2024-12-16,ncr,galunggong_imported,258,240,280,midpoint,5
2024-12-23,ncr,galunggong_imported,264,240,300,midpoint,5
2024-12-30,ncr,galunggong_imported,265,240,300,midpoint,4
2025-01-06,ncr,galunggong_imported,268,240,300,midpoint,5
2025-01-13,ncr,galunggong_imported,270.39,200,320,average,6
2025-01-20,ncr,galunggong_imported,274.98,240,320,average,6
2025-01-27,ncr,galunggong_imported,270.21,240,320,average,6
2025-02-03,ncr,galunggong_imported,268.51,240,300,average,6
2025-02-10,ncr,galunggong_imported,278.33,240,320,prevailing,6
2025-02-17,ncr,galunggong_imported,300,260,340,prevailing,6
2025-02-24,ncr,galunggong_imported,296.67,280,320,prevailing,6
2025-03-03,ncr,galunggong_imported,278.33,250,300,prevailing,6
2025-03-10,ncr,galunggong_imported,298.33,280,300,prevailing,6
2025-03-17,ncr,galunggong_imported,300,,300,prevailing,4
2025-03-31,ncr,galunggong_imported,267.14,260,280,prevailing,7
2025-04-07,ncr,galunggong_imported,300,,,prevailing,1
2025-04-21,ncr,galunggong_imported,300,,,prevailing,1
2025-04-28,ncr,galunggong_imported,270,,,prevailing,1
2025-06-30,ncr,galunggong_imported,265,260,270,prevailing,1
2025-07-07,ncr,galunggong_imported,240,,240,prevailing,3
2025-07-14,ncr,galunggong_imported,260,,260,prevailing,1
2025-07-28,ncr,galunggong_imported,270,260,300,prevailing,2
2025-08-04,ncr,galunggong_imported,200,,200,prevailing,1
2025-09-08,ncr,galunggong_imported,360,360,380,prevailing,1
2025-09-22,ncr,galunggong_imported,324.17,280,400,prevailing,3
2025-11-03,ncr,galunggong_imported,307,280,320,prevailing,5
2025-11-10,ncr,galunggong_imported,302.86,280,370,prevailing,7
2025-11-17,ncr,galunggong_imported,301.9,260,360,prevailing,7
2025-11-24,ncr,galunggong_imported,304,270,380,prevailing,7
2025-12-01,ncr,galunggong_imported,302.38,280,370,prevailing,7
2025-12-08,ncr,galunggong_imported,302.86,280,350,prevailing,7
2025-12-15,ncr,galunggong_imported,303.33,280,360,prevailing,7
2025-12-22,ncr,galunggong_imported,300.57,280,350,prevailing,7
2025-12-29,ncr,galunggong_imported,301.9,280,340,prevailing,7
2026-01-05,ncr,galunggong_imported,303.57,260,360,prevailing,7
2026-01-12,ncr,galunggong_imported,304.29,260,360,prevailing,7
2026-01-19,ncr,galunggong_imported,302.14,280,350,prevailing,7
2026-01-26,ncr,galunggong_imported,301.43,260,400,prevailing,7
2026-02-02,ncr,galunggong_imported,300.95,260,360,prevailing,7
2026-02-09,ncr,galunggong_imported,300,240,360,prevailing,7
2026-02-16,ncr,galunggong_imported,301.79,280,340,prevailing,7
2026-02-23,ncr,galunggong_imported,301.43,280,330,prevailing,7
2026-03-02,ncr,galunggong_imported,303.81,280,330,prevailing,7
2026-03-09,ncr,galunggong_imported,311.43,280,320,prevailing,7
2026-03-16,ncr,galunggong_imported,302.86,200,320,prevailing,7
2026-03-23,ncr,galunggong_imported,300.86,220,320,prevailing,7
2026-03-30,ncr,galunggong_imported,300,300,320,prevailing,1
2026-07-13,ncr,galunggong_imported,236.67,200,300,prevailing,6
2026-07-20,ncr,galunggong_imported,240,200,240,prevailing,4
2026-08-17,ncr,galunggong_imported,300,280,320,prevailing,3
2020-11-02,ncr,galunggong_local,240,200,280,prevailing,4
2020-11-09,ncr,galunggong_local,240,200,280,prevailing,4
2020-11-16,ncr,galunggong_local,244,180,280,prevailing,5
2020-11-23,ncr,galunggong_local,242,200,280,prevailing,5
2020-11-30,ncr,galunggong_local,240,240,300,prevailing,4
2020-12-07,ncr,galunggong_local,250,160,280,prevailing,4
2020-12-14,ncr,galunggong_local,260,200,280,prevailing,4
2020-12-21,ncr,galunggong_local,246.67,200,300,prevailing,3
2020-12-28,ncr,galunggong_local,250,180,280,prevailing,2
2021-01-04,ncr,galunggong_local,240,180,280,prevailing,5
2021-01-11,ncr,galunggong_local,240,110,300,prevailing,5
2021-01-18,ncr,galunggong_local,240,200,280,prevailing,5
2021-01-25,ncr,galunggong_local,236,180,280,prevailing,5
2021-02-01,ncr,galunggong_local,232,180,280,prevailing,5
2021-02-08,ncr,galunggong_local,240,180,280,prevailing,5
2021-02-15,ncr,galunggong_local,240,180,280,prevailing,5
2021-02-22,ncr,galunggong_local,240,180,280,prevailing,5
2021-03-01,ncr,galunggong_local,240,160,280,prevailing,5
2021-03-08,ncr,galunggong_local,232,180,280,prevailing,5
2021-03-15,ncr,galunggong_local,240,140,300,prevailing,5
2021-03-22,ncr,galunggong_local,196,160,280,prevailing,5
2021-03-29,ncr,galunggong_local,200,180,300,prevailing,3
2021-04-05,ncr,galunggong_local,232,160,280,prevailing,5
2021-04-12,ncr,galunggong_local,224,140,280,prevailing,5
2021-04-19,ncr,galunggong_local,208,140,260,prevailing,5
2021-04-26,ncr,galunggong_local,200,160,260,prevailing,5
2021-05-03,ncr,galunggong_local,200,160,240,prevailing,4
2021-05-10,ncr,galunggong_local,216,100,240,prevailing,5
2021-05-17,ncr,galunggong_local,200,140,280,prevailing,5
2021-05-24,ncr,galunggong_local,200,160,240,prevailing,5
2021-05-31,ncr,galunggong_local,200,160,280,prevailing,5
2021-06-07,ncr,galunggong_local,200,160,260,prevailing,5
2021-06-14,ncr,galunggong_local,198,140,260,prevailing,5
2021-06-21,ncr,galunggong_local,200,130,240,prevailing,5
2021-06-28,ncr,galunggong_local,200,160,240,prevailing,5
2021-07-05,ncr,galunggong_local,200,160,240,prevailing,4
2021-07-12,ncr,galunggong_local,200,160,280,prevailing,5
2021-07-19,ncr,galunggong_local,208,150,280,prevailing,5
2021-07-26,ncr,galunggong_local,240,180,300,prevailing,5
2021-08-02,ncr,galunggong_local,240,180,280,prevailing,5
2021-08-09,ncr,galunggong_local,240,180,300,prevailing,5
2021-08-16,ncr,galunggong_local,224,160,280,prevailing,5
2021-08-23,ncr,galunggong_local,232,160,260,prevailing,5
2021-08-30,ncr,galunggong_local,240,180,260,prevailing,5
2021-09-06,ncr,galunggong_local,240,,,prevailing,5
2021-09-13,ncr,galunggong_local,240,,,prevailing,5
2021-09-20,ncr,galunggong_local,240,,,prevailing,5
2021-09-27,ncr,galunggong_local,240,,,prevailing,5
2021-10-04,ncr,galunggong_local,240,,,prevailing,3
2021-10-11,ncr,galunggong_local,240,,,prevailing,5
2021-10-18,ncr,galunggong_local,240,,,prevailing,5
2021-10-25,ncr,galunggong_local,238.21,200,270,average,5
2021-11-01,ncr,galunggong_local,237.4,200,260,average,4
2021-11-08,ncr,galunggong_local,233.52,200,280,average,5
2021-11-15,ncr,galunggong_local,228.67,180,260,average,5
2021-11-22,ncr,galunggong_local,231.92,180,290,average,5
2021-11-29,ncr,galunggong_local,232.55,190,280,average,5
2021-12-06,ncr,galunggong_local,230.36,180,290,average,5
2021-12-13,ncr,galunggong_local,230.18,180,300,average,4
2021-12-20,ncr,galunggong_local,239.83,180,300,average,4
2021-12-27,ncr,galunggong_local,235.52,180,300,average,5
2022-01-03,ncr,galunggong_local,235,200,260,prevailing,5
2022-01-10,ncr,galunggong_local,228,,,prevailing,5
2022-01-17,ncr,galunggong_local,238,,,prevailing,5
2022-01-24,ncr,galunggong_local,240,,,prevailing,5
2022-01-31,ncr,galunggong_local,240,,,prevailing,5
2022-02-07,ncr,galunggong_local,240,,,prevailing,5
2022-02-14,ncr,galunggong_local,240,,,prevailing,4
2022-02-21,ncr,galunggong_local,240,,,prevailing,5
2022-02-28,ncr,galunggong_local,232,,,prevailing,5
2022-03-07,ncr,galunggong_local,232,,,prevailing,5
2022-03-14,ncr,galunggong_local,236,,,prevailing,5
2022-03-21,ncr,galunggong_local,240,,,prevailing,5
2022-03-28,ncr,galunggong_local,236,,,prevailing,5
2022-04-04,ncr,galunggong_local,240,,,prevailing,5
2022-04-11,ncr,galunggong_local,226.67,,,prevailing,3
2022-04-18,ncr,galunggong_local,236,,,prevailing,5
2022-04-25,ncr,galunggong_local,240,,,prevailing,5
2022-05-02,ncr,galunggong_local,236,,,prevailing,5
2022-05-09,ncr,galunggong_local,240,,,prevailing,4
2022-05-16,ncr,galunggong_local,240,,,prevailing,5
2022-05-23,ncr,galunggong_local,228,,,prevailing,5
2022-05-30,ncr,galunggong_local,232,,,prevailing,5
2022-06-06,ncr,galunggong_local,204,,,prevailing,5
2022-06-13,ncr,galunggong_local,232,,,prevailing,5
2022-06-20,ncr,galunggong_local,216,,,prevailing,5
2022-06-27,ncr,galunggong_local,216,,,prevailing,5
2022-07-04,ncr,galunggong_local,232,,,prevailing,5
2022-07-11,ncr,galunggong_local,240,,,prevailing,5
2022-07-18,ncr,galunggong_local,232,,,prevailing,5
2022-07-25,ncr,galunggong_local,234,,,prevailing,5
2022-08-01,ncr,galunggong_local,240,,,prevailing,5
2022-08-08,ncr,galunggong_local,240,,,prevailing,5
2022-08-15,ncr,galunggong_local,240,,,prevailing,5
2022-08-22,ncr,galunggong_local,240,,,prevailing,5
2022-08-29,ncr,galunggong_local,240,,,prevailing,5
2022-09-05,ncr,galunggong_local,240,,,prevailing,5
2022-09-12,ncr,galunggong_local,242.5,,,prevailing,4
2022-09-19,ncr,galunggong_local,240,,,prevailing,4
2022-09-26,ncr,galunggong_local,240,,,prevailing,5
2022-10-03,ncr,galunggong_local,236,,,prevailing,5
2022-10-10,ncr,galunggong_local,240,,,prevailing,5
2022-10-17,ncr,galunggong_local,240,,,prevailing,5
2022-10-24,ncr,galunggong_local,240,,,prevailing,5
2022-10-31,ncr,galunggong_local,240,,,prevailing,4
2022-11-07,ncr,galunggong_local,240,,,prevailing,5
2022-11-14,ncr,galunggong_local,240,,,prevailing,5
2022-11-21,ncr,galunggong_local,242,,,prevailing,5
2022-11-28,ncr,galunggong_local,240,,,prevailing,5
2022-12-05,ncr,galunggong_local,240,,,prevailing,5
2022-12-12,ncr,galunggong_local,240,,,prevailing,5
2022-12-19,ncr,galunggong_local,240,,,prevailing,5
2022-12-26,ncr,galunggong_local,244,220,280,midpoint,5
2023-01-02,ncr,galunggong_local,250,220,320,midpoint,5
2023-01-09,ncr,galunggong_local,244,220,280,midpoint,5
2023-01-16,ncr,galunggong_local,248,220,300,midpoint,5
2023-01-23,ncr,galunggong_local,240,200,280,midpoint,5
2023-01-30,ncr,galunggong_local,250,220,320,midpoint,5
2023-02-06,ncr,galunggong_local,251,220,300,midpoint,5
2023-02-13,ncr,galunggong_local,239,150,280,midpoint,5
2023-02-20,ncr,galunggong_local,246,200,280,midpoint,5
2023-02-27,ncr,galunggong_local,244,200,280,midpoint,5
2023-03-06,ncr,galunggong_local,248,200,280,midpoint,5
2023-03-13,ncr,galunggong_local,240,180,280,midpoint,5
2023-03-20,ncr,galunggong_local,236,180,280,midpoint,5
2023-03-27,ncr,galunggong_local,228,180,280,midpoint,5
2023-04-03,ncr,galunggong_local,233.33,180,280,midpoint,3
2023-04-10,ncr,galunggong_local,227.5,180,280,midpoint,4
2023-04-17,ncr,galunggong_local,219,160,290,midpoint,5
2023-04-24,ncr,galunggong_local,208,160,260,midpoint,5
2023-05-01,ncr,galunggong_local,217.5,160,280,midpoint,4
2023-05-08,ncr,galunggong_local,230,160,280,midpoint,5
2023-05-15,ncr,galunggong_local,215,150,280,midpoint,5
2023-05-22,ncr,galunggong_local,207,160,260,midpoint,5
2023-05-29,ncr,galunggong_local,213,110,300,midpoint,5
2023-06-05,ncr,galunggong_local,226.67,160,280,midpoint,3
2023-06-12,ncr,galunggong_local,220,180,260,midpoint,1
2023-06-19,ncr,galunggong_local,226.25,160,280,midpoint,4
2023-06-26,ncr,galunggong_local,217.5,160,280,midpoint,4
2023-07-03,ncr,galunggong_local,235,200,280,midpoint,5
2023-07-10,ncr,galunggong_local,227,200,260,midpoint,5
2023-07-17,ncr,galunggong_local,232,180,280,midpoint,5
2023-07-24,ncr,galunggong_local,242.89,200,280,midpoint,5
2023-07-31,ncr,galunggong_local,256,200,320,midpoint,5
2023-08-07,ncr,galunggong_local,244,200,280,midpoint,5
2023-08-14,ncr,galunggong_local,242,180,280,midpoint,5
2023-08-21,ncr,galunggong_local,238,180,280,midpoint,5
2023-08-28,ncr,galunggong_local,234,180,280,midpoint,5
2023-09-04,ncr,galunggong_local,258,200,300,midpoint,5
2023-09-11,ncr,galunggong_local,236,200,280,midpoint,5
2023-09-18,ncr,galunggong_local,236,140,280,midpoint,5
2023-09-25,ncr,galunggong_local,238,140,280,midpoint,5
2023-10-02,ncr,galunggong_local,240,160,280,midpoint,5
2023-10-09,ncr,galunggong_local,238,200,280,midpoint,5
2023-10-16,ncr,galunggong_local,248,200,280,midpoint,5
2023-10-23,ncr,galunggong_local,244,200,280,midpoint,5
2023-10-30,ncr,galunggong_local,247.5,200,280,midpoint,4
2023-11-06,ncr,galunggong_local,228,140,300,midpoint,5
2023-11-13,ncr,galunggong_local,250,200,320,midpoint,5
2023-11-20,ncr,galunggong_local,250,150,320,midpoint,5
2023-11-27,ncr,galunggong_local,247.5,180,300,midpoint,4
2023-12-04,ncr,galunggong_local,245,150,300,midpoint,5
2023-12-11,ncr,galunggong_local,255,200,320,midpoint,4
2023-12-18,ncr,galunggong_local,251,200,310,midpoint,5
2023-12-25,ncr,galunggong_local,260,200,320,midpoint,4
2024-01-01,ncr,galunggong_local,272.5,220,320,midpoint,4
2024-01-08,ncr,galunggong_local,268,180,380,midpoint,5
2024-01-15,ncr,galunggong_local,258,200,320,midpoint,5
2024-01-22,ncr,galunggong_local,258,200,320,midpoint,5
2024-01-29,ncr,galunggong_local,261,200,330,midpoint,5
2024-02-05,ncr,galunggong_local,258,200,320,midpoint,5
2024-02-12,ncr,galunggong_local,254,200,320,midpoint,5
2024-02-19,ncr,galunggong_local,253,200,300,midpoint,5
2024-02-26,ncr,galunggong_local,253,200,320,midpoint,5
2024-03-04,ncr,galunggong_local,232.28,150,300,midpoint,5
2024-03-11,ncr,galunggong_local,224,160,300,midpoint,5
2024-03-18,ncr,galunggong_local,238,180,300,midpoint,5
2024-03-25,ncr,galunggong_local,220,140,300,midpoint,3
2024-04-01,ncr,galunggong_local,220,140,300,midpoint,5
2024-04-08,ncr,galunggong_local,210,140,280,midpoint,3
2024-04-15,ncr,galunggong_local,210,120,320,midpoint,6
2024-04-22,ncr,galunggong_local,205.83,140,280,midpoint,6
2024-04-29,ncr,galunggong_local,210,120,280,midpoint,6
2024-05-06,ncr,galunggong_local,202.5,130,280,midpoint,6
2024-05-13,ncr,galunggong_local,190.83,150,230,midpoint,6
2024-05-20,ncr,galunggong_local,215,150,280,midpoint,6
2024-05-27,ncr,galunggong_local,226.67,160,300,midpoint,6
2024-06-03,ncr,galunggong_local,225.83,160,300,midpoint,6
2024-06-10,ncr,galunggong_local,226.67,180,280,midpoint,6
2024-06-17,ncr,galunggong_local,216.67,160,280,midpoint,6
2024-06-24,ncr,galunggong_local,215,160,280,midpoint,6
2024-07-01,ncr,galunggong_local,228.33,160,280,midpoint,6
2024-07-08,ncr,galunggong_local,226.67,160,280,midpoint,6
2024-07-15,ncr,galunggong_local,227.5,170,280,midpoint,6
2024-07-22,ncr,galunggong_local,249.17,180,300,midpoint,6
2024-07-29,ncr,galunggong_local,246.67,200,300,midpoint,6
2024-08-05,ncr,galunggong_local,230.83,180,280,midpoint,6
2024-08-12,ncr,galunggong_local,227.5,190,270,midpoint,6
2024-08-19,ncr,galunggong_local,228.33,180,280,midpoint,6
2024-08-26,ncr,galunggong_local,235,180,300,midpoint,6
2024-09-02,ncr,galunggong_local,245.83,170,320,midpoint,6
2024-09-09,ncr,galunggong_local,250,180,300,midpoint,6
2024-09-16,ncr,galunggong_local,285,200,400,midpoint,6
2024-09-23,ncr,galunggong_local,310,240,400,midpoint,6
2024-09-30,ncr,galunggong_local,296,240,360,midpoint,5
2024-10-07,ncr,galunggong_local,262,200,330,midpoint,5
2024-10-14,ncr,galunggong_local,269.17,220,350,midpoint,6
2024-10-21,ncr,galunggong_local,290,240,360,midpoint,5
2024-10-28,ncr,galunggong_local,274,200,360,midpoint,5
2024-11-04,ncr,galunggong_local,276.67,200,360,midpoint,6
2024-11-11,ncr,galunggong_local,274,200,340,midpoint,5
2024-11-18,ncr,galunggong_local,280,220,340,midpoint,6
2024-11-25,ncr,galunggong_local,270,200,320,midpoint,6
2024-12-02,ncr,galunggong_local,290,240,360,midpoint,5
2024-12-09,ncr,galunggong_local,290,240,360,midpoint,5
2024-12-16,ncr,galunggong_local,295,240,360,midpoint,5
2024-12-23,ncr,galunggong_local,288,200,360,midpoint,5
2024-12-30,ncr,galunggong_local,280,240,360,midpoint,4
2025-01-06,ncr,galunggong_local,285,240,360,midpoint,5
2025-01-13,ncr,galunggong_local,294.03,240,380,average,6
2025-01-20,ncr,galunggong_local,298.05,240,400,average,6
2025-01-27,ncr,galunggong_local,294.44,240,350,average,6
2025-02-03,ncr,galunggong_local,295.54,240,360,average,6
2025-02-10,ncr,galunggong_local,290,240,400,prevailing,6
2025-02-17,ncr,galunggong_local,298.33,260,380,prevailing,6
2025-02-24,ncr,galunggong_local,303.33,230,400,prevailing,6
2025-03-03,ncr,galunggong_local,300,200,440,prevailing,6
2025-03-10,ncr,galunggong_local,300,260,380,prevailing,6
2025-03-17,ncr,galunggong_local,300,260,400,prevailing,6
2025-03-24,ncr,galunggong_local,300,260,380,prevailing,6
2025-03-31,ncr,galunggong_local,281.95,160,380,prevailing,7
2025-04-07,ncr,galunggong_local,252.13,180,340,prevailing,7
2025-04-14,ncr,galunggong_local,270.56,180,320,prevailing,4
2025-04-21,ncr,galunggong_local,259.69,180,320,prevailing,7
2025-04-28,ncr,galunggong_local,216.91,150,320,prevailing,6
2025-05-05,ncr,galunggong_local,200,160,300,prevailing,6
2025-05-12,ncr,galunggong_local,220,160,320,prevailing,6
2025-05-19,ncr,galunggong_local,240,160,320,prevailing,5
2025-05-26,ncr,galunggong_local,233.33,160,320,prevailing,6
2025-06-02,ncr,galunggong_local,233.33,180,320,prevailing,6
2025-06-09,ncr,galunggong_local,240,180,320,prevailing,6
2025-06-16,ncr,galunggong_local,240,180,320,prevailing,6
2025-06-23,ncr,galunggong_local,240,180,300,prevailing,6
2025-06-30,ncr,galunggong_local,240.05,180,300,prevailing,6
2025-07-07,ncr,galunggong_local,240,200,340,prevailing,6
2025-07-14,ncr,galunggong_local,240,200,340,prevailing,5
2025-07-21,ncr,galunggong_local,280,200,360,prevailing,6
2025-07-28,ncr,galunggong_local,300,200,380,prevailing,5
2025-08-04,ncr,galunggong_local,300,250,320,prevailing,6
2025-08-11,ncr,galunggong_local,300,240,360,prevailing,6
2025-08-18,ncr,galunggong_local,300,260,360,prevailing,5
2025-08-25,ncr,galunggong_local,300,240,360,prevailing,4
2025-09-01,ncr,galunggong_local,300,270,350,prevailing,5
2025-09-08,ncr,galunggong_local,303.33,270,380,prevailing,6
2025-09-15,ncr,galunggong_local,300,270,380,prevailing,6
2025-09-22,ncr,galunggong_local,309.2,280,400,prevailing,6
2025-09-29,ncr,galunggong_local,315.29,260,420,prevailing,7
2025-10-06,ncr,galunggong_local,328.74,260,400,prevailing,7
2025-10-13,ncr,galunggong_local,338.02,280,420,prevailing,7
2025-10-20,ncr,galunggong_local,321.25,280,400,prevailing,7
2025-10-27,ncr,galunggong_local,309.86,280,400,prevailing,7
2025-11-03,ncr,galunggong_local,312.73,280,400,prevailing,7
2025-11-10,ncr,galunggong_local,315.43,280,420,prevailing,7
2025-11-17,ncr,galunggong_local,316.79,260,420,prevailing,7
2025-11-24,ncr,galunggong_local,363.71,280,380,prevailing,7
2025-12-01,ncr,galunggong_local,374.6,280,400,prevailing,7
2025-12-08,ncr,galunggong_local,337.98,300,460,prevailing,7
2025-12-15,ncr,galunggong_local,357.86,300,440,prevailing,7
2025-12-22,ncr,galunggong_local,348.21,300,450,prevailing,7
2025-12-29,ncr,galunggong_local,349.29,300,400,prevailing,7
2026-01-05,ncr,galunggong_local,358.1,300,400,prevailing,7
2026-01-12,ncr,galunggong_local,380.41,260,460,prevailing,7
2026-01-19,ncr,galunggong_local,346.96,260,420,prevailing,7
2026-01-26,ncr,galunggong_local,344.29,280,460,prevailing,7
2026-02-02,ncr,galunggong_local,361.43,280,450,prevailing,7
2026-02-09,ncr,galunggong_local,373.17,300,460,prevailing,7
2026-02-16,ncr,galunggong_local,339.59,260,440,prevailing,7
2026-02-23,ncr,galunggong_local,331.43,240,450,prevailing,7
2026-03-02,ncr,galunggong_local,314.29,240,400,prevailing,7
2026-03-09,ncr,galunggong_local,295.56,240,400,prevailing,7
2026-03-16,ncr,galunggong_local,317.68,200,440,prevailing,7
2026-03-23,ncr,galunggong_local,250.74,180,420,prevailing,7
2026-03-30,ncr,galunggong_local,226.33,160,400,prevailing,7
2026-04-06,ncr,galunggong_local,206.36,150,350,prevailing,7
2026-04-13,ncr,galunggong_local,203.17,120,320,prevailing,7
2026-04-20,ncr,galunggong_local,201.07,120,300,prevailing,7
2026-04-27,ncr,galunggong_local,204.26,140,380,prevailing,7
2026-05-04,ncr,galunggong_local,267.71,140,350,prevailing,7
2026-05-11,ncr,galunggong_local,239.48,160,360,prevailing,7
2026-05-18,ncr,galunggong_local,205.12,120,340,prevailing,7
2026-05-25,ncr,galunggong_local,213.96,140,340,prevailing,7
2026-06-01,ncr,galunggong_local,242.35,160,340,prevailing,7
2026-06-08,ncr,galunggong_local,214.39,160,350,prevailing,7
2026-06-15,ncr,galunggong_local,209,140,340,prevailing,7
2026-06-22,ncr,galunggong_local,211.57,100,320,prevailing,7
2026-06-29,ncr,galunggong_local,245.78,160,360,prevailing,7
2026-07-06,ncr,galunggong_local,257.14,140,350,prevailing,7
2026-07-13,ncr,galunggong_local,284.29,180,360,prevailing,7
2026-07-20,ncr,galunggong_local,277.14,180,360,prevailing,7
2026-07-27,ncr,galunggong_local,268.57,200,360,prevailing,7
2026-08-03,ncr,galunggong_local,294.29,200,360,prevailing,7
2026-08-10,ncr,galunggong_local,300,200,420,prevailing,7
2026-08-17,ncr,galunggong_local,308.57,220,440,prevailing,7
2026-08-24,ncr,galunggong_local,302.86,200,400,prevailing,7
2026-08-31,ncr,galunggong_local,308.57,200,440,prevailing,7
2026-09-07,ncr,galunggong_local,310,180,420,prevailing,7
2026-09-14,ncr,galunggong_local,302.86,140,380,prevailing,7
2026-09-21,ncr,galunggong_local,300,180,380,prevailing,7
2026-09-28,ncr,galunggong_local,297.94,180,390,prevailing,7
2020-11-02,ncr,garlic_imported,92.5,80,120,prevailing,4
2020-11-09,ncr,garlic_imported,92.5,80,140,prevailing,4
2020-11-16,ncr,garlic_imported,100,80,140,prevailing,5
2020-11-23,ncr,garlic_imported,100,70,130,prevailing,5
2020-11-30,ncr,garlic_imported,100,80,120,prevailing,4
2020-12-07,ncr,garlic_imported,100,80,130,prevailing,4
2020-12-14,ncr,garlic_imported,100,80,140,prevailing,4
2020-12-21,ncr,garlic_imported,100,80,140,prevailing,3
2020-12-28,ncr,garlic_imported,100,80,140,prevailing,2
2021-01-04,ncr,garlic_imported,100,80,140,prevailing,5
2021-01-11,ncr,garlic_imported,100,80,160,prevailing,5
2021-01-18,ncr,garlic_imported,100,80,120,prevailing,5
2021-01-25,ncr,garlic_imported,100,80,140,prevailing,5
2021-02-01,ncr,garlic_imported,100,80,120,prevailing,5
2021-02-08,ncr,garlic_imported,100,85,140,prevailing,5
2021-02-15,ncr,garlic_imported,100,85,140,prevailing,5
2021-02-22,ncr,garlic_imported,100,85,150,prevailing,5
2021-03-01,ncr,garlic_imported,100,90,140,prevailing,5
2021-03-08,ncr,garlic_imported,100,70,140,prevailing,5
2021-03-15,ncr,garlic_imported,100,90,140,prevailing,5
2021-03-22,ncr,garlic_imported,100,85,140,prevailing,5
2021-03-29,ncr,garlic_imported,100,90,140,prevailing,3
2021-04-05,ncr,garlic_imported,100,90,140,prevailing,5
2021-04-12,ncr,garlic_imported,100,90,150,prevailing,5
2021-04-19,ncr,garlic_imported,100,85,120,prevailing,5
2021-04-26,ncr,garlic_imported,100,90,120,prevailing,5
2021-05-03,ncr,garlic_imported,100,90,120,prevailing,4
2021-05-10,ncr,garlic_imported,100,90,130,prevailing,5
2021-05-17,ncr,garlic_imported,100,80,120,prevailing,5
2021-05-24,ncr,garlic_imported,100,80,120,prevailing,5
2021-05-31,ncr,garlic_imported,100,90,120,prevailing,5
2021-06-07,ncr,garlic_imported,100,80,120,prevailing,5
2021-06-14,ncr,garlic_imported,100,90,120,prevailing,5
2021-06-21,ncr,garlic_imported,100,90,120,prevailing,5
2021-06-28,ncr,garlic_imported,100,90,140,prevailing,5
2021-07-05,ncr,garlic_imported,100,90,140,prevailing,4
2021-07-12,ncr,garlic_imported,100,90,140,prevailing,5
2021-07-19,ncr,garlic_imported,100,80,140,prevailing,5
2021-07-26,ncr,garlic_imported,100,80,140,prevailing,5
2021-08-02,ncr,garlic_imported,102,90,140,prevailing,5
2021-08-09,ncr,garlic_imported,128,90,160,prevailing,5
2021-08-16,ncr,garlic_imported,140,90,160,prevailing,5
2021-08-23,ncr,garlic_imported,136,100,160,prevailing,5
2021-08-30,ncr,garlic_imported,140,110,180,prevailing,5
2021-09-06,ncr,garlic_imported,128,,,prevailing,5
2021-09-13,ncr,garlic_imported,124,,,prevailing,5
2021-09-20,ncr,garlic_imported,126,,,prevailing,5
2021-09-27,ncr,garlic_imported,124,,,prevailing,5
2021-10-04,ncr,garlic_imported,120,,,prevailing,1
2021-10-11,ncr,garlic_imported,120,,,prevailing,5
2021-10-18,ncr,garlic_imported,120,,,prevailing,5
2021-10-25,ncr,garlic_imported,120,,,prevailing,1
2022-01-03,ncr,garlic_imported,120,,,prevailing,4
2022-01-10,ncr,garlic_imported,120,,,prevailing,5
2022-01-17,ncr,garlic_imported,120,,,prevailing,5
2022-01-24,ncr,garlic_imported,120,,,prevailing,5
2022-01-31,ncr,garlic_imported,120,,,prevailing,5
2022-02-07,ncr,garlic_imported,120,,,prevailing,5
2022-02-14,ncr,garlic_imported,120,,,prevailing,4
2022-02-21,ncr,garlic_imported,120,,,prevailing,5
2022-02-28,ncr,garlic_imported,120,,,prevailing,5
2022-03-07,ncr,garlic_imported,116,,,prevailing,5
2022-03-14,ncr,garlic_imported,112,,,prevailing,5
2022-03-21,ncr,garlic_imported,104,,,prevailing,5
2022-03-28,ncr,garlic_imported,100,,,prevailing,5
2022-04-04,ncr,garlic_imported,100,,,prevailing,5
2022-04-11,ncr,garlic_imported,100,,,prevailing,3
2022-04-18,ncr,garlic_imported,100,,,prevailing,5
2022-04-25,ncr,garlic_imported,100,,,prevailing,5
2022-05-02,ncr,garlic_imported,100,,,prevailing,5
2022-05-09,ncr,garlic_imported,105,,,prevailing,4
2022-05-16,ncr,garlic_imported,120,,,prevailing,5
2022-05-23,ncr,garlic_imported,120,,,prevailing,5
2022-05-30,ncr,garlic_imported,120,,,prevailing,5
2022-06-06,ncr,garlic_imported,120,,,prevailing,5
2022-06-13,ncr,garlic_imported,120,,,prevailing,5
2022-06-20,ncr,garlic_imported,112,,,prevailing,5
2022-06-27,ncr,garlic_imported,118,,,prevailing,5
2022-07-04,ncr,garlic_imported,114,,,prevailing,5
2022-07-11,ncr,garlic_imported,120,,,prevailing,5
2022-07-18,ncr,garlic_imported,114,,,prevailing,5
2022-07-25,ncr,garlic_imported,108,,,prevailing,5
2022-08-01,ncr,garlic_imported,116,,,prevailing,5
2022-08-08,ncr,garlic_imported,114,,,prevailing,5
2022-08-15,ncr,garlic_imported,108,,,prevailing,5
2022-08-22,ncr,garlic_imported,108,,,prevailing,5
2022-08-29,ncr,garlic_imported,108,,,prevailing,5
2022-09-05,ncr,garlic_imported,120,,,prevailing,5
2022-09-12,ncr,garlic_imported,120,,,prevailing,4
2022-09-19,ncr,garlic_imported,120,,,prevailing,4
2022-09-26,ncr,garlic_imported,120,,,prevailing,5
2022-10-03,ncr,garlic_imported,120,,,prevailing,5
2022-10-10,ncr,garlic_imported,120,,,prevailing,5
2022-10-17,ncr,garlic_imported,116,,,prevailing,5
2022-10-24,ncr,garlic_imported,120,,,prevailing,5
2022-10-31,ncr,garlic_imported,120,,,prevailing,4
2022-11-07,ncr,garlic_imported,120,,,prevailing,5
2022-11-14,ncr,garlic_imported,112,,,prevailing,5
2022-11-21,ncr,garlic_imported,100,,,prevailing,5
2022-11-28,ncr,garlic_imported,100,,,prevailing,5
2022-12-05,ncr,garlic_imported,104,,,prevailing,5
2022-12-12,ncr,garlic_imported,100,,,prevailing,5
2022-12-19,ncr,garlic_imported,100,,,prevailing,5
2022-12-26,ncr,garlic_imported,105,90,140,midpoint,5
2023-01-02,ncr,garlic_imported,109,90,150,midpoint,5
2023-01-09,ncr,garlic_imported,108,90,130,midpoint,5
2023-01-16,ncr,garlic_imported,113,90,140,midpoint,5
2023-01-23,ncr,garlic_imported,113,90,140,midpoint,5
2023-01-30,ncr,garlic_imported,108,90,130,midpoint,5
2023-02-06,ncr,garlic_imported,109,80,140,midpoint,5
2023-02-13,ncr,garlic_imported,109,80,140,midpoint,5
2023-02-20,ncr,garlic_imported,107,80,130,midpoint,5
2023-02-27,ncr,garlic_imported,105,80,130,midpoint,5
2023-03-06,ncr,garlic_imported,109,80,150,midpoint,5
2023-03-13,ncr,garlic_imported,108,80,140,midpoint,5
2023-03-20,ncr,garlic_imported,105,80,130,midpoint,5
2023-03-27,ncr,garlic_imported,107,80,140,midpoint,5
2023-04-03,ncr,garlic_imported,105,80,130,midpoint,3
2023-04-10,ncr,garlic_imported,103.75,80,130,midpoint,4
2023-04-17,ncr,garlic_imported,109,90,130,midpoint,5
2023-04-24,ncr,garlic_imported,112,90,150,midpoint,5
2023-05-01,ncr,garlic_imported,110,80,140,midpoint,4
2023-05-08,ncr,garlic_imported,114,80,140,midpoint,5
2023-05-15,ncr,garlic_imported,116,90,150,midpoint,5
2023-05-22,ncr,garlic_imported,122,90,150,midpoint,5
2023-05-29,ncr,garlic_imported,125,100,150,midpoint,5
2023-06-05,ncr,garlic_imported,125,100,150,midpoint,3
2023-06-12,ncr,garlic_imported,125,100,150,midpoint,1
2023-06-19,ncr,garlic_imported,131.25,100,170,midpoint,4
2023-06-26,ncr,garlic_imported,131.25,110,150,midpoint,4
2023-07-03,ncr,garlic_imported,135,100,160,midpoint,5
2023-07-10,ncr,garlic_imported,139,110,160,midpoint,5
2023-07-17,ncr,garlic_imported,129,100,160,midpoint,5
2023-07-24,ncr,garlic_imported,133.75,110,150,midpoint,4
2023-07-31,ncr,garlic_imported,138,100,160,midpoint,5
2023-08-07,ncr,garlic_imported,138,100,160,midpoint,5
2023-08-14,ncr,garlic_imported,137,100,160,midpoint,5
2023-08-21,ncr,garlic_imported,141,120,170,midpoint,5
2023-08-28,ncr,garlic_imported,135,120,150,midpoint,5
2023-09-04,ncr,garlic_imported,140,120,160,midpoint,5
2023-09-11,ncr,garlic_imported,140,120,160,midpoint,5
2023-09-18,ncr,garlic_imported,142,120,180,midpoint,5
2023-09-25,ncr,garlic_imported,140,120,160,midpoint,5
2023-10-02,ncr,garlic_imported,141,120,170,midpoint,5
2023-10-09,ncr,garlic_imported,144,120,170,midpoint,5
2023-10-16,ncr,garlic_imported,141,120,170,midpoint,5
2023-10-23,ncr,garlic_imported,137,110,160,midpoint,5
2023-10-30,ncr,garlic_imported,141.25,120,170,midpoint,4
2023-11-06,ncr,garlic_imported,149,100,200,midpoint,5
2023-11-13,ncr,garlic_imported,142,100,180,midpoint,5
2023-11-20,ncr,garlic_imported,150,120,180,midpoint,5
2023-11-27,ncr,garlic_imported,148.75,100,190,midpoint,4
2023-12-04,ncr,garlic_imported,150,100,200,midpoint,5
2023-12-11,ncr,garlic_imported,156.25,100,210,midpoint,4
2023-12-18,ncr,garlic_imported,162,120,220,midpoint,5
2023-12-25,ncr,garlic_imported,160,120,200,midpoint,4
2024-01-01,ncr,garlic_imported,155,120,200,midpoint,4
2024-01-08,ncr,garlic_imported,149,100,190,midpoint,5
2024-01-15,ncr,garlic_imported,150,120,180,midpoint,5
2024-01-22,ncr,garlic_imported,152,120,200,midpoint,5
2024-01-29,ncr,garlic_imported,150,120,180,midpoint,5
2024-02-05,ncr,garlic_imported,148,120,180,midpoint,5
2024-02-12,ncr,garlic_imported,147.5,130,165,midpoint,5
2024-02-19,ncr,garlic_imported,147.5,130,165,midpoint,5
2024-02-26,ncr,garlic_imported,147.5,130,165,midpoint,5
2024-03-04,ncr,garlic_imported,148.75,120,190,midpoint,4
2024-03-11,ncr,garlic_imported,149,120,180,midpoint,5
2024-03-18,ncr,garlic_imported,150,120,180,midpoint,5
2024-03-25,ncr,garlic_imported,148.33,110,180,midpoint,3
2024-04-01,ncr,garlic_imported,150,120,180,midpoint,5
2024-04-08,ncr,garlic_imported,152.5,120,180,midpoint,3
2024-04-15,ncr,garlic_imported,150,120,180,midpoint,6
2024-04-22,ncr,garlic_imported,151.67,120,190,midpoint,6
2024-04-29,ncr,garlic_imported,151.25,120,180,midpoint,6
2024-05-06,ncr,garlic_imported,156.67,120,200,midpoint,6
2024-05-13,ncr,garlic_imported,155.42,125,200,midpoint,6
2024-05-20,ncr,garlic_imported,157.92,120,200,midpoint,6
2024-05-27,ncr,garlic_imported,159.58,130,200,midpoint,6
2024-06-03,ncr,garlic_imported,156.67,125,200,midpoint,6
2024-06-10,ncr,garlic_imported,155.42,125,200,midpoint,6
2024-06-17,ncr,garlic_imported,152.92,130,180,midpoint,6
2024-06-24,ncr,garlic_imported,152.92,130,180,midpoint,6
2024-07-01,ncr,garlic_imported,152.5,120,190,midpoint,6
2024-07-08,ncr,garlic_imported,151.25,120,180,midpoint,6
2024-07-15,ncr,garlic_imported,152.92,120,190,midpoint,6
2024-07-22,ncr,garlic_imported,154.58,120,190,midpoint,6
2024-07-29,ncr,garlic_imported,150.42,120,180,midpoint,6
2024-08-05,ncr,garlic_imported,150.42,120,180,midpoint,6
2024-08-12,ncr,garlic_imported,150,120,180,midpoint,6
2024-08-19,ncr,garlic_imported,151.67,120,190,midpoint,6
2024-08-26,ncr,garlic_imported,150.42,120,180,midpoint,6
2024-09-02,ncr,garlic_imported,149.58,110,180,midpoint,6
2024-09-09,ncr,garlic_imported,148.75,120,180,midpoint,6
2024-09-16,ncr,garlic_imported,153.33,120,190,midpoint,6
2024-09-23,ncr,garlic_imported,153.33,120,190,midpoint,6
2024-09-30,ncr,garlic_imported,150,120,180,midpoint,5
2024-10-07,ncr,garlic_imported,151,120,180,midpoint,5
2024-10-14,ncr,garlic_imported,150,120,180,midpoint,6
2024-10-21,ncr,garlic_imported,150,120,180,midpoint,5
2024-10-28,ncr,garlic_imported,155,120,200,midpoint,5
2024-11-04,ncr,garlic_imported,150.83,120,190,midpoint,6
2024-11-11,ncr,garlic_imported,154,120,180,midpoint,5
2024-11-18,ncr,garlic_imported,152.08,120,180,midpoint,6
2024-11-25,ncr,garlic_imported,153.33,130,180,midpoint,6
2024-12-02,ncr,garlic_imported,152.5,135,170,midpoint,5
2024-12-09,ncr,garlic_imported,160,130,200,midpoint,5
2024-12-16,ncr,garlic_imported,162.5,130,200,midpoint,5
2024-12-23,ncr,garlic_imported,165,130,200,midpoint,5
2024-12-30,ncr,garlic_imported,172.5,130,220,midpoint,4
2025-01-06,ncr,garlic_imported,168,120,220,midpoint,5
2025-01-13,ncr,garlic_imported,167.08,120,220,average,6
2025-01-20,ncr,garlic_imported,162.51,120,220,average,6
2025-01-27,ncr,garlic_imported,161.68,120,220,average,6
2025-02-03,ncr,garlic_imported,161.2,130,220,average,6
2025-02-10,ncr,garlic_imported,160,130,220,prevailing,6
2025-02-17,ncr,garlic_imported,160,120,220,prevailing,6
2025-02-24,ncr,garlic_imported,160,130,220,prevailing,6
2025-03-03,ncr,garlic_imported,160,120,200,prevailing,6
2025-03-10,ncr,garlic_imported,160,120,200,prevailing,6
2025-03-17,ncr,garlic_imported,160,120,200,prevailing,6
2025-03-24,ncr,garlic_imported,160,130,200,prevailing,6
2025-03-31,ncr,garlic_imported,163.46,130,220,prevailing,7
2025-04-07,ncr,garlic_imported,163.6,130,200,prevailing,7
2025-04-14,ncr,garlic_imported,164.09,140,170,prevailing,4
2025-04-21,ncr,garlic_imported,162.9,135,170,prevailing,7
2025-04-28,ncr,garlic_imported,160.22,135,170,prevailing,7
2025-05-05,ncr,garlic_imported,159.43,135,170,prevailing,7
2025-05-12,ncr,garlic_imported,159.29,135,170,prevailing,7
2025-05-19,ncr,garlic_imported,159.24,140,170,prevailing,7
2025-05-26,ncr,garlic_imported,158.86,135,170,prevailing,7
2025-06-02,ncr,garlic_imported,159.39,135,170,prevailing,7
2025-06-09,ncr,garlic_imported,159.64,140,170,prevailing,7
2025-06-16,ncr,garlic_imported,159.05,120,200,prevailing,7
2025-06-23,ncr,garlic_imported,159.05,135,170,prevailing,7
2025-06-30,ncr,garlic_imported,158.26,140,170,prevailing,7
2025-07-07,ncr,garlic_imported,159.05,135,170,prevailing,7
2025-07-14,ncr,garlic_imported,158.05,120,180,prevailing,7
2025-07-21,ncr,garlic_imported,159.05,140,170,prevailing,7
2025-07-28,ncr,garlic_imported,158.55,140,170,prevailing,7
2025-08-04,ncr,garlic_imported,159.29,140,170,prevailing,7
2025-08-11,ncr,garlic_imported,159.18,130,180,prevailing,7
2025-08-18,ncr,garlic_imported,158.6,140,170,prevailing,7
2025-08-25,ncr,garlic_imported,158.49,140,170,prevailing,7
2025-09-01,ncr,garlic_imported,158.64,130,170,prevailing,7
2025-09-08,ncr,garlic_imported,159.18,140,170,prevailing,7
2025-09-15,ncr,garlic_imported,157.86,120,190,prevailing,7
2025-09-22,ncr,garlic_imported,159.54,120,180,prevailing,7
2025-09-29,ncr,garlic_imported,159.39,110,180,prevailing,7
2025-10-06,ncr,garlic_imported,160.29,110,180,prevailing,7
2025-10-13,ncr,garlic_imported,156.89,110,190,prevailing,7
2025-10-20,ncr,garlic_imported,156.57,110,190,prevailing,7
2025-10-27,ncr,garlic_imported,144.76,110,190,prevailing,7
2025-11-03,ncr,garlic_imported,151.88,110,190,prevailing,7
2025-11-10,ncr,garlic_imported,154.88,110,190,prevailing,7
2025-11-17,ncr,garlic_imported,151.29,110,190,prevailing,7
2025-11-24,ncr,garlic_imported,158.57,110,190,prevailing,7
2025-12-01,ncr,garlic_imported,159.05,110,190,prevailing,7
2025-12-08,ncr,garlic_imported,157.38,110,190,prevailing,7
2025-12-15,ncr,garlic_imported,158.51,110,190,prevailing,7
2025-12-22,ncr,garlic_imported,156.67,110,180,prevailing,7
2025-12-29,ncr,garlic_imported,160.65,110,180,prevailing,7
2026-01-05,ncr,garlic_imported,160.26,140,170,prevailing,7
2026-01-12,ncr,garlic_imported,160.12,120,190,prevailing,7
2026-01-19,ncr,garlic_imported,158.44,120,190,prevailing,7
2026-01-26,ncr,garlic_imported,157.2,120,190,prevailing,7
2026-02-02,ncr,garlic_imported,151.3,120,190,prevailing,7
2026-02-09,ncr,garlic_imported,155.65,120,190,prevailing,7
2026-02-16,ncr,garlic_imported,150.86,120,190,prevailing,7
2026-02-23,ncr,garlic_imported,150.52,120,190,prevailing,7
2026-03-02,ncr,garlic_imported,150.32,120,190,prevailing,7
2026-03-09,ncr,garlic_imported,150.78,120,190,prevailing,7
2026-03-16,ncr,garlic_imported,150.84,120,190,prevailing,7
2026-03-23,ncr,garlic_imported,151.05,120,190,prevailing,7
2026-03-30,ncr,garlic_imported,151.11,120,190,prevailing,7
2026-04-06,ncr,garlic_imported,150.65,110,190,prevailing,7
2026-04-13,ncr,garlic_imported,148.73,110,190,prevailing,7
2026-04-20,ncr,garlic_imported,151.02,110,190,prevailing,7
2026-04-27,ncr,garlic_imported,148.97,110,180,prevailing,7
2026-05-04,ncr,garlic_imported,146.87,110,180,prevailing,7
2026-05-11,ncr,garlic_imported,148.53,110,180,prevailing,7
2026-05-18,ncr,garlic_imported,148.54,110,180,prevailing,7
2026-05-25,ncr,garlic_imported,148.61,110,180,prevailing,7
2026-06-01,ncr,garlic_imported,147.82,110,180,prevailing,7
2026-06-08,ncr,garlic_imported,148.91,110,180,prevailing,7
2026-06-15,ncr,garlic_imported,148.74,110,180,prevailing,7
2026-06-22,ncr,garlic_imported,142.28,110,180,prevailing,7
2026-06-29,ncr,garlic_imported,146.65,110,190,prevailing,7
2026-07-06,ncr,garlic_imported,146.43,110,190,prevailing,7
2026-07-13,ncr,garlic_imported,141.43,110,190,prevailing,7
2026-07-20,ncr,garlic_imported,148.57,110,190,prevailing,7
2026-07-27,ncr,garlic_imported,150,110,190,prevailing,7
2026-08-03,ncr,garlic_imported,150,110,180,prevailing,7
2026-08-10,ncr,garlic_imported,150,110,180,prevailing,7
2026-08-17,ncr,garlic_imported,150,120,190,prevailing,7
2026-08-24,ncr,garlic_imported,150,120,190,prevailing,7
2026-08-31,ncr,garlic_imported,150,110,190,prevailing,7
2026-09-07,ncr,garlic_imported,150,110,190,prevailing,7
2026-09-14,ncr,garlic_imported,150,110,190,prevailing,7
2026-09-21,ncr,garlic_imported,150,110,190,prevailing,7
2026-09-28,ncr,garlic_imported,150.4,110,190,prevailing,7
2021-03-08,ncr,garlic_local,200,100,300,prevailing,2
2021-03-22,ncr,garlic_local,300,300,350,prevailing,3
2021-04-12,ncr,garlic_local,300,300,350,prevailing,2
2021-05-10,ncr,garlic_local,300,300,300,prevailing,1
2021-05-17,ncr,garlic_local,300,300,300,prevailing,1
2021-06-21,ncr,garlic_local,300,250,350,prevailing,2
2021-06-28,ncr,garlic_local,250,250,300,prevailing,1
2021-07-05,ncr,garlic_local,280,250,350,prevailing,3
2021-07-12,ncr,garlic_local,270,250,300,prevailing,5
2021-07-19,ncr,garlic_local,300,250,300,prevailing,5
2021-07-26,ncr,garlic_local,300,270,300,prevailing,4
2021-08-02,ncr,garlic_local,300,270,300,prevailing,5
2021-08-09,ncr,garlic_local,298,270,385,prevailing,5
2021-08-16,ncr,garlic_local,300,250,350,prevailing,5
2021-08-23,ncr,garlic_local,300,150,300,prevailing,5
2021-08-30,ncr,garlic_local,300,250,300,prevailing,5
2021-09-06,ncr,garlic_local,292,,,prevailing,5
2021-09-13,ncr,garlic_local,280,,,prevailing,5
2021-09-20,ncr,garlic_local,280,,,prevailing,5
2021-09-27,ncr,garlic_local,280,,,prevailing,5
2021-10-04,ncr,garlic_local,280,,,prevailing,1
2021-10-11,ncr,garlic_local,280,,,prevailing,5
2021-10-18,ncr,garlic_local,276,,,prevailing,5
2021-10-25,ncr,garlic_local,280,,,prevailing,1
2022-01-03,ncr,garlic_local,295,,,prevailing,4
2022-01-10,ncr,garlic_local,300,,,prevailing,5
2022-01-17,ncr,garlic_local,296.5,,,prevailing,5
2022-01-24,ncr,garlic_local,300,,,prevailing,5
2022-01-31,ncr,garlic_local,292,,,prevailing,5
2022-02-07,ncr,garlic_local,281.5,,,prevailing,5
2022-02-14,ncr,garlic_local,280,,,prevailing,4
2022-02-21,ncr,garlic_local,285,,,prevailing,5
2022-02-28,ncr,garlic_local,290,,,prevailing,5
2022-03-07,ncr,garlic_local,300,,,prevailing,5
2022-03-14,ncr,garlic_local,300,,,prevailing,5
2022-03-21,ncr,garlic_local,300,,,prevailing,5
2022-03-28,ncr,garlic_local,270,,,prevailing,5
2022-04-04,ncr,garlic_local,250,,,prevailing,5
2022-04-11,ncr,garlic_local,291.67,,,prevailing,3
2022-04-18,ncr,garlic_local,300,,,prevailing,5
2022-04-25,ncr,garlic_local,300,,,prevailing,5
2022-05-02,ncr,garlic_local,300,,,prevailing,5
2022-05-09,ncr,garlic_local,293.75,,,prevailing,4
2022-05-16,ncr,garlic_local,270,,,prevailing,5
2022-05-23,ncr,garlic_local,275,,,prevailing,5
2022-05-30,ncr,garlic_local,275,,,prevailing,5
2022-06-06,ncr,garlic_local,280,,,prevailing,5
2022-06-13,ncr,garlic_local,275,,,prevailing,5
2022-06-20,ncr,garlic_local,300,,,prevailing,5
2022-06-27,ncr,garlic_local,265,,,prevailing,5
2022-07-04,ncr,garlic_local,260,,,prevailing,5
2022-07-11,ncr,garlic_local,260,,,prevailing,5
2022-07-18,ncr,garlic_local,250,,,prevailing,5
2022-07-25,ncr,garlic_local,250,,,prevailing,5
2022-08-01,ncr,garlic_local,250,,,prevailing,5
2022-08-08,ncr,garlic_local,250,,,prevailing,5
2022-08-15,ncr,garlic_local,250,,,prevailing,5
2022-08-22,ncr,garlic_local,265,,,prevailing,5
2022-08-29,ncr,garlic_local,250,,,prevailing,4
2022-09-05,ncr,garlic_local,333.33,,,prevailing,3
2022-09-12,ncr,garlic_local,300,,,prevailing,4
2022-09-19,ncr,garlic_local,300,,,prevailing,4
2022-09-26,ncr,garlic_local,300,,,prevailing,3
2022-10-03,ncr,garlic_local,341.67,,,prevailing,3
2022-10-10,ncr,garlic_local,330,,,prevailing,5
2022-10-17,ncr,garlic_local,300,,,prevailing,5
2022-10-24,ncr,garlic_local,300,,,prevailing,5
2022-10-31,ncr,garlic_local,300,,,prevailing,4
2022-11-07,ncr,garlic_local,300,,,prevailing,5
2022-11-14,ncr,garlic_local,300,,,prevailing,3
2022-11-21,ncr,garlic_local,250,,,prevailing,1
2022-11-28,ncr,garlic_local,250,,,prevailing,5
2022-12-05,ncr,garlic_local,250,,,prevailing,4
2022-12-12,ncr,garlic_local,250,,,prevailing,5
2022-12-19,ncr,garlic_local,250,,,prevailing,5
2022-12-26,ncr,garlic_local,250,250,250,midpoint,5
2023-01-02,ncr,garlic_local,240,240,240,midpoint,5
2023-01-09,ncr,garlic_local,230,230,230,midpoint,3
2023-01-30,ncr,garlic_local,400,400,400,midpoint,5
2023-08-07,ncr,garlic_local,500,500,500,midpoint,4
2023-08-14,ncr,garlic_local,500,500,500,midpoint,5
2023-08-21,ncr,garlic_local,500,500,500,midpoint,5
2023-08-28,ncr,garlic_local,500,500,500,midpoint,4
2023-09-04,ncr,garlic_local,500,500,500,midpoint,5
2023-09-11,ncr,garlic_local,500,500,500,midpoint,5
2023-09-18,ncr,garlic_local,500,500,500,midpoint,5
2023-09-25,ncr,garlic_local,500,500,500,midpoint,5
2023-10-02,ncr,garlic_local,500,500,500,midpoint,5
2023-10-09,ncr,garlic_local,500,500,500,midpoint,5
2023-10-16,ncr,garlic_local,500,500,500,midpoint,5
2023-10-23,ncr,garlic_local,500,500,500,midpoint,5
2023-10-30,ncr,garlic_local,500,500,500,midpoint,4
2023-11-06,ncr,garlic_local,400,300,500,midpoint,4
2023-11-13,ncr,garlic_local,430,300,500,midpoint,5
2023-11-20,ncr,garlic_local,440,350,500,midpoint,5
2023-11-27,ncr,garlic_local,443.75,350,500,midpoint,4
2023-12-04,ncr,garlic_local,440,350,500,midpoint,5
2023-12-11,ncr,garlic_local,425,350,500,midpoint,4
2023-12-18,ncr,garlic_local,500,500,500,midpoint,4
2023-12-25,ncr,garlic_local,500,500,500,midpoint,4
2024-01-01,ncr,garlic_local,483.33,400,500,midpoint,3
2024-01-08,ncr,garlic_local,450,400,500,midpoint,5
2024-01-15,ncr,garlic_local,465,350,500,midpoint,5
2024-01-22,ncr,garlic_local,500,500,500,midpoint,5
2024-01-29,ncr,garlic_local,470,400,500,midpoint,5
2024-02-05,ncr,garlic_local,450,400,500,midpoint,5
2024-02-12,ncr,garlic_local,440,400,500,midpoint,5
2024-02-19,ncr,garlic_local,440,400,500,midpoint,5
2024-02-26,ncr,garlic_local,430,400,500,prevailing,5
2024-03-04,ncr,garlic_local,475,400,500,prevailing,4
2024-03-11,ncr,garlic_local,400,,,prevailing,5
2024-03-18,ncr,garlic_local,420,400,500,prevailing,5
2024-03-25,ncr,garlic_local,433.33,400,500,midpoint,3
2024-04-01,ncr,garlic_local,430,400,500,prevailing,5
2024-04-08,ncr,garlic_local,433.33,400,500,midpoint,3
2024-04-15,ncr,garlic_local,433.33,400,500,midpoint,6
2024-04-22,ncr,garlic_local,400,,,prevailing,6
2024-04-29,ncr,garlic_local,420,400,500,prevailing,5
2024-05-06,ncr,garlic_local,400,,,prevailing,1
2024-05-27,ncr,garlic_local,400,,,prevailing,6
2024-06-03,ncr,garlic_local,400,,,prevailing,4
2024-06-10,ncr,garlic_local,416.67,,,prevailing,6
2024-06-17,ncr,garlic_local,400,,,prevailing,6
2024-06-24,ncr,garlic_local,416.67,400,500,prevailing,6
2024-07-01,ncr,garlic_local,416.67,,,prevailing,6
2024-07-08,ncr,garlic_local,416.67,,,prevailing,6
2024-07-15,ncr,garlic_local,400,,,prevailing,6
2024-07-22,ncr,garlic_local,420,,,prevailing,5
2024-07-29,ncr,garlic_local,400,,,prevailing,6
2024-08-05,ncr,garlic_local,408.33,400,500,prevailing,6
2024-08-12,ncr,garlic_local,400,,,prevailing,5
2024-08-19,ncr,garlic_local,450,400,500,prevailing,3
2024-08-26,ncr,garlic_local,408.33,400,500,prevailing,6
2024-09-02,ncr,garlic_local,433.33,400,500,midpoint,6
2024-09-09,ncr,garlic_local,416.67,400,500,prevailing,6
2024-09-16,ncr,garlic_local,400,,,prevailing,6
2024-09-23,ncr,garlic_local,408.33,400,500,prevailing,6
2024-09-30,ncr,garlic_local,440,400,500,midpoint,5
2024-10-07,ncr,garlic_local,415,350,500,midpoint,5
2024-10-14,ncr,garlic_local,425,350,500,midpoint,6
2024-10-21,ncr,garlic_local,420,350,500,midpoint,5
2024-10-28,ncr,garlic_local,406.25,350,500,midpoint,4
2024-11-04,ncr,garlic_local,425,350,500,midpoint,6
2024-11-11,ncr,garlic_local,425,350,500,midpoint,5
2024-11-18,ncr,garlic_local,425,350,500,midpoint,6
2024-11-25,ncr,garlic_local,433.33,350,500,midpoint,6
2024-12-02,ncr,garlic_local,425,350,500,midpoint,5
2024-12-09,ncr,garlic_local,420,350,500,midpoint,5
2024-12-16,ncr,garlic_local,425,350,500,midpoint,5
2024-12-23,ncr,garlic_local,425,350,500,midpoint,5
2024-12-30,ncr,garlic_local,412.5,350,500,midpoint,4
2025-01-06,ncr,garlic_local,425,350,500,midpoint,5
2025-01-13,ncr,garlic_local,418.06,350,500,average,6
2025-01-20,ncr,garlic_local,408.09,350,500,average,6
2025-01-27,ncr,garlic_local,410.32,350,500,average,6
2025-02-03,ncr,garlic_local,407.94,350,500,average,6
2025-02-10,ncr,garlic_local,400,350,450,prevailing,6
2025-02-17,ncr,garlic_local,400,350,500,prevailing,6
2025-02-24,ncr,garlic_local,404.17,350,450,prevailing,6
2025-03-03,ncr,garlic_local,360,160,500,prevailing,6
2025-03-10,ncr,garlic_local,400,400,500,prevailing,6
2025-03-17,ncr,garlic_local,400,400,450,prevailing,6
2025-03-24,ncr,garlic_local,400,400,500,prevailing,6
2025-03-31,ncr,garlic_local,402.38,400,450,prevailing,6
2025-04-07,ncr,garlic_local,400,350,500,prevailing,6
2025-04-14,ncr,garlic_local,400,400,450,prevailing,3
2025-04-21,ncr,garlic_local,400,350,450,prevailing,6
2025-04-28,ncr,garlic_local,402.38,400,450,prevailing,6
2025-05-05,ncr,garlic_local,395.83,350,450,prevailing,6
2025-05-12,ncr,garlic_local,373.57,350,450,prevailing,7
2025-05-19,ncr,garlic_local,395.83,350,450,prevailing,6
2025-05-26,ncr,garlic_local,400,400,450,prevailing,6
2025-06-02,ncr,garlic_local,400,400,450,prevailing,6
2025-06-09,ncr,garlic_local,400,350,450,prevailing,6
2025-06-16,ncr,garlic_local,400,160,500,prevailing,6
2025-06-23,ncr,garlic_local,400,160,500,prevailing,6
2025-06-30,ncr,garlic_local,402.38,350,500,prevailing,6
2025-07-07,ncr,garlic_local,400,350,400,prevailing,6
2025-07-14,ncr,garlic_local,400,,400,prevailing,6
2025-07-21,ncr,garlic_local,400,,400,prevailing,6
2025-07-28,ncr,garlic_local,408.33,400,600,prevailing,6
2025-08-04,ncr,garlic_local,416.67,400,600,prevailing,6
2025-08-11,ncr,garlic_local,400,400,600,prevailing,6
2025-08-18,ncr,garlic_local,400,,400,prevailing,6
2025-08-25,ncr,garlic_local,400,,400,prevailing,6
2025-09-01,ncr,garlic_local,400,,400,prevailing,6
2025-09-08,ncr,garlic_local,400,130,400,prevailing,6
2025-09-15,ncr,garlic_local,400,350,400,prevailing,6
2025-09-22,ncr,garlic_local,300,160,400,prevailing,7
2025-09-29,ncr,garlic_local,344.57,,400,prevailing,7
2025-10-06,ncr,garlic_local,400,120,400,prevailing,7
2025-10-13,ncr,garlic_local,400,350,400,prevailing,7
2025-10-20,ncr,garlic_local,400,,400,prevailing,7
2025-10-27,ncr,garlic_local,404.76,350,500,prevailing,7
2025-11-03,ncr,garlic_local,409.18,350,450,prevailing,7
2025-11-10,ncr,garlic_local,404.76,400,450,prevailing,7
2025-11-17,ncr,garlic_local,414.29,,400,prevailing,7
2025-11-24,ncr,garlic_local,400,,400,prevailing,7
2025-12-01,ncr,garlic_local,400,,400,prevailing,7
2025-12-08,ncr,garlic_local,402.38,,400,prevailing,7
2025-12-15,ncr,garlic_local,402.38,400,450,prevailing,7
2025-12-22,ncr,garlic_local,400,,400,prevailing,7
2025-12-29,ncr,garlic_local,400,400,450,prevailing,7
2026-01-05,ncr,garlic_local,400,350,400,prevailing,7
2026-01-12,ncr,garlic_local,400,350,400,prevailing,7
2026-01-19,ncr,garlic_local,396.43,350,400,prevailing,7
2026-01-26,ncr,garlic_local,366.67,350,400,prevailing,7
2026-02-02,ncr,garlic_local,357.14,350,400,prevailing,7
2026-02-09,ncr,garlic_local,355.95,350,400,prevailing,7
2026-02-16,ncr,garlic_local,357.14,350,400,prevailing,7
2026-02-23,ncr,garlic_local,360.71,350,400,prevailing,7
2026-03-02,ncr,garlic_local,357.14,350,400,prevailing,7
2026-03-09,ncr,garlic_local,400,,400,prevailing,7
2026-03-16,ncr,garlic_local,400,320,400,prevailing,7
2026-03-23,ncr,garlic_local,397.71,320,400,prevailing,7
2026-03-30,ncr,garlic_local,403.57,400,400,prevailing,7
2026-04-06,ncr,garlic_local,404.17,,400,prevailing,6
2026-04-13,ncr,garlic_local,403.57,400,550,prevailing,7
2026-04-20,ncr,garlic_local,400,380,550,prevailing,7
2026-04-27,ncr,garlic_local,400,300,400,prevailing,7
2026-05-04,ncr,garlic_local,400,300,400,prevailing,7
2026-05-11,ncr,garlic_local,400,,400,prevailing,7
2026-05-18,ncr,garlic_local,397.62,,400,prevailing,7
2026-05-25,ncr,garlic_local,397.62,350,400,prevailing,7
2026-06-01,ncr,garlic_local,411.9,350,450,prevailing,7
2026-06-08,ncr,garlic_local,378.57,350,400,prevailing,7
2026-06-15,ncr,garlic_local,394.05,350,450,prevailing,7
2026-06-22,ncr,garlic_local,361.22,350,450,prevailing,7
2026-06-29,ncr,garlic_local,352.38,350,450,prevailing,7
2026-07-06,ncr,garlic_local,350,350,400,prevailing,7
2026-07-13,ncr,garlic_local,350,350,400,prevailing,7
2026-07-20,ncr,garlic_local,364.29,350,450,prevailing,7
2026-07-27,ncr,garlic_local,364.29,350,450,prevailing,7
2026-08-03,ncr,garlic_local,357.14,350,450,prevailing,7
2026-08-10,ncr,garlic_local,350,350,450,prevailing,7
2026-08-17,ncr,garlic_local,350,320,450,prevailing,7
2026-08-24,ncr,garlic_local,350,250,400,prevailing,7
2026-08-31,ncr,garlic_local,350,250,400,prevailing,7
2026-09-07,ncr,garlic_local,350,250,400,prevailing,7
2026-09-14,ncr,garlic_local,350,250,400,prevailing,7
2026-09-21,ncr,garlic_local,350,250,450,prevailing,7
2026-09-28,ncr,garlic_local,360.29,250,450,prevailing,7
2020-11-02,ncr,ginger,185,160,300,prevailing,4
2020-11-09,ncr,ginger,197.5,150,300,prevailing,4
2020-11-16,ncr,ginger,186,150,300,prevailing,5
2020-11-23,ncr,ginger,188,170,300,prevailing,5
2020-11-30,ncr,ginger,180,150,250,prevailing,4
2020-12-07,ncr,ginger,152.5,150,220,prevailing,4
2020-12-14,ncr,ginger,160,120,300,prevailing,4
2020-12-21,ncr,ginger,160,120,220,prevailing,3
2020-12-28,ncr,ginger,190,100,200,prevailing,2
2021-01-04,ncr,ginger,176,140,200,prevailing,5
2021-01-11,ncr,ginger,162,140,200,prevailing,5
2021-01-18,ncr,ginger,158,140,200,prevailing,5
2021-01-25,ncr,ginger,148,130,200,prevailing,5
2021-02-01,ncr,ginger,144,120,200,prevailing,5
2021-02-08,ncr,ginger,145,120,200,prevailing,5
2021-02-15,ncr,ginger,144,120,200,prevailing,5
2021-02-22,ncr,ginger,147,110,180,prevailing,5
2021-03-01,ncr,ginger,148,120,200,prevailing,5
2021-03-08,ncr,ginger,143,120,180,prevailing,5
2021-03-15,ncr,ginger,142,100,180,prevailing,5
2021-03-22,ncr,ginger,140,110,200,prevailing,5
2021-03-29,ncr,ginger,143.33,120,200,prevailing,3
2021-04-05,ncr,ginger,148,120,200,prevailing,5
2021-04-12,ncr,ginger,150,120,200,prevailing,5
2021-04-19,ncr,ginger,150,120,200,prevailing,5
2021-04-26,ncr,ginger,150,120,180,prevailing,5
2021-05-03,ncr,ginger,152.5,120,250,prevailing,4
2021-05-10,ncr,ginger,154,120,200,prevailing,5
2021-05-17,ncr,ginger,150,120,200,prevailing,5
2021-05-24,ncr,ginger,150,120,200,prevailing,5
2021-05-31,ncr,ginger,150,110,200,prevailing,5
2021-06-07,ncr,ginger,156,100,180,prevailing,5
2021-06-14,ncr,ginger,150,120,200,prevailing,5
2021-06-21,ncr,ginger,150,120,200,prevailing,5
2021-06-28,ncr,ginger,146,100,200,prevailing,5
2021-07-05,ncr,ginger,150,100,180,prevailing,4
2021-07-12,ncr,ginger,150,120,180,prevailing,5
2021-07-19,ncr,ginger,148,120,180,prevailing,5
2021-07-26,ncr,ginger,150,120,180,prevailing,5
2021-08-02,ncr,ginger,150,120,200,prevailing,5
2021-08-09,ncr,ginger,152,120,200,prevailing,5
2021-08-16,ncr,ginger,154,120,200,prevailing,5
2021-08-23,ncr,ginger,160,120,200,prevailing,5
2021-08-30,ncr,ginger,160,100,180,prevailing,5
2021-09-06,ncr,ginger,160,,,prevailing,5
2021-09-13,ncr,ginger,154,,,prevailing,5
2021-09-20,ncr,ginger,158,,,prevailing,5
2021-09-27,ncr,ginger,156,,,prevailing,5
2021-10-04,ncr,ginger,150,,,prevailing,1
2021-10-11,ncr,ginger,160,,,prevailing,5
2021-10-18,ncr,ginger,160,,,prevailing,5
2021-10-25,ncr,ginger,160,,,prevailing,1
2022-01-03,ncr,ginger,153.75,,,prevailing,4
2022-01-10,ncr,ginger,142,,,prevailing,5
2022-01-17,ncr,ginger,130,,,prevailing,5
2022-01-24,ncr,ginger,120,,,prevailing,5
2022-01-31,ncr,ginger,120,,,prevailing,5
2022-02-07,ncr,ginger,120,,,prevailing,5
2022-02-14,ncr,ginger,120,,,prevailing,4
2022-02-21,ncr,ginger,120,,,prevailing,5
2022-02-28,ncr,ginger,116,,,prevailing,5
2022-03-07,ncr,ginger,120,,,prevailing,5
2022-03-14,ncr,ginger,108,,,prevailing,5
2022-03-21,ncr,ginger,100,,,prevailing,5
2022-03-28,ncr,ginger,106,,,prevailing,5
2022-04-04,ncr,ginger,100,,,prevailing,5
2022-04-11,ncr,ginger,113.33,,,prevailing,3
2022-04-18,ncr,ginger,100,,,prevailing,5
2022-04-25,ncr,ginger,112,,,prevailing,5
2022-05-02,ncr,ginger,104,,,prevailing,5
2022-05-09,ncr,ginger,100,,,prevailing,4
2022-05-16,ncr,ginger,100,,,prevailing,5
2022-05-23,ncr,ginger,100,,,prevailing,5
2022-05-30,ncr,ginger,108,,,prevailing,5
2022-06-06,ncr,ginger,116,,,prevailing,5
2022-06-13,ncr,ginger,108,,,prevailing,5
2022-06-20,ncr,ginger,106,,,prevailing,5
2022-06-27,ncr,ginger,102,,,prevailing,5
2022-07-04,ncr,ginger,100,,,prevailing,5
2022-07-11,ncr,ginger,100,,,prevailing,5
2022-07-18,ncr,ginger,100,,,prevailing,5
2022-07-25,ncr,ginger,100,,,prevailing,5
2022-08-01,ncr,ginger,100,,,prevailing,5
2022-08-08,ncr,ginger,100,,,prevailing,5
2022-08-15,ncr,ginger,100,,,prevailing,5
2022-08-22,ncr,ginger,100,,,prevailing,5
2022-08-29,ncr,ginger,100,,,prevailing,5
2022-09-05,ncr,ginger,100,,,prevailing,5
2022-09-12,ncr,ginger,100,,,prevailing,4
2022-09-19,ncr,ginger,100,,,prevailing,4
2022-09-26,ncr,ginger,112,,,prevailing,5
2022-10-03,ncr,ginger,120,,,prevailing,5
2022-10-10,ncr,ginger,124,,,prevailing,5
2022-10-17,ncr,ginger,120,,,prevailing,5
2022-10-24,ncr,ginger,120,,,prevailing,5
2022-10-31,ncr,ginger,120,,,prevailing,4
2022-11-07,ncr,ginger,136,,,prevailing,5
2022-11-14,ncr,ginger,134,,,prevailing,5
2022-11-21,ncr,ginger,124,,,prevailing,5
2022-11-28,ncr,ginger,120,,,prevailing,5
2022-12-05,ncr,ginger,120,,,prevailing,5
2022-12-12,ncr,ginger,120,,,prevailing,5
2022-12-19,ncr,ginger,120,,,prevailing,5
2022-12-26,ncr,ginger,123,100,160,midpoint,5
2023-01-02,ncr,ginger,121,90,150,midpoint,5
2023-01-09,ncr,ginger,115,90,140,midpoint,5
2023-01-16,ncr,ginger,116,90,140,midpoint,5
2023-01-23,ncr,ginger,114,80,140,midpoint,5
2023-01-30,ncr,ginger,110,80,140,midpoint,5
2023-02-06,ncr,ginger,107,70,140,midpoint,5
2023-02-13,ncr,ginger,106,70,140,midpoint,5
2023-02-20,ncr,ginger,99,70,140,midpoint,5
2023-02-27,ncr,ginger,101,70,140,midpoint,5
2023-03-06,ncr,ginger,105,70,140,midpoint,5
2023-03-13,ncr,ginger,105,70,140,midpoint,5
2023-03-20,ncr,ginger,109,70,180,midpoint,5
2023-03-27,ncr,ginger,101,70,140,midpoint,5
2023-04-03,ncr,ginger,96.67,70,130,midpoint,3
2023-04-10,ncr,ginger,95,70,120,midpoint,4
2023-04-17,ncr,ginger,95,70,120,midpoint,5
2023-04-24,ncr,ginger,98,70,150,midpoint,5
2023-05-01,ncr,ginger,95,70,120,midpoint,4
2023-05-08,ncr,ginger,97,70,120,midpoint,5
2023-05-15,ncr,ginger,95,70,120,midpoint,5
2023-05-22,ncr,ginger,105,70,140,midpoint,5
2023-05-29,ncr,ginger,106,80,140,midpoint,5
2023-06-05,ncr,ginger,106.67,70,150,midpoint,3
2023-06-12,ncr,ginger,110,80,140,midpoint,1
2023-06-19,ncr,ginger,115,90,140,midpoint,4
2023-06-26,ncr,ginger,113.75,90,140,midpoint,4
2023-07-03,ncr,ginger,110,90,140,midpoint,5
2023-07-10,ncr,ginger,110,90,150,midpoint,5
2023-07-17,ncr,ginger,106,80,150,midpoint,5
2023-07-24,ncr,ginger,115,90,140,midpoint,4
2023-07-31,ncr,ginger,117,90,150,midpoint,5
2023-08-07,ncr,ginger,116,90,150,midpoint,5
2023-08-14,ncr,ginger,119,90,150,midpoint,5
2023-08-21,ncr,ginger,123,90,150,midpoint,5
2023-08-28,ncr,ginger,124,100,150,midpoint,5
2023-09-04,ncr,ginger,130,100,160,midpoint,5
2023-09-11,ncr,ginger,125,100,150,midpoint,5
2023-09-18,ncr,ginger,130,100,160,midpoint,5
2023-09-25,ncr,ginger,132,90,170,midpoint,5
2023-10-02,ncr,ginger,135,100,170,midpoint,5
2023-10-09,ncr,ginger,147,110,200,midpoint,5
2023-10-16,ncr,ginger,140,100,180,midpoint,5
2023-10-23,ncr,ginger,147,100,210,midpoint,5
2023-10-30,ncr,ginger,155,100,200,midpoint,4
2023-11-06,ncr,ginger,144,80,200,midpoint,5
2023-11-13,ncr,ginger,171,140,200,midpoint,5
2023-11-20,ncr,ginger,167,120,200,midpoint,5
2023-11-27,ncr,ginger,170,140,220,midpoint,4
2023-12-04,ncr,ginger,171,140,200,midpoint,5
2023-12-11,ncr,ginger,157.5,120,200,midpoint,4
2023-12-18,ncr,ginger,154,120,200,midpoint,5
2023-12-25,ncr,ginger,161.25,120,200,midpoint,4
2024-01-01,ncr,ginger,155,120,200,midpoint,4
2024-01-08,ncr,ginger,156,100,200,midpoint,5
2024-01-15,ncr,ginger,147,100,200,midpoint,5
2024-01-22,ncr,ginger,140,90,180,midpoint,5
2024-01-29,ncr,ginger,140,100,180,midpoint,5
2024-02-05,ncr,ginger,135,90,180,midpoint,5
2024-02-12,ncr,ginger,132,80,180,midpoint,5
2024-02-19,ncr,ginger,129,80,180,midpoint,5
2024-02-26,ncr,ginger,135,100,170,midpoint,5
2024-03-04,ncr,ginger,128.75,90,160,midpoint,4
2024-03-11,ncr,ginger,130,100,160,midpoint,5
2024-03-18,ncr,ginger,131,100,170,midpoint,5
2024-03-25,ncr,ginger,140,100,180,midpoint,3
2024-04-01,ncr,ginger,150,120,180,midpoint,5
2024-04-08,ncr,ginger,145,130,160,midpoint,3
2024-04-15,ncr,ginger,147.5,120,180,midpoint,6
2024-04-22,ncr,ginger,155,100,220,midpoint,6
2024-04-29,ncr,ginger,186.25,110,250,midpoint,6
2024-05-06,ncr,ginger,204.17,150,260,midpoint,6
2024-05-13,ncr,ginger,211.67,160,280,midpoint,6
2024-05-20,ncr,ginger,211.67,160,270,midpoint,6
2024-05-27,ncr,ginger,223.33,160,280,midpoint,6
2024-06-03,ncr,ginger,247,200,280,midpoint,5
2024-06-10,ncr,ginger,257.5,180,320,midpoint,6
2024-06-17,ncr,ginger,248.33,200,300,midpoint,6
2024-06-24,ncr,ginger,239.17,200,280,midpoint,6
2024-07-01,ncr,ginger,240,190,280,midpoint,6
2024-07-08,ncr,ginger,238.33,180,280,midpoint,6
2024-07-15,ncr,ginger,217.5,160,300,midpoint,6
2024-07-22,ncr,ginger,205.83,150,280,midpoint,6
2024-07-29,ncr,ginger,206.67,150,270,midpoint,6
2024-08-05,ncr,ginger,213.33,160,300,midpoint,6
2024-08-12,ncr,ginger,213.33,160,280,midpoint,6
2024-08-19,ncr,ginger,214.17,160,260,midpoint,6
2024-08-26,ncr,ginger,207.5,150,260,midpoint,6
2024-09-02,ncr,ginger,222.5,150,300,midpoint,6
2024-09-09,ncr,ginger,238.33,150,300,midpoint,6
2024-09-16,ncr,ginger,245.83,150,350,midpoint,6
2024-09-23,ncr,ginger,244.17,180,350,midpoint,6
2024-09-30,ncr,ginger,234,130,300,midpoint,5
2024-10-07,ncr,ginger,243,140,300,midpoint,5
2024-10-14,ncr,ginger,263.33,120,350,midpoint,6
2024-10-21,ncr,ginger,231,120,350,midpoint,5
2024-10-28,ncr,ginger,249,130,350,midpoint,5
2024-11-04,ncr,ginger,232.5,120,350,midpoint,6
2024-11-11,ncr,ginger,251,130,350,midpoint,5
2024-11-18,ncr,ginger,251.67,130,350,midpoint,6
2024-11-25,ncr,ginger,260.83,240,300,midpoint,6
2024-12-02,ncr,ginger,250,240,260,midpoint,5
2024-12-09,ncr,ginger,254,240,300,midpoint,5
2024-12-16,ncr,ginger,255,240,300,midpoint,5
2024-12-23,ncr,ginger,251,240,260,midpoint,5
2024-12-30,ncr,ginger,242.5,180,260,midpoint,4
2025-01-06,ncr,ginger,231,170,260,midpoint,5
2025-01-13,ncr,ginger,211.78,170,300,average,6
2025-01-20,ncr,ginger,199.42,110,260,average,6
2025-01-27,ncr,ginger,194.1,110,260,average,6
2025-02-03,ncr,ginger,203.17,110,260,average,6
2025-02-10,ncr,ginger,193.33,110,260,prevailing,6
2025-02-17,ncr,ginger,198.33,120,300,prevailing,6
2025-02-24,ncr,ginger,190,110,260,prevailing,6
2025-03-03,ncr,ginger,188.33,120,260,prevailing,6
2025-03-10,ncr,ginger,181.67,100,260,prevailing,6
2025-03-17,ncr,ginger,180,100,260,prevailing,6
2025-03-24,ncr,ginger,181.67,110,250,prevailing,6
2025-03-31,ncr,ginger,180.7,100,250,prevailing,6
2025-04-07,ncr,ginger,180,100,250,prevailing,6
2025-04-14,ncr,ginger,180,120,250,prevailing,3
2025-04-21,ncr,ginger,180,130,240,prevailing,6
2025-04-28,ncr,ginger,180.74,130,240,prevailing,6
2025-05-05,ncr,ginger,196.67,150,230,prevailing,6
2025-05-12,ncr,ginger,200,150,280,prevailing,6
2025-05-19,ncr,ginger,200,160,280,prevailing,5
2025-05-26,ncr,ginger,200,140,300,prevailing,6
2025-06-02,ncr,ginger,200,140,280,prevailing,6
2025-06-09,ncr,ginger,200,140,280,prevailing,6
2025-06-16,ncr,ginger,208.33,130,250,prevailing,6
2025-06-23,ncr,ginger,205,120,250,prevailing,6
2025-06-30,ncr,ginger,200.47,140,250,prevailing,6
2025-07-07,ncr,ginger,200,120,250,prevailing,6
2025-07-14,ncr,ginger,200,120,280,prevailing,5
2025-07-21,ncr,ginger,205,120,280,prevailing,6
2025-07-28,ncr,ginger,240,140,300,prevailing,5
2025-08-04,ncr,ginger,200,120,300,prevailing,6
2025-08-11,ncr,ginger,200,120,280,prevailing,6
2025-08-18,ncr,ginger,200,120,270,prevailing,5
2025-08-25,ncr,ginger,200,120,250,prevailing,4
2025-09-01,ncr,ginger,200,130,250,prevailing,5
2025-09-08,ncr,ginger,200,140,250,prevailing,6
2025-09-15,ncr,ginger,200,130,250,prevailing,6
2025-09-22,ncr,ginger,200.64,125,250,prevailing,7
2025-09-29,ncr,ginger,200.49,125,250,prevailing,7
2025-10-06,ncr,ginger,198.7,100,250,prevailing,7
2025-10-13,ncr,ginger,200.95,150,230,prevailing,7
2025-10-20,ncr,ginger,197.71,150,230,prevailing,7
2025-10-27,ncr,ginger,199.8,120,250,prevailing,7
2025-11-03,ncr,ginger,201.04,100,260,prevailing,7
2025-11-10,ncr,ginger,204.49,100,300,prevailing,7
2025-11-17,ncr,ginger,206,100,300,prevailing,7
2025-11-24,ncr,ginger,200.61,100,320,prevailing,7
2025-12-01,ncr,ginger,191.25,100,320,prevailing,7
2025-12-08,ncr,ginger,181.36,100,260,prevailing,7
2025-12-15,ncr,ginger,178.04,100,250,prevailing,7
2025-12-22,ncr,ginger,170.43,100,250,prevailing,7
2025-12-29,ncr,ginger,172.38,100,220,prevailing,7
2026-01-05,ncr,ginger,178.16,110,220,prevailing,7
2026-01-12,ncr,ginger,175.71,110,220,prevailing,7
2026-01-19,ncr,ginger,173.21,100,200,prevailing,7
2026-01-26,ncr,ginger,156.14,120,200,prevailing,7
2026-02-02,ncr,ginger,156.86,120,200,prevailing,7
2026-02-09,ncr,ginger,151.3,100,200,prevailing,7
2026-02-16,ncr,ginger,152.54,100,200,prevailing,7
2026-02-23,ncr,ginger,151.57,100,200,prevailing,7
2026-03-02,ncr,ginger,155.06,100,200,prevailing,7
2026-03-09,ncr,ginger,152.86,100,200,prevailing,7
2026-03-16,ncr,ginger,151.56,100,200,prevailing,7
2026-03-23,ncr,ginger,156.39,100,200,prevailing,7
2026-03-30,ncr,ginger,162.06,100,200,prevailing,7
2026-04-06,ncr,ginger,163.33,100,200,prevailing,7
2026-04-13,ncr,ginger,164.44,100,200,prevailing,7
2026-04-20,ncr,ginger,155.1,100,220,prevailing,7
2026-04-27,ncr,ginger,167.74,100,230,prevailing,7
2026-05-04,ncr,ginger,175.46,100,220,prevailing,7
2026-05-11,ncr,ginger,175.48,120,220,prevailing,7
2026-05-18,ncr,ginger,175.71,100,250,prevailing,7
2026-05-25,ncr,ginger,195.71,100,250,prevailing,7
2026-06-01,ncr,ginger,195.54,100,250,prevailing,7
2026-06-08,ncr,ginger,181.03,110,250,prevailing,7
2026-06-15,ncr,ginger,185,100,250,prevailing,6
2026-06-22,ncr,ginger,190,100,250,prevailing,6
2026-06-29,ncr,ginger,185.28,100,250,prevailing,7
2026-07-06,ncr,ginger,180,120,250,prevailing,7
2026-07-13,ncr,ginger,180,120,250,prevailing,7
2026-07-20,ncr,ginger,180,120,250,prevailing,7
2026-07-27,ncr,ginger,180,125,250,prevailing,7
2026-08-03,ncr,ginger,180,120,250,prevailing,7
2026-08-10,ncr,ginger,195.71,100,250,prevailing,7
2026-08-17,ncr,ginger,200,100,250,prevailing,7
2026-08-24,ncr,ginger,200,100,240,prevailing,7
2026-08-31,ncr,ginger,200,100,240,prevailing,7
2026-09-07,ncr,ginger,200,120,240,prevailing,7
2026-09-14,ncr,ginger,200,120,240,prevailing,7
2026-09-21,ncr,ginger,200,120,240,prevailing,7
2026-09-28,ncr,ginger,200,120,230,prevailing,5
2025-09-22,ncr,ginger_imported,158.7,,,prevailing,2
2025-09-29,ncr,ginger_imported,149.52,,,prevailing,3
2025-10-06,ncr,ginger_imported,150,,,prevailing,1
2025-10-13,ncr,ginger_imported,170,,,prevailing,1
2025-10-20,ncr,ginger_imported,150,,,prevailing,1
2025-10-27,ncr,ginger_imported,160,,,prevailing,1
2025-11-03,ncr,ginger_imported,163.8,,,prevailing,2
2025-11-10,ncr,ginger_imported,205,,,prevailing,1
2025-11-17,ncr,ginger_imported,182.5,,,prevailing,1
2025-11-24,ncr,ginger_imported,190,,,prevailing,1
2025-12-01,ncr,ginger_imported,175,,,prevailing,1
2025-12-08,ncr,ginger_imported,215,,,prevailing,1
2025-12-15,ncr,ginger_imported,215,,,prevailing,1
2025-12-22,ncr,ginger_imported,190,,,prevailing,1
2025-12-29,ncr,ginger_imported,220,,,prevailing,1
2026-01-05,ncr,ginger_imported,207.5,,,prevailing,1
2026-01-12,ncr,ginger_imported,186.67,,,prevailing,1
2026-01-19,ncr,ginger_imported,180,,,prevailing,1
2026-01-26,ncr,ginger_imported,190,,,prevailing,1
2026-02-02,ncr,ginger_imported,180,,,prevailing,1
2026-02-09,ncr,ginger_imported,180,,,prevailing,1
2026-02-16,ncr,ginger_imported,180,,,prevailing,1
2026-02-23,ncr,ginger_imported,180,,,prevailing,1
2026-03-09,ncr,ginger_imported,180,,,prevailing,1
2026-03-23,ncr,ginger_imported,100,,,prevailing,1
2026-04-27,ncr,ginger_imported,90,,,prevailing,1
2026-05-04,ncr,ginger_imported,111.25,,,prevailing,1
2026-05-11,ncr,ginger_imported,111.25,,,prevailing,1
2026-05-18,ncr,ginger_imported,109,,,prevailing,1
2026-05-25,ncr,ginger_imported,120.83,,,prevailing,1
2026-06-01,ncr,ginger_imported,115.83,,,prevailing,1
2026-06-08,ncr,ginger_imported,103,,,prevailing,1
2026-06-29,ncr,ginger_imported,147.21,,,prevailing,1
2024-11-18,ncr,lettuce_green_ice,280.83,150,400,midpoint,6
2024-11-25,ncr,lettuce_green_ice,266.67,120,400,midpoint,6
2024-12-02,ncr,lettuce_green_ice,253,120,400,midpoint,5
2024-12-09,ncr,lettuce_green_ice,223,120,350,midpoint,5
2024-12-16,ncr,lettuce_green_ice,219,100,350,midpoint,5
2024-12-23,ncr,lettuce_green_ice,234,120,400,midpoint,5
2024-12-30,ncr,lettuce_green_ice,243.75,110,400,midpoint,4
2025-01-06,ncr,lettuce_green_ice,205.5,65,300,midpoint,5
2025-01-13,ncr,lettuce_green_ice,173.6,80,250,average,6
2025-01-20,ncr,lettuce_green_ice,169.18,75,250,average,6
2025-01-27,ncr,lettuce_green_ice,154.68,60,250,average,6
2025-02-03,ncr,lettuce_green_ice,155.83,60,250,average,6
2025-02-10,ncr,lettuce_green_ice,150,60,220,prevailing,6
2025-02-17,ncr,lettuce_green_ice,135,60,250,prevailing,6
2025-02-24,ncr,lettuce_green_ice,142.5,60,250,prevailing,6
2025-03-03,ncr,lettuce_green_ice,150,100,250,prevailing,6
2025-03-10,ncr,lettuce_green_ice,150,80,200,prevailing,6
2025-03-17,ncr,lettuce_green_ice,150,100,220,prevailing,6
2025-03-24,ncr,lettuce_green_ice,155,85,240,prevailing,6
2025-03-31,ncr,lettuce_green_ice,151.38,90,200,prevailing,6
2025-04-07,ncr,lettuce_green_ice,150,90,240,prevailing,6
2025-04-14,ncr,lettuce_green_ice,150,80,240,prevailing,3
2025-04-21,ncr,lettuce_green_ice,154.17,110,200,prevailing,6
2025-04-28,ncr,lettuce_green_ice,152.93,100,200,prevailing,6
2025-05-05,ncr,lettuce_green_ice,150.24,80,250,prevailing,7
2025-05-12,ncr,lettuce_green_ice,187.14,80,250,prevailing,7
2025-05-19,ncr,lettuce_green_ice,200.77,120,300,prevailing,7
2025-05-26,ncr,lettuce_green_ice,200,100,300,prevailing,7
2025-06-02,ncr,lettuce_green_ice,195.71,80,280,prevailing,7
2025-06-09,ncr,lettuce_green_ice,190,80,250,prevailing,7
2025-06-16,ncr,lettuce_green_ice,192.86,90,250,prevailing,7
2025-06-23,ncr,lettuce_green_ice,194.29,80,250,prevailing,7
2025-06-30,ncr,lettuce_green_ice,187.37,80,250,prevailing,7
2025-07-07,ncr,lettuce_green_ice,195.71,90,250,prevailing,7
2025-07-14,ncr,lettuce_green_ice,185.75,130,250,prevailing,7
2025-07-21,ncr,lettuce_green_ice,247.14,140,320,prevailing,7
2025-07-28,ncr,lettuce_green_ice,292.56,180,500,prevailing,7
2025-08-04,ncr,lettuce_green_ice,421.43,280,700,prevailing,7
2025-08-11,ncr,lettuce_green_ice,482.5,300,700,prevailing,7
2025-08-18,ncr,lettuce_green_ice,407.29,140,600,prevailing,7
2025-08-25,ncr,lettuce_green_ice,266.39,130,540,prevailing,7
2025-09-01,ncr,lettuce_green_ice,206.08,80,350,prevailing,7
2025-09-08,ncr,lettuce_green_ice,195.24,70,280,prevailing,7
2025-09-15,ncr,lettuce_green_ice,189,50,280,prevailing,7
2025-09-22,ncr,lettuce_green_ice,178.32,50,300,prevailing,7
2025-09-29,ncr,lettuce_green_ice,191.77,60,280,prevailing,7
2025-10-06,ncr,lettuce_green_ice,200.82,80,280,prevailing,7
2025-10-13,ncr,lettuce_green_ice,199.49,100,250,prevailing,7
2025-10-20,ncr,lettuce_green_ice,200,80,250,prevailing,7
2025-10-27,ncr,lettuce_green_ice,200.71,80,250,prevailing,7
2025-11-03,ncr,lettuce_green_ice,198.59,100,250,prevailing,7
2025-11-10,ncr,lettuce_green_ice,217.14,80,400,prevailing,7
2025-11-17,ncr,lettuce_green_ice,225.71,100,400,prevailing,7
2025-11-24,ncr,lettuce_green_ice,265.4,150,400,prevailing,7
2025-12-01,ncr,lettuce_green_ice,341.84,200,460,prevailing,7
2025-12-08,ncr,lettuce_green_ice,368.88,200,500,prevailing,7
2025-12-15,ncr,lettuce_green_ice,398.41,220,500,prevailing,7
2025-12-22,ncr,lettuce_green_ice,392.54,220,500,prevailing,7
2025-12-29,ncr,lettuce_green_ice,334.11,120,540,prevailing,7
2026-01-05,ncr,lettuce_green_ice,236.25,100,540,prevailing,7
2026-01-12,ncr,lettuce_green_ice,202.06,100,350,prevailing,7
2026-01-19,ncr,lettuce_green_ice,202.51,90,350,prevailing,7
2026-01-26,ncr,lettuce_green_ice,202.14,100,350,prevailing,7
2026-02-02,ncr,lettuce_green_ice,200.32,100,300,prevailing,7
2026-02-09,ncr,lettuce_green_ice,199.84,80,250,prevailing,7
2026-02-16,ncr,lettuce_green_ice,201.07,70,300,prevailing,7
2026-02-23,ncr,lettuce_green_ice,155.36,40,300,prevailing,7
2026-03-02,ncr,lettuce_green_ice,150,40,250,prevailing,7
2026-03-09,ncr,lettuce_green_ice,153.02,50,250,prevailing,7
2026-03-16,ncr,lettuce_green_ice,151.96,50,250,prevailing,7
2026-03-23,ncr,lettuce_green_ice,149.99,60,250,prevailing,7
2026-03-30,ncr,lettuce_green_ice,152.65,60,250,prevailing,7
2026-04-06,ncr,lettuce_green_ice,151,60,250,prevailing,7
2026-04-13,ncr,lettuce_green_ice,149.8,60,250,prevailing,7
2026-04-20,ncr,lettuce_green_ice,146.52,60,250,prevailing,7
2026-04-27,ncr,lettuce_green_ice,146.75,80,190,prevailing,7
2026-05-04,ncr,lettuce_green_ice,196.88,100,250,prevailing,7
2026-05-11,ncr,lettuce_green_ice,284.51,100,400,prevailing,7
2026-05-18,ncr,lettuce_green_ice,250.29,120,400,prevailing,7
2026-05-25,ncr,lettuce_green_ice,196.94,120,320,prevailing,7
2026-06-01,ncr,lettuce_green_ice,199.14,100,300,prevailing,7
2026-06-08,ncr,lettuce_green_ice,201.84,120,320,prevailing,7
2026-06-15,ncr,lettuce_green_ice,239.88,130,320,prevailing,7
2026-06-22,ncr,lettuce_green_ice,249.53,130,380,prevailing,7
2026-06-29,ncr,lettuce_green_ice,241.63,100,400,prevailing,7
2026-07-06,ncr,lettuce_green_ice,200,60,350,prevailing,7
2026-07-13,ncr,lettuce_green_ice,200,50,350,prevailing,7
2026-07-20,ncr,lettuce_green_ice,164.29,50,300,prevailing,7
2026-07-27,ncr,lettuce_green_ice,171.43,50,300,prevailing,7
2026-08-03,ncr,lettuce_green_ice,185.71,60,270,prevailing,7
2026-08-10,ncr,lettuce_green_ice,250,120,500,prevailing,7
2026-08-17,ncr,lettuce_green_ice,428.57,160,700,prevailing,7
2026-08-24,ncr,lettuce_green_ice,542.86,260,700,prevailing,7
2026-08-31,ncr,lettuce_green_ice,600,350,800,prevailing,7
2026-09-07,ncr,lettuce_green_ice,646.43,380,800,prevailing,7
2026-09-14,ncr,lettuce_green_ice,642.86,450,850,prevailing,7
2026-09-21,ncr,lettuce_green_ice,557.14,150,850,prevailing,7
2026-09-28,ncr,lettuce_green_ice,350.16,100,600,prevailing,7
2024-11-18,ncr,lettuce_iceberg,315.83,150,450,midpoint,6
2024-11-25,ncr,lettuce_iceberg,320.83,200,400,midpoint,6
2024-12-02,ncr,lettuce_iceberg,283,150,400,midpoint,5
2024-12-09,ncr,lettuce_iceberg,240,120,380,midpoint,5
2024-12-16,ncr,lettuce_iceberg,203,100,300,midpoint,5
2024-12-23,ncr,lettuce_iceberg,244,120,400,midpoint,5
2024-12-30,ncr,lettuce_iceberg,240,120,400,midpoint,4
2025-01-06,ncr,lettuce_iceberg,176,70,300,midpoint,5
2025-01-13,ncr,lettuce_iceberg,167.3,75,300,average,6
2025-01-20,ncr,lettuce_iceberg,167.41,70,300,average,6
2025-01-27,ncr,lettuce_iceberg,152.6,80,250,average,6
2025-02-03,ncr,lettuce_iceberg,158.11,70,250,average,6
2025-02-10,ncr,lettuce_iceberg,200,70,250,prevailing,6
2025-02-17,ncr,lettuce_iceberg,198.33,65,200,prevailing,6
2025-02-24,ncr,lettuce_iceberg,191.11,75,250,prevailing,6
2025-03-03,ncr,lettuce_iceberg,195.83,90,250,prevailing,6
2025-03-10,ncr,lettuce_iceberg,198.33,90,250,prevailing,6
2025-03-17,ncr,lettuce_iceberg,193.33,85,220,prevailing,6
2025-03-24,ncr,lettuce_iceberg,188.33,120,250,prevailing,6
2025-03-31,ncr,lettuce_iceberg,192.64,100,260,prevailing,6
2025-04-07,ncr,lettuce_iceberg,190,120,260,prevailing,6
2025-04-14,ncr,lettuce_iceberg,186.67,140,250,prevailing,3
2025-04-21,ncr,lettuce_iceberg,185,120,250,prevailing,6
2025-04-28,ncr,lettuce_iceberg,190,120,250,prevailing,6
2025-05-05,ncr,lettuce_iceberg,170,80,250,prevailing,6
2025-05-12,ncr,lettuce_iceberg,196.67,130,280,prevailing,6
2025-05-19,ncr,lettuce_iceberg,194,140,300,prevailing,5
2025-05-26,ncr,lettuce_iceberg,233.33,150,300,prevailing,6
2025-06-02,ncr,lettuce_iceberg,241.67,100,280,prevailing,6
2025-06-09,ncr,lettuce_iceberg,161.67,100,250,prevailing,6
2025-06-16,ncr,lettuce_iceberg,200,100,300,prevailing,6
2025-06-23,ncr,lettuce_iceberg,191.67,90,250,prevailing,6
2025-06-30,ncr,lettuce_iceberg,189.35,70,300,prevailing,6
2025-07-07,ncr,lettuce_iceberg,193.33,75,300,prevailing,6
2025-07-14,ncr,lettuce_iceberg,200,90,250,prevailing,5
2025-07-21,ncr,lettuce_iceberg,212.5,100,320,prevailing,6
2025-07-28,ncr,lettuce_iceberg,305,150,450,prevailing,5
2025-08-04,ncr,lettuce_iceberg,388.33,240,700,prevailing,6
2025-08-11,ncr,lettuce_iceberg,420.83,250,700,prevailing,6
2025-08-18,ncr,lettuce_iceberg,340,230,700,prevailing,5
2025-08-25,ncr,lettuce_iceberg,325,160,600,prevailing,4
2025-09-01,ncr,lettuce_iceberg,240,120,350,prevailing,5
2025-09-08,ncr,lettuce_iceberg,225,80,350,prevailing,6
2025-09-15,ncr,lettuce_iceberg,191.67,90,280,prevailing,6
2025-09-22,ncr,lettuce_iceberg,200.51,80,350,prevailing,7
2025-09-29,ncr,lettuce_iceberg,188.02,90,280,prevailing,7
2025-10-06,ncr,lettuce_iceberg,201.07,100,250,prevailing,7
2025-10-13,ncr,lettuce_iceberg,200.48,100,350,prevailing,7
2025-10-20,ncr,lettuce_iceberg,202.5,100,300,prevailing,7
2025-10-27,ncr,lettuce_iceberg,202.14,140,250,prevailing,7
2025-11-03,ncr,lettuce_iceberg,200.23,140,280,prevailing,7
2025-11-10,ncr,lettuce_iceberg,261.02,120,400,prevailing,7
2025-11-17,ncr,lettuce_iceberg,249,100,350,prevailing,7
2025-11-24,ncr,lettuce_iceberg,306.19,200,460,prevailing,7
2025-12-01,ncr,lettuce_iceberg,377.38,200,550,prevailing,7
2025-12-08,ncr,lettuce_iceberg,437.14,200,540,prevailing,7
2025-12-15,ncr,lettuce_iceberg,455.29,300,550,prevailing,7
2025-12-22,ncr,lettuce_iceberg,454.52,300,600,prevailing,7
2025-12-29,ncr,lettuce_iceberg,425.57,300,600,prevailing,7
2026-01-05,ncr,lettuce_iceberg,345.24,130,450,prevailing,7
2026-01-12,ncr,lettuce_iceberg,269.86,150,400,prevailing,7
2026-01-19,ncr,lettuce_iceberg,282.5,150,400,prevailing,7
2026-01-26,ncr,lettuce_iceberg,248.57,180,350,prevailing,7
2026-02-02,ncr,lettuce_iceberg,285.71,200,350,prevailing,7
2026-02-09,ncr,lettuce_iceberg,255.36,200,350,prevailing,7
2026-02-16,ncr,lettuce_iceberg,250.71,130,350,prevailing,7
2026-02-23,ncr,lettuce_iceberg,240,130,300,prevailing,7
2026-03-02,ncr,lettuce_iceberg,201.43,120,300,prevailing,7
2026-03-09,ncr,lettuce_iceberg,201.79,110,260,prevailing,7
2026-03-16,ncr,lettuce_iceberg,202.14,150,250,prevailing,7
2026-03-23,ncr,lettuce_iceberg,203.53,160,260,prevailing,7
2026-03-30,ncr,lettuce_iceberg,203.57,100,260,prevailing,7
2026-04-06,ncr,lettuce_iceberg,203.33,80,260,prevailing,7
2026-04-13,ncr,lettuce_iceberg,197.86,80,250,prevailing,7
2026-04-20,ncr,lettuce_iceberg,189.46,70,250,prevailing,7
2026-04-27,ncr,lettuce_iceberg,189.71,80,250,prevailing,7
2026-05-04,ncr,lettuce_iceberg,188.43,80,250,prevailing,7
2026-05-11,ncr,lettuce_iceberg,196.43,80,300,prevailing,7
2026-05-18,ncr,lettuce_iceberg,195.71,110,300,prevailing,7
2026-05-25,ncr,lettuce_iceberg,194.92,100,250,prevailing,7
2026-06-01,ncr,lettuce_iceberg,197.92,150,230,prevailing,7
2026-06-08,ncr,lettuce_iceberg,198.18,130,300,prevailing,7
2026-06-15,ncr,lettuce_iceberg,233.33,100,300,prevailing,6
2026-06-22,ncr,lettuce_iceberg,200,80,350,prevailing,6
2026-06-29,ncr,lettuce_iceberg,201.69,120,350,prevailing,7
2026-07-06,ncr,lettuce_iceberg,200,90,350,prevailing,7
2026-07-13,ncr,lettuce_iceberg,214.29,80,350,prevailing,7
2026-07-20,ncr,lettuce_iceberg,200,80,350,prevailing,7
2026-07-27,ncr,lettuce_iceberg,200,80,340,prevailing,7
2026-08-03,ncr,lettuce_iceberg,214.29,80,350,prevailing,7
2026-08-10,ncr,lettuce_iceberg,285.71,100,450,prevailing,7
2026-08-17,ncr,lettuce_iceberg,357.14,150,600,prevailing,7
2026-08-24,ncr,lettuce_iceberg,464.29,240,700,prevailing,7
2026-08-31,ncr,lettuce_iceberg,600,280,800,prevailing,7
2026-09-07,ncr,lettuce_iceberg,528.57,320,800,prevailing,7
2026-09-14,ncr,lettuce_iceberg,644.29,350,900,prevailing,7
2026-09-21,ncr,lettuce_iceberg,550,320,850,prevailing,7
2026-09-28,ncr,lettuce_iceberg,395,220,700,prevailing,5
2024-11-18,ncr,lettuce_romaine,312.5,180,450,midpoint,6
2024-11-25,ncr,lettuce_romaine,297.5,150,450,midpoint,6
2024-12-02,ncr,lettuce_romaine,271,130,400,midpoint,5
2024-12-09,ncr,lettuce_romaine,234,100,400,midpoint,5
2024-12-16,ncr,lettuce_romaine,191,100,300,midpoint,5
2024-12-23,ncr,lettuce_romaine,230,80,400,midpoint,5
2024-12-30,ncr,lettuce_romaine,241.25,100,400,midpoint,4
2025-01-06,ncr,lettuce_romaine,180.5,65,300,midpoint,5
2025-01-13,ncr,lettuce_romaine,162.74,60,250,average,6
2025-01-20,ncr,lettuce_romaine,158.54,50,300,average,6
2025-01-27,ncr,lettuce_romaine,146.9,60,250,average,6
2025-02-03,ncr,lettuce_romaine,145.74,70,250,average,6
2025-02-10,ncr,lettuce_romaine,154.17,75,200,prevailing,6
2025-02-17,ncr,lettuce_romaine,123.61,60,200,prevailing,6
2025-02-24,ncr,lettuce_romaine,155,60,200,prevailing,6
2025-03-03,ncr,lettuce_romaine,150,65,250,prevailing,6
2025-03-10,ncr,lettuce_romaine,172,100,200,prevailing,6
2025-03-17,ncr,lettuce_romaine,170,80,220,prevailing,6
2025-03-24,ncr,lettuce_romaine,175,80,250,prevailing,6
2025-03-31,ncr,lettuce_romaine,173.88,100,200,prevailing,6
2025-04-07,ncr,lettuce_romaine,163.33,120,220,prevailing,6
2025-04-14,ncr,lettuce_romaine,173.33,130,200,prevailing,3
2025-04-21,ncr,lettuce_romaine,181.67,100,250,prevailing,6
2025-04-28,ncr,lettuce_romaine,177.04,90,250,prevailing,6
2025-05-05,ncr,lettuce_romaine,181.43,100,250,prevailing,7
2025-05-12,ncr,lettuce_romaine,187.14,100,280,prevailing,7
2025-05-19,ncr,lettuce_romaine,193.96,120,250,prevailing,7
2025-05-26,ncr,lettuce_romaine,205,120,300,prevailing,7
2025-06-02,ncr,lettuce_romaine,191.43,100,280,prevailing,7
2025-06-09,ncr,lettuce_romaine,175.71,80,250,prevailing,7
2025-06-16,ncr,lettuce_romaine,178.57,90,250,prevailing,7
2025-06-23,ncr,lettuce_romaine,181.07,85,250,prevailing,7
2025-06-30,ncr,lettuce_romaine,178.35,70,280,prevailing,7
2025-07-07,ncr,lettuce_romaine,191.9,70,280,prevailing,7
2025-07-14,ncr,lettuce_romaine,194.72,80,250,prevailing,7
2025-07-21,ncr,lettuce_romaine,247.14,140,300,prevailing,7
2025-07-28,ncr,lettuce_romaine,295.45,150,420,prevailing,7
2025-08-04,ncr,lettuce_romaine,520.83,250,700,prevailing,6
2025-08-11,ncr,lettuce_romaine,441.9,250,600,prevailing,7
2025-08-18,ncr,lettuce_romaine,391.08,180,600,prevailing,7
2025-08-25,ncr,lettuce_romaine,252.73,100,450,prevailing,7
2025-09-01,ncr,lettuce_romaine,191.04,80,450,prevailing,7
2025-09-08,ncr,lettuce_romaine,173.33,70,350,prevailing,7
2025-09-15,ncr,lettuce_romaine,151.79,50,300,prevailing,7
2025-09-22,ncr,lettuce_romaine,181.67,50,300,prevailing,7
2025-09-29,ncr,lettuce_romaine,189.32,60,280,prevailing,7
2025-10-06,ncr,lettuce_romaine,200.63,70,280,prevailing,7
2025-10-13,ncr,lettuce_romaine,200.39,80,250,prevailing,7
2025-10-20,ncr,lettuce_romaine,200,100,250,prevailing,7
2025-10-27,ncr,lettuce_romaine,201.19,80,250,prevailing,7
2025-11-03,ncr,lettuce_romaine,195.73,100,250,prevailing,7
2025-11-10,ncr,lettuce_romaine,214.29,100,350,prevailing,7
2025-11-17,ncr,lettuce_romaine,231.43,100,350,prevailing,7
2025-11-24,ncr,lettuce_romaine,274.8,140,400,prevailing,7
2025-12-01,ncr,lettuce_romaine,317.86,200,450,prevailing,7
2025-12-08,ncr,lettuce_romaine,382.14,200,500,prevailing,7
2025-12-15,ncr,lettuce_romaine,403.14,300,460,prevailing,7
2025-12-22,ncr,lettuce_romaine,402.57,300,500,prevailing,7
2025-12-29,ncr,lettuce_romaine,377.71,240,500,prevailing,7
2026-01-05,ncr,lettuce_romaine,299.43,150,500,prevailing,7
2026-01-12,ncr,lettuce_romaine,285.24,150,420,prevailing,7
2026-01-19,ncr,lettuce_romaine,302.38,150,400,prevailing,7
2026-01-26,ncr,lettuce_romaine,243.1,120,380,prevailing,7
2026-02-02,ncr,lettuce_romaine,224.29,150,350,prevailing,7
2026-02-09,ncr,lettuce_romaine,246.29,100,350,prevailing,7
2026-02-16,ncr,lettuce_romaine,218.81,80,300,prevailing,7
2026-02-23,ncr,lettuce_romaine,200.29,40,300,prevailing,7
2026-03-02,ncr,lettuce_romaine,165.36,40,280,prevailing,7
2026-03-09,ncr,lettuce_romaine,164.05,50,250,prevailing,7
2026-03-16,ncr,lettuce_romaine,194.57,60,280,prevailing,7
2026-03-23,ncr,lettuce_romaine,163.99,60,200,prevailing,7
2026-03-30,ncr,lettuce_romaine,193.81,70,200,prevailing,7
2026-04-06,ncr,lettuce_romaine,144.29,60,200,prevailing,7
2026-04-13,ncr,lettuce_romaine,137.38,70,250,prevailing,7
2026-04-20,ncr,lettuce_romaine,130.86,70,200,prevailing,7
2026-04-27,ncr,lettuce_romaine,124.76,60,220,prevailing,7
2026-05-04,ncr,lettuce_romaine,180.16,60,250,prevailing,7
2026-05-11,ncr,lettuce_romaine,239.34,80,350,prevailing,7
2026-05-18,ncr,lettuce_romaine,236.31,130,350,prevailing,7
2026-05-25,ncr,lettuce_romaine,203.29,120,300,prevailing,7
2026-06-01,ncr,lettuce_romaine,233.97,150,300,prevailing,7
2026-06-08,ncr,lettuce_romaine,249.89,180,360,prevailing,7
2026-06-15,ncr,lettuce_romaine,297.86,200,400,prevailing,7
2026-06-22,ncr,lettuce_romaine,298.5,200,430,prevailing,7
2026-06-29,ncr,lettuce_romaine,284.95,140,400,prevailing,7
2026-07-06,ncr,lettuce_romaine,250,100,380,prevailing,7
2026-07-13,ncr,lettuce_romaine,235.71,80,380,prevailing,7
2026-07-20,ncr,lettuce_romaine,235.71,50,380,prevailing,7
2026-07-27,ncr,lettuce_romaine,221.43,50,380,prevailing,7
2026-08-03,ncr,lettuce_romaine,214.29,60,300,prevailing,7
2026-08-10,ncr,lettuce_romaine,264.29,100,450,prevailing,7
2026-08-17,ncr,lettuce_romaine,396.43,150,600,prevailing,7
2026-08-24,ncr,lettuce_romaine,557.14,220,650,prevailing,7
2026-08-31,ncr,lettuce_romaine,585.71,220,800,prevailing,7
2026-09-07,ncr,lettuce_romaine,678.57,400,800,prevailing,7
2026-09-14,ncr,lettuce_romaine,700,420,900,prevailing,7
2026-09-21,ncr,lettuce_romaine,578.57,150,850,prevailing,7
2026-09-28,ncr,lettuce_romaine,335.34,80,600,prevailing,7
2020-11-02,ncr,mango_carabao,165,130,190,prevailing,4
2020-11-09,ncr,mango_carabao,150,120,200,prevailing,4
2020-11-16,ncr,mango_carabao,156,110,200,prevailing,5
2020-11-23,ncr,mango_carabao,150,100,200,prevailing,5
2020-11-30,ncr,mango_carabao,150,120,200,prevailing,4
2020-12-07,ncr,mango_carabao,160,120,200,prevailing,4
2020-12-14,ncr,mango_carabao,155,120,200,prevailing,4
2020-12-21,ncr,mango_carabao,186.67,130,220,prevailing,3
2020-12-28,ncr,mango_carabao,200,130,260,prevailing,2
2021-01-04,ncr,mango_carabao,310,250,350,prevailing,5
2021-01-11,ncr,mango_carabao,288,200,300,prevailing,5
2021-01-18,ncr,mango_carabao,268,150,300,prevailing,5
2021-01-25,ncr,mango_carabao,200,150,300,prevailing,5
2021-02-01,ncr,mango_carabao,196,140,260,prevailing,5
2021-02-08,ncr,mango_carabao,202,130,250,prevailing,5
2021-02-15,ncr,mango_carabao,184,120,240,prevailing,5
2021-02-22,ncr,mango_carabao,160,120,230,prevailing,5
2021-03-01,ncr,mango_carabao,170,120,250,prevailing,5
2021-03-08,ncr,mango_carabao,162,120,250,prevailing,5
2021-03-15,ncr,mango_carabao,158,110,250,prevailing,5
2021-03-22,ncr,mango_carabao,150,110,250,prevailing,5
2021-03-29,ncr,mango_carabao,150,120,180,prevailing,3
2021-04-05,ncr,mango_carabao,150,120,200,prevailing,5
2021-04-12,ncr,mango_carabao,150,120,200,prevailing,5
2021-04-19,ncr,mango_carabao,154,120,200,prevailing,5
2021-04-26,ncr,mango_carabao,156,110,200,prevailing,5
2021-05-03,ncr,mango_carabao,157.5,110,200,prevailing,4
2021-05-10,ncr,mango_carabao,132,100,180,prevailing,5
2021-05-17,ncr,mango_carabao,140,100,180,prevailing,5
2021-05-24,ncr,mango_carabao,132,100,180,prevailing,5
2021-05-31,ncr,mango_carabao,100,80,150,prevailing,5
2021-06-07,ncr,mango_carabao,112,100,150,prevailing,5
2021-06-14,ncr,mango_carabao,120,80,160,prevailing,5
2021-06-21,ncr,mango_carabao,140,100,180,prevailing,5
2021-06-28,ncr,mango_carabao,140,100,180,prevailing,5
2021-07-05,ncr,mango_carabao,150,100,180,prevailing,4
2021-07-12,ncr,mango_carabao,160,120,180,prevailing,5
2021-07-19,ncr,mango_carabao,162,100,180,prevailing,5
2021-07-26,ncr,mango_carabao,166,100,180,prevailing,5
2021-08-02,ncr,mango_carabao,168,100,200,prevailing,5
2021-08-09,ncr,mango_carabao,174,120,180,prevailing,5
2021-08-16,ncr,mango_carabao,180,120,180,prevailing,5
2021-08-23,ncr,mango_carabao,180,120,180,prevailing,5
2021-08-30,ncr,mango_carabao,176,120,180,prevailing,5
2021-09-06,ncr,mango_carabao,171,,,prevailing,5
2021-09-13,ncr,mango_carabao,180,,,prevailing,5
2021-09-20,ncr,mango_carabao,168,,,prevailing,5
2021-09-27,ncr,mango_carabao,180,,,prevailing,5
2021-10-04,ncr,mango_carabao,183.33,,,prevailing,3
2021-10-11,ncr,mango_carabao,179,,,prevailing,5
2021-10-18,ncr,mango_carabao,182,,,prevailing,5
2021-10-25,ncr,mango_carabao,180,,,prevailing,1
2022-01-03,ncr,mango_carabao,185,,,prevailing,4
2022-01-10,ncr,mango_carabao,180,,,prevailing,5
2022-01-17,ncr,mango_carabao,180,,,prevailing,5
2022-01-24,ncr,mango_carabao,180,,,prevailing,5
2022-01-31,ncr,mango_carabao,180,,,prevailing,5
2022-02-07,ncr,mango_carabao,174,,,prevailing,5
2022-02-14,ncr,mango_carabao,180,,,prevailing,4
2022-02-21,ncr,mango_carabao,176,,,prevailing,5
2022-02-28,ncr,mango_carabao,150,,,prevailing,5
2022-03-07,ncr,mango_carabao,150,,,prevailing,5
2022-03-14,ncr,mango_carabao,150,,,prevailing,5
2022-03-21,ncr,mango_carabao,150,,,prevailing,5
2022-03-28,ncr,mango_carabao,141,,,prevailing,5
2022-04-04,ncr,mango_carabao,138,,,prevailing,5
2022-04-11,ncr,mango_carabao,140,,,prevailing,3
2022-04-18,ncr,mango_carabao,132,,,prevailing,5
2022-04-25,ncr,mango_carabao,128,,,prevailing,5
2022-05-02,ncr,mango_carabao,132,,,prevailing,5
2022-05-09,ncr,mango_carabao,120,,,prevailing,4
2022-05-16,ncr,mango_carabao,120,,,prevailing,5
2022-05-23,ncr,mango_carabao,120,,,prevailing,5
2022-05-30,ncr,mango_carabao,126,,,prevailing,5
2022-06-06,ncr,mango_carabao,150,,,prevailing,5
2022-06-13,ncr,mango_carabao,180,,,prevailing,5
2022-06-20,ncr,mango_carabao,170,,,prevailing,5
2022-06-27,ncr,mango_carabao,190,,,prevailing,5
2022-07-04,ncr,mango_carabao,198,,,prevailing,5
2022-07-11,ncr,mango_carabao,200,,,prevailing,5
2022-07-18,ncr,mango_carabao,200,,,prevailing,5
2022-07-25,ncr,mango_carabao,200,,,prevailing,5
2022-08-01,ncr,mango_carabao,202,,,prevailing,5
2022-08-08,ncr,mango_carabao,206,,,prevailing,5
2022-08-15,ncr,mango_carabao,218,,,prevailing,5
2022-08-22,ncr,mango_carabao,210,,,prevailing,5
2022-08-29,ncr,mango_carabao,220,,,prevailing,5
2022-09-05,ncr,mango_carabao,220,,,prevailing,5
2022-09-12,ncr,mango_carabao,220,,,prevailing,4
2022-09-19,ncr,mango_carabao,210,,,prevailing,4
2022-09-26,ncr,mango_carabao,212,,,prevailing,5
2022-10-03,ncr,mango_carabao,196,,,prevailing,5
2022-10-10,ncr,mango_carabao,180,,,prevailing,5
2022-10-17,ncr,mango_carabao,204,,,prevailing,5
2022-10-24,ncr,mango_carabao,180,,,prevailing,5
2022-10-31,ncr,mango_carabao,180,,,prevailing,4
2022-11-07,ncr,mango_carabao,180,,,prevailing,5
2022-11-14,ncr,mango_carabao,180,,,prevailing,5
2022-11-21,ncr,mango_carabao,180,,,prevailing,5
2022-11-28,ncr,mango_carabao,180,,,prevailing,5
2022-12-05,ncr,mango_carabao,180,,,prevailing,5
2022-12-12,ncr,mango_carabao,180,,,prevailing,5
2022-12-19,ncr,mango_carabao,180,,,prevailing,5
2022-12-26,ncr,mango_carabao,174,120,220,midpoint,5
2023-01-02,ncr,mango_carabao,170,120,220,midpoint,5
2023-01-09,ncr,mango_carabao,171,120,230,midpoint,5
2023-01-16,ncr,mango_carabao,170,120,220,midpoint,5
2023-01-23,ncr,mango_carabao,160,100,220,midpoint,5
2023-01-30,ncr,mango_carabao,160,120,200,midpoint,5
2023-02-06,ncr,mango_carabao,162,120,220,midpoint,5
2023-02-13,ncr,mango_carabao,170,120,220,midpoint,5
2023-02-20,ncr,mango_carabao,170,120,220,midpoint,5
2023-02-27,ncr,mango_carabao,166,80,220,midpoint,5
2023-03-06,ncr,mango_carabao,170,120,220,midpoint,5
2023-03-13,ncr,mango_carabao,160,100,220,midpoint,5
2023-03-20,ncr,mango_carabao,150,100,200,midpoint,5
2023-03-27,ncr,mango_carabao,150,100,200,midpoint,5
2023-04-03,ncr,mango_carabao,150,100,200,midpoint,3
2023-04-10,ncr,mango_carabao,150,100,200,midpoint,4
2023-04-17,ncr,mango_carabao,149,90,200,midpoint,5
2023-04-24,ncr,mango_carabao,148.5,90,200,midpoint,5
2023-05-01,ncr,mango_carabao,145.62,90,200,midpoint,4
2023-05-08,ncr,mango_carabao,143,90,190,midpoint,5
2023-05-15,ncr,mango_carabao,140,90,190,midpoint,5
2023-05-22,ncr,mango_carabao,141,90,190,midpoint,5
2023-05-29,ncr,mango_carabao,123,80,190,midpoint,5
2023-06-05,ncr,mango_carabao,126.67,80,180,midpoint,3
2023-06-12,ncr,mango_carabao,120,80,160,midpoint,1
2023-06-19,ncr,mango_carabao,125,70,190,midpoint,4
2023-06-26,ncr,mango_carabao,136.88,75,190,midpoint,4
2023-07-03,ncr,mango_carabao,140,80,190,midpoint,5
2023-07-10,ncr,mango_carabao,141,90,190,midpoint,5
2023-07-17,ncr,mango_carabao,148,90,200,midpoint,5
2023-07-24,ncr,mango_carabao,155,100,220,midpoint,4
2023-07-31,ncr,mango_carabao,174,100,240,midpoint,5
2023-08-07,ncr,mango_carabao,183.5,120,240,midpoint,5
2023-08-14,ncr,mango_carabao,199,130,280,midpoint,5
2023-08-21,ncr,mango_carabao,196,125,280,midpoint,5
2023-08-28,ncr,mango_carabao,212.5,140,280,midpoint,5
2023-09-04,ncr,mango_carabao,216.5,140,300,midpoint,5
2023-09-11,ncr,mango_carabao,220,150,300,midpoint,5
2023-09-18,ncr,mango_carabao,226,150,280,midpoint,5
2023-09-25,ncr,mango_carabao,231.5,160,300,midpoint,5
2023-10-02,ncr,mango_carabao,237,170,300,midpoint,5
2023-10-09,ncr,mango_carabao,228,160,300,midpoint,5
2023-10-16,ncr,mango_carabao,215,150,280,midpoint,5
2023-10-23,ncr,mango_carabao,203,135,280,midpoint,5
2023-10-30,ncr,mango_carabao,216.25,140,280,midpoint,4
2023-11-06,ncr,mango_carabao,221,150,300,midpoint,5
2023-11-13,ncr,mango_carabao,218,150,280,midpoint,5
2023-11-20,ncr,mango_carabao,209,150,280,midpoint,5
2023-11-27,ncr,mango_carabao,210,150,270,midpoint,4
2023-12-04,ncr,mango_carabao,207,140,270,midpoint,5
2023-12-11,ncr,mango_carabao,205,140,270,midpoint,4
2023-12-18,ncr,mango_carabao,203,130,270,midpoint,5
2023-12-25,ncr,mango_carabao,205,130,280,midpoint,4
2024-01-01,ncr,mango_carabao,193.75,120,260,midpoint,4
2024-01-08,ncr,mango_carabao,192,130,260,midpoint,5
2024-01-15,ncr,mango_carabao,187,100,260,midpoint,5
2024-01-22,ncr,mango_carabao,189,120,260,midpoint,5
2024-01-29,ncr,mango_carabao,169,100,240,midpoint,5
2024-02-05,ncr,mango_carabao,177,100,240,midpoint,5
2024-02-12,ncr,mango_carabao,180,120,240,midpoint,5
2024-02-19,ncr,mango_carabao,181,120,250,midpoint,5
2024-02-26,ncr,mango_carabao,178,120,240,midpoint,5
2024-03-04,ncr,mango_carabao,172.5,120,240,midpoint,4
2024-03-11,ncr,mango_carabao,170,120,220,midpoint,5
2024-03-18,ncr,mango_carabao,164,100,230,midpoint,5
2024-03-25,ncr,mango_carabao,156.67,80,220,midpoint,3
2024-04-01,ncr,mango_carabao,150,80,220,midpoint,5
2024-04-08,ncr,mango_carabao,158.33,90,220,midpoint,3
2024-04-15,ncr,mango_carabao,140,100,180,midpoint,6
2024-04-22,ncr,mango_carabao,140,100,180,midpoint,6
2024-04-29,ncr,mango_carabao,133.33,80,180,midpoint,6
2024-05-06,ncr,mango_carabao,129.17,80,180,midpoint,6
2024-05-13,ncr,mango_carabao,124.17,70,180,midpoint,6
2024-05-20,ncr,mango_carabao,110.83,60,160,midpoint,6
2024-05-27,ncr,mango_carabao,113.33,60,180,midpoint,6
2024-06-03,ncr,mango_carabao,111.67,65,160,midpoint,6
2024-06-10,ncr,mango_carabao,124.58,65,180,midpoint,6
2024-06-17,ncr,mango_carabao,128.33,60,180,midpoint,6
2024-06-24,ncr,mango_carabao,130,80,180,midpoint,6
2024-07-01,ncr,mango_carabao,142.5,80,200,midpoint,6
2024-07-08,ncr,mango_carabao,150,100,200,midpoint,6
2024-07-15,ncr,mango_carabao,158.33,100,240,midpoint,6
2024-07-22,ncr,mango_carabao,163.33,100,240,midpoint,6
2024-07-29,ncr,mango_carabao,170,100,240,midpoint,6
2024-08-05,ncr,mango_carabao,187.5,120,260,midpoint,6
2024-08-12,ncr,mango_carabao,198.33,120,280,midpoint,6
2024-08-19,ncr,mango_carabao,231.67,120,350,midpoint,6
2024-08-26,ncr,mango_carabao,250,120,370,midpoint,6
2024-09-02,ncr,mango_carabao,282.5,140,380,midpoint,6
2024-09-09,ncr,mango_carabao,286.67,200,380,midpoint,6
2024-09-16,ncr,mango_carabao,285.83,250,420,prevailing,6
2024-09-23,ncr,mango_carabao,340.83,270,420,midpoint,6
2024-09-30,ncr,mango_carabao,340,250,400,midpoint,5
2024-10-07,ncr,mango_carabao,288,200,380,midpoint,5
2024-10-14,ncr,mango_carabao,236.67,150,320,midpoint,6
2024-10-21,ncr,mango_carabao,206,140,280,midpoint,5
2024-10-28,ncr,mango_carabao,205,120,280,midpoint,5
2024-11-04,ncr,mango_carabao,198.33,120,280,midpoint,6
2024-11-11,ncr,mango_carabao,200,110,280,midpoint,5
2024-11-18,ncr,mango_carabao,205,130,280,midpoint,6
2024-11-25,ncr,mango_carabao,213.33,130,300,midpoint,6
2024-12-02,ncr,mango_carabao,214,140,300,midpoint,5
2024-12-09,ncr,mango_carabao,225,150,320,midpoint,5
2024-12-16,ncr,mango_carabao,229,150,320,midpoint,5
2024-12-23,ncr,mango_carabao,219,140,320,midpoint,5
2024-12-30,ncr,mango_carabao,210,140,280,midpoint,4
2025-01-06,ncr,mango_carabao,208,150,260,midpoint,5
2025-01-13,ncr,mango_carabao,202.7,140,280,average,6
2025-01-20,ncr,mango_carabao,201.13,140,280,average,6
2025-01-27,ncr,mango_carabao,197.72,130,280,average,6
2025-02-03,ncr,mango_carabao,195.16,150,230,average,6
2025-02-10,ncr,mango_carabao,185,130,250,prevailing,6
2025-02-17,ncr,mango_carabao,186.67,100,260,prevailing,6
2025-02-24,ncr,mango_carabao,183.33,100,260,prevailing,6
2025-03-03,ncr,mango_carabao,180,110,220,prevailing,6
2025-03-10,ncr,mango_carabao,180,90,240,prevailing,6
2025-03-17,ncr,mango_carabao,172.5,90,200,prevailing,6
2025-03-24,ncr,mango_carabao,140,90,200,prevailing,6
2025-03-31,ncr,mango_carabao,138.13,80,200,prevailing,7
2025-04-07,ncr,mango_carabao,130.24,80,180,prevailing,7
2025-04-14,ncr,mango_carabao,127,80,180,prevailing,4
2025-04-21,ncr,mango_carabao,126.86,90,180,prevailing,7
2025-04-28,ncr,mango_carabao,138.27,90,180,prevailing,7
2025-05-05,ncr,mango_carabao,126.79,80,180,prevailing,7
2025-05-12,ncr,mango_carabao,121.79,80,180,prevailing,7
2025-05-19,ncr,mango_carabao,125,80,180,prevailing,7
2025-05-26,ncr,mango_carabao,120.86,80,180,prevailing,7
2025-06-02,ncr,mango_carabao,130.95,80,180,prevailing,7
2025-06-09,ncr,mango_carabao,137.5,100,200,prevailing,7
2025-06-16,ncr,mango_carabao,138.33,100,200,prevailing,7
2025-06-23,ncr,mango_carabao,142.86,110,200,prevailing,7
2025-06-30,ncr,mango_carabao,149.06,110,220,prevailing,7
2025-07-07,ncr,mango_carabao,146,108,200,prevailing,7
2025-07-14,ncr,mango_carabao,149.6,100,220,prevailing,7
2025-07-21,ncr,mango_carabao,144.86,100,220,prevailing,7
2025-07-28,ncr,mango_carabao,160.15,120,200,prevailing,7
2025-08-04,ncr,mango_carabao,182.86,120,250,prevailing,7
2025-08-11,ncr,mango_carabao,183.1,130,250,prevailing,7
2025-08-18,ncr,mango_carabao,197.72,150,230,prevailing,7
2025-08-25,ncr,mango_carabao,188.67,140,280,prevailing,7
2025-09-01,ncr,mango_carabao,186.38,140,250,prevailing,7
2025-09-08,ncr,mango_carabao,197.76,140,250,prevailing,7
2025-09-15,ncr,mango_carabao,200.41,140,250,prevailing,7
2025-09-22,ncr,mango_carabao,198.51,120,250,prevailing,7
2025-09-29,ncr,mango_carabao,199.64,120,250,prevailing,7
2025-10-06,ncr,mango_carabao,183.57,35,280,prevailing,7
2025-10-13,ncr,mango_carabao,200.92,110,280,prevailing,7
2025-10-20,ncr,mango_carabao,199.21,120,280,prevailing,7
2025-10-27,ncr,mango_carabao,200.48,120,300,prevailing,7
2025-11-03,ncr,mango_carabao,205.53,120,300,prevailing,7
2025-11-10,ncr,mango_carabao,242.14,120,300,prevailing,7
2025-11-17,ncr,mango_carabao,259.8,120,300,prevailing,7
2025-11-24,ncr,mango_carabao,219.48,120,300,prevailing,7
2025-12-01,ncr,mango_carabao,219.61,130,300,prevailing,7
2025-12-08,ncr,mango_carabao,219.43,140,280,prevailing,7
2025-12-15,ncr,mango_carabao,209.14,130,280,prevailing,7
2025-12-22,ncr,mango_carabao,210.78,120,280,prevailing,7
2025-12-29,ncr,mango_carabao,222.86,150,280,prevailing,7
2026-01-05,ncr,mango_carabao,231.86,140,280,prevailing,7
2026-01-12,ncr,mango_carabao,241.82,140,280,prevailing,7
2026-01-19,ncr,mango_carabao,235.57,140,280,prevailing,7
2026-01-26,ncr,mango_carabao,204.68,120,280,prevailing,7
2026-02-02,ncr,mango_carabao,197,120,280,prevailing,7
2026-02-09,ncr,mango_carabao,198.18,110,280,prevailing,7
2026-02-16,ncr,mango_carabao,199.86,100,280,prevailing,7
2026-02-23,ncr,mango_carabao,198.71,110,280,prevailing,7
2026-03-02,ncr,mango_carabao,194.55,110,280,prevailing,7
2026-03-09,ncr,mango_carabao,187.4,100,280,prevailing,7
2026-03-16,ncr,mango_carabao,182.57,100,250,prevailing,7
2026-03-23,ncr,mango_carabao,170.83,100,250,prevailing,7
2026-03-30,ncr,mango_carabao,177.5,100,240,prevailing,7
2026-04-06,ncr,mango_carabao,156.88,100,240,prevailing,7
2026-04-13,ncr,mango_carabao,157.78,100,220,prevailing,7
2026-04-20,ncr,mango_carabao,157.39,100,220,prevailing,7
2026-04-27,ncr,mango_carabao,151.88,100,220,prevailing,7
2026-05-04,ncr,mango_carabao,149.69,90,250,prevailing,7
2026-05-11,ncr,mango_carabao,146.92,90,250,prevailing,7
2026-05-18,ncr,mango_carabao,147.9,90,250,prevailing,7
2026-05-25,ncr,mango_carabao,129.33,90,250,prevailing,7
2026-06-01,ncr,mango_carabao,139.82,90,240,prevailing,7
2026-06-08,ncr,mango_carabao,126.84,90,220,prevailing,7
2026-06-15,ncr,mango_carabao,107.8,90,220,prevailing,7
2026-06-22,ncr,mango_carabao,112.73,90,220,prevailing,7
2026-06-29,ncr,mango_carabao,124.47,90,200,prevailing,7
2026-07-06,ncr,mango_carabao,134.29,90,200,prevailing,7
2026-07-13,ncr,mango_carabao,140,100,200,prevailing,7
2026-07-20,ncr,mango_carabao,140,100,220,prevailing,7
2026-07-27,ncr,mango_carabao,142.86,100,240,prevailing,7
2026-08-03,ncr,mango_carabao,152.62,100,250,prevailing,7
2026-08-10,ncr,mango_carabao,165,100,270,prevailing,7
2026-08-17,ncr,mango_carabao,193.81,120,300,prevailing,7
2026-08-24,ncr,mango_carabao,215.71,120,300,prevailing,7
2026-08-31,ncr,mango_carabao,250,120,320,prevailing,7
2026-09-07,ncr,mango_carabao,242.62,120,340,prevailing,7
2026-09-14,ncr,mango_carabao,228.57,120,350,prevailing,7
2026-09-21,ncr,mango_carabao,221.43,20,350,prevailing,7
2026-09-28,ncr,mango_carabao,250.41,140,350,prevailing,7
2024-11-18,ncr,melon,106.67,60,150,midpoint,6
2024-11-25,ncr,melon,106.67,60,150,midpoint,6
2024-12-02,ncr,melon,103.5,60,150,midpoint,5
2024-12-09,ncr,melon,102.5,60,150,midpoint,5
2024-12-16,ncr,melon,101,60,140,midpoint,5
2024-12-23,ncr,melon,100,60,140,midpoint,5
2024-12-30,ncr,melon,107.5,70,150,midpoint,4
2025-01-06,ncr,melon,103.5,70,160,midpoint,5
2025-01-13,ncr,melon,105.73,70,150,average,6
2025-01-20,ncr,melon,102.42,75,130,average,6
2025-01-27,ncr,melon,102.44,80,130,average,6
2025-02-03,ncr,melon,101.95,70,150,average,6
2025-02-10,ncr,melon,100,70,130,prevailing,6
2025-02-17,ncr,melon,100,70,130,prevailing,6
2025-02-24,ncr,melon,100,80,130,prevailing,6
2025-03-03,ncr,melon,100,70,130,prevailing,6
2025-03-10,ncr,melon,100,70,130,prevailing,6
2025-03-17,ncr,melon,100,75,130,prevailing,6
2025-03-24,ncr,melon,100,70,130,prevailing,6
2025-03-31,ncr,melon,100.34,70,130,prevailing,7
2025-04-07,ncr,melon,100.29,70,130,prevailing,7
2025-04-14,ncr,melon,100,70,130,prevailing,4
2025-04-21,ncr,melon,100.36,60,130,prevailing,7
2025-04-28,ncr,melon,101.54,60,130,prevailing,7
2025-05-05,ncr,melon,101.43,60,130,prevailing,7
2025-05-12,ncr,melon,100.71,60,130,prevailing,7
2025-05-19,ncr,melon,101.65,70,130,prevailing,7
2025-05-26,ncr,melon,100.57,60,130,prevailing,7
2025-06-02,ncr,melon,102.14,60,130,prevailing,7
2025-06-09,ncr,melon,102.38,70,140,prevailing,7
2025-06-16,ncr,melon,104.43,70,140,prevailing,7
2025-06-23,ncr,melon,100.71,70,140,prevailing,7
2025-06-30,ncr,melon,101.39,50,130,prevailing,7
2025-07-07,ncr,melon,100.36,70,130,prevailing,7
2025-07-14,ncr,melon,100.34,70,140,prevailing,7
2025-07-21,ncr,melon,103.21,70,140,prevailing,7
2025-07-28,ncr,melon,111.29,70,160,prevailing,7
2025-08-04,ncr,melon,109.05,60,150,prevailing,7
2025-08-11,ncr,melon,112.5,80,150,prevailing,7
2025-08-18,ncr,melon,113.33,80,150,prevailing,7
2025-08-25,ncr,melon,111.3,80,150,prevailing,7
2025-09-01,ncr,melon,116.82,80,160,prevailing,7
2025-09-08,ncr,melon,117.71,60,160,prevailing,7
2025-09-15,ncr,melon,117.71,60,160,prevailing,7
2025-09-22,ncr,melon,114.03,60,160,prevailing,6
2025-09-29,ncr,melon,114.71,60,160,prevailing,7
2025-10-06,ncr,melon,157.65,70,600,prevailing,7
2025-10-13,ncr,melon,117.03,80,150,prevailing,7
2025-10-20,ncr,melon,117.22,65,150,prevailing,7
2025-10-27,ncr,melon,117.01,65,150,prevailing,7
2025-11-03,ncr,melon,115.72,50,150,prevailing,7
2025-11-10,ncr,melon,115.79,50,150,prevailing,7
2025-11-17,ncr,melon,105.09,50,150,prevailing,7
2025-11-24,ncr,melon,102.08,80,150,prevailing,7
2025-12-01,ncr,melon,100.26,70,150,prevailing,7
2025-12-08,ncr,melon,100.79,70,150,prevailing,7
2025-12-15,ncr,melon,100,70,150,prevailing,7
2025-12-22,ncr,melon,100.26,70,150,prevailing,7
2025-12-29,ncr,melon,100.71,80,150,prevailing,7
2026-01-05,ncr,melon,103.43,80,150,prevailing,7
2026-01-12,ncr,melon,100.26,80,150,prevailing,7
2026-01-19,ncr,melon,99.86,80,150,prevailing,7
2026-01-26,ncr,melon,99.74,80,150,prevailing,7
2026-02-02,ncr,melon,100.18,80,150,prevailing,7
2026-02-09,ncr,melon,99.35,50,150,prevailing,7
2026-02-16,ncr,melon,100,50,150,prevailing,7
2026-02-23,ncr,melon,100,80,150,prevailing,7
2026-03-02,ncr,melon,99.86,80,150,prevailing,7
2026-03-09,ncr,melon,99.86,70,150,prevailing,7
2026-03-16,ncr,melon,99.57,70,150,prevailing,7
2026-03-23,ncr,melon,100.55,60,150,prevailing,7
2026-03-30,ncr,melon,99.82,60,140,prevailing,7
2026-04-06,ncr,melon,100,60,150,prevailing,7
2026-04-13,ncr,melon,104.76,60,150,prevailing,7
2026-04-20,ncr,melon,104.66,60,140,prevailing,7
2026-04-27,ncr,melon,101.38,70,140,prevailing,7
2026-05-04,ncr,melon,107.09,70,140,prevailing,7
2026-05-11,ncr,melon,112.64,70,140,prevailing,7
2026-05-18,ncr,melon,115.67,70,140,prevailing,7
2026-05-25,ncr,melon,115.57,70,140,prevailing,7
2026-06-01,ncr,melon,115.49,70,140,prevailing,7
2026-06-08,ncr,melon,115.56,70,150,prevailing,7
2026-06-15,ncr,melon,115.77,70,150,prevailing,7
2026-06-22,ncr,melon,114.46,60,150,prevailing,7
2026-06-29,ncr,melon,106.62,60,150,prevailing,7
2026-07-06,ncr,melon,104.29,60,160,prevailing,7
2026-07-13,ncr,melon,107.14,70,150,prevailing,7
2026-07-20,ncr,melon,104.29,75,150,prevailing,7
2026-07-27,ncr,melon,102.86,70,140,prevailing,7
2026-08-03,ncr,melon,98.57,70,140,prevailing,7
2026-08-10,ncr,melon,104.29,70,140,prevailing,7
2026-08-17,ncr,melon,105.71,70,140,prevailing,7
2026-08-24,ncr,melon,102.86,70,160,prevailing,7
2026-08-31,ncr,melon,101.43,70,160,prevailing,7
2026-09-07,ncr,melon,102.86,70,160,prevailing,7
2026-09-14,ncr,melon,115.71,80,160,prevailing,7
2026-09-21,ncr,melon,118.57,50,160,prevailing,7
2026-09-28,ncr,melon,102.57,60,160,prevailing,7
2025-12-08,ncr,mung_bean,132.25,100,170,average,4
2025-12-15,ncr,mung_bean,130.08,100,170,average,7
2025-12-22,ncr,mung_bean,130.54,100,170,average,7
2025-12-29,ncr,mung_bean,129.35,100,170,average,7
2026-01-05,ncr,mung_bean,130.51,100,170,average,7
2026-01-12,ncr,mung_bean,130.16,100,170,average,7
2026-01-19,ncr,mung_bean,129.78,100,170,average,7
2026-01-26,ncr,mung_bean,129.33,100,170,average,7
2026-02-02,ncr,mung_bean,129.75,100,150,average,7
2026-02-09,ncr,mung_bean,129.97,100,160,average,7
2026-02-16,ncr,mung_bean,129.91,100,150,average,7
2026-02-23,ncr,mung_bean,130.52,100,150,average,7
2026-03-02,ncr,mung_bean,131.22,100,150,average,7
2026-03-09,ncr,mung_bean,130.83,100,160,average,7
2026-03-16,ncr,mung_bean,132.4,100,160,average,7
2026-03-23,ncr,mung_bean,137.61,100,180,average,7
2026-03-30,ncr,mung_bean,139.94,100,180,average,7
2026-04-06,ncr,mung_bean,145.88,100,200,average,7
2026-04-13,ncr,mung_bean,157.59,100,220,average,7
2026-04-20,ncr,mung_bean,158.82,100,220,average,7
2026-04-27,ncr,mung_bean,154.12,100,200,average,7
2026-05-04,ncr,mung_bean,156.76,100,200,average,7
2026-05-11,ncr,mung_bean,157.7,100,200,average,7
2026-05-18,ncr,mung_bean,153.99,100,200,average,7
2026-05-25,ncr,mung_bean,150.71,120,180,average,7
2026-06-01,ncr,mung_bean,148.79,110,180,average,7
2026-06-08,ncr,mung_bean,146.47,110,180,average,7
2026-06-15,ncr,mung_bean,144.1,110,180,average,7
2026-06-22,ncr,mung_bean,146.79,110,190,average,7
2026-06-29,ncr,mung_bean,145.33,130,160,average,7
2026-07-06,ncr,mung_bean,145.64,115,180,average,7
2026-07-13,ncr,mung_bean,145.67,130,160,average,7
2026-07-20,ncr,mung_bean,145.27,125,160,average,7
2026-07-27,ncr,mung_bean,145.97,125,160,average,7
2026-08-03,ncr,mung_bean,145.15,125,160,average,7
2026-08-10,ncr,mung_bean,146.73,110,190,average,7
2026-08-17,ncr,mung_bean,148.12,110,190,average,7
2026-08-24,ncr,mung_bean,147.79,110,190,average,7
2026-08-31,ncr,mung_bean,148.29,110,190,average,7
2026-09-07,ncr,mung_bean,148.97,110,190,average,7
2026-09-14,ncr,mung_bean,149.09,110,190,average,7
2026-09-21,ncr,mung_bean,149.7,100,190,average,7
2026-09-28,ncr,mung_bean,150.15,80,190,average,7
2025-09-22,ncr,pampano_imported,402.34,,,prevailing,2
2025-09-29,ncr,pampano_imported,405.95,,,prevailing,3
2025-10-06,ncr,pampano_imported,416.43,,,prevailing,1
2025-10-13,ncr,pampano_imported,414.44,,,prevailing,1
2025-10-20,ncr,pampano_imported,410,,,prevailing,1
2025-10-27,ncr,pampano_imported,408.75,,,prevailing,1
2025-11-03,ncr,pampano_imported,411.84,,,prevailing,2
2025-11-10,ncr,pampano_imported,409,,,prevailing,1
2025-11-17,ncr,pampano_imported,413,,,prevailing,1
2025-11-24,ncr,pampano_imported,410,,,prevailing,1
2025-12-01,ncr,pampano_imported,409.09,,,prevailing,1
2025-12-08,ncr,pampano_imported,409.09,,,prevailing,1
2025-12-15,ncr,pampano_imported,411,,,prevailing,1
2025-12-22,ncr,pampano_imported,407,,,prevailing,1
2025-12-29,ncr,pampano_imported,405,,,prevailing,1
2026-01-05,ncr,pampano_imported,411,,,prevailing,1
2026-01-12,ncr,pampano_imported,410,,,prevailing,1
2026-01-19,ncr,pampano_imported,405.56,,,prevailing,1
2026-01-26,ncr,pampano_imported,413.64,,,prevailing,1
2026-02-02,ncr,pampano_imported,401.11,,,prevailing,1
2026-02-09,ncr,pampano_imported,399.09,,,prevailing,1
2026-02-16,ncr,pampano_imported,415,,,prevailing,1
2026-02-23,ncr,pampano_imported,409,,,prevailing,1
2026-03-02,ncr,pampano_imported,406.36,,,prevailing,1
2026-03-09,ncr,pampano_imported,408.18,,,prevailing,1
2026-03-16,ncr,pampano_imported,409,,,prevailing,1
2026-03-23,ncr,pampano_imported,404.01,,,prevailing,2
2026-03-30,ncr,pampano_imported,406.25,,,prevailing,1
2026-04-06,ncr,pampano_imported,402.73,,,prevailing,1
2026-04-13,ncr,pampano_imported,411.25,,,prevailing,1
2026-04-20,ncr,pampano_imported,406.67,,,prevailing,1
2026-04-27,ncr,pampano_imported,410.77,,,prevailing,1
2026-05-04,ncr,pampano_imported,407.69,,,prevailing,1
2026-05-11,ncr,pampano_imported,413.33,,,prevailing,1
2026-05-18,ncr,pampano_imported,404.67,,,prevailing,1
2026-05-25,ncr,pampano_imported,410.71,,,prevailing,1
2026-06-01,ncr,pampano_imported,403.85,,,prevailing,1
2026-06-08,ncr,pampano_imported,402.5,,,prevailing,1
2026-06-15,ncr,pampano_imported,405.83,,,prevailing,1
2026-06-22,ncr,pampano_imported,414.02,,,prevailing,1
2026-06-29,ncr,pampano_imported,417.93,,,prevailing,1
2026-09-28,ncr,pampano_imported,469.6,,,prevailing,2
2025-09-22,ncr,pampano_local,420,,,prevailing,2
2025-09-29,ncr,pampano_local,430,,,prevailing,2
2025-10-13,ncr,pampano_local,393.33,,,prevailing,1
2025-10-20,ncr,pampano_local,430,,,prevailing,1
2025-10-27,ncr,pampano_local,430,,,prevailing,1
2025-11-03,ncr,pampano_local,497.5,,,prevailing,2
2025-11-10,ncr,pampano_local,500,,,prevailing,1
2025-11-17,ncr,pampano_local,500,,,prevailing,1
2025-11-24,ncr,pampano_local,413.33,,,prevailing,1
2025-12-01,ncr,pampano_local,430,,,prevailing,1
2025-12-08,ncr,pampano_local,510,,,prevailing,1
2025-12-15,ncr,pampano_local,510,,,prevailing,1
2025-12-22,ncr,pampano_local,500,,,prevailing,1
2025-12-29,ncr,pampano_local,510,,,prevailing,1
2026-01-05,ncr,pampano_local,510,,,prevailing,1
2026-01-12,ncr,pampano_local,425,,,prevailing,1
2026-01-19,ncr,pampano_local,420,,,prevailing,1
2026-01-26,ncr,pampano_local,440,,,prevailing,1
2026-02-02,ncr,pampano_local,440,,,prevailing,1
2026-02-09,ncr,pampano_local,500,,,prevailing,1
2026-03-23,ncr,pampano_local,525.71,,,prevailing,1
2026-04-06,ncr,pampano_local,420,,,prevailing,1
2026-04-13,ncr,pampano_local,400,,,prevailing,1
2026-04-20,ncr,pampano_local,400,,,prevailing,1
2026-05-04,ncr,pampano_local,400,,,prevailing,1
2026-05-11,ncr,pampano_local,400,,,prevailing,1
2026-05-18,ncr,pampano_local,380,,,prevailing,1
2026-05-25,ncr,pampano_local,430,,,prevailing,1
2026-06-01,ncr,pampano_local,413.33,,,prevailing,1
2026-06-08,ncr,pampano_local,430,,,prevailing,1
2026-06-15,ncr,pampano_local,430,,,prevailing,1
2026-06-22,ncr,pampano_local,450,,,prevailing,1
2026-06-29,ncr,pampano_local,450,,,prevailing,1
2026-09-28,ncr,pampano_local,478.75,,,prevailing,2
2020-11-02,ncr,papaya,60,20,70,prevailing,4
2020-11-09,ncr,papaya,57.5,25,70,prevailing,4
2020-11-16,ncr,papaya,58,25,70,prevailing,5
2020-11-23,ncr,papaya,52,25,70,prevailing,5
2020-11-30,ncr,papaya,55,25,60,prevailing,4
2020-12-07,ncr,papaya,60,40,70,prevailing,4
2020-12-14,ncr,papaya,60,40,80,prevailing,4
2020-12-21,ncr,papaya,60,40,60,prevailing,3
2020-12-28,ncr,papaya,60,35,60,prevailing,2
2021-01-04,ncr,papaya,60,40,60,prevailing,5
2021-01-11,ncr,papaya,60,40,80,prevailing,5
2021-01-18,ncr,papaya,60,30,70,prevailing,5
2021-01-25,ncr,papaya,60,35,70,prevailing,5
2021-02-01,ncr,papaya,60,40,70,prevailing,5
2021-02-08,ncr,papaya,60,25,255,prevailing,5
2021-02-15,ncr,papaya,60,25,80,prevailing,5
2021-02-22,ncr,papaya,60,25,70,prevailing,5
2021-03-01,ncr,papaya,60,25,80,prevailing,5
2021-03-08,ncr,papaya,56,25,70,prevailing,5
2021-03-15,ncr,papaya,60,25,70,prevailing,5
2021-03-22,ncr,papaya,60,25,70,prevailing,5
2021-03-29,ncr,papaya,60,25,70,prevailing,3
2021-04-05,ncr,papaya,60,25,70,prevailing,5
2021-04-12,ncr,papaya,60,25,70,prevailing,5
2021-04-19,ncr,papaya,60,25,70,prevailing,5
2021-04-26,ncr,papaya,60,25,70,prevailing,5
2021-05-03,ncr,papaya,60,25,70,prevailing,4
2021-05-10,ncr,papaya,60,25,70,prevailing,5
2021-05-17,ncr,papaya,60,25,70,prevailing,5
2021-05-24,ncr,papaya,60,25,70,prevailing,5
2021-05-31,ncr,papaya,60,25,70,prevailing,5
2021-06-07,ncr,papaya,60,25,70,prevailing,5
2021-06-14,ncr,papaya,60,25,70,prevailing,5
2021-06-21,ncr,papaya,60,25,70,prevailing,5
2021-06-28,ncr,papaya,60,25,80,prevailing,5
2021-07-05,ncr,papaya,60,25,70,prevailing,4
2021-07-12,ncr,papaya,60,25,70,prevailing,5
2021-07-19,ncr,papaya,60,25,70,prevailing,5
2021-07-26,ncr,papaya,60,25,70,prevailing,5
2021-08-02,ncr,papaya,60,25,70,prevailing,5
2021-08-09,ncr,papaya,60,25,70,prevailing,5
2021-08-16,ncr,papaya,60,25,70,prevailing,5
2021-08-23,ncr,papaya,60,25,70,prevailing,5
2021-08-30,ncr,papaya,60,25,70,prevailing,5
2021-09-06,ncr,papaya,60,,,prevailing,5
2021-09-13,ncr,papaya,60,,,prevailing,5
2021-09-20,ncr,papaya,60,,,prevailing,5
2021-09-27,ncr,papaya,60,,,prevailing,5
2021-10-04,ncr,papaya,60,,,prevailing,3
2021-10-11,ncr,papaya,60,,,prevailing,5
2021-10-18,ncr,papaya,60,,,prevailing,5
2021-10-25,ncr,papaya,60,,,prevailing,1
2022-01-03,ncr,papaya,60,,,prevailing,4
2022-01-10,ncr,papaya,60,,,prevailing,5
2022-01-17,ncr,papaya,60,,,prevailing,5
2022-01-24,ncr,papaya,60,,,prevailing,5
2022-01-31,ncr,papaya,60,,,prevailing,5
2022-02-07,ncr,papaya,60,,,prevailing,5
2022-02-14,ncr,papaya,60,,,prevailing,4
2022-02-21,ncr,papaya,60,,,prevailing,5
2022-02-28,ncr,papaya,60,,,prevailing,5
2022-03-07,ncr,papaya,60,,,prevailing,5
2022-03-14,ncr,papaya,60,,,prevailing,5
2022-03-21,ncr,papaya,60,,,prevailing,5
2022-03-28,ncr,papaya,60,,,prevailing,5
2022-04-04,ncr,papaya,60,,,prevailing,5
2022-04-11,ncr,papaya,60,,,prevailing,3
2022-04-18,ncr,papaya,60,,,prevailing,5
2022-04-25,ncr,papaya,60,,,prevailing,5
2022-05-02,ncr,papaya,60,,,prevailing,5
2022-05-09,ncr,papaya,60,,,prevailing,4
2022-05-16,ncr,papaya,60,,,prevailing,5
2022-05-23,ncr,papaya,60,,,prevailing,5
2022-05-30,ncr,papaya,60,,,prevailing,5
2022-06-06,ncr,papaya,60,,,prevailing,5
2022-06-13,ncr,papaya,60,,,prevailing,5
2022-06-20,ncr,papaya,60,,,prevailing,5
2022-06-27,ncr,papaya,60,,,prevailing,5
2022-07-04,ncr,papaya,60,,,prevailing,5
2022-07-11,ncr,papaya,60,,,prevailing,5
2022-07-18,ncr,papaya,60,,,prevailing,5
2022-07-25,ncr,papaya,60,,,prevailing,5
2022-08-01,ncr,papaya,60,,,prevailing,5
2022-08-08,ncr,papaya,60,,,prevailing,5
2022-08-15,ncr,papaya,60,,,prevailing,5
2022-08-22,ncr,papaya,60,,,prevailing,5
2022-08-29,ncr,papaya,60,,,prevailing,5
2022-09-05,ncr,papaya,60,,,prevailing,5
2022-09-12,ncr,papaya,60,,,prevailing,4
2022-09-19,ncr,papaya,60,,,prevailing,4
2022-09-26,ncr,papaya,60,,,prevailing,5
2022-10-03,ncr,papaya,60,,,prevailing,5
2022-10-10,ncr,papaya,60,,,prevailing,5
2022-10-17,ncr,papaya,60,,,prevailing,5
2022-10-24,ncr,papaya,60,,,prevailing,5
2022-10-31,ncr,papaya,57.5,,,prevailing,4
2022-11-07,ncr,papaya,60,,,prevailing,5
2022-11-14,ncr,papaya,60,,,prevailing,5
2022-11-21,ncr,papaya,60,,,prevailing,5
2022-11-28,ncr,papaya,60,,,prevailing,5
2022-12-05,ncr,papaya,60,,,prevailing,5
2022-12-12,ncr,papaya,60,,,prevailing,5
2022-12-19,ncr,papaya,60,,,prevailing,5
2022-12-26,ncr,papaya,56,35,70,midpoint,5
2023-01-02,ncr,papaya,50,35,65,midpoint,5
2023-01-09,ncr,papaya,48,35,60,midpoint,5
2023-01-16,ncr,papaya,49,35,60,midpoint,5
2023-01-23,ncr,papaya,50,40,60,midpoint,5
2023-01-30,ncr,papaya,48,35,60,midpoint,5
2023-02-06,ncr,papaya,48,35,60,midpoint,5
2023-02-13,ncr,papaya,48,35,60,midpoint,5
2023-02-20,ncr,papaya,48,35,60,midpoint,5
2023-02-27,ncr,papaya,48,35,60,midpoint,5
2023-03-06,ncr,papaya,48,35,60,midpoint,5
2023-03-13,ncr,papaya,48,35,60,midpoint,5
2023-03-20,ncr,papaya,48,35,60,midpoint,5
2023-03-27,ncr,papaya,53,35,70,midpoint,5
2023-04-03,ncr,papaya,55.83,40,70,midpoint,3
2023-04-10,ncr,papaya,55,40,70,midpoint,4
2023-04-17,ncr,papaya,55,40,70,midpoint,5
2023-04-24,ncr,papaya,55,40,70,midpoint,5
2023-05-01,ncr,papaya,55,40,70,midpoint,4
2023-05-08,ncr,papaya,61,40,100,midpoint,5
2023-05-15,ncr,papaya,57.5,45,70,midpoint,5
2023-05-22,ncr,papaya,57.5,45,70,midpoint,5
2023-05-29,ncr,papaya,57.5,45,70,midpoint,5
2023-06-05,ncr,papaya,57.5,45,70,midpoint,3
2023-06-12,ncr,papaya,57.5,45,70,midpoint,1
2023-06-19,ncr,papaya,57.5,45,70,midpoint,4
2023-06-26,ncr,papaya,57.5,45,70,midpoint,4
2023-07-03,ncr,papaya,57.5,45,70,midpoint,5
2023-07-10,ncr,papaya,57.5,45,70,midpoint,5
2023-07-17,ncr,papaya,57.5,45,70,midpoint,5
2023-07-24,ncr,papaya,57.5,45,70,midpoint,4
2023-07-31,ncr,papaya,57.5,45,70,midpoint,5
2023-08-07,ncr,papaya,57.5,45,70,midpoint,5
2023-08-14,ncr,papaya,57.5,45,70,midpoint,5
2023-08-21,ncr,papaya,56.5,40,70,midpoint,5
2023-08-28,ncr,papaya,56,40,80,midpoint,5
2023-09-04,ncr,papaya,55,35,70,midpoint,5
2023-09-11,ncr,papaya,55,40,70,midpoint,5
2023-09-18,ncr,papaya,55,40,70,midpoint,5
2023-09-25,ncr,papaya,55,40,70,midpoint,5
2023-10-02,ncr,papaya,53,35,70,midpoint,5
2023-10-09,ncr,papaya,53.5,35,80,midpoint,5
2023-10-16,ncr,papaya,52.5,35,70,midpoint,5
2023-10-23,ncr,papaya,55,35,80,midpoint,5
2023-10-30,ncr,papaya,55,35,80,midpoint,4
2023-11-06,ncr,papaya,60,30,90,midpoint,5
2023-11-13,ncr,papaya,58.5,35,80,midpoint,5
2023-11-20,ncr,papaya,60,40,80,midpoint,5
2023-11-27,ncr,papaya,60,40,80,midpoint,4
2023-12-04,ncr,papaya,65,40,120,midpoint,5
2023-12-11,ncr,papaya,82.5,40,180,midpoint,4
2023-12-18,ncr,papaya,64.5,40,120,midpoint,5
2023-12-25,ncr,papaya,70,50,120,midpoint,4
2024-01-01,ncr,papaya,65,50,80,midpoint,4
2024-01-08,ncr,papaya,62,40,80,midpoint,5
2024-01-15,ncr,papaya,60,40,80,midpoint,5
2024-01-22,ncr,papaya,62,40,80,midpoint,5
2024-01-29,ncr,papaya,60,40,80,midpoint,5
2024-02-05,ncr,papaya,61.5,40,80,midpoint,5
2024-02-12,ncr,papaya,60,35,80,midpoint,5
2024-02-19,ncr,papaya,58.5,35,80,midpoint,5
2024-02-26,ncr,papaya,61,40,80,midpoint,5
2024-03-04,ncr,papaya,65,50,80,midpoint,4
2024-03-11,ncr,papaya,65,50,80,midpoint,5
2024-03-18,ncr,papaya,65,50,80,midpoint,5
2024-03-25,ncr,papaya,65,50,80,midpoint,3
2024-04-01,ncr,papaya,65,50,80,midpoint,5
2024-04-08,ncr,papaya,65,50,80,midpoint,3
2024-04-15,ncr,papaya,63.33,40,80,midpoint,6
2024-04-22,ncr,papaya,63.33,40,80,midpoint,6
2024-04-29,ncr,papaya,59.17,35,80,midpoint,6
2024-05-06,ncr,papaya,63.75,40,80,midpoint,6
2024-05-13,ncr,papaya,65,50,80,midpoint,6
2024-05-20,ncr,papaya,65,50,80,midpoint,6
2024-05-27,ncr,papaya,65,50,80,midpoint,6
2024-06-03,ncr,papaya,65,50,80,midpoint,6
2024-06-10,ncr,papaya,65,50,80,midpoint,6
2024-06-17,ncr,papaya,65,50,80,midpoint,6
2024-06-24,ncr,papaya,65,50,80,midpoint,6
2024-07-01,ncr,papaya,65,50,80,midpoint,6
2024-07-08,ncr,papaya,63.75,45,80,midpoint,6
2024-07-15,ncr,papaya,63.75,45,80,midpoint,6
2024-07-22,ncr,papaya,63.33,45,80,midpoint,6
2024-07-29,ncr,papaya,65,50,80,midpoint,6
2024-08-05,ncr,papaya,64.17,45,80,midpoint,6
2024-08-12,ncr,papaya,62.5,45,80,midpoint,6
2024-08-19,ncr,papaya,65,45,100,midpoint,6
2024-08-26,ncr,papaya,71.67,50,100,midpoint,6
2024-09-02,ncr,papaya,69.17,40,100,midpoint,6
2024-09-09,ncr,papaya,70,40,100,midpoint,6
2024-09-16,ncr,papaya,71.67,40,100,midpoint,6
2024-09-23,ncr,papaya,73.33,40,100,midpoint,6
2024-09-30,ncr,papaya,75,60,90,midpoint,5
2024-10-07,ncr,papaya,75,50,100,midpoint,5
2024-10-14,ncr,papaya,74.17,40,100,midpoint,6
2024-10-21,ncr,papaya,76,50,100,midpoint,5
2024-10-28,ncr,papaya,75,60,90,midpoint,5
2024-11-04,ncr,papaya,75,60,90,midpoint,6
2024-11-11,ncr,papaya,75,50,100,midpoint,5
2024-11-18,ncr,papaya,72.5,40,90,midpoint,6
2024-11-25,ncr,papaya,73.33,40,90,midpoint,6
2024-12-02,ncr,papaya,75,60,90,midpoint,5
2024-12-09,ncr,papaya,75,60,90,midpoint,5
2024-12-16,ncr,papaya,75,60,90,midpoint,5
2024-12-23,ncr,papaya,75,50,100,midpoint,5
2024-12-30,ncr,papaya,76.88,60,90,midpoint,4
2025-01-06,ncr,papaya,75,50,100,midpoint,5
2025-01-13,ncr,papaya,74.66,40,90,average,6
2025-01-20,ncr,papaya,74.47,50,90,average,6
2025-01-27,ncr,papaya,74.2,40,90,average,6
2025-02-03,ncr,papaya,75.81,40,90,average,6
2025-02-10,ncr,papaya,80,40,90,prevailing,6
2025-02-17,ncr,papaya,80,50,90,prevailing,6
2025-02-24,ncr,papaya,80,40,90,prevailing,6
2025-03-03,ncr,papaya,80,50,90,prevailing,6
2025-03-10,ncr,papaya,80,35,110,prevailing,6
2025-03-17,ncr,papaya,80,35,90,prevailing,6
2025-03-24,ncr,papaya,80,50,90,prevailing,6
2025-03-31,ncr,papaya,77.65,50,90,prevailing,7
2025-04-07,ncr,papaya,78.57,50,90,prevailing,7
2025-04-14,ncr,papaya,77.5,35,90,prevailing,4
2025-04-21,ncr,papaya,77.62,35,90,prevailing,7
2025-04-28,ncr,papaya,77.34,35,90,prevailing,7
2025-05-05,ncr,papaya,78.29,40,90,prevailing,7
2025-05-12,ncr,papaya,80.12,40,90,prevailing,7
2025-05-19,ncr,papaya,77.44,50,90,prevailing,7
2025-05-26,ncr,papaya,78.57,40,90,prevailing,7
2025-06-02,ncr,papaya,78.1,35,90,prevailing,7
2025-06-09,ncr,papaya,78.21,35,90,prevailing,7
2025-06-16,ncr,papaya,78.45,35,90,prevailing,7
2025-06-23,ncr,papaya,78.81,60,90,prevailing,7
2025-06-30,ncr,papaya,78.13,60,90,prevailing,7
2025-07-07,ncr,papaya,69.71,60,90,prevailing,7
2025-07-14,ncr,papaya,69.85,50,90,prevailing,7
2025-07-21,ncr,papaya,69.71,35,90,prevailing,7
2025-07-28,ncr,papaya,69.74,45,90,prevailing,7
2025-08-04,ncr,papaya,71.25,45,90,prevailing,7
2025-08-11,ncr,papaya,75.54,50,90,prevailing,7
2025-08-18,ncr,papaya,69.02,50,90,prevailing,7
2025-08-25,ncr,papaya,67.99,50,90,prevailing,7
2025-09-01,ncr,papaya,69.4,35,90,prevailing,7
2025-09-08,ncr,papaya,69,35,90,prevailing,7
2025-09-15,ncr,papaya,67.38,35,90,prevailing,7
2025-09-22,ncr,papaya,67.83,35,90,prevailing,6
2025-09-29,ncr,papaya,69.48,35,90,prevailing,7
2025-10-06,ncr,papaya,67.14,25,90,prevailing,7
2025-10-13,ncr,papaya,76.22,35,90,prevailing,7
2025-10-20,ncr,papaya,76.31,35,90,prevailing,7
2025-10-27,ncr,papaya,70.89,35,90,prevailing,7
2025-11-03,ncr,papaya,70.95,35,90,prevailing,7
2025-11-10,ncr,papaya,73.57,35,90,prevailing,7
2025-11-17,ncr,papaya,72.45,35,90,prevailing,7
2025-11-24,ncr,papaya,78.02,35,90,prevailing,7
2025-12-01,ncr,papaya,78.57,35,100,prevailing,7
2025-12-08,ncr,papaya,75,35,90,prevailing,7
2025-12-15,ncr,papaya,78.04,35,90,prevailing,7
2025-12-22,ncr,papaya,78.57,35,90,prevailing,7
2025-12-29,ncr,papaya,78.93,35,90,prevailing,7
2026-01-05,ncr,papaya,79.43,35,90,prevailing,7
2026-01-12,ncr,papaya,79.2,50,90,prevailing,7
2026-01-19,ncr,papaya,77.76,40,90,prevailing,7
2026-01-26,ncr,papaya,78.25,40,90,prevailing,7
2026-02-02,ncr,papaya,79.11,40,90,prevailing,7
2026-02-09,ncr,papaya,78.57,40,90,prevailing,7
2026-02-16,ncr,papaya,79.21,40,90,prevailing,7
2026-02-23,ncr,papaya,74.18,40,100,prevailing,7
2026-03-02,ncr,papaya,70.54,40,100,prevailing,7
2026-03-09,ncr,papaya,71.19,40,100,prevailing,7
2026-03-16,ncr,papaya,73.33,50,100,prevailing,7
2026-03-23,ncr,papaya,74.08,50,100,prevailing,7
2026-03-30,ncr,papaya,73.57,50,100,prevailing,7
2026-04-06,ncr,papaya,72.14,60,80,prevailing,7
2026-04-13,ncr,papaya,76.19,60,90,prevailing,7
2026-04-20,ncr,papaya,78.05,60,90,prevailing,7
2026-04-27,ncr,papaya,77.78,60,90,prevailing,7
2026-05-04,ncr,papaya,78.67,60,90,prevailing,7
2026-05-11,ncr,papaya,77.96,60,90,prevailing,7
2026-05-18,ncr,papaya,78.65,60,90,prevailing,7
2026-05-25,ncr,papaya,72.14,60,90,prevailing,7
2026-06-01,ncr,papaya,72.14,60,90,prevailing,7
2026-06-08,ncr,papaya,70.71,60,90,prevailing,7
2026-06-15,ncr,papaya,71.79,60,90,prevailing,7
2026-06-22,ncr,papaya,70.87,60,90,prevailing,7
2026-06-29,ncr,papaya,79.57,60,90,prevailing,7
2026-07-06,ncr,papaya,78.57,60,90,prevailing,7
2026-07-13,ncr,papaya,78.57,60,90,prevailing,7
2026-07-20,ncr,papaya,72.86,60,90,prevailing,7
2026-07-27,ncr,papaya,80,60,90,prevailing,7
2026-08-03,ncr,papaya,79.29,60,90,prevailing,7
2026-08-10,ncr,papaya,80,60,90,prevailing,7
2026-08-17,ncr,papaya,80,50,120,prevailing,7
2026-08-24,ncr,papaya,80,50,120,prevailing,7
2026-08-31,ncr,papaya,79.29,50,100,prevailing,7
2026-09-07,ncr,papaya,80,50,100,prevailing,7
2026-09-14,ncr,papaya,77.86,50,100,prevailing,7
2026-09-21,ncr,papaya,77.14,50,100,prevailing,7
2026-09-28,ncr,papaya,79.07,50,100,prevailing,7
2020-11-02,ncr,pechay_baguio,72.5,60,100,prevailing,4
2020-11-09,ncr,pechay_baguio,77.5,60,100,prevailing,4
2020-11-16,ncr,pechay_baguio,106,70,150,prevailing,5
2020-11-23,ncr,pechay_baguio,120,80,180,prevailing,5
2020-11-30,ncr,pechay_baguio,140,100,200,prevailing,4
2020-12-07,ncr,pechay_baguio,130,100,170,prevailing,4
2020-12-14,ncr,pechay_baguio,127.5,90,170,prevailing,4
2020-12-21,ncr,pechay_baguio,120,90,160,prevailing,3
2020-12-28,ncr,pechay_baguio,165,120,240,prevailing,2
2021-01-04,ncr,pechay_baguio,156,100,250,prevailing,5
2021-01-11,ncr,pechay_baguio,154,120,200,prevailing,5
2021-01-18,ncr,pechay_baguio,148,100,180,prevailing,5
2021-01-25,ncr,pechay_baguio,92,50,160,prevailing,5
2021-02-01,ncr,pechay_baguio,78,50,120,prevailing,5
2021-02-08,ncr,pechay_baguio,80,50,120,prevailing,5
2021-02-15,ncr,pechay_baguio,70,40,100,prevailing,5
2021-02-22,ncr,pechay_baguio,62,40,90,prevailing,5
2021-03-01,ncr,pechay_baguio,62,40,100,prevailing,5
2021-03-08,ncr,pechay_baguio,58,40,80,prevailing,5
2021-03-15,ncr,pechay_baguio,60,40,80,prevailing,5
2021-03-22,ncr,pechay_baguio,60,40,80,prevailing,5
2021-03-29,ncr,pechay_baguio,56.67,40,80,prevailing,3
2021-04-05,ncr,pechay_baguio,60,40,80,prevailing,5
2021-04-12,ncr,pechay_baguio,60,40,80,prevailing,5
2021-04-19,ncr,pechay_baguio,60,45,80,prevailing,5
2021-04-26,ncr,pechay_baguio,60,40,90,prevailing,5
2021-05-03,ncr,pechay_baguio,60,50,90,prevailing,4
2021-05-10,ncr,pechay_baguio,60,50,80,prevailing,5
2021-05-17,ncr,pechay_baguio,60,45,80,prevailing,5
2021-05-24,ncr,pechay_baguio,60,45,80,prevailing,5
2021-05-31,ncr,pechay_baguio,60,40,80,prevailing,5
2021-06-07,ncr,pechay_baguio,60,40,80,prevailing,5
2021-06-14,ncr,pechay_baguio,60,40,90,prevailing,5
2021-06-21,ncr,pechay_baguio,60,50,80,prevailing,5
2021-06-28,ncr,pechay_baguio,60,40,80,prevailing,5
2021-07-05,ncr,pechay_baguio,60,40,100,prevailing,4
2021-07-12,ncr,pechay_baguio,60,40,100,prevailing,5
2021-07-19,ncr,pechay_baguio,58,40,80,prevailing,5
2021-07-26,ncr,pechay_baguio,62,50,100,prevailing,5
2021-08-02,ncr,pechay_baguio,78,50,100,prevailing,5
2021-08-09,ncr,pechay_baguio,120,60,210,prevailing,5
2021-08-16,ncr,pechay_baguio,200,120,280,prevailing,5
2021-08-23,ncr,pechay_baguio,200,120,250,prevailing,5
2021-08-30,ncr,pechay_baguio,148,120,220,prevailing,5
2021-09-06,ncr,pechay_baguio,112,,,prevailing,5
2021-09-13,ncr,pechay_baguio,92,,,prevailing,5
2021-09-20,ncr,pechay_baguio,84,,,prevailing,5
2021-09-27,ncr,pechay_baguio,80,,,prevailing,5
2021-10-04,ncr,pechay_baguio,80,,,prevailing,3
2021-10-11,ncr,pechay_baguio,80,,,prevailing,5
2021-10-18,ncr,pechay_baguio,80,,,prevailing,5
2021-10-25,ncr,pechay_baguio,73.05,50,85,average,5
2021-11-01,ncr,pechay_baguio,70.73,50,90,average,4
2021-11-08,ncr,pechay_baguio,69.2,50,85,average,5
2021-11-15,ncr,pechay_baguio,64.41,50,80,average,5
2021-11-22,ncr,pechay_baguio,64.15,27.5,80,average,5
2021-11-29,ncr,pechay_baguio,61.29,40,80,average,5
2021-12-06,ncr,pechay_baguio,62.13,40,80,average,5
2021-12-13,ncr,pechay_baguio,62.08,40,80,average,4
2021-12-20,ncr,pechay_baguio,62.88,45,80,average,4
2021-12-27,ncr,pechay_baguio,63.95,45,80,average,5
2022-01-03,ncr,pechay_baguio,61.6,60,80,prevailing,5
2022-01-10,ncr,pechay_baguio,61,,,prevailing,5
2022-01-17,ncr,pechay_baguio,54,,,prevailing,5
2022-01-24,ncr,pechay_baguio,60,,,prevailing,5
2022-01-31,ncr,pechay_baguio,59,,,prevailing,5
2022-02-07,ncr,pechay_baguio,56,,,prevailing,5
2022-02-14,ncr,pechay_baguio,52.5,,,prevailing,4
2022-02-21,ncr,pechay_baguio,54,,,prevailing,5
2022-02-28,ncr,pechay_baguio,58,,,prevailing,5
2022-03-07,ncr,pechay_baguio,60,,,prevailing,5
2022-03-14,ncr,pechay_baguio,58,,,prevailing,5
2022-03-21,ncr,pechay_baguio,58,,,prevailing,5
2022-03-28,ncr,pechay_baguio,60,,,prevailing,5
2022-04-04,ncr,pechay_baguio,66,,,prevailing,5
2022-04-11,ncr,pechay_baguio,70,,,prevailing,3
2022-04-18,ncr,pechay_baguio,74,,,prevailing,5
2022-04-25,ncr,pechay_baguio,70,,,prevailing,5
2022-05-02,ncr,pechay_baguio,70,,,prevailing,5
2022-05-09,ncr,pechay_baguio,72.5,,,prevailing,4
2022-05-16,ncr,pechay_baguio,72,,,prevailing,5
2022-05-23,ncr,pechay_baguio,64,,,prevailing,5
2022-05-30,ncr,pechay_baguio,78,,,prevailing,5
2022-06-06,ncr,pechay_baguio,80,,,prevailing,5
2022-06-13,ncr,pechay_baguio,80,,,prevailing,5
2022-06-20,ncr,pechay_baguio,80,,,prevailing,5
2022-06-27,ncr,pechay_baguio,73,,,prevailing,5
2022-07-04,ncr,pechay_baguio,70,,,prevailing,5
2022-07-11,ncr,pechay_baguio,64,,,prevailing,5
2022-07-18,ncr,pechay_baguio,63,,,prevailing,5
2022-07-25,ncr,pechay_baguio,62,,,prevailing,5
2022-08-01,ncr,pechay_baguio,61,,,prevailing,5
2022-08-08,ncr,pechay_baguio,62,,,prevailing,5
2022-08-15,ncr,pechay_baguio,62,,,prevailing,5
2022-08-22,ncr,pechay_baguio,60,,,prevailing,5
2022-08-29,ncr,pechay_baguio,60,,,prevailing,5
2022-09-05,ncr,pechay_baguio,62,,,prevailing,5
2022-09-12,ncr,pechay_baguio,60,,,prevailing,4
2022-09-19,ncr,pechay_baguio,60,,,prevailing,4
2022-09-26,ncr,pechay_baguio,76,,,prevailing,5
2022-10-03,ncr,pechay_baguio,76,,,prevailing,5
2022-10-10,ncr,pechay_baguio,70,,,prevailing,5
2022-10-17,ncr,pechay_baguio,68,,,prevailing,5
2022-10-24,ncr,pechay_baguio,79,,,prevailing,5
2022-10-31,ncr,pechay_baguio,92.5,,,prevailing,4
2022-11-07,ncr,pechay_baguio,80,,,prevailing,5
2022-11-14,ncr,pechay_baguio,80,,,prevailing,5
2022-11-21,ncr,pechay_baguio,100,,,prevailing,5
2022-11-28,ncr,pechay_baguio,98,,,prevailing,5
2022-12-05,ncr,pechay_baguio,104,,,prevailing,5
2022-12-12,ncr,pechay_baguio,100,,,prevailing,5
2022-12-19,ncr,pechay_baguio,80,,,prevailing,5
2022-12-26,ncr,pechay_baguio,96,70,120,midpoint,5
2023-01-02,ncr,pechay_baguio,95,60,140,midpoint,5
2023-01-09,ncr,pechay_baguio,90,60,120,midpoint,5
2023-01-16,ncr,pechay_baguio,78,50,100,midpoint,5
2023-01-23,ncr,pechay_baguio,73,40,100,midpoint,5
2023-01-30,ncr,pechay_baguio,73,50,90,midpoint,5
2023-02-06,ncr,pechay_baguio,71,50,90,midpoint,5
2023-02-13,ncr,pechay_baguio,75,60,90,midpoint,5
2023-02-20,ncr,pechay_baguio,74,50,90,midpoint,5
2023-02-27,ncr,pechay_baguio,88,60,120,midpoint,5
2023-03-06,ncr,pechay_baguio,76,50,100,midpoint,5
2023-03-13,ncr,pechay_baguio,78,60,100,midpoint,5
2023-03-20,ncr,pechay_baguio,79,50,100,midpoint,5
2023-03-27,ncr,pechay_baguio,82,60,110,midpoint,5
2023-04-03,ncr,pechay_baguio,78.33,50,100,midpoint,3
2023-04-10,ncr,pechay_baguio,80.62,60,100,midpoint,4
2023-04-17,ncr,pechay_baguio,80,60,100,midpoint,5
2023-04-24,ncr,pechay_baguio,78,50,110,midpoint,5
2023-05-01,ncr,pechay_baguio,73.75,50,100,midpoint,4
2023-05-08,ncr,pechay_baguio,73.5,55,90,midpoint,5
2023-05-15,ncr,pechay_baguio,73,50,100,midpoint,5
2023-05-22,ncr,pechay_baguio,71,50,100,midpoint,5
2023-05-29,ncr,pechay_baguio,71.5,50,100,midpoint,5
2023-06-05,ncr,pechay_baguio,79.17,60,100,midpoint,3
2023-06-12,ncr,pechay_baguio,95,70,120,midpoint,1
2023-06-19,ncr,pechay_baguio,95,60,130,midpoint,4
2023-06-26,ncr,pechay_baguio,116.25,80,150,midpoint,4
2023-07-03,ncr,pechay_baguio,122,85,160,midpoint,5
2023-07-10,ncr,pechay_baguio,114,80,150,midpoint,5
2023-07-17,ncr,pechay_baguio,106,70,140,midpoint,5
2023-07-24,ncr,pechay_baguio,102.96,70,140,midpoint,5
2023-07-31,ncr,pechay_baguio,112,80,150,midpoint,5
2023-08-07,ncr,pechay_baguio,112,80,150,midpoint,5
2023-08-14,ncr,pechay_baguio,135,100,170,midpoint,5
2023-08-21,ncr,pechay_baguio,142,100,180,midpoint,5
2023-08-28,ncr,pechay_baguio,138,100,180,midpoint,5
2023-09-04,ncr,pechay_baguio,134,80,200,midpoint,5
2023-09-11,ncr,pechay_baguio,135,90,180,midpoint,5
2023-09-18,ncr,pechay_baguio,141.5,100,180,midpoint,5
2023-09-25,ncr,pechay_baguio,134,90,170,midpoint,5
2023-10-02,ncr,pechay_baguio,132,100,160,midpoint,5
2023-10-09,ncr,pechay_baguio,121,90,160,midpoint,5
2023-10-16,ncr,pechay_baguio,109,70,150,midpoint,5
2023-10-23,ncr,pechay_baguio,88,60,140,midpoint,5
2023-10-30,ncr,pechay_baguio,83.75,40,120,midpoint,4
2023-11-06,ncr,pechay_baguio,81,40,140,midpoint,5
2023-11-13,ncr,pechay_baguio,71,30,130,midpoint,5
2023-11-20,ncr,pechay_baguio,78,40,120,midpoint,5
2023-11-27,ncr,pechay_baguio,67.5,40,100,midpoint,4
2023-12-04,ncr,pechay_baguio,65,30,100,midpoint,5
2023-12-11,ncr,pechay_baguio,65,30,100,midpoint,4
2023-12-18,ncr,pechay_baguio,67,30,150,midpoint,5
2023-12-25,ncr,pechay_baguio,66.88,35,100,midpoint,4
2024-01-01,ncr,pechay_baguio,71.88,40,100,midpoint,4
2024-01-08,ncr,pechay_baguio,69,30,150,midpoint,5
2024-01-15,ncr,pechay_baguio,61,35,90,midpoint,5
2024-01-22,ncr,pechay_baguio,61,35,80,midpoint,5
2024-01-29,ncr,pechay_baguio,60,35,80,midpoint,5
2024-02-05,ncr,pechay_baguio,61.5,30,100,midpoint,5
2024-02-12,ncr,pechay_baguio,59.5,40,80,midpoint,5
2024-02-19,ncr,pechay_baguio,62.5,45,80,midpoint,5
2024-02-26,ncr,pechay_baguio,65.5,45,85,midpoint,5
2024-03-04,ncr,pechay_baguio,62.66,35,100,midpoint,5
2024-03-11,ncr,pechay_baguio,63,45,80,midpoint,5
2024-03-18,ncr,pechay_baguio,64,45,80,midpoint,5
2024-03-25,ncr,pechay_baguio,62.5,45,80,midpoint,3
2024-04-01,ncr,pechay_baguio,65.5,35,100,midpoint,5
2024-04-08,ncr,pechay_baguio,62.5,40,80,midpoint,3
2024-04-15,ncr,pechay_baguio,62.92,45,80,midpoint,6
2024-04-22,ncr,pechay_baguio,63.33,30,100,midpoint,6
2024-04-29,ncr,pechay_baguio,66.67,30,100,midpoint,6
2024-05-06,ncr,pechay_baguio,68.92,35,100,midpoint,6
2024-05-13,ncr,pechay_baguio,72.92,40,110,midpoint,6
2024-05-20,ncr,pechay_baguio,79.58,45,120,midpoint,6
2024-05-27,ncr,pechay_baguio,90,50,150,midpoint,6
2024-06-03,ncr,pechay_baguio,114.17,60,180,midpoint,6
2024-06-10,ncr,pechay_baguio,110.83,60,160,midpoint,6
2024-06-17,ncr,pechay_baguio,109.17,60,160,midpoint,6
2024-06-24,ncr,pechay_baguio,105.58,52,160,midpoint,6
2024-07-01,ncr,pechay_baguio,88.33,50,130,midpoint,6
2024-07-08,ncr,pechay_baguio,85,50,120,midpoint,6
2024-07-15,ncr,pechay_baguio,75,40,120,midpoint,6
2024-07-22,ncr,pechay_baguio,75,40,120,midpoint,6
2024-07-29,ncr,pechay_baguio,79.17,30,140,midpoint,6
2024-08-05,ncr,pechay_baguio,74.17,35,100,midpoint,6
2024-08-12,ncr,pechay_baguio,69.17,30,100,midpoint,6
2024-08-19,ncr,pechay_baguio,69.58,35,100,midpoint,6
2024-08-26,ncr,pechay_baguio,67.92,35,100,midpoint,6
2024-09-02,ncr,pechay_baguio,72.5,35,100,midpoint,6
2024-09-09,ncr,pechay_baguio,70.42,30,100,midpoint,6
2024-09-16,ncr,pechay_baguio,70.42,30,100,midpoint,6
2024-09-23,ncr,pechay_baguio,73.75,35,100,midpoint,6
2024-09-30,ncr,pechay_baguio,80.5,50,120,midpoint,5
2024-10-07,ncr,pechay_baguio,109,70,150,midpoint,5
2024-10-14,ncr,pechay_baguio,120,70,170,midpoint,6
2024-10-21,ncr,pechay_baguio,128,80,170,midpoint,5
2024-10-28,ncr,pechay_baguio,131.5,80,180,midpoint,5
2024-11-04,ncr,pechay_baguio,120.83,60,170,midpoint,6
2024-11-11,ncr,pechay_baguio,101.5,50,150,midpoint,5
2024-11-18,ncr,pechay_baguio,95,50,150,midpoint,6
2024-11-25,ncr,pechay_baguio,91.25,50,130,midpoint,6
2024-12-02,ncr,pechay_baguio,99,40,160,midpoint,5
2024-12-09,ncr,pechay_baguio,86,50,130,midpoint,5
2024-12-16,ncr,pechay_baguio,84,50,120,midpoint,5
2024-12-23,ncr,pechay_baguio,86,50,120,midpoint,5
2024-12-30,ncr,pechay_baguio,85,50,120,midpoint,4
2025-01-06,ncr,pechay_baguio,78,40,120,midpoint,5
2025-01-13,ncr,pechay_baguio,74.52,40,120,average,6
2025-01-20,ncr,pechay_baguio,74.86,56,90,average,6
2025-01-27,ncr,pechay_baguio,74.09,60,90,average,6
2025-02-03,ncr,pechay_baguio,76.51,35,100,average,6
2025-02-10,ncr,pechay_baguio,80,40,100,prevailing,6
2025-02-17,ncr,pechay_baguio,80,35,100,prevailing,6
2025-02-24,ncr,pechay_baguio,80,30,100,prevailing,6
2025-03-03,ncr,pechay_baguio,80,40,100,prevailing,6
2025-03-10,ncr,pechay_baguio,80,40,120,prevailing,6
2025-03-17,ncr,pechay_baguio,118.33,40,150,prevailing,6
2025-03-24,ncr,pechay_baguio,100,50,130,prevailing,6
2025-03-31,ncr,pechay_baguio,99.1,60,130,prevailing,6
2025-04-07,ncr,pechay_baguio,100,60,120,prevailing,6
2025-04-14,ncr,pechay_baguio,100,50,120,prevailing,3
2025-04-21,ncr,pechay_baguio,100,50,120,prevailing,6
2025-04-28,ncr,pechay_baguio,98.35,50,120,prevailing,6
2025-05-05,ncr,pechay_baguio,100,40,130,prevailing,6
2025-05-12,ncr,pechay_baguio,96.67,40,130,prevailing,6
2025-05-19,ncr,pechay_baguio,82,45,120,prevailing,5
2025-05-26,ncr,pechay_baguio,80,40,120,prevailing,6
2025-06-02,ncr,pechay_baguio,80,40,120,prevailing,6
2025-06-09,ncr,pechay_baguio,80,40,120,prevailing,6
2025-06-16,ncr,pechay_baguio,80,55,110,prevailing,6
2025-06-23,ncr,pechay_baguio,80,55,100,prevailing,6
2025-06-30,ncr,pechay_baguio,79.83,50,100,prevailing,6
2025-07-07,ncr,pechay_baguio,80,55,90,prevailing,6
2025-07-14,ncr,pechay_baguio,80,50,120,prevailing,5
2025-07-21,ncr,pechay_baguio,83.33,50,120,prevailing,6
2025-07-28,ncr,pechay_baguio,108,60,200,prevailing,5
2025-08-04,ncr,pechay_baguio,183.33,75,260,prevailing,6
2025-08-11,ncr,pechay_baguio,183.33,100,260,prevailing,6
2025-08-18,ncr,pechay_baguio,180,110,220,prevailing,5
2025-08-25,ncr,pechay_baguio,127.5,70,190,prevailing,4
2025-09-01,ncr,pechay_baguio,112,40,150,prevailing,5
2025-09-08,ncr,pechay_baguio,93.33,40,150,prevailing,6
2025-09-15,ncr,pechay_baguio,80,40,120,prevailing,6
2025-09-22,ncr,pechay_baguio,76.55,30,140,prevailing,7
2025-09-29,ncr,pechay_baguio,79.05,40,120,prevailing,7
2025-10-06,ncr,pechay_baguio,79.64,40,120,prevailing,7
2025-10-13,ncr,pechay_baguio,80.07,55,90,prevailing,7
2025-10-20,ncr,pechay_baguio,80.43,55,90,prevailing,7
2025-10-27,ncr,pechay_baguio,80.24,60,90,prevailing,7
2025-11-03,ncr,pechay_baguio,79.51,40,120,prevailing,7
2025-11-10,ncr,pechay_baguio,91.79,40,180,prevailing,7
2025-11-17,ncr,pechay_baguio,100,50,130,prevailing,7
2025-11-24,ncr,pechay_baguio,84.17,50,120,prevailing,7
2025-12-01,ncr,pechay_baguio,81.79,50,120,prevailing,7
2025-12-08,ncr,pechay_baguio,90.36,40,120,prevailing,7
2025-12-15,ncr,pechay_baguio,100.26,60,130,prevailing,7
2025-12-22,ncr,pechay_baguio,113.81,60,150,prevailing,7
2025-12-29,ncr,pechay_baguio,100.91,60,150,prevailing,7
2026-01-05,ncr,pechay_baguio,100.39,50,140,prevailing,7
2026-01-12,ncr,pechay_baguio,99.88,50,130,prevailing,7
2026-01-19,ncr,pechay_baguio,95.97,50,130,prevailing,7
2026-01-26,ncr,pechay_baguio,83.45,50,130,prevailing,7
2026-02-02,ncr,pechay_baguio,81.69,50,130,prevailing,7
2026-02-09,ncr,pechay_baguio,80.48,40,120,prevailing,7
2026-02-16,ncr,pechay_baguio,80.64,40,120,prevailing,7
2026-02-23,ncr,pechay_baguio,80.19,40,120,prevailing,7
2026-03-02,ncr,pechay_baguio,79.68,40,120,prevailing,7
2026-03-09,ncr,pechay_baguio,80.13,60,90,prevailing,7
2026-03-16,ncr,pechay_baguio,80.13,40,100,prevailing,7
2026-03-23,ncr,pechay_baguio,79.09,40,110,prevailing,7
2026-03-30,ncr,pechay_baguio,80.63,60,90,prevailing,7
2026-04-06,ncr,pechay_baguio,79.29,40,100,prevailing,7
2026-04-13,ncr,pechay_baguio,79.68,60,90,prevailing,7
2026-04-20,ncr,pechay_baguio,78.03,55,90,prevailing,7
2026-04-27,ncr,pechay_baguio,77.78,60,90,prevailing,7
2026-05-04,ncr,pechay_baguio,78.02,35,100,prevailing,7
2026-05-11,ncr,pechay_baguio,76.55,30,100,prevailing,7
2026-05-18,ncr,pechay_baguio,78.29,30,120,prevailing,7
2026-05-25,ncr,pechay_baguio,78.46,40,120,prevailing,7
2026-06-01,ncr,pechay_baguio,79.61,40,120,prevailing,7
2026-06-08,ncr,pechay_baguio,80.6,40,140,prevailing,7
2026-06-15,ncr,pechay_baguio,78.91,40,120,prevailing,7
2026-06-22,ncr,pechay_baguio,80.57,40,130,prevailing,7
2026-06-29,ncr,pechay_baguio,80.71,50,120,prevailing,7
2026-07-06,ncr,pechay_baguio,80,50,120,prevailing,7
2026-07-13,ncr,pechay_baguio,80,50,120,prevailing,7
2026-07-20,ncr,pechay_baguio,80,40,120,prevailing,7
2026-07-27,ncr,pechay_baguio,80,40,120,prevailing,7
2026-08-03,ncr,pechay_baguio,80,40,120,prevailing,7
2026-08-10,ncr,pechay_baguio,101.43,50,160,prevailing,7
2026-08-17,ncr,pechay_baguio,120,40,160,prevailing,7
2026-08-24,ncr,pechay_baguio,121.43,60,190,prevailing,7
2026-08-31,ncr,pechay_baguio,177.14,80,250,prevailing,7
2026-09-07,ncr,pechay_baguio,235.71,120,320,prevailing,7
2026-09-14,ncr,pechay_baguio,250,140,290,prevailing,7
2026-09-21,ncr,pechay_baguio,250,90,300,prevailing,7
2026-09-28,ncr,pechay_baguio,197.51,110,300,prevailing,7
2020-11-02,ncr,pechay_native,152.5,100,200,prevailing,4
2020-11-09,ncr,pechay_native,151.25,120,200,prevailing,4
2020-11-16,ncr,pechay_native,180,110,200,prevailing,5
2020-11-23,ncr,pechay_native,154,90,250,prevailing,5
2020-11-30,ncr,pechay_native,90,60,150,prevailing,4
2020-12-07,ncr,pechay_native,62.5,40,100,prevailing,4
2020-12-14,ncr,pechay_native,60,40,90,prevailing,4
2020-12-21,ncr,pechay_native,60,45,80,prevailing,3
2020-12-28,ncr,pechay_native,60,50,90,prevailing,2
2021-01-04,ncr,pechay_native,62,50,100,prevailing,5
2021-01-11,ncr,pechay_native,70,50,100,prevailing,5
2021-01-18,ncr,pechay_native,74,50,100,prevailing,5
2021-01-25,ncr,pechay_native,70,40,100,prevailing,5
2021-02-01,ncr,pechay_native,80,50,100,prevailing,5
2021-02-08,ncr,pechay_native,78,40,100,prevailing,5
2021-02-15,ncr,pechay_native,60,40,90,prevailing,5
2021-02-22,ncr,pechay_native,60,35,100,prevailing,5
2021-03-01,ncr,pechay_native,50,40,100,prevailing,5
2021-03-08,ncr,pechay_native,50,40,80,prevailing,5
2021-03-15,ncr,pechay_native,50,35,80,prevailing,5
2021-03-22,ncr,pechay_native,50,35,70,prevailing,5
2021-03-29,ncr,pechay_native,50,40,90,prevailing,3
2021-04-05,ncr,pechay_native,53,40,80,prevailing,5
2021-04-12,ncr,pechay_native,54,40,80,prevailing,5
2021-04-19,ncr,pechay_native,56,40,80,prevailing,5
2021-04-26,ncr,pechay_native,54,40,90,prevailing,5
2021-05-03,ncr,pechay_native,60,40,80,prevailing,4
2021-05-10,ncr,pechay_native,60,40,80,prevailing,5
2021-05-17,ncr,pechay_native,58,40,80,prevailing,5
2021-05-24,ncr,pechay_native,58,40,80,prevailing,5
2021-05-31,ncr,pechay_native,60,40,80,prevailing,5
2021-06-07,ncr,pechay_native,70,50,100,prevailing,5
2021-06-14,ncr,pechay_native,96,70,120,prevailing,5
2021-06-21,ncr,pechay_native,116,90,160,prevailing,5
2021-06-28,ncr,pechay_native,116,80,150,prevailing,5
2021-07-05,ncr,pechay_native,77.5,50,140,prevailing,4
2021-07-12,ncr,pechay_native,62,40,100,prevailing,5
2021-07-19,ncr,pechay_native,60,40,80,prevailing,5
2021-07-26,ncr,pechay_native,84,50,120,prevailing,5
2021-08-02,ncr,pechay_native,100,80,150,prevailing,5
2021-08-09,ncr,pechay_native,100,70,150,prevailing,5
2021-08-16,ncr,pechay_native,78,50,130,prevailing,5
2021-08-23,ncr,pechay_native,68,50,100,prevailing,5
2021-08-30,ncr,pechay_native,62,50,85,prevailing,5
2021-09-06,ncr,pechay_native,66,,,prevailing,5
2021-09-13,ncr,pechay_native,80,,,prevailing,5
2021-09-20,ncr,pechay_native,100,,,prevailing,5
2021-09-27,ncr,pechay_native,82,,,prevailing,5
2021-10-04,ncr,pechay_native,63.33,,,prevailing,3
2021-10-11,ncr,pechay_native,60,,,prevailing,5
2021-10-18,ncr,pechay_native,63,,,prevailing,5
2021-10-25,ncr,pechay_native,60,,,prevailing,1
2022-01-03,ncr,pechay_native,80,,,prevailing,4
2022-01-10,ncr,pechay_native,70,,,prevailing,5
2022-01-17,ncr,pechay_native,64,,,prevailing,5
2022-01-24,ncr,pechay_native,57,,,prevailing,5
2022-01-31,ncr,pechay_native,59,,,prevailing,5
2022-02-07,ncr,pechay_native,57,,,prevailing,5
2022-02-14,ncr,pechay_native,56.25,,,prevailing,4
2022-02-21,ncr,pechay_native,60,,,prevailing,5
2022-02-28,ncr,pechay_native,60,,,prevailing,5
2022-03-07,ncr,pechay_native,60,,,prevailing,5
2022-03-14,ncr,pechay_native,58,,,prevailing,5
2022-03-21,ncr,pechay_native,60,,,prevailing,5
2022-03-28,ncr,pechay_native,60,,,prevailing,5
2022-04-04,ncr,pechay_native,68,,,prevailing,5
2022-04-11,ncr,pechay_native,70,,,prevailing,3
2022-04-18,ncr,pechay_native,70,,,prevailing,5
2022-04-25,ncr,pechay_native,62,,,prevailing,5
2022-05-02,ncr,pechay_native,60,,,prevailing,5
2022-05-09,ncr,pechay_native,60,,,prevailing,4
2022-05-16,ncr,pechay_native,58,,,prevailing,5
2022-05-23,ncr,pechay_native,60,,,prevailing,5
2022-05-30,ncr,pechay_native,72,,,prevailing,5
2022-06-06,ncr,pechay_native,76,,,prevailing,5
2022-06-13,ncr,pechay_native,82,,,prevailing,5
2022-06-20,ncr,pechay_native,80,,,prevailing,5
2022-06-27,ncr,pechay_native,70,,,prevailing,5
2022-07-04,ncr,pechay_native,70,,,prevailing,5
2022-07-11,ncr,pechay_native,67,,,prevailing,5
2022-07-18,ncr,pechay_native,74,,,prevailing,5
2022-07-25,ncr,pechay_native,72,,,prevailing,5
2022-08-01,ncr,pechay_native,64,,,prevailing,5
2022-08-08,ncr,pechay_native,60,,,prevailing,5
2022-08-15,ncr,pechay_native,70,,,prevailing,5
2022-08-22,ncr,pechay_native,63,,,prevailing,5
2022-08-29,ncr,pechay_native,70,,,prevailing,5
2022-09-05,ncr,pechay_native,70,,,prevailing,5
2022-09-12,ncr,pechay_native,70,,,prevailing,4
2022-09-19,ncr,pechay_native,70,,,prevailing,4
2022-09-26,ncr,pechay_native,78,,,prevailing,5
2022-10-03,ncr,pechay_native,108,,,prevailing,5
2022-10-10,ncr,pechay_native,116,,,prevailing,5
2022-10-17,ncr,pechay_native,100,,,prevailing,5
2022-10-24,ncr,pechay_native,80,,,prevailing,5
2022-10-31,ncr,pechay_native,100,,,prevailing,4
2022-11-07,ncr,pechay_native,100,,,prevailing,5
2022-11-14,ncr,pechay_native,100,,,prevailing,5
2022-11-21,ncr,pechay_native,80,,,prevailing,5
2022-11-28,ncr,pechay_native,75,,,prevailing,5
2022-12-05,ncr,pechay_native,70,,,prevailing,5
2022-12-12,ncr,pechay_native,60,,,prevailing,5
2022-12-19,ncr,pechay_native,60,,,prevailing,5
2022-12-26,ncr,pechay_native,82.5,60,125,midpoint,5
2023-01-02,ncr,pechay_native,80,50,110,midpoint,5
2023-01-09,ncr,pechay_native,69.5,50,95,midpoint,5
2023-01-16,ncr,pechay_native,74,50,100,midpoint,5
2023-01-23,ncr,pechay_native,72,50,100,midpoint,5
2023-01-30,ncr,pechay_native,75,50,100,midpoint,5
2023-02-06,ncr,pechay_native,74,40,100,midpoint,5
2023-02-13,ncr,pechay_native,64,40,80,midpoint,5
2023-02-20,ncr,pechay_native,62,40,80,midpoint,5
2023-02-27,ncr,pechay_native,60,40,80,midpoint,5
2023-03-06,ncr,pechay_native,60,40,80,midpoint,5
2023-03-13,ncr,pechay_native,59,40,80,midpoint,5
2023-03-20,ncr,pechay_native,60,40,80,midpoint,5
2023-03-27,ncr,pechay_native,57.5,40,80,midpoint,5
2023-04-03,ncr,pechay_native,60,40,80,midpoint,3
2023-04-10,ncr,pechay_native,77.5,50,100,midpoint,4
2023-04-17,ncr,pechay_native,85,60,120,midpoint,5
2023-04-24,ncr,pechay_native,103,50,140,midpoint,5
2023-05-01,ncr,pechay_native,110,80,140,midpoint,4
2023-05-08,ncr,pechay_native,107,70,140,midpoint,5
2023-05-15,ncr,pechay_native,94,60,140,midpoint,5
2023-05-22,ncr,pechay_native,89.5,60,120,midpoint,5
2023-05-29,ncr,pechay_native,90.5,60,120,midpoint,5
2023-06-05,ncr,pechay_native,91.67,60,120,midpoint,3
2023-06-12,ncr,pechay_native,90,60,120,midpoint,1
2023-06-19,ncr,pechay_native,88.12,60,120,midpoint,4
2023-06-26,ncr,pechay_native,75,50,100,midpoint,4
2023-07-03,ncr,pechay_native,73.5,40,100,midpoint,5
2023-07-10,ncr,pechay_native,67.5,50,85,midpoint,5
2023-07-17,ncr,pechay_native,77,50,120,midpoint,5
2023-07-24,ncr,pechay_native,111.25,80,150,midpoint,4
2023-07-31,ncr,pechay_native,132,100,180,midpoint,5
2023-08-07,ncr,pechay_native,160,100,200,midpoint,5
2023-08-14,ncr,pechay_native,152,100,200,midpoint,5
2023-08-21,ncr,pechay_native,110,80,160,midpoint,5
2023-08-28,ncr,pechay_native,83,50,120,midpoint,5
2023-09-04,ncr,pechay_native,84,60,110,midpoint,5
2023-09-11,ncr,pechay_native,114,70,160,midpoint,5
2023-09-18,ncr,pechay_native,109,70,150,midpoint,5
2023-09-25,ncr,pechay_native,90,60,120,midpoint,5
2023-10-02,ncr,pechay_native,81,50,140,midpoint,5
2023-10-09,ncr,pechay_native,83,50,120,midpoint,5
2023-10-16,ncr,pechay_native,84,60,120,midpoint,5
2023-10-23,ncr,pechay_native,71.5,50,100,midpoint,5
2023-10-30,ncr,pechay_native,79.38,45,140,midpoint,4
2023-11-06,ncr,pechay_native,72.5,45,100,midpoint,5
2023-11-13,ncr,pechay_native,72,40,100,midpoint,5
2023-11-20,ncr,pechay_native,68,40,100,midpoint,5
2023-11-27,ncr,pechay_native,68.12,40,100,midpoint,4
2023-12-04,ncr,pechay_native,69,40,100,midpoint,5
2023-12-11,ncr,pechay_native,73.75,40,120,midpoint,4
2023-12-18,ncr,pechay_native,73,40,110,midpoint,5
2023-12-25,ncr,pechay_native,78.75,40,120,midpoint,4
2024-01-01,ncr,pechay_native,73.75,40,100,midpoint,4
2024-01-08,ncr,pechay_native,74,40,100,midpoint,5
2024-01-15,ncr,pechay_native,73,50,100,midpoint,5
2024-01-22,ncr,pechay_native,72.5,45,100,midpoint,5
2024-01-29,ncr,pechay_native,65,45,85,midpoint,5
2024-02-05,ncr,pechay_native,65,45,85,midpoint,5
2024-02-12,ncr,pechay_native,65.5,40,90,midpoint,5
2024-02-19,ncr,pechay_native,62.5,40,85,midpoint,5
2024-02-26,ncr,pechay_native,58,35,80,midpoint,5
2024-03-04,ncr,pechay_native,58.12,35,80,midpoint,4
2024-03-11,ncr,pechay_native,64,45,85,midpoint,5
2024-03-18,ncr,pechay_native,63.5,40,90,midpoint,5
2024-03-25,ncr,pechay_native,71.67,40,100,midpoint,3
2024-04-01,ncr,pechay_native,75,50,100,midpoint,5
2024-04-08,ncr,pechay_native,81.67,40,120,midpoint,3
2024-04-15,ncr,pechay_native,74.17,40,110,midpoint,6
2024-04-22,ncr,pechay_native,70.42,35,110,midpoint,6
2024-04-29,ncr,pechay_native,67.92,30,110,midpoint,6
2024-05-06,ncr,pechay_native,72.08,30,110,midpoint,6
2024-05-13,ncr,pechay_native,75,35,110,midpoint,6
2024-05-20,ncr,pechay_native,90,50,140,midpoint,6
2024-05-27,ncr,pechay_native,136.67,80,200,midpoint,6
2024-06-03,ncr,pechay_native,175.83,70,250,midpoint,6
2024-06-10,ncr,pechay_native,150.83,90,200,midpoint,6
2024-06-17,ncr,pechay_native,156.67,110,200,midpoint,6
2024-06-24,ncr,pechay_native,131.67,65,180,midpoint,6
2024-07-01,ncr,pechay_native,93.75,40,160,midpoint,6
2024-07-08,ncr,pechay_native,75.42,35,120,midpoint,6
2024-07-15,ncr,pechay_native,67.5,40,100,midpoint,6
2024-07-22,ncr,pechay_native,90.83,40,180,midpoint,6
2024-07-29,ncr,pechay_native,135,90,180,midpoint,6
2024-08-05,ncr,pechay_native,130.83,70,180,midpoint,6
2024-08-12,ncr,pechay_native,97.92,50,160,midpoint,6
2024-08-19,ncr,pechay_native,85,50,120,midpoint,6
2024-08-26,ncr,pechay_native,82.92,50,110,midpoint,6
2024-09-02,ncr,pechay_native,93.33,50,130,midpoint,6
2024-09-09,ncr,pechay_native,121.67,50,180,midpoint,6
2024-09-16,ncr,pechay_native,135.83,80,200,midpoint,6
2024-09-23,ncr,pechay_native,132.5,80,180,midpoint,6
2024-09-30,ncr,pechay_native,114,70,160,midpoint,5
2024-10-07,ncr,pechay_native,90.5,45,140,midpoint,5
2024-10-14,ncr,pechay_native,80.83,40,120,midpoint,6
2024-10-21,ncr,pechay_native,72,30,130,midpoint,5
2024-10-28,ncr,pechay_native,113,70,160,midpoint,5
2024-11-04,ncr,pechay_native,132.5,90,170,midpoint,6
2024-11-11,ncr,pechay_native,110,60,160,midpoint,5
2024-11-18,ncr,pechay_native,109.17,70,150,midpoint,6
2024-11-25,ncr,pechay_native,107.5,70,150,midpoint,6
2024-12-02,ncr,pechay_native,102,60,140,midpoint,5
2024-12-09,ncr,pechay_native,88,50,130,midpoint,5
2024-12-16,ncr,pechay_native,85,50,120,midpoint,5
2024-12-23,ncr,pechay_native,90,60,120,midpoint,5
2024-12-30,ncr,pechay_native,84.38,50,120,midpoint,4
2025-01-06,ncr,pechay_native,85,50,120,midpoint,5
2025-01-13,ncr,pechay_native,75.69,60,90,average,6
2025-01-20,ncr,pechay_native,74.14,60,90,average,6
2025-01-27,ncr,pechay_native,71.7,30,100,average,6
2025-02-03,ncr,pechay_native,73.5,50,100,average,6
2025-02-10,ncr,pechay_native,76.67,40,100,prevailing,6
2025-02-17,ncr,pechay_native,76.67,30,100,prevailing,6
2025-02-24,ncr,pechay_native,73.33,40,100,prevailing,6
2025-03-03,ncr,pechay_native,80,40,100,prevailing,6
2025-03-10,ncr,pechay_native,79.17,30,100,prevailing,6
2025-03-17,ncr,pechay_native,71.67,30,100,prevailing,6
2025-03-24,ncr,pechay_native,70,30,100,prevailing,6
2025-03-31,ncr,pechay_native,69.97,40,100,prevailing,6
2025-04-07,ncr,pechay_native,73.33,30,90,prevailing,6
2025-04-14,ncr,pechay_native,76.67,60,90,prevailing,3
2025-04-21,ncr,pechay_native,93.33,50,120,prevailing,6
2025-04-28,ncr,pechay_native,97.03,60,120,prevailing,6
2025-05-05,ncr,pechay_native,99.29,50,120,prevailing,7
2025-05-12,ncr,pechay_native,99.64,50,120,prevailing,7
2025-05-19,ncr,pechay_native,95.11,50,120,prevailing,7
2025-05-26,ncr,pechay_native,86.14,50,120,prevailing,7
2025-06-02,ncr,pechay_native,81.19,50,120,prevailing,7
2025-06-09,ncr,pechay_native,79.52,60,120,prevailing,7
2025-06-16,ncr,pechay_native,84,50,120,prevailing,7
2025-06-23,ncr,pechay_native,96.67,60,120,prevailing,7
2025-06-30,ncr,pechay_native,84.77,50,120,prevailing,7
2025-07-07,ncr,pechay_native,82.62,50,120,prevailing,7
2025-07-14,ncr,pechay_native,82.2,50,120,prevailing,7
2025-07-21,ncr,pechay_native,97.86,50,150,prevailing,7
2025-07-28,ncr,pechay_native,167.06,80,250,prevailing,7
2025-08-04,ncr,pechay_native,194.76,120,260,prevailing,7
2025-08-11,ncr,pechay_native,118.78,70,230,prevailing,7
2025-08-18,ncr,pechay_native,102.63,70,150,prevailing,7
2025-08-25,ncr,pechay_native,99.49,55,140,prevailing,7
2025-09-01,ncr,pechay_native,99.01,60,130,prevailing,7
2025-09-08,ncr,pechay_native,99.18,50,130,prevailing,7
2025-09-15,ncr,pechay_native,99.18,50,130,prevailing,7
2025-09-22,ncr,pechay_native,102.12,65,140,prevailing,7
2025-09-29,ncr,pechay_native,113.45,70,150,prevailing,7
2025-10-06,ncr,pechay_native,124.43,80,180,prevailing,7
2025-10-13,ncr,pechay_native,127.5,80,160,prevailing,7
2025-10-20,ncr,pechay_native,115.29,70,160,prevailing,7
2025-10-27,ncr,pechay_native,107.01,70,160,prevailing,7
2025-11-03,ncr,pechay_native,99.6,70,150,prevailing,7
2025-11-10,ncr,pechay_native,119.4,60,200,prevailing,7
2025-11-17,ncr,pechay_native,140.86,90,190,prevailing,7
2025-11-24,ncr,pechay_native,141.67,80,180,prevailing,7
2025-12-01,ncr,pechay_native,120.48,60,180,prevailing,7
2025-12-08,ncr,pechay_native,120.48,60,170,prevailing,7
2025-12-15,ncr,pechay_native,111.04,70,150,prevailing,7
2025-12-22,ncr,pechay_native,101.31,60,140,prevailing,7
2025-12-29,ncr,pechay_native,97.4,50,130,prevailing,7
2026-01-05,ncr,pechay_native,81.56,50,130,prevailing,7
2026-01-12,ncr,pechay_native,79.64,30,120,prevailing,7
2026-01-19,ncr,pechay_native,79.71,40,120,prevailing,7
2026-01-26,ncr,pechay_native,78.93,60,90,prevailing,7
2026-02-02,ncr,pechay_native,79.09,35,100,prevailing,7
2026-02-09,ncr,pechay_native,79.05,35,100,prevailing,7
2026-02-16,ncr,pechay_native,79,40,100,prevailing,7
2026-02-23,ncr,pechay_native,78.83,40,100,prevailing,7
2026-03-02,ncr,pechay_native,72.6,40,100,prevailing,7
2026-03-09,ncr,pechay_native,70.78,40,100,prevailing,7
2026-03-16,ncr,pechay_native,79.09,40,100,prevailing,7
2026-03-23,ncr,pechay_native,78.07,40,100,prevailing,7
2026-03-30,ncr,pechay_native,71.9,30,100,prevailing,7
2026-04-06,ncr,pechay_native,72.02,30,100,prevailing,7
2026-04-13,ncr,pechay_native,70.48,30,100,prevailing,7
2026-04-20,ncr,pechay_native,78.71,60,90,prevailing,7
2026-04-27,ncr,pechay_native,78.49,60,90,prevailing,7
2026-05-04,ncr,pechay_native,79.21,60,90,prevailing,7
2026-05-11,ncr,pechay_native,79.24,60,90,prevailing,7
2026-05-18,ncr,pechay_native,80.23,50,120,prevailing,7
2026-05-25,ncr,pechay_native,82.18,50,130,prevailing,7
2026-06-01,ncr,pechay_native,102.21,50,150,prevailing,7
2026-06-08,ncr,pechay_native,115.11,70,160,prevailing,7
2026-06-15,ncr,pechay_native,119.58,60,200,prevailing,7
2026-06-22,ncr,pechay_native,118.48,70,160,prevailing,7
2026-06-29,ncr,pechay_native,100.81,50,160,prevailing,7
2026-07-06,ncr,pechay_native,100,50,130,prevailing,7
2026-07-13,ncr,pechay_native,91.43,50,130,prevailing,7
2026-07-20,ncr,pechay_native,94.29,60,130,prevailing,7
2026-07-27,ncr,pechay_native,100,60,130,prevailing,7
2026-08-03,ncr,pechay_native,100,60,150,prevailing,7
2026-08-10,ncr,pechay_native,160,60,350,prevailing,7
2026-08-17,ncr,pechay_native,250,100,350,prevailing,7
2026-08-24,ncr,pechay_native,250,140,320,prevailing,7
2026-08-31,ncr,pechay_native,207.14,100,300,prevailing,7
2026-09-07,ncr,pechay_native,167.86,100,250,prevailing,7
2026-09-14,ncr,pechay_native,172.86,100,250,prevailing,7
2026-09-21,ncr,pechay_native,188.57,70,270,prevailing,7
2026-09-28,ncr,pechay_native,152.42,90,220,prevailing,7
2024-11-18,ncr,pomelo,171.67,100,250,midpoint,6
2024-11-25,ncr,pomelo,168.33,80,250,midpoint,6
2024-12-02,ncr,pomelo,164,80,250,midpoint,5
2024-12-09,ncr,pomelo,165,80,250,midpoint,5
2024-12-16,ncr,pomelo,173,80,250,midpoint,5
2024-12-23,ncr,pomelo,171,100,250,midpoint,5
2024-12-30,ncr,pomelo,155,50,250,midpoint,4
2025-01-06,ncr,pomelo,162,60,220,midpoint,5
2025-01-13,ncr,pomelo,151.29,50,250,average,6
2025-01-20,ncr,pomelo,160.01,100,220,average,6
2025-01-27,ncr,pomelo,159.58,100,220,average,6
2025-02-03,ncr,pomelo,167.6,100,250,average,6
2025-02-10,ncr,pomelo,167.5,100,220,prevailing,6
2025-02-17,ncr,pomelo,175,100,220,prevailing,6
2025-02-24,ncr,pomelo,159.17,100,220,prevailing,6
2025-03-03,ncr,pomelo,160,100,220,prevailing,6
2025-03-10,ncr,pomelo,170,100,220,prevailing,6
2025-03-17,ncr,pomelo,180,100,220,prevailing,6
2025-03-24,ncr,pomelo,177.5,100,220,prevailing,6
2025-03-31,ncr,pomelo,168.79,100,220,prevailing,7
2025-04-07,ncr,pomelo,171.43,100,210,prevailing,7
2025-04-14,ncr,pomelo,165,100,210,prevailing,4
2025-04-21,ncr,pomelo,169.29,120,210,prevailing,7
2025-04-28,ncr,pomelo,182.14,120,210,prevailing,7
2025-05-05,ncr,pomelo,177.14,120,250,prevailing,7
2025-05-12,ncr,pomelo,174.29,120,210,prevailing,7
2025-05-19,ncr,pomelo,174.86,120,250,prevailing,7
2025-05-26,ncr,pomelo,175.71,120,210,prevailing,7
2025-06-02,ncr,pomelo,173.21,120,250,prevailing,7
2025-06-09,ncr,pomelo,170.71,120,250,prevailing,7
2025-06-16,ncr,pomelo,173.21,120,200,prevailing,7
2025-06-23,ncr,pomelo,176.19,120,220,prevailing,7
2025-06-30,ncr,pomelo,178.19,120,220,prevailing,7
2025-07-07,ncr,pomelo,175.48,120,250,prevailing,7
2025-07-14,ncr,pomelo,160.14,120,200,prevailing,7
2025-07-21,ncr,pomelo,155.71,120,200,prevailing,7
2025-07-28,ncr,pomelo,156.85,130,200,prevailing,7
2025-08-04,ncr,pomelo,155,130,200,prevailing,7
2025-08-11,ncr,pomelo,162.38,130,200,prevailing,7
2025-08-18,ncr,pomelo,172.58,130,250,prevailing,7
2025-08-25,ncr,pomelo,173.49,120,250,prevailing,7
2025-09-01,ncr,pomelo,170.82,120,200,prevailing,7
2025-09-08,ncr,pomelo,150,100,250,prevailing,7
2025-09-15,ncr,pomelo,157.38,100,250,prevailing,7
2025-09-22,ncr,pomelo,167.77,100,250,prevailing,6
2025-09-29,ncr,pomelo,190.48,120,250,prevailing,7
2025-10-06,ncr,pomelo,159.52,80,300,prevailing,7
2025-10-13,ncr,pomelo,167,120,340,prevailing,7
2025-10-20,ncr,pomelo,155.48,120,250,prevailing,7
2025-10-27,ncr,pomelo,167.86,120,250,prevailing,7
2025-11-03,ncr,pomelo,179.21,120,250,prevailing,7
2025-11-10,ncr,pomelo,175.92,120,250,prevailing,7
2025-11-17,ncr,pomelo,188,100,250,prevailing,7
2025-11-24,ncr,pomelo,176.43,100,250,prevailing,7
2025-12-01,ncr,pomelo,165.2,100,250,prevailing,7
2025-12-08,ncr,pomelo,166.53,100,250,prevailing,7
2025-12-15,ncr,pomelo,152.86,100,250,prevailing,7
2025-12-22,ncr,pomelo,154.11,100,250,prevailing,7
2025-12-29,ncr,pomelo,156.07,90,300,prevailing,7
2026-01-05,ncr,pomelo,167.71,90,280,prevailing,7
2026-01-12,ncr,pomelo,162.14,90,280,prevailing,7
2026-01-19,ncr,pomelo,155.24,90,250,prevailing,7
2026-01-26,ncr,pomelo,150.61,90,250,prevailing,7
2026-02-02,ncr,pomelo,168.1,90,250,prevailing,7
2026-02-09,ncr,pomelo,182.5,90,250,prevailing,7
2026-02-16,ncr,pomelo,184.69,90,250,prevailing,7
2026-02-23,ncr,pomelo,181.43,90,250,prevailing,7
2026-03-02,ncr,pomelo,175.54,100,250,prevailing,7
2026-03-09,ncr,pomelo,167.76,100,250,prevailing,7
2026-03-16,ncr,pomelo,154.29,100,250,prevailing,7
2026-03-23,ncr,pomelo,158.36,100,250,prevailing,7
2026-03-30,ncr,pomelo,155.43,100,200,prevailing,7
2026-04-06,ncr,pomelo,153.88,100,200,prevailing,7
2026-04-13,ncr,pomelo,155.71,100,250,prevailing,7
2026-04-20,ncr,pomelo,153.12,100,250,prevailing,7
2026-04-27,ncr,pomelo,153,100,250,prevailing,7
2026-05-04,ncr,pomelo,153.71,100,250,prevailing,7
2026-05-11,ncr,pomelo,153.65,100,250,prevailing,7
2026-05-18,ncr,pomelo,153.12,100,250,prevailing,7
2026-05-25,ncr,pomelo,152.71,100,250,prevailing,7
2026-06-01,ncr,pomelo,153.25,100,250,prevailing,7
2026-06-08,ncr,pomelo,152.22,100,250,prevailing,7
2026-06-15,ncr,pomelo,154.29,100,250,prevailing,7
2026-06-22,ncr,pomelo,153.43,90,250,prevailing,7
2026-06-29,ncr,pomelo,153.56,100,250,prevailing,7
2026-07-06,ncr,pomelo,150,100,250,prevailing,7
2026-07-13,ncr,pomelo,167.14,100,250,prevailing,7
2026-07-20,ncr,pomelo,153.81,100,250,prevailing,7
2026-07-27,ncr,pomelo,167.14,100,250,prevailing,7
2026-08-03,ncr,pomelo,153.57,100,250,prevailing,7
2026-08-10,ncr,pomelo,154.29,100,250,prevailing,7
2026-08-17,ncr,pomelo,156.43,100,250,prevailing,7
2026-08-24,ncr,pomelo,153.57,100,250,prevailing,7
2026-08-31,ncr,pomelo,160.71,100,250,prevailing,7
2026-09-07,ncr,pomelo,174.29,120,250,prevailing,7
2026-09-14,ncr,pomelo,176.43,110,260,prevailing,7
2026-09-21,ncr,pomelo,181.43,100,250,prevailing,7
2026-09-28,ncr,pomelo,181.62,100,260,prevailing,7
2020-11-02,ncr,pork_kasim,300,265,320,prevailing,4
2020-11-09,ncr,pork_kasim,297.5,270,320,prevailing,4
2020-11-16,ncr,pork_kasim,300,270,330,prevailing,5
2020-11-23,ncr,pork_kasim,293,270,300,prevailing,5
2020-11-30,ncr,pork_kasim,290,265,300,prevailing,4
2020-12-07,ncr,pork_kasim,290,265,300,prevailing,4
2020-12-14,ncr,pork_kasim,290,270,300,prevailing,4
2020-12-21,ncr,pork_kasim,296.67,270,320,prevailing,3
2020-12-28,ncr,pork_kasim,310,280,340,prevailing,2
2021-01-04,ncr,pork_kasim,338,300,380,prevailing,5
2021-01-11,ncr,pork_kasim,358,320,400,prevailing,5
2021-01-18,ncr,pork_kasim,356,330,400,prevailing,5
2021-01-25,ncr,pork_kasim,372,320,400,prevailing,5
2021-02-01,ncr,pork_kasim,358,300,380,prevailing,5
2021-02-08,ncr,pork_kasim,270,260,340,prevailing,5
2021-02-15,ncr,pork_kasim,276,270,320,prevailing,5
2021-02-22,ncr,pork_kasim,300,270,320,prevailing,5
2021-03-01,ncr,pork_kasim,312,270,350,prevailing,5
2021-03-08,ncr,pork_kasim,320,295,340,prevailing,5
2021-03-15,ncr,pork_kasim,324,290,350,prevailing,5
2021-03-22,ncr,pork_kasim,342,310,360,prevailing,5
2021-03-29,ncr,pork_kasim,350,300,370,prevailing,3
2021-04-05,ncr,pork_kasim,358,330,370,prevailing,5
2021-04-12,ncr,pork_kasim,358,330,380,prevailing,5
2021-04-19,ncr,pork_kasim,370,340,390,prevailing,5
2021-04-26,ncr,pork_kasim,370,330,390,prevailing,5
2021-05-03,ncr,pork_kasim,365,340,390,prevailing,4
2021-05-10,ncr,pork_kasim,356,320,380,prevailing,5
2021-05-17,ncr,pork_kasim,348,320,380,prevailing,5
2021-05-24,ncr,pork_kasim,348,300,380,prevailing,5
2021-05-31,ncr,pork_kasim,342,300,370,prevailing,5
2021-06-07,ncr,pork_kasim,346,300,370,prevailing,5
2021-06-14,ncr,pork_kasim,334,310,370,prevailing,5
2021-06-21,ncr,pork_kasim,340,300,370,prevailing,5
2021-06-28,ncr,pork_kasim,340,310,370,prevailing,5
2021-07-05,ncr,pork_kasim,340,310,370,prevailing,4
2021-07-12,ncr,pork_kasim,340,310,370,prevailing,5
2021-07-19,ncr,pork_kasim,340,310,370,prevailing,5
2021-07-26,ncr,pork_kasim,340,310,360,prevailing,5
2021-08-02,ncr,pork_kasim,336,290,360,prevailing,5
2021-08-09,ncr,pork_kasim,324,290,360,prevailing,5
2021-08-16,ncr,pork_kasim,320,280,360,prevailing,5
2021-08-23,ncr,pork_kasim,314,270,350,prevailing,5
2021-08-30,ncr,pork_kasim,310,270,350,prevailing,5
2021-09-06,ncr,pork_kasim,300,,,prevailing,5
2021-09-13,ncr,pork_kasim,296,,,prevailing,5
2021-09-20,ncr,pork_kasim,280,,,prevailing,5
2021-09-27,ncr,pork_kasim,280,,,prevailing,5
2021-10-04,ncr,pork_kasim,280,,,prevailing,3
2021-10-11,ncr,pork_kasim,280,,,prevailing,5
2021-10-18,ncr,pork_kasim,286,,,prevailing,5
2021-10-25,ncr,pork_kasim,300,,,prevailing,1
2022-01-03,ncr,pork_kasim,340,,,prevailing,4
2022-01-10,ncr,pork_kasim,337,,,prevailing,5
2022-01-17,ncr,pork_kasim,340,,,prevailing,5
2022-01-24,ncr,pork_kasim,340,,,prevailing,5
2022-01-31,ncr,pork_kasim,338,,,prevailing,5
2022-02-07,ncr,pork_kasim,340,,,prevailing,5
2022-02-14,ncr,pork_kasim,327.5,,,prevailing,4
2022-02-21,ncr,pork_kasim,326,,,prevailing,5
2022-02-28,ncr,pork_kasim,330,,,prevailing,5
2022-03-07,ncr,pork_kasim,330,,,prevailing,5
2022-03-14,ncr,pork_kasim,336,,,prevailing,5
2022-03-21,ncr,pork_kasim,336,,,prevailing,5
2022-03-28,ncr,pork_kasim,332,,,prevailing,5
2022-04-04,ncr,pork_kasim,330,,,prevailing,5
2022-04-11,ncr,pork_kasim,343.33,,,prevailing,3
2022-04-18,ncr,pork_kasim,350,,,prevailing,5
2022-04-25,ncr,pork_kasim,342,,,prevailing,5
2022-05-02,ncr,pork_kasim,346,,,prevailing,5
2022-05-09,ncr,pork_kasim,340,,,prevailing,4
2022-05-16,ncr,pork_kasim,348,,,prevailing,5
2022-05-23,ncr,pork_kasim,344,,,prevailing,5
2022-05-30,ncr,pork_kasim,344,,,prevailing,5
2022-06-06,ncr,pork_kasim,346,,,prevailing,5
2022-06-13,ncr,pork_kasim,350,,,prevailing,5
2022-06-20,ncr,pork_kasim,342,,,prevailing,5
2022-06-27,ncr,pork_kasim,340,,,prevailing,5
2022-07-04,ncr,pork_kasim,340,,,prevailing,5
2022-07-11,ncr,pork_kasim,334,,,prevailing,5
2022-07-18,ncr,pork_kasim,326,,,prevailing,5
2022-07-25,ncr,pork_kasim,320,,,prevailing,5
2022-08-01,ncr,pork_kasim,318,,,prevailing,5
2022-08-08,ncr,pork_kasim,308.67,,,prevailing,5
2022-08-15,ncr,pork_kasim,306,,,prevailing,5
2022-08-22,ncr,pork_kasim,304,,,prevailing,5
2022-08-29,ncr,pork_kasim,300,,,prevailing,5
2022-09-05,ncr,pork_kasim,300,,,prevailing,5
2022-09-12,ncr,pork_kasim,300,,,prevailing,4
2022-09-19,ncr,pork_kasim,300,,,prevailing,4
2022-09-26,ncr,pork_kasim,300,,,prevailing,5
2022-10-03,ncr,pork_kasim,300,,,prevailing,5
2022-10-10,ncr,pork_kasim,300,,,prevailing,5
2022-10-17,ncr,pork_kasim,300,,,prevailing,5
2022-10-24,ncr,pork_kasim,300,,,prevailing,5
2022-10-31,ncr,pork_kasim,300,,,prevailing,4
2022-11-07,ncr,pork_kasim,300,,,prevailing,5
2022-11-14,ncr,pork_kasim,300,,,prevailing,5
2022-11-21,ncr,pork_kasim,300,,,prevailing,5
2022-11-28,ncr,pork_kasim,300,,,prevailing,5
2022-12-05,ncr,pork_kasim,300,,,prevailing,5
2022-12-12,ncr,pork_kasim,300,,,prevailing,5
2022-12-19,ncr,pork_kasim,300,,,prevailing,5
2022-12-26,ncr,pork_kasim,304,270,340,midpoint,5
2023-01-02,ncr,pork_kasim,303,270,350,midpoint,5
2023-01-09,ncr,pork_kasim,300,270,330,midpoint,5
2023-01-16,ncr,pork_kasim,301,270,330,midpoint,5
2023-01-23,ncr,pork_kasim,300,270,330,midpoint,5
2023-01-30,ncr,pork_kasim,305,270,380,midpoint,5
2023-02-06,ncr,pork_kasim,301,270,340,midpoint,5
2023-02-13,ncr,pork_kasim,300,270,330,midpoint,5
2023-02-20,ncr,pork_kasim,301,270,330,midpoint,5
2023-02-27,ncr,pork_kasim,300,270,330,midpoint,5
2023-03-06,ncr,pork_kasim,310,280,380,midpoint,5
2023-03-13,ncr,pork_kasim,310,280,340,midpoint,5
2023-03-20,ncr,pork_kasim,308,270,360,midpoint,5
2023-03-27,ncr,pork_kasim,320,270,360,midpoint,5
2023-04-03,ncr,pork_kasim,328.33,290,360,midpoint,3
2023-04-10,ncr,pork_kasim,333.75,310,360,midpoint,4
2023-04-17,ncr,pork_kasim,338,310,380,midpoint,5
2023-04-24,ncr,pork_kasim,333.5,300,365,midpoint,5
2023-05-01,ncr,pork_kasim,333.75,300,360,midpoint,4
2023-05-08,ncr,pork_kasim,332,300,370,midpoint,5
2023-05-15,ncr,pork_kasim,328,300,360,midpoint,5
2023-05-22,ncr,pork_kasim,321,290,350,midpoint,5
2023-05-29,ncr,pork_kasim,312,250,350,midpoint,5
2023-06-05,ncr,pork_kasim,310,280,340,midpoint,3
2023-06-12,ncr,pork_kasim,310,280,340,midpoint,1
2023-06-19,ncr,pork_kasim,310.62,275,350,midpoint,4
2023-06-26,ncr,pork_kasim,302.5,270,340,midpoint,4
2023-07-03,ncr,pork_kasim,300,270,330,midpoint,5
2023-07-10,ncr,pork_kasim,300,270,330,midpoint,5
2023-07-17,ncr,pork_kasim,302.5,260,390,midpoint,5
2023-07-24,ncr,pork_kasim,297.5,265,330,midpoint,4
2023-07-31,ncr,pork_kasim,302,260,340,midpoint,5
2023-08-07,ncr,pork_kasim,296,260,330,midpoint,5
2023-08-14,ncr,pork_kasim,295,260,330,midpoint,5
2023-08-21,ncr,pork_kasim,291,260,330,midpoint,5
2023-08-28,ncr,pork_kasim,296,260,340,midpoint,5
2023-09-04,ncr,pork_kasim,295,260,330,midpoint,5
2023-09-11,ncr,pork_kasim,295,260,330,midpoint,5
2023-09-18,ncr,pork_kasim,296,260,330,midpoint,5
2023-09-25,ncr,pork_kasim,297,260,350,midpoint,5
2023-10-02,ncr,pork_kasim,289,200,330,midpoint,5
2023-10-09,ncr,pork_kasim,296,260,330,midpoint,5
2023-10-16,ncr,pork_kasim,295,260,330,midpoint,5
2023-10-23,ncr,pork_kasim,293,260,360,midpoint,5
2023-10-30,ncr,pork_kasim,295,260,330,midpoint,4
2023-11-06,ncr,pork_kasim,297,250,350,midpoint,5
2023-11-13,ncr,pork_kasim,297,250,350,midpoint,5
2023-11-20,ncr,pork_kasim,299,250,380,midpoint,5
2023-11-27,ncr,pork_kasim,296.88,250,340,midpoint,4
2023-12-04,ncr,pork_kasim,297,200,390,midpoint,5
2023-12-11,ncr,pork_kasim,309.38,250,390,midpoint,4
2023-12-18,ncr,pork_kasim,313.5,240,380,midpoint,5
2023-12-25,ncr,pork_kasim,316.88,270,370,midpoint,4
2024-01-01,ncr,pork_kasim,323.12,270,380,midpoint,4
2024-01-08,ncr,pork_kasim,316,270,370,midpoint,5
2024-01-15,ncr,pork_kasim,313,270,360,midpoint,5
2024-01-22,ncr,pork_kasim,313,275,350,midpoint,5
2024-01-29,ncr,pork_kasim,312.5,270,350,midpoint,5
2024-02-05,ncr,pork_kasim,324,280,370,midpoint,5
2024-02-12,ncr,pork_kasim,321,280,370,midpoint,5
2024-02-19,ncr,pork_kasim,329,290,370,midpoint,5
2024-02-26,ncr,pork_kasim,330,290,370,midpoint,5
2024-03-04,ncr,pork_kasim,330,290,370,midpoint,4
2024-03-11,ncr,pork_kasim,332,295,370,midpoint,5
2024-03-18,ncr,pork_kasim,332.5,295,370,midpoint,5
2024-03-25,ncr,pork_kasim,332.5,295,370,midpoint,3
2024-04-01,ncr,pork_kasim,332,290,370,midpoint,5
2024-04-08,ncr,pork_kasim,334.17,295,370,midpoint,3
2024-04-15,ncr,pork_kasim,332.5,295,370,midpoint,6
2024-04-22,ncr,pork_kasim,332.5,295,370,midpoint,6
2024-04-29,ncr,pork_kasim,334.58,295,380,midpoint,6
2024-05-06,ncr,pork_kasim,337.08,295,380,midpoint,6
2024-05-13,ncr,pork_kasim,340,300,380,midpoint,6
2024-05-20,ncr,pork_kasim,340,300,380,midpoint,6
2024-05-27,ncr,pork_kasim,340.83,300,380,midpoint,6
2024-06-03,ncr,pork_kasim,342.92,305,380,midpoint,6
2024-06-10,ncr,pork_kasim,342.5,305,380,midpoint,4
2024-06-17,ncr,pork_kasim,345,310,380,midpoint,6
2024-06-24,ncr,pork_kasim,345,310,380,midpoint,6
2024-07-01,ncr,pork_kasim,341.67,300,380,midpoint,6
2024-07-08,ncr,pork_kasim,340.83,300,380,midpoint,6
2024-07-15,ncr,pork_kasim,340,300,380,midpoint,6
2024-07-22,ncr,pork_kasim,339.17,300,380,midpoint,6
2024-07-29,ncr,pork_kasim,337.5,285,380,midpoint,6
2024-08-05,ncr,pork_kasim,331.67,285,380,midpoint,6
2024-08-12,ncr,pork_kasim,327.5,280,370,midpoint,6
2024-08-19,ncr,pork_kasim,324.17,280,370,midpoint,6
2024-08-26,ncr,pork_kasim,315.83,260,370,midpoint,6
2024-09-02,ncr,pork_kasim,314.17,260,370,midpoint,6
2024-09-09,ncr,pork_kasim,315,260,370,midpoint,6
2024-09-16,ncr,pork_kasim,315,260,370,midpoint,6
2024-09-23,ncr,pork_kasim,315.83,260,370,midpoint,6
2024-09-30,ncr,pork_kasim,319,270,370,midpoint,5
2024-10-07,ncr,pork_kasim,318.5,270,370,midpoint,5
2024-10-14,ncr,pork_kasim,315,270,360,midpoint,6
2024-10-21,ncr,pork_kasim,315,270,360,midpoint,5
2024-10-28,ncr,pork_kasim,315.5,270,360,midpoint,5
2024-11-04,ncr,pork_kasim,316.67,270,370,midpoint,6
2024-11-11,ncr,pork_kasim,315,270,360,midpoint,5
2024-11-18,ncr,pork_kasim,318.75,270,360,midpoint,6
2024-11-25,ncr,pork_kasim,320.83,270,360,midpoint,6
2024-12-02,ncr,pork_kasim,322,270,360,midpoint,5
2024-12-09,ncr,pork_kasim,329,280,370,midpoint,5
2024-12-16,ncr,pork_kasim,336,290,380,midpoint,5
2024-12-23,ncr,pork_kasim,341,300,380,midpoint,5
2024-12-30,ncr,pork_kasim,347.5,300,400,midpoint,4
2025-01-06,ncr,pork_kasim,354,310,400,midpoint,5
2025-01-13,ncr,pork_kasim,363.59,320,400,average,6
2025-01-20,ncr,pork_kasim,373.17,330,420,average,6
2025-01-27,ncr,pork_kasim,377.36,330,420,average,6
2025-02-03,ncr,pork_kasim,380.93,345,420,average,6
2025-02-10,ncr,pork_kasim,383.66,350,420,average,6
2025-02-17,ncr,pork_kasim,382.61,350,440,average,6
2025-02-24,ncr,pork_kasim,383.48,350,430,average,6
2025-03-03,ncr,pork_kasim,381.21,350,420,average,6
2025-03-10,ncr,pork_kasim,372.27,340,410,average,6
2025-03-17,ncr,pork_kasim,366.64,308,420,average,6
2025-03-24,ncr,pork_kasim,366.06,320,420,average,6
2025-03-31,ncr,pork_kasim,365.38,330,400,average,6
2025-04-07,ncr,pork_kasim,365.44,330,400,average,6
2025-04-14,ncr,pork_kasim,367.63,330,400,average,3
2025-04-21,ncr,pork_kasim,371.01,330,400,average,6
2025-04-28,ncr,pork_kasim,374.13,350,400,average,6
2025-05-05,ncr,pork_kasim,378.13,350,420,average,6
2025-05-12,ncr,pork_kasim,382.72,340,420,average,5
2025-05-19,ncr,pork_kasim,385.76,340,440,average,5
2025-05-26,ncr,pork_kasim,388.48,350,430,average,6
2025-06-02,ncr,pork_kasim,390.08,350,430,average,6
2025-06-09,ncr,pork_kasim,390.57,350,430,average,6
2025-06-16,ncr,pork_kasim,391.66,350,430,average,6
2025-06-23,ncr,pork_kasim,391.31,350,430,average,6
2025-06-30,ncr,pork_kasim,389.66,350,430,average,6
2025-07-07,ncr,pork_kasim,387.24,350,430,average,6
2025-07-14,ncr,pork_kasim,382.22,340,420,average,5
2025-07-21,ncr,pork_kasim,379.86,320,440,average,6
2025-07-28,ncr,pork_kasim,372.81,320,420,average,5
2025-08-04,ncr,pork_kasim,368.32,310,410,average,6
2025-08-11,ncr,pork_kasim,363.44,310,410,average,6
2025-08-18,ncr,pork_kasim,361.47,290,410,average,5
2025-08-25,ncr,pork_kasim,359.44,290,410,average,4
2025-09-01,ncr,pork_kasim,357.94,280,410,average,5
2025-09-08,ncr,pork_kasim,355.54,280,400,average,6
2025-09-15,ncr,pork_kasim,355.68,290,400,average,6
2025-09-22,ncr,pork_kasim,366.12,300,480,average,5
2025-09-29,ncr,pork_kasim,356.71,300,410,average,4
2025-10-06,ncr,pork_kasim,356.2,290,440,average,6
2025-10-13,ncr,pork_kasim,352.74,290,400,average,6
2025-10-20,ncr,pork_kasim,351.14,280,400,average,6
2025-10-27,ncr,pork_kasim,348.19,280,400,average,6
2025-11-03,ncr,pork_kasim,345.46,280,390,average,5
2025-11-10,ncr,pork_kasim,345.25,285,390,average,6
2025-11-17,ncr,pork_kasim,341.85,390,,average,6
2025-11-24,ncr,pork_kasim,341.24,270,390,average,6
2025-12-01,ncr,pork_kasim,341.56,280,390,average,6
2025-12-08,ncr,pork_kasim,341.12,270,390,average,6
2025-12-15,ncr,pork_kasim,341.56,275,390,average,6
2025-12-22,ncr,pork_kasim,340.95,275,380,average,6
2025-12-29,ncr,pork_kasim,342.34,285,380,average,6
2026-01-05,ncr,pork_kasim,341.1,280,380,average,6
2026-01-12,ncr,pork_kasim,338.45,280,380,average,6
2026-01-19,ncr,pork_kasim,337.8,280,380,average,6
2026-01-26,ncr,pork_kasim,336.07,280,380,average,6
2026-02-02,ncr,pork_kasim,333.48,280,380,average,6
2026-02-09,ncr,pork_kasim,332.31,280,380,average,6
2026-02-16,ncr,pork_kasim,330.25,275,370,average,6
2026-02-23,ncr,pork_kasim,329.85,260,370,average,6
2026-03-02,ncr,pork_kasim,327.73,250,370,average,6
2026-03-09,ncr,pork_kasim,328.32,250,390,average,6
2026-03-16,ncr,pork_kasim,331.28,275,390,average,6
2026-03-23,ncr,pork_kasim,334.68,275,390,average,5
2026-03-30,ncr,pork_kasim,340.64,280,390,average,6
2026-04-06,ncr,pork_kasim,346.65,280,390,average,6
2026-04-13,ncr,pork_kasim,351.55,300,390,average,6
2026-04-20,ncr,pork_kasim,351.33,300,390,average,6
2026-04-27,ncr,pork_kasim,352.31,300,390,average,6
2026-05-04,ncr,pork_kasim,349.1,280,390,average,6
2026-05-11,ncr,pork_kasim,348.31,280,390,average,6
2026-05-18,ncr,pork_kasim,347.61,280,390,average,6
2026-05-25,ncr,pork_kasim,345.53,285,390,average,6
2026-06-01,ncr,pork_kasim,344.1,280,390,average,6
2026-06-08,ncr,pork_kasim,341.33,280,380,average,6
2026-06-15,ncr,pork_kasim,339.86,265,380,average,6
2026-06-22,ncr,pork_kasim,331.14,250,380,average,6
2026-06-29,ncr,pork_kasim,329.06,250,380,average,6
2026-07-06,ncr,pork_kasim,328.15,250,380,average,7
2026-07-13,ncr,pork_kasim,327.76,255,380,average,7
2026-07-20,ncr,pork_kasim,327.8,255,380,average,7
2026-07-27,ncr,pork_kasim,329.23,255,380,average,7
2026-08-03,ncr,pork_kasim,327.23,255,380,average,7
2026-08-10,ncr,pork_kasim,326.25,255,380,average,7
2026-08-17,ncr,pork_kasim,326.37,255,380,average,7
2026-08-24,ncr,pork_kasim,325.77,250,380,average,7
2026-08-31,ncr,pork_kasim,325.1,200,380,average,7
2026-09-07,ncr,pork_kasim,323.48,200,380,average,7
2026-09-14,ncr,pork_kasim,322.17,240,390,average,7
2026-09-21,ncr,pork_kasim,320.03,30,380,average,7
2026-09-28,ncr,pork_kasim,316.86,235,380,average,5
2020-11-02,ncr,pork_liempo,320,280,370,prevailing,4
2020-11-09,ncr,pork_liempo,320,280,350,prevailing,4
2020-11-16,ncr,pork_liempo,320,280,400,prevailing,5
2020-11-23,ncr,pork_liempo,320,280,350,prevailing,5
2020-11-30,ncr,pork_liempo,320,280,350,prevailing,4
2020-12-07,ncr,pork_liempo,320,280,350,prevailing,4
2020-12-14,ncr,pork_liempo,315,280,350,prevailing,4
2020-12-21,ncr,pork_liempo,326.67,290,350,prevailing,3
2020-12-28,ncr,pork_liempo,350,300,380,prevailing,2
2021-01-04,ncr,pork_liempo,380,330,420,prevailing,5
2021-01-11,ncr,pork_liempo,400,350,450,prevailing,5
2021-01-18,ncr,pork_liempo,400,350,450,prevailing,5
2021-01-25,ncr,pork_liempo,400,320,440,prevailing,5
2021-02-01,ncr,pork_liempo,392,330,425,prevailing,5
2021-02-08,ncr,pork_liempo,300,300,360,prevailing,5
2021-02-15,ncr,pork_liempo,308,300,350,prevailing,5
2021-02-22,ncr,pork_liempo,312,300,350,prevailing,5
2021-03-01,ncr,pork_liempo,340,300,360,prevailing,5
2021-03-08,ncr,pork_liempo,348,310,380,prevailing,5
2021-03-15,ncr,pork_liempo,354,320,380,prevailing,5
2021-03-22,ncr,pork_liempo,358,330,400,prevailing,5
2021-03-29,ncr,pork_liempo,360,340,380,prevailing,3
2021-04-05,ncr,pork_liempo,380,350,400,prevailing,5
2021-04-12,ncr,pork_liempo,380,350,420,prevailing,5
2021-04-19,ncr,pork_liempo,380,360,420,prevailing,5
2021-04-26,ncr,pork_liempo,382,350,420,prevailing,5
2021-05-03,ncr,pork_liempo,387.5,350,420,prevailing,4
2021-05-10,ncr,pork_liempo,380,340,400,prevailing,5
2021-05-17,ncr,pork_liempo,380,340,400,prevailing,5
2021-05-24,ncr,pork_liempo,380,340,390,prevailing,5
2021-05-31,ncr,pork_liempo,372,330,390,prevailing,5
2021-06-07,ncr,pork_liempo,368,340,390,prevailing,5
2021-06-14,ncr,pork_liempo,370,330,390,prevailing,5
2021-06-21,ncr,pork_liempo,370,330,390,prevailing,5
2021-06-28,ncr,pork_liempo,370,330,390,prevailing,5
2021-07-05,ncr,pork_liempo,372.5,330,390,prevailing,4
2021-07-12,ncr,pork_liempo,370,330,390,prevailing,5
2021-07-19,ncr,pork_liempo,370,330,390,prevailing,5
2021-07-26,ncr,pork_liempo,370,330,380,prevailing,5
2021-08-02,ncr,pork_liempo,370,320,380,prevailing,5
2021-08-09,ncr,pork_liempo,360,310,380,prevailing,5
2021-08-16,ncr,pork_liempo,350,320,380,prevailing,5
2021-08-23,ncr,pork_liempo,360,300,380,prevailing,5
2021-08-30,ncr,pork_liempo,356,300,370,prevailing,5
2021-09-06,ncr,pork_liempo,338,,,prevailing,5
2021-09-13,ncr,pork_liempo,338,,,prevailing,5
2021-09-20,ncr,pork_liempo,340,,,prevailing,5
2021-09-27,ncr,pork_liempo,340,,,prevailing,5
2021-10-04,ncr,pork_liempo,340,,,prevailing,3
2021-10-11,ncr,pork_liempo,336,,,prevailing,5
2021-10-18,ncr,pork_liempo,340,,,prevailing,5
2021-10-25,ncr,pork_liempo,350,,,prevailing,1
2022-01-03,ncr,pork_liempo,378.75,,,prevailing,4
2022-01-10,ncr,pork_liempo,380,,,prevailing,5
2022-01-17,ncr,pork_liempo,377,,,prevailing,5
2022-01-24,ncr,pork_liempo,380,,,prevailing,5
2022-01-31,ncr,pork_liempo,377,,,prevailing,5
2022-02-07,ncr,pork_liempo,370,,,prevailing,5
2022-02-14,ncr,pork_liempo,376.25,,,prevailing,4
2022-02-21,ncr,pork_liempo,377,,,prevailing,5
2022-02-28,ncr,pork_liempo,375,,,prevailing,5
2022-03-07,ncr,pork_liempo,372,,,prevailing,5
2022-03-14,ncr,pork_liempo,376,,,prevailing,5
2022-03-21,ncr,pork_liempo,378,,,prevailing,5
2022-03-28,ncr,pork_liempo,380,,,prevailing,5
2022-04-04,ncr,pork_liempo,380,,,prevailing,5
2022-04-11,ncr,pork_liempo,380,,,prevailing,3
2022-04-18,ncr,pork_liempo,382,,,prevailing,5
2022-04-25,ncr,pork_liempo,383,,,prevailing,5
2022-05-02,ncr,pork_liempo,390,,,prevailing,5
2022-05-09,ncr,pork_liempo,390,,,prevailing,4
2022-05-16,ncr,pork_liempo,390,,,prevailing,5
2022-05-23,ncr,pork_liempo,390,,,prevailing,5
2022-05-30,ncr,pork_liempo,390,,,prevailing,5
2022-06-06,ncr,pork_liempo,390,,,prevailing,5
2022-06-13,ncr,pork_liempo,390,,,prevailing,5
2022-06-20,ncr,pork_liempo,389,,,prevailing,5
2022-06-27,ncr,pork_liempo,390,,,prevailing,5
2022-07-04,ncr,pork_liempo,384,,,prevailing,5
2022-07-11,ncr,pork_liempo,384,,,prevailing,5
2022-07-18,ncr,pork_liempo,381,,,prevailing,5
2022-07-25,ncr,pork_liempo,380,,,prevailing,5
2022-08-01,ncr,pork_liempo,380,,,prevailing,5
2022-08-08,ncr,pork_liempo,363,,,prevailing,5
2022-08-15,ncr,pork_liempo,368,,,prevailing,5
2022-08-22,ncr,pork_liempo,370,,,prevailing,5
2022-08-29,ncr,pork_liempo,365,,,prevailing,5
2022-09-05,ncr,pork_liempo,360,,,prevailing,5
2022-09-12,ncr,pork_liempo,363.75,,,prevailing,4
2022-09-19,ncr,pork_liempo,370,,,prevailing,4
2022-09-26,ncr,pork_liempo,360,,,prevailing,5
2022-10-03,ncr,pork_liempo,366,,,prevailing,5
2022-10-10,ncr,pork_liempo,366,,,prevailing,5
2022-10-17,ncr,pork_liempo,370,,,prevailing,5
2022-10-24,ncr,pork_liempo,370,,,prevailing,5
2022-10-31,ncr,pork_liempo,370,,,prevailing,4
2022-11-07,ncr,pork_liempo,370,,,prevailing,5
2022-11-14,ncr,pork_liempo,369,,,prevailing,5
2022-11-21,ncr,pork_liempo,368,,,prevailing,5
2022-11-28,ncr,pork_liempo,360,,,prevailing,5
2022-12-05,ncr,pork_liempo,364,,,prevailing,5
2022-12-12,ncr,pork_liempo,368,,,prevailing,5
2022-12-19,ncr,pork_liempo,369,,,prevailing,5
2022-12-26,ncr,pork_liempo,361,300,400,midpoint,5
2023-01-02,ncr,pork_liempo,353,300,400,midpoint,5
2023-01-09,ncr,pork_liempo,350,300,400,midpoint,5
2023-01-16,ncr,pork_liempo,354,300,400,midpoint,5
2023-01-23,ncr,pork_liempo,350,300,400,midpoint,5
2023-01-30,ncr,pork_liempo,350,300,400,midpoint,5
2023-02-06,ncr,pork_liempo,350,300,400,midpoint,5
2023-02-13,ncr,pork_liempo,350,300,400,midpoint,5
2023-02-20,ncr,pork_liempo,353,300,400,midpoint,5
2023-02-27,ncr,pork_liempo,348,300,400,midpoint,5
2023-03-06,ncr,pork_liempo,350,310,390,midpoint,5
2023-03-13,ncr,pork_liempo,355,320,390,midpoint,5
2023-03-20,ncr,pork_liempo,371.5,305,420,midpoint,5
2023-03-27,ncr,pork_liempo,376,330,420,midpoint,5
2023-04-03,ncr,pork_liempo,376.67,330,420,midpoint,3
2023-04-10,ncr,pork_liempo,380,340,420,midpoint,4
2023-04-17,ncr,pork_liempo,385,350,420,midpoint,5
2023-04-24,ncr,pork_liempo,388,350,420,midpoint,5
2023-05-01,ncr,pork_liempo,385,350,420,midpoint,4
2023-05-08,ncr,pork_liempo,381,340,420,midpoint,5
2023-05-15,ncr,pork_liempo,377,340,420,midpoint,5
2023-05-22,ncr,pork_liempo,366,320,410,midpoint,5
2023-05-29,ncr,pork_liempo,354,310,400,midpoint,5
2023-06-05,ncr,pork_liempo,351.67,310,390,midpoint,3
2023-06-12,ncr,pork_liempo,345,300,390,midpoint,1
2023-06-19,ncr,pork_liempo,346.25,300,390,midpoint,4
2023-06-26,ncr,pork_liempo,348.75,300,390,midpoint,4
2023-07-03,ncr,pork_liempo,341,300,380,midpoint,5
2023-07-10,ncr,pork_liempo,341,300,390,midpoint,5
2023-07-17,ncr,pork_liempo,346,300,390,midpoint,5
2023-07-24,ncr,pork_liempo,342.5,295,390,midpoint,4
2023-07-31,ncr,pork_liempo,342.5,295,390,midpoint,5
2023-08-07,ncr,pork_liempo,341,290,390,midpoint,5
2023-08-14,ncr,pork_liempo,336,250,390,midpoint,5
2023-08-21,ncr,pork_liempo,336,290,390,midpoint,5
2023-08-28,ncr,pork_liempo,341,290,400,midpoint,5
2023-09-04,ncr,pork_liempo,345,290,400,midpoint,5
2023-09-11,ncr,pork_liempo,345,290,400,midpoint,5
2023-09-18,ncr,pork_liempo,348,290,400,midpoint,5
2023-09-25,ncr,pork_liempo,345,290,400,midpoint,5
2023-10-02,ncr,pork_liempo,345,290,400,midpoint,5
2023-10-09,ncr,pork_liempo,348,290,400,midpoint,5
2023-10-16,ncr,pork_liempo,344,280,400,midpoint,5
2023-10-23,ncr,pork_liempo,338,290,400,midpoint,5
2023-10-30,ncr,pork_liempo,345,290,400,midpoint,4
2023-11-06,ncr,pork_liempo,342,280,420,midpoint,5
2023-11-13,ncr,pork_liempo,340,280,400,midpoint,5
2023-11-20,ncr,pork_liempo,339,270,400,midpoint,5
2023-11-27,ncr,pork_liempo,342.5,280,400,midpoint,4
2023-12-04,ncr,pork_liempo,340,280,400,midpoint,5
2023-12-11,ncr,pork_liempo,342.5,285,400,midpoint,4
2023-12-18,ncr,pork_liempo,347.5,285,400,midpoint,5
2023-12-25,ncr,pork_liempo,353.75,300,400,midpoint,4
2024-01-01,ncr,pork_liempo,346.25,290,400,midpoint,4
2024-01-08,ncr,pork_liempo,351,290,400,midpoint,5
2024-01-15,ncr,pork_liempo,355,300,400,midpoint,5
2024-01-22,ncr,pork_liempo,357,300,400,midpoint,5
2024-01-29,ncr,pork_liempo,359,305,420,midpoint,5
2024-02-05,ncr,pork_liempo,362.5,305,400,midpoint,5
2024-02-12,ncr,pork_liempo,365,330,400,midpoint,5
2024-02-19,ncr,pork_liempo,373,330,400,midpoint,5
2024-02-26,ncr,pork_liempo,373,340,410,midpoint,5
2024-03-04,ncr,pork_liempo,380,340,420,midpoint,4
2024-03-11,ncr,pork_liempo,380,340,420,midpoint,5
2024-03-18,ncr,pork_liempo,380,340,420,midpoint,5
2024-03-25,ncr,pork_liempo,380,340,420,midpoint,3
2024-04-01,ncr,pork_liempo,380,340,420,midpoint,5
2024-04-08,ncr,pork_liempo,380,340,420,midpoint,3
2024-04-15,ncr,pork_liempo,380,340,420,midpoint,6
2024-04-22,ncr,pork_liempo,380,340,420,midpoint,6
2024-04-29,ncr,pork_liempo,373.33,340,420,midpoint,6
2024-05-06,ncr,pork_liempo,370.83,340,400,midpoint,6
2024-05-13,ncr,pork_liempo,370,340,400,midpoint,6
2024-05-20,ncr,pork_liempo,378.33,340,420,midpoint,6
2024-05-27,ncr,pork_liempo,380,340,420,midpoint,6
2024-06-03,ncr,pork_liempo,380,330,420,midpoint,6
2024-06-10,ncr,pork_liempo,376.67,340,420,midpoint,6
2024-06-17,ncr,pork_liempo,385,370,400,midpoint,6
2024-06-24,ncr,pork_liempo,385,350,420,midpoint,6
2024-07-01,ncr,pork_liempo,384.17,350,410,midpoint,6
2024-07-08,ncr,pork_liempo,385,350,420,midpoint,6
2024-07-15,ncr,pork_liempo,380,340,420,midpoint,6
2024-07-22,ncr,pork_liempo,375.83,320,420,midpoint,6
2024-07-29,ncr,pork_liempo,370,320,410,midpoint,6
2024-08-05,ncr,pork_liempo,361.67,310,400,midpoint,6
2024-08-12,ncr,pork_liempo,369.5,305,420,midpoint,5
2024-08-19,ncr,pork_liempo,357.5,305,400,midpoint,3
2024-08-26,ncr,pork_liempo,351.25,290,400,midpoint,6
2024-09-02,ncr,pork_liempo,354.58,290,400,midpoint,6
2024-09-09,ncr,pork_liempo,357.5,310,400,midpoint,6
2024-09-16,ncr,pork_liempo,350,295,400,midpoint,6
2024-09-23,ncr,pork_liempo,354.17,310,400,midpoint,6
2024-09-30,ncr,pork_liempo,353.5,310,395,midpoint,5
2024-10-07,ncr,pork_liempo,356.5,310,395,midpoint,5
2024-10-14,ncr,pork_liempo,357.5,310,400,midpoint,6
2024-10-21,ncr,pork_liempo,357.5,305,400,midpoint,5
2024-10-28,ncr,pork_liempo,355.5,310,400,midpoint,5
2024-11-04,ncr,pork_liempo,356.25,310,400,midpoint,6
2024-11-11,ncr,pork_liempo,357,310,400,midpoint,5
2024-11-18,ncr,pork_liempo,365,330,400,midpoint,6
2024-11-25,ncr,pork_liempo,366.25,330,400,midpoint,6
2024-12-02,ncr,pork_liempo,366,330,400,midpoint,5
2024-12-09,ncr,pork_liempo,368,320,410,midpoint,5
2024-12-16,ncr,pork_liempo,374.5,325,420,midpoint,5
2024-12-23,ncr,pork_liempo,383,340,430,midpoint,5
2024-12-30,ncr,pork_liempo,387.5,350,430,midpoint,4
2025-01-06,ncr,pork_liempo,405,350,450,midpoint,5
2025-01-13,ncr,pork_liempo,411,360,460,average,6
2025-01-20,ncr,pork_liempo,424.55,360,480,average,6
2025-01-27,ncr,pork_liempo,427.78,380,480,average,6
2025-02-03,ncr,pork_liempo,431.67,380,480,average,3
2025-02-10,ncr,pork_liempo,434.55,380,480,average,2
2025-02-17,ncr,pork_liempo,435.46,380,480,average,6
2025-02-24,ncr,pork_liempo,433.97,380,480,average,6
2025-03-03,ncr,pork_liempo,432.71,375,480,average,6
2025-03-10,ncr,pork_liempo,421.04,355,480,average,4
2025-03-17,ncr,pork_liempo,414.2,355,470,average,6
2025-03-24,ncr,pork_liempo,412.87,360,470,average,6
2025-03-31,ncr,pork_liempo,410.94,345,470,average,6
2025-04-07,ncr,pork_liempo,410.24,345,470,average,6
2025-04-14,ncr,pork_liempo,415.03,370,470,average,3
2025-04-21,ncr,pork_liempo,419.02,360,480,average,6
2025-04-28,ncr,pork_liempo,422.43,360,480,average,6
2025-05-05,ncr,pork_liempo,428.03,370,480,average,6
2025-05-12,ncr,pork_liempo,430.16,370,480,average,5
2025-05-19,ncr,pork_liempo,433.99,360,480,average,5
2025-05-26,ncr,pork_liempo,438.56,370,500,average,6
2025-06-02,ncr,pork_liempo,440.48,370,490,average,6
2025-06-09,ncr,pork_liempo,441,370,490,average,6
2025-06-16,ncr,pork_liempo,441.93,370,490,average,6
2025-06-23,ncr,pork_liempo,442.01,370,490,average,6
2025-06-30,ncr,pork_liempo,440.58,370,490,average,6
2025-07-07,ncr,pork_liempo,436.98,365,490,average,6
2025-07-14,ncr,pork_liempo,433.11,360,490,average,5
2025-07-21,ncr,pork_liempo,430.83,370,490,average,6
2025-07-28,ncr,pork_liempo,423.9,340,480,average,5
2025-08-04,ncr,pork_liempo,417.87,340,480,average,6
2025-08-11,ncr,pork_liempo,411.65,350,480,average,4
2025-09-08,ncr,pork_liempo,404.64,320,480,average,1
2025-09-15,ncr,pork_liempo,404.23,320,480,average,4
2025-09-22,ncr,pork_liempo,396.07,310,480,average,5
2025-09-29,ncr,pork_liempo,404.88,320,480,average,3
2025-10-06,ncr,pork_liempo,405.07,330,480,average,6
2025-10-13,ncr,pork_liempo,402.9,320,480,average,6
2025-10-20,ncr,pork_liempo,402.13,320,480,average,6
2025-10-27,ncr,pork_liempo,398.4,320,480,average,6
2025-11-03,ncr,pork_liempo,396.36,320,480,average,5
2025-11-10,ncr,pork_liempo,397.5,320,480,average,6
2025-11-17,ncr,pork_liempo,395.97,470,,average,6
2025-11-24,ncr,pork_liempo,394.36,320,470,average,6
2025-12-01,ncr,pork_liempo,394.49,320,470,average,6
2025-12-08,ncr,pork_liempo,392.93,320,470,average,6
2025-12-15,ncr,pork_liempo,393.48,325,470,average,6
2025-12-22,ncr,pork_liempo,393.63,325,450,average,6
2025-12-29,ncr,pork_liempo,395.03,340,450,average,6
2026-01-05,ncr,pork_liempo,394.74,330,450,average,6
2026-01-12,ncr,pork_liempo,392.98,330,450,average,6
2026-01-19,ncr,pork_liempo,391.18,330,450,average,6
2026-01-26,ncr,pork_liempo,389.41,330,450,average,6
2026-02-02,ncr,pork_liempo,388.5,330,450,average,6
2026-02-09,ncr,pork_liempo,385.32,300,450,average,6
2026-02-16,ncr,pork_liempo,382.42,300,450,average,6
2026-02-23,ncr,pork_liempo,382.54,300,450,average,5
2026-03-02,ncr,pork_liempo,381.18,300,450,average,6
2026-03-09,ncr,pork_liempo,380.54,300,460,average,6
2026-03-16,ncr,pork_liempo,383.09,300,440,average,6
2026-03-23,ncr,pork_liempo,388.69,310,480,average,5
2026-03-30,ncr,pork_liempo,393.54,320,440,average,6
2026-04-06,ncr,pork_liempo,400.38,320,460,average,6
2026-04-13,ncr,pork_liempo,408.62,350,460,average,6
2026-04-20,ncr,pork_liempo,407.8,340,470,average,6
2026-04-27,ncr,pork_liempo,408.45,340,480,average,6
2026-05-04,ncr,pork_liempo,403.8,320,480,average,6
2026-05-11,ncr,pork_liempo,403.64,320,480,average,6
2026-05-18,ncr,pork_liempo,402.91,320,480,average,6
2026-05-25,ncr,pork_liempo,399.83,320,480,average,6
2026-06-01,ncr,pork_liempo,397.18,320,480,average,6
2026-06-08,ncr,pork_liempo,394.06,320,480,average,6
2026-06-15,ncr,pork_liempo,393.59,310,480,average,6
2026-06-22,ncr,pork_liempo,384.92,330,440,average,6
2026-06-29,ncr,pork_liempo,382.58,300,460,average,6
2026-07-06,ncr,pork_liempo,381.71,320,450,average,7
2026-07-13,ncr,pork_liempo,380.67,300,460,average,7
2026-07-20,ncr,pork_liempo,380.69,300,460,average,7
2026-07-27,ncr,pork_liempo,382.24,320,450,average,7
2026-08-03,ncr,pork_liempo,380.52,320,440,average,7
2026-08-10,ncr,pork_liempo,380.27,300,450,average,7
2026-08-17,ncr,pork_liempo,380.03,300,450,average,7
2026-08-24,ncr,pork_liempo,379.38,295,430,average,7
2026-08-31,ncr,pork_liempo,379.12,295,430,average,7
2026-09-07,ncr,pork_liempo,377.73,290,430,average,7
2026-09-14,ncr,pork_liempo,376.59,290,430,average,7
2026-09-21,ncr,pork_liempo,374.6,270,430,average,7
2026-09-28,ncr,pork_liempo,372.35,265,450,average,5
2020-11-02,ncr,potato,77.5,60,100,prevailing,4
2020-11-09,ncr,potato,75,50,100,prevailing,4
2020-11-16,ncr,potato,80,60,120,prevailing,5
2020-11-23,ncr,potato,80,55,100,prevailing,5
2020-11-30,ncr,potato,95,60,130,prevailing,4
2020-12-07,ncr,potato,87.5,60,120,prevailing,4
2020-12-14,ncr,potato,80,70,120,prevailing,4
2020-12-21,ncr,potato,93.33,10,180,prevailing,3
2020-12-28,ncr,potato,120,100,200,prevailing,2
2021-01-04,ncr,potato,120,80,150,prevailing,5
2021-01-11,ncr,potato,120,80,150,prevailing,5
2021-01-18,ncr,potato,120,90,140,prevailing,5
2021-01-25,ncr,potato,120,80,150,prevailing,5
2021-02-01,ncr,potato,98,70,130,prevailing,5
2021-02-08,ncr,potato,100,70,120,prevailing,5
2021-02-15,ncr,potato,86,60,120,prevailing,5
2021-02-22,ncr,potato,80,50,120,prevailing,5
2021-03-01,ncr,potato,80,40,100,prevailing,5
2021-03-08,ncr,potato,70,50,100,prevailing,5
2021-03-15,ncr,potato,70,40,90,prevailing,5
2021-03-22,ncr,potato,60,40,800,prevailing,5
2021-03-29,ncr,potato,60,40,90,prevailing,3
2021-04-05,ncr,potato,60,45,100,prevailing,5
2021-04-12,ncr,potato,66,40,90,prevailing,5
2021-04-19,ncr,potato,54,40,80,prevailing,5
2021-04-26,ncr,potato,60,40,80,prevailing,5
2021-05-03,ncr,potato,57.5,40,90,prevailing,4
2021-05-10,ncr,potato,60,40,80,prevailing,5
2021-05-17,ncr,potato,60,40,80,prevailing,5
2021-05-24,ncr,potato,54,40,90,prevailing,5
2021-05-31,ncr,potato,52,40,90,prevailing,5
2021-06-07,ncr,potato,56,40,80,prevailing,5
2021-06-14,ncr,potato,52,40,80,prevailing,5
2021-06-21,ncr,potato,52,40,80,prevailing,5
2021-06-28,ncr,potato,50,40,80,prevailing,5
2021-07-05,ncr,potato,52.5,35,100,prevailing,4
2021-07-12,ncr,potato,53,40,80,prevailing,5
2021-07-19,ncr,potato,54,40,80,prevailing,5
2021-07-26,ncr,potato,60,50,100,prevailing,5
2021-08-02,ncr,potato,68,50,90,prevailing,5
2021-08-09,ncr,potato,70,50,120,prevailing,5
2021-08-16,ncr,potato,64,40,100,prevailing,5
2021-08-23,ncr,potato,68,50,100,prevailing,5
2021-08-30,ncr,potato,64,50,100,prevailing,5
2021-09-06,ncr,potato,62,,,prevailing,5
2021-09-13,ncr,potato,70,,,prevailing,5
2021-09-20,ncr,potato,78,,,prevailing,5
2021-09-27,ncr,potato,76,,,prevailing,5
2021-10-04,ncr,potato,80,,,prevailing,3
2021-10-11,ncr,potato,84,,,prevailing,5
2021-10-18,ncr,potato,89,,,prevailing,5
2021-10-25,ncr,potato,100,,,prevailing,1
2022-01-03,ncr,potato,80,,,prevailing,4
2022-01-10,ncr,potato,75,,,prevailing,5
2022-01-17,ncr,potato,74,,,prevailing,5
2022-01-24,ncr,potato,66,,,prevailing,5
2022-01-31,ncr,potato,75,,,prevailing,5
2022-02-07,ncr,potato,62,,,prevailing,5
2022-02-14,ncr,potato,60,,,prevailing,4
2022-02-21,ncr,potato,60,,,prevailing,5
2022-02-28,ncr,potato,62,,,prevailing,5
2022-03-07,ncr,potato,64,,,prevailing,5
2022-03-14,ncr,potato,66,,,prevailing,5
2022-03-21,ncr,potato,60,,,prevailing,5
2022-03-28,ncr,potato,60,,,prevailing,5
2022-04-04,ncr,potato,62,,,prevailing,5
2022-04-11,ncr,potato,68.33,,,prevailing,3
2022-04-18,ncr,potato,76,,,prevailing,5
2022-04-25,ncr,potato,68,,,prevailing,5
2022-05-02,ncr,potato,68,,,prevailing,5
2022-05-09,ncr,potato,75,,,prevailing,4
2022-05-16,ncr,potato,74,,,prevailing,5
2022-05-23,ncr,potato,76,,,prevailing,5
2022-05-30,ncr,potato,73,,,prevailing,5
2022-06-06,ncr,potato,79,,,prevailing,5
2022-06-13,ncr,potato,73,,,prevailing,5
2022-06-20,ncr,potato,75,,,prevailing,5
2022-06-27,ncr,potato,74,,,prevailing,5
2022-07-04,ncr,potato,72,,,prevailing,5
2022-07-11,ncr,potato,72,,,prevailing,5
2022-07-18,ncr,potato,72,,,prevailing,5
2022-07-25,ncr,potato,70,,,prevailing,5
2022-08-01,ncr,potato,73,,,prevailing,5
2022-08-08,ncr,potato,75,,,prevailing,5
2022-08-15,ncr,potato,72,,,prevailing,5
2022-08-22,ncr,potato,74,,,prevailing,5
2022-08-29,ncr,potato,74,,,prevailing,5
2022-09-05,ncr,potato,72,,,prevailing,5
2022-09-12,ncr,potato,77.5,,,prevailing,4
2022-09-19,ncr,potato,70,,,prevailing,4
2022-09-26,ncr,potato,76,,,prevailing,5
2022-10-03,ncr,potato,80,,,prevailing,5
2022-10-10,ncr,potato,80,,,prevailing,5
2022-10-17,ncr,potato,80,,,prevailing,5
2022-10-24,ncr,potato,80,,,prevailing,5
2022-10-31,ncr,potato,107.5,,,prevailing,4
2022-11-07,ncr,potato,104,,,prevailing,5
2022-11-14,ncr,potato,100,,,prevailing,5
2022-11-21,ncr,potato,120,,,prevailing,5
2022-11-28,ncr,potato,120,,,prevailing,5
2022-12-05,ncr,potato,120,,,prevailing,5
2022-12-12,ncr,potato,138,,,prevailing,5
2022-12-19,ncr,potato,140,,,prevailing,5
2022-12-26,ncr,potato,156,140,200,midpoint,5
2023-01-02,ncr,potato,154,120,180,midpoint,5
2023-01-09,ncr,potato,144.5,100,180,midpoint,5
2023-01-16,ncr,potato,124,80,160,midpoint,5
2023-01-23,ncr,potato,126,60,160,midpoint,5
2023-01-30,ncr,potato,124,90,160,midpoint,5
2023-02-06,ncr,potato,123,100,150,midpoint,5
2023-02-13,ncr,potato,118,90,150,midpoint,5
2023-02-20,ncr,potato,115,90,140,midpoint,5
2023-02-27,ncr,potato,110,80,140,midpoint,5
2023-03-06,ncr,potato,105,70,140,midpoint,5
2023-03-13,ncr,potato,101,70,120,midpoint,5
2023-03-20,ncr,potato,100.5,80,120,midpoint,5
2023-03-27,ncr,potato,99,70,120,midpoint,5
2023-04-03,ncr,potato,98.33,70,120,midpoint,3
2023-04-10,ncr,potato,101.25,80,130,midpoint,4
2023-04-17,ncr,potato,98,70,130,midpoint,5
2023-04-24,ncr,potato,94,60,120,midpoint,5
2023-05-01,ncr,potato,95,70,120,midpoint,4
2023-05-08,ncr,potato,96,70,120,midpoint,5
2023-05-15,ncr,potato,95,70,120,midpoint,5
2023-05-22,ncr,potato,95,70,120,midpoint,5
2023-05-29,ncr,potato,97,70,140,midpoint,5
2023-06-05,ncr,potato,108.33,80,140,midpoint,3
2023-06-12,ncr,potato,105,80,130,midpoint,1
2023-06-19,ncr,potato,102.5,80,120,midpoint,4
2023-06-26,ncr,potato,103.75,80,130,midpoint,4
2023-07-03,ncr,potato,105,80,130,midpoint,5
2023-07-10,ncr,potato,117,80,160,midpoint,5
2023-07-17,ncr,potato,122,80,160,midpoint,5
2023-07-24,ncr,potato,132.5,100,200,midpoint,4
2023-07-31,ncr,potato,145,100,200,midpoint,5
2023-08-07,ncr,potato,144,100,180,midpoint,5
2023-08-14,ncr,potato,125,90,160,midpoint,5
2023-08-21,ncr,potato,128,100,150,midpoint,5
2023-08-28,ncr,potato,138,110,160,midpoint,5
2023-09-04,ncr,potato,164,120,210,midpoint,5
2023-09-11,ncr,potato,159,120,200,midpoint,5
2023-09-18,ncr,potato,157,120,190,midpoint,5
2023-09-25,ncr,potato,167,130,200,midpoint,5
2023-10-02,ncr,potato,166.5,110,205,midpoint,5
2023-10-09,ncr,potato,199.5,160,250,midpoint,5
2023-10-16,ncr,potato,229,190,260,midpoint,5
2023-10-23,ncr,potato,203,140,260,midpoint,5
2023-10-30,ncr,potato,191.25,140,240,midpoint,4
2023-11-06,ncr,potato,178,100,250,midpoint,5
2023-11-13,ncr,potato,143,100,200,midpoint,5
2023-11-20,ncr,potato,137,100,200,midpoint,5
2023-11-27,ncr,potato,147.5,100,200,midpoint,4
2023-12-04,ncr,potato,159,70,220,midpoint,5
2023-12-11,ncr,potato,153.75,100,200,midpoint,4
2023-12-18,ncr,potato,149,100,210,midpoint,5
2023-12-25,ncr,potato,143.75,100,180,midpoint,4
2024-01-01,ncr,potato,137.5,100,180,midpoint,4
2024-01-08,ncr,potato,125,60,160,midpoint,5
2024-01-15,ncr,potato,127.5,95,160,midpoint,5
2024-01-22,ncr,potato,115,80,150,midpoint,5
2024-01-29,ncr,potato,110,70,150,midpoint,5
2024-02-05,ncr,potato,112,80,150,midpoint,5
2024-02-12,ncr,potato,112,70,150,midpoint,5
2024-02-19,ncr,potato,114,95,130,midpoint,5
2024-02-26,ncr,potato,125,110,140,midpoint,5
2024-03-04,ncr,potato,125,110,140,midpoint,4
2024-03-11,ncr,potato,125,110,140,midpoint,5
2024-03-18,ncr,potato,125,100,150,midpoint,5
2024-03-25,ncr,potato,123.33,110,140,midpoint,3
2024-04-01,ncr,potato,123,110,140,midpoint,5
2024-04-08,ncr,potato,113.33,70,150,midpoint,3
2024-04-15,ncr,potato,106,70,150,midpoint,6
2024-04-22,ncr,potato,105,70,140,midpoint,6
2024-04-29,ncr,potato,104.58,70,140,midpoint,6
2024-05-06,ncr,potato,107.08,70,140,midpoint,6
2024-05-13,ncr,potato,104.92,74,140,midpoint,6
2024-05-20,ncr,potato,105,70,140,midpoint,6
2024-05-27,ncr,potato,116.25,80,150,midpoint,6
2024-06-03,ncr,potato,136.67,90,180,midpoint,6
2024-06-10,ncr,potato,125.83,90,160,midpoint,6
2024-06-17,ncr,potato,131.25,95,160,midpoint,6
2024-06-24,ncr,potato,121.67,90,160,midpoint,6
2024-07-01,ncr,potato,121.67,80,160,midpoint,6
2024-07-08,ncr,potato,114.17,70,160,midpoint,6
2024-07-15,ncr,potato,107.92,70,150,midpoint,6
2024-07-22,ncr,potato,109.17,70,150,midpoint,6
2024-07-29,ncr,potato,115,70,150,midpoint,6
2024-08-05,ncr,potato,105.42,60,160,midpoint,6
2024-08-12,ncr,potato,100,60,140,midpoint,5
2024-08-19,ncr,potato,93.33,50,130,midpoint,3
2024-08-26,ncr,potato,86.25,50,130,midpoint,6
2024-09-02,ncr,potato,88.33,50,120,midpoint,6
2024-09-09,ncr,potato,93.75,60,130,midpoint,6
2024-09-16,ncr,potato,87.92,50,130,midpoint,6
2024-09-23,ncr,potato,89.17,55,130,midpoint,6
2024-09-30,ncr,potato,86,50,120,midpoint,5
2024-10-07,ncr,potato,91.5,50,130,midpoint,5
2024-10-14,ncr,potato,89.58,55,120,midpoint,6
2024-10-21,ncr,potato,95,60,130,midpoint,5
2024-10-28,ncr,potato,95.5,70,140,midpoint,5
2024-11-04,ncr,potato,101.25,60,140,midpoint,6
2024-11-11,ncr,potato,110.5,70,150,midpoint,5
2024-11-18,ncr,potato,115.42,75,150,midpoint,6
2024-11-25,ncr,potato,121.67,85,160,midpoint,6
2024-12-02,ncr,potato,135,90,180,midpoint,5
2024-12-09,ncr,potato,154.5,135,170,midpoint,5
2024-12-16,ncr,potato,153,110,190,midpoint,5
2024-12-23,ncr,potato,158,120,200,midpoint,5
2024-12-30,ncr,potato,171.25,120,220,midpoint,4
2025-01-06,ncr,potato,177,110,240,midpoint,5
2025-01-13,ncr,potato,165.4,110,200,average,6
2025-01-20,ncr,potato,160.73,120,200,average,6
2025-01-27,ncr,potato,154.02,110,200,average,6
2025-02-03,ncr,potato,149.48,110,180,average,6
2025-02-10,ncr,potato,148.33,100,180,prevailing,6
2025-02-17,ncr,potato,141.67,90,170,prevailing,6
2025-02-24,ncr,potato,121.67,90,160,prevailing,6
2025-03-03,ncr,potato,120,70,150,prevailing,6
2025-03-10,ncr,potato,120,60,160,prevailing,6
2025-03-17,ncr,potato,120,60,150,prevailing,6
2025-03-24,ncr,potato,120,55,140,prevailing,6
2025-03-31,ncr,potato,102.07,50,140,prevailing,7
2025-04-07,ncr,potato,102.43,50,120,prevailing,7
2025-04-14,ncr,potato,100.91,50,130,prevailing,4
2025-04-21,ncr,potato,101.86,50,130,prevailing,7
2025-04-28,ncr,potato,98.45,50,120,prevailing,7
2025-05-05,ncr,potato,97.43,50,130,prevailing,7
2025-05-12,ncr,potato,94.76,50,120,prevailing,7
2025-05-19,ncr,potato,93.43,50,120,prevailing,7
2025-05-26,ncr,potato,81.57,50,120,prevailing,7
2025-06-02,ncr,potato,81.07,50,120,prevailing,7
2025-06-09,ncr,potato,80.48,45,120,prevailing,7
2025-06-16,ncr,potato,81.71,30,140,prevailing,7
2025-06-23,ncr,potato,80,40,140,prevailing,7
2025-06-30,ncr,potato,80.64,40,120,prevailing,7
2025-07-07,ncr,potato,80.12,50,120,prevailing,7
2025-07-14,ncr,potato,81.44,45,120,prevailing,7
2025-07-21,ncr,potato,90.6,50,120,prevailing,7
2025-07-28,ncr,potato,104.43,50,140,prevailing,7
2025-08-04,ncr,potato,110.95,50,160,prevailing,7
2025-08-11,ncr,potato,98.57,50,140,prevailing,7
2025-08-18,ncr,potato,98.21,50,130,prevailing,7
2025-08-25,ncr,potato,97.74,50,120,prevailing,7
2025-09-01,ncr,potato,99.66,60,120,prevailing,7
2025-09-08,ncr,potato,100.1,65,160,prevailing,7
2025-09-15,ncr,potato,101.53,60,160,prevailing,7
2025-09-22,ncr,potato,120.37,75,160,prevailing,7
2025-09-29,ncr,potato,124.01,90,160,prevailing,7
2025-10-06,ncr,potato,140.43,90,180,prevailing,7
2025-10-13,ncr,potato,139.82,90,160,prevailing,7
2025-10-20,ncr,potato,139.86,90,170,prevailing,7
2025-10-27,ncr,potato,137.32,90,170,prevailing,7
2025-11-03,ncr,potato,139.98,100,170,prevailing,7
2025-11-10,ncr,potato,144.7,100,200,prevailing,7
2025-11-17,ncr,potato,154.57,110,200,prevailing,7
2025-11-24,ncr,potato,151.69,110,190,prevailing,7
2025-12-01,ncr,potato,152.14,115,180,prevailing,7
2025-12-08,ncr,potato,151.01,110,180,prevailing,7
2025-12-15,ncr,potato,150.13,110,180,prevailing,7
2025-12-22,ncr,potato,154.29,110,190,prevailing,7
2025-12-29,ncr,potato,163.51,110,200,prevailing,7
2026-01-05,ncr,potato,169.74,90,200,prevailing,7
2026-01-12,ncr,potato,159.29,100,200,prevailing,7
2026-01-19,ncr,potato,148.03,110,180,prevailing,6
2026-01-26,ncr,potato,141.04,80,180,prevailing,4
2026-02-02,ncr,potato,120.84,90,160,prevailing,7
2026-02-09,ncr,potato,120.54,70,150,prevailing,7
2026-02-16,ncr,potato,119.64,70,150,prevailing,7
2026-02-23,ncr,potato,117.6,70,150,prevailing,7
2026-03-02,ncr,potato,116.36,60,140,prevailing,7
2026-03-09,ncr,potato,101.1,60,150,prevailing,7
2026-03-16,ncr,potato,101.3,60,150,prevailing,7
2026-03-23,ncr,potato,100.83,50,130,prevailing,7
2026-03-30,ncr,potato,102.46,50,130,prevailing,7
2026-04-06,ncr,potato,100.71,60,140,prevailing,7
2026-04-13,ncr,potato,101.03,60,130,prevailing,7
2026-04-20,ncr,potato,98.67,60,130,prevailing,7
2026-04-27,ncr,potato,98.89,50,120,prevailing,7
2026-05-04,ncr,potato,97.86,55,130,prevailing,7
2026-05-11,ncr,potato,98.39,60,120,prevailing,7
2026-05-18,ncr,potato,97.59,75,110,prevailing,7
2026-05-25,ncr,potato,98.45,60,140,prevailing,7
2026-06-01,ncr,potato,100.64,65,160,prevailing,7
2026-06-08,ncr,potato,114.59,70,160,prevailing,7
2026-06-15,ncr,potato,119.73,80,160,prevailing,7
2026-06-22,ncr,potato,119.99,70,160,prevailing,7
2026-06-29,ncr,potato,120.18,75,160,prevailing,7
2026-07-06,ncr,potato,122.86,90,160,prevailing,7
2026-07-13,ncr,potato,125.71,90,160,prevailing,7
2026-07-20,ncr,potato,121.43,90,160,prevailing,7
2026-07-27,ncr,potato,120,80,170,prevailing,7
2026-08-03,ncr,potato,120,80,160,prevailing,7
2026-08-10,ncr,potato,150,100,190,prevailing,7
2026-08-17,ncr,potato,147.14,90,200,prevailing,7
2026-08-24,ncr,potato,141.43,90,200,prevailing,7
2026-08-31,ncr,potato,159.29,100,220,prevailing,7
2026-09-07,ncr,potato,162.86,100,220,prevailing,7
2026-09-14,ncr,potato,140,90,180,prevailing,7
2026-09-21,ncr,potato,140,100,180,prevailing,7
2026-09-28,ncr,potato,142.26,90,180,prevailing,7
2020-11-02,ncr,red_onion_imported,117.5,100,160,prevailing,4
2020-11-09,ncr,red_onion_imported,120,100,240,prevailing,4
2020-11-16,ncr,red_onion_imported,168,100,300,prevailing,5
2020-11-23,ncr,red_onion_imported,200,100,280,prevailing,5
2020-11-30,ncr,red_onion_imported,210,100,250,prevailing,4
2020-12-07,ncr,red_onion_imported,190,120,280,prevailing,4
2020-12-14,ncr,red_onion_imported,180,120,250,prevailing,4
2020-12-21,ncr,red_onion_imported,113.33,100,240,prevailing,3
2020-12-28,ncr,red_onion_imported,100,80,170,prevailing,2
2021-01-04,ncr,red_onion_imported,108,80,160,prevailing,5
2021-01-11,ncr,red_onion_imported,108,80,150,prevailing,5
2021-01-18,ncr,red_onion_imported,94,60,130,prevailing,5
2021-01-25,ncr,red_onion_imported,96,60,120,prevailing,5
2021-02-01,ncr,red_onion_imported,84,60,120,prevailing,5
2021-02-08,ncr,red_onion_imported,100,60,130,prevailing,5
2021-02-15,ncr,red_onion_imported,112,70,140,prevailing,5
2021-02-22,ncr,red_onion_imported,96,70,130,prevailing,5
2021-03-01,ncr,red_onion_imported,88,60,120,prevailing,5
2021-03-08,ncr,red_onion_imported,80,60,120,prevailing,5
2021-03-15,ncr,red_onion_imported,78,60,120,prevailing,5
2021-03-22,ncr,red_onion_imported,82,60,120,prevailing,5
2021-03-29,ncr,red_onion_imported,76.67,60,110,prevailing,3
2021-04-05,ncr,red_onion_imported,84,60,120,prevailing,5
2021-04-12,ncr,red_onion_imported,80,60,110,prevailing,5
2021-04-19,ncr,red_onion_imported,80,60,120,prevailing,5
2021-04-26,ncr,red_onion_imported,68,60,110,prevailing,5
2021-05-03,ncr,red_onion_imported,85,60,110,prevailing,4
2021-05-10,ncr,red_onion_imported,80,60,120,prevailing,5
2021-05-17,ncr,red_onion_imported,76,60,120,prevailing,5
2021-05-24,ncr,red_onion_imported,80,70,110,prevailing,5
2021-05-31,ncr,red_onion_imported,92,70,130,prevailing,5
2021-06-07,ncr,red_onion_imported,88,70,130,prevailing,5
2021-06-14,ncr,red_onion_imported,82,70,130,prevailing,5
2021-06-21,ncr,red_onion_imported,95,70,130,prevailing,4
2021-07-05,ncr,red_onion_imported,100,70,130,prevailing,4
2021-07-12,ncr,red_onion_imported,96,60,130,prevailing,5
2021-07-19,ncr,red_onion_imported,88,70,120,prevailing,5
2021-07-26,ncr,red_onion_imported,78,70,100,prevailing,5
2021-08-02,ncr,red_onion_imported,80,70,110,prevailing,5
2021-08-09,ncr,red_onion_imported,82,70,100,prevailing,5
2021-08-16,ncr,red_onion_imported,80,70,120,prevailing,5
2021-08-23,ncr,red_onion_imported,80,70,100,prevailing,5
2021-08-30,ncr,red_onion_imported,80,70,100,prevailing,5
2021-09-06,ncr,red_onion_imported,80,,,prevailing,5
2021-09-13,ncr,red_onion_imported,80,,,prevailing,5
2021-09-20,ncr,red_onion_imported,96,,,prevailing,5
2021-09-27,ncr,red_onion_imported,84,,,prevailing,5
2021-10-04,ncr,red_onion_imported,80,,,prevailing,3
2021-10-11,ncr,red_onion_imported,74,,,prevailing,5
2021-10-18,ncr,red_onion_imported,71,,,prevailing,5
2021-10-25,ncr,red_onion_imported,70,,,prevailing,1
2022-01-03,ncr,red_onion_imported,180,,,prevailing,4
2022-01-10,ncr,red_onion_imported,198,,,prevailing,5
2022-01-17,ncr,red_onion_imported,150,,,prevailing,5
2022-01-24,ncr,red_onion_imported,100,,,prevailing,5
2022-01-31,ncr,red_onion_imported,100,,,prevailing,5
2022-02-07,ncr,red_onion_imported,86,,,prevailing,5
2022-02-14,ncr,red_onion_imported,81.25,,,prevailing,4
2022-02-21,ncr,red_onion_imported,72,,,prevailing,5
2022-02-28,ncr,red_onion_imported,54,,,prevailing,5
2022-03-07,ncr,red_onion_imported,50,,,prevailing,5
2022-03-14,ncr,red_onion_imported,55,,,prevailing,5
2022-03-21,ncr,red_onion_imported,59.5,,,prevailing,5
2022-03-28,ncr,red_onion_imported,60,,,prevailing,5
2022-04-04,ncr,red_onion_imported,60,,,prevailing,5
2022-04-11,ncr,red_onion_imported,60,,,prevailing,3
2022-04-18,ncr,red_onion_imported,60,,,prevailing,4
2022-04-25,ncr,red_onion_imported,60,,,prevailing,3
2022-05-02,ncr,red_onion_imported,80,,,prevailing,2
2022-05-09,ncr,red_onion_imported,70,,,prevailing,2
2022-05-16,ncr,red_onion_imported,70,,,prevailing,2
2022-06-13,ncr,red_onion_imported,80,,,prevailing,2
2022-07-04,ncr,red_onion_imported,100,,,prevailing,1
2022-07-11,ncr,red_onion_imported,94,,,prevailing,5
2022-07-18,ncr,red_onion_imported,90,,,prevailing,1
2023-01-23,ncr,red_onion_imported,201.67,170,250,midpoint,3
2023-01-30,ncr,red_onion_imported,210,160,300,midpoint,5
2023-02-06,ncr,red_onion_imported,195,130,260,midpoint,5
2023-02-13,ncr,red_onion_imported,125,100,150,midpoint,5
2023-02-20,ncr,red_onion_imported,131.5,120,160,midpoint,5
2023-02-27,ncr,red_onion_imported,132,110,150,midpoint,5
2023-03-06,ncr,red_onion_imported,113.33,100,120,midpoint,3
2023-03-13,ncr,red_onion_imported,107.5,100,120,midpoint,4
2023-03-20,ncr,red_onion_imported,111,100,120,midpoint,5
2023-03-27,ncr,red_onion_imported,110,100,120,midpoint,5
2023-04-03,ncr,red_onion_imported,110,100,120,midpoint,1
2023-11-06,ncr,red_onion_imported,137.5,125,140,midpoint,3
2023-11-20,ncr,red_onion_imported,160,140,200,midpoint,2
2023-12-04,ncr,red_onion_imported,130,120,140,midpoint,3
2023-12-11,ncr,red_onion_imported,100,80,120,midpoint,2
2023-12-18,ncr,red_onion_imported,120.5,100,160,midpoint,5
2023-12-25,ncr,red_onion_imported,134.38,100,200,midpoint,4
2024-01-01,ncr,red_onion_imported,157.5,100,200,midpoint,4
2024-01-08,ncr,red_onion_imported,140,90,180,midpoint,5
2024-01-15,ncr,red_onion_imported,123,80,180,midpoint,5
2024-01-22,ncr,red_onion_imported,108,80,160,midpoint,5
2024-01-29,ncr,red_onion_imported,108,80,140,midpoint,5
2024-02-05,ncr,red_onion_imported,105,80,140,midpoint,5
2024-02-12,ncr,red_onion_imported,94,80,100,midpoint,5
2024-02-19,ncr,red_onion_imported,95,90,100,midpoint,5
2024-02-26,ncr,red_onion_imported,95,90,100,midpoint,5
2024-03-04,ncr,red_onion_imported,93.75,90,100,prevailing,4
2024-03-11,ncr,red_onion_imported,114,,,prevailing,5
2024-03-18,ncr,red_onion_imported,130,,,prevailing,5
2024-03-25,ncr,red_onion_imported,130,130,130,prevailing,2
2024-12-16,ncr,red_onion_imported,140,,,prevailing,1
2025-02-17,ncr,red_onion_imported,150,130,150,prevailing,2
2025-02-24,ncr,red_onion_imported,130,130,140,prevailing,2
2025-03-03,ncr,red_onion_imported,160,160,180,prevailing,1
2025-03-31,ncr,red_onion_imported,80,,,prevailing,1
2025-04-07,ncr,red_onion_imported,80,,,prevailing,1
2025-06-30,ncr,red_onion_imported,130,,,prevailing,1
2025-10-13,ncr,red_onion_imported,115,100,140,prevailing,4
2025-10-20,ncr,red_onion_imported,121.43,100,140,prevailing,7
2025-10-27,ncr,red_onion_imported,111.43,100,140,prevailing,7
2025-11-03,ncr,red_onion_imported,115.28,90,180,prevailing,6
2025-11-10,ncr,red_onion_imported,130.12,90,200,prevailing,7
2025-11-17,ncr,red_onion_imported,241,200,300,prevailing,5
2025-11-24,ncr,red_onion_imported,252.86,200,330,prevailing,5
2025-12-01,ncr,red_onion_imported,244.72,140,300,prevailing,6
2025-12-08,ncr,red_onion_imported,195.56,,,prevailing,1
2025-12-15,ncr,red_onion_imported,194.22,120,250,prevailing,5
2025-12-22,ncr,red_onion_imported,177.57,120,250,prevailing,7
2025-12-29,ncr,red_onion_imported,178.33,120,220,prevailing,6
2026-01-05,ncr,red_onion_imported,171,120,220,prevailing,2
2026-01-12,ncr,red_onion_imported,153.33,110,180,prevailing,2
2026-01-19,ncr,red_onion_imported,145.19,110,190,prevailing,7
2026-01-26,ncr,red_onion_imported,139.39,100,200,prevailing,7
2026-02-02,ncr,red_onion_imported,137.86,80,180,prevailing,7
2026-02-09,ncr,red_onion_imported,121.19,70,200,prevailing,7
2026-02-16,ncr,red_onion_imported,119.05,70,180,prevailing,7
2026-02-23,ncr,red_onion_imported,118.1,60,180,prevailing,7
2026-03-02,ncr,red_onion_imported,113.57,55,180,prevailing,7
2026-03-09,ncr,red_onion_imported,118.1,60,140,prevailing,7
2026-03-16,ncr,red_onion_imported,108.57,55,150,prevailing,7
2026-03-23,ncr,red_onion_imported,99.25,55,130,prevailing,7
2026-03-30,ncr,red_onion_imported,100,60,130,prevailing,7
2026-04-06,ncr,red_onion_imported,100,60,130,prevailing,7
2026-04-13,ncr,red_onion_imported,98.57,70,100,prevailing,7
2026-04-20,ncr,red_onion_imported,97.14,70,100,prevailing,7
2026-04-27,ncr,red_onion_imported,96.67,70,100,prevailing,6
2026-05-04,ncr,red_onion_imported,100,70,140,prevailing,6
2026-05-11,ncr,red_onion_imported,100,70,100,prevailing,6
2026-05-18,ncr,red_onion_imported,100,80,100,prevailing,6
2026-05-25,ncr,red_onion_imported,90,80,100,prevailing,6
2026-06-01,ncr,red_onion_imported,90,80,100,prevailing,6
2026-06-08,ncr,red_onion_imported,85,80,100,prevailing,6
2026-06-15,ncr,red_onion_imported,86,80,110,prevailing,5
2026-06-22,ncr,red_onion_imported,100,,,prevailing,1
2026-06-29,ncr,red_onion_imported,92,88,88,prevailing,3
2026-07-06,ncr,red_onion_imported,88,,88,prevailing,5
2026-07-13,ncr,red_onion_imported,88,,88,prevailing,5
2026-07-20,ncr,red_onion_imported,88,,88,prevailing,5
2026-07-27,ncr,red_onion_imported,88,,88,prevailing,5
2026-08-03,ncr,red_onion_imported,89.5,80,95,prevailing,5
2026-08-10,ncr,red_onion_imported,89,80,90,prevailing,5
2026-08-17,ncr,red_onion_imported,90,,90,prevailing,5
2026-08-24,ncr,red_onion_imported,90,,90,prevailing,2
2020-11-02,ncr,red_onion_local,210,150,240,prevailing,4
2020-11-09,ncr,red_onion_local,207.5,180,300,prevailing,4
2020-11-16,ncr,red_onion_local,256,200,300,prevailing,5
2020-11-23,ncr,red_onion_local,262,160,320,prevailing,5
2020-11-30,ncr,red_onion_local,252.5,180,320,prevailing,4
2020-12-07,ncr,red_onion_local,247.5,180,320,prevailing,4
2020-12-14,ncr,red_onion_local,197.5,120,290,prevailing,4
2020-12-21,ncr,red_onion_local,183.33,140,240,prevailing,3
2020-12-28,ncr,red_onion_local,170,120,230,prevailing,2
2021-01-04,ncr,red_onion_local,126,100,180,prevailing,5
2021-01-11,ncr,red_onion_local,116,80,150,prevailing,5
2021-01-18,ncr,red_onion_local,100,70,140,prevailing,5
2021-01-25,ncr,red_onion_local,100,70,140,prevailing,5
2021-02-01,ncr,red_onion_local,100,80,140,prevailing,5
2021-02-08,ncr,red_onion_local,120,80,160,prevailing,5
2021-02-15,ncr,red_onion_local,140,100,160,prevailing,5
2021-02-22,ncr,red_onion_local,140,100,190,prevailing,5
2021-03-01,ncr,red_onion_local,108,90,140,prevailing,5
2021-03-08,ncr,red_onion_local,100,80,140,prevailing,5
2021-03-15,ncr,red_onion_local,98,10,130,prevailing,5
2021-03-22,ncr,red_onion_local,98,80,150,prevailing,5
2021-03-29,ncr,red_onion_local,96.67,80,140,prevailing,3
2021-04-05,ncr,red_onion_local,100,80,140,prevailing,5
2021-04-12,ncr,red_onion_local,100,80,150,prevailing,5
2021-04-19,ncr,red_onion_local,100,80,120,prevailing,5
2021-04-26,ncr,red_onion_local,100,70,120,prevailing,5
2021-05-03,ncr,red_onion_local,100,80,120,prevailing,4
2021-05-10,ncr,red_onion_local,100,80,150,prevailing,5
2021-05-17,ncr,red_onion_local,100,70,120,prevailing,5
2021-05-24,ncr,red_onion_local,100,80,120,prevailing,5
2021-05-31,ncr,red_onion_local,100,80,150,prevailing,5
2021-06-07,ncr,red_onion_local,100,90,120,prevailing,5
2021-06-14,ncr,red_onion_local,100,90,120,prevailing,5
2021-06-21,ncr,red_onion_local,100,90,120,prevailing,5
2021-06-28,ncr,red_onion_local,108,90,130,prevailing,5
2021-07-05,ncr,red_onion_local,115,90,140,prevailing,4
2021-07-12,ncr,red_onion_local,112,90,140,prevailing,5
2021-07-19,ncr,red_onion_local,112,90,140,prevailing,5
2021-07-26,ncr,red_onion_local,120,90,140,prevailing,5
2021-08-02,ncr,red_onion_local,120,90,140,prevailing,5
2021-08-09,ncr,red_onion_local,120,100,140,prevailing,5
2021-08-16,ncr,red_onion_local,120,90,140,prevailing,5
2021-08-23,ncr,red_onion_local,120,100,140,prevailing,5
2021-08-30,ncr,red_onion_local,120,90,140,prevailing,5
2021-09-06,ncr,red_onion_local,120,,,prevailing,5
2021-09-13,ncr,red_onion_local,120,,,prevailing,5
2021-09-20,ncr,red_onion_local,132,,,prevailing,5
2021-09-27,ncr,red_onion_local,138,,,prevailing,5
2021-10-04,ncr,red_onion_local,140,,,prevailing,3
2021-10-11,ncr,red_onion_local,140,,,prevailing,5
2021-10-18,ncr,red_onion_local,140,,,prevailing,5
2021-10-25,ncr,red_onion_local,136.75,120,160,average,5
2021-11-01,ncr,red_onion_local,135.24,120,160,average,4
2021-11-08,ncr,red_onion_local,139.04,120,180,average,5
2021-11-15,ncr,red_onion_local,153.29,130,200,average,5
2021-11-22,ncr,red_onion_local,166.77,140,190,average,5
2021-11-29,ncr,red_onion_local,172.08,140,200,average,5
2021-12-06,ncr,red_onion_local,175.56,140,200,average,5
2021-12-13,ncr,red_onion_local,173.15,140,200,average,4
2021-12-20,ncr,red_onion_local,182.78,160,200,average,4
2021-12-27,ncr,red_onion_local,203.28,180,240,average,5
2022-01-03,ncr,red_onion_local,215.38,200,240,prevailing,5
2022-01-10,ncr,red_onion_local,200,,,prevailing,5
2022-01-17,ncr,red_onion_local,192,,,prevailing,5
2022-01-24,ncr,red_onion_local,158,,,prevailing,5
2022-01-31,ncr,red_onion_local,120,,,prevailing,5
2022-02-07,ncr,red_onion_local,96,,,prevailing,5
2022-02-14,ncr,red_onion_local,82.5,,,prevailing,4
2022-02-21,ncr,red_onion_local,80,,,prevailing,5
2022-02-28,ncr,red_onion_local,80,,,prevailing,5
2022-03-07,ncr,red_onion_local,80,,,prevailing,5
2022-03-14,ncr,red_onion_local,68,,,prevailing,5
2022-03-21,ncr,red_onion_local,74,,,prevailing,5
2022-03-28,ncr,red_onion_local,63,,,prevailing,5
2022-04-04,ncr,red_onion_local,60,,,prevailing,5
2022-04-11,ncr,red_onion_local,60,,,prevailing,3
2022-04-18,ncr,red_onion_local,60,,,prevailing,5
2022-04-25,ncr,red_onion_local,60,,,prevailing,5
2022-05-02,ncr,red_onion_local,73,,,prevailing,5
2022-05-09,ncr,red_onion_local,80,,,prevailing,4
2022-05-16,ncr,red_onion_local,80,,,prevailing,5
2022-05-23,ncr,red_onion_local,80,,,prevailing,5
2022-05-30,ncr,red_onion_local,80,,,prevailing,5
2022-06-06,ncr,red_onion_local,80,,,prevailing,5
2022-06-13,ncr,red_onion_local,80,,,prevailing,5
2022-06-20,ncr,red_onion_local,80,,,prevailing,5
2022-06-27,ncr,red_onion_local,88,,,prevailing,5
2022-07-04,ncr,red_onion_local,92,,,prevailing,5
2022-07-11,ncr,red_onion_local,100,,,prevailing,5
2022-07-18,ncr,red_onion_local,112,,,prevailing,5
2022-07-25,ncr,red_onion_local,124,,,prevailing,5
2022-08-01,ncr,red_onion_local,132,,,prevailing,5
2022-08-08,ncr,red_onion_local,140,,,prevailing,5
2022-08-15,ncr,red_onion_local,140,,,prevailing,5
2022-08-22,ncr,red_onion_local,134,,,prevailing,5
2022-08-29,ncr,red_onion_local,140,,,prevailing,5
2022-09-05,ncr,red_onion_local,140,,,prevailing,5
2022-09-12,ncr,red_onion_local,140,,,prevailing,4
2022-09-19,ncr,red_onion_local,175,,,prevailing,4
2022-09-26,ncr,red_onion_local,200,,,prevailing,5
2022-10-03,ncr,red_onion_local,200,,,prevailing,5
2022-10-10,ncr,red_onion_local,200,,,prevailing,5
2022-10-17,ncr,red_onion_local,188,,,prevailing,5
2022-10-24,ncr,red_onion_local,180,,,prevailing,5
2022-10-31,ncr,red_onion_local,185,,,prevailing,4
2022-11-07,ncr,red_onion_local,242,,,prevailing,5
2022-11-14,ncr,red_onion_local,280,,,prevailing,5
2022-11-21,ncr,red_onion_local,280,,,prevailing,5
2022-11-28,ncr,red_onion_local,280,,,prevailing,5
2022-12-05,ncr,red_onion_local,280,,,prevailing,5
2022-12-12,ncr,red_onion_local,308,,,prevailing,5
2022-12-19,ncr,red_onion_local,392,,,prevailing,5
2022-12-26,ncr,red_onion_local,571,500,720,midpoint,5
2023-01-02,ncr,red_onion_local,531,280,700,midpoint,5
2023-01-09,ncr,red_onion_local,479,340,600,midpoint,5
2023-01-16,ncr,red_onion_local,376,300,450,midpoint,5
2023-01-23,ncr,red_onion_local,287,200,350,midpoint,5
2023-01-30,ncr,red_onion_local,273,200,330,midpoint,5
2023-02-06,ncr,red_onion_local,275,230,320,midpoint,5
2023-02-13,ncr,red_onion_local,242,160,300,midpoint,5
2023-02-20,ncr,red_onion_local,172,120,250,midpoint,5
2023-02-27,ncr,red_onion_local,140,100,180,midpoint,5
2023-03-06,ncr,red_onion_local,120,90,150,midpoint,5
2023-03-13,ncr,red_onion_local,119,90,150,midpoint,5
2023-03-20,ncr,red_onion_local,110,80,140,midpoint,5
2023-03-27,ncr,red_onion_local,112,80,140,midpoint,5
2023-04-03,ncr,red_onion_local,115,90,140,midpoint,3
2023-04-10,ncr,red_onion_local,126.25,100,150,midpoint,4
2023-04-17,ncr,red_onion_local,132,100,160,midpoint,5
2023-04-24,ncr,red_onion_local,158,120,180,midpoint,5
2023-05-01,ncr,red_onion_local,180,160,200,midpoint,4
2023-05-08,ncr,red_onion_local,178,150,200,midpoint,5
2023-05-15,ncr,red_onion_local,179,150,200,midpoint,5
2023-05-22,ncr,red_onion_local,168,100,200,midpoint,5
2023-05-29,ncr,red_onion_local,165,140,190,midpoint,5
2023-06-05,ncr,red_onion_local,163.33,140,190,midpoint,3
2023-06-12,ncr,red_onion_local,165,140,190,midpoint,1
2023-06-19,ncr,red_onion_local,163.75,140,180,midpoint,4
2023-06-26,ncr,red_onion_local,170,140,200,midpoint,4
2023-07-03,ncr,red_onion_local,159,130,180,midpoint,5
2023-07-10,ncr,red_onion_local,164,140,180,midpoint,5
2023-07-17,ncr,red_onion_local,159,130,200,midpoint,5
2023-07-24,ncr,red_onion_local,168.77,140,200,midpoint,5
2023-07-31,ncr,red_onion_local,168,140,200,midpoint,5
2023-08-07,ncr,red_onion_local,165,140,190,midpoint,5
2023-08-14,ncr,red_onion_local,165,140,190,midpoint,5
2023-08-21,ncr,red_onion_local,160,120,190,midpoint,5
2023-08-28,ncr,red_onion_local,156,120,190,midpoint,5
2023-09-04,ncr,red_onion_local,155,120,190,midpoint,5
2023-09-11,ncr,red_onion_local,155,120,190,midpoint,5
2023-09-18,ncr,red_onion_local,152,110,190,midpoint,5
2023-09-25,ncr,red_onion_local,151,110,190,midpoint,5
2023-10-02,ncr,red_onion_local,155,120,190,midpoint,5
2023-10-09,ncr,red_onion_local,152,110,190,midpoint,5
2023-10-16,ncr,red_onion_local,155,120,190,midpoint,5
2023-10-23,ncr,red_onion_local,145,90,190,midpoint,5
2023-10-30,ncr,red_onion_local,150,100,190,midpoint,4
2023-11-06,ncr,red_onion_local,154,80,240,midpoint,5
2023-11-13,ncr,red_onion_local,152,100,200,midpoint,5
2023-11-20,ncr,red_onion_local,170,120,220,midpoint,5
2023-11-27,ncr,red_onion_local,176.25,120,220,midpoint,4
2023-12-04,ncr,red_onion_local,170,120,220,midpoint,5
2023-12-11,ncr,red_onion_local,170,120,220,midpoint,4
2023-12-18,ncr,red_onion_local,165,100,220,midpoint,5
2023-12-25,ncr,red_onion_local,170,120,220,midpoint,4
2024-01-01,ncr,red_onion_local,171.25,120,220,midpoint,4
2024-01-08,ncr,red_onion_local,152.5,100,200,midpoint,4
2024-01-15,ncr,red_onion_local,153,100,200,midpoint,5
2024-01-22,ncr,red_onion_local,140,100,190,midpoint,5
2024-01-29,ncr,red_onion_local,133,100,170,midpoint,5
2024-02-05,ncr,red_onion_local,117,80,160,midpoint,5
2024-02-12,ncr,red_onion_local,108.5,70,150,midpoint,5
2024-02-19,ncr,red_onion_local,99,60,140,midpoint,5
2024-02-26,ncr,red_onion_local,93,60,130,midpoint,5
2024-03-04,ncr,red_onion_local,93.68,55,130,midpoint,5
2024-03-11,ncr,red_onion_local,90,60,120,midpoint,5
2024-03-18,ncr,red_onion_local,93,60,130,midpoint,5
2024-03-25,ncr,red_onion_local,90,60,120,midpoint,3
2024-04-01,ncr,red_onion_local,91.8,60,130,midpoint,5
2024-04-08,ncr,red_onion_local,90,60,120,midpoint,3
2024-04-15,ncr,red_onion_local,90,50,130,midpoint,5
2024-04-22,ncr,red_onion_local,93.33,60,130,midpoint,6
2024-04-29,ncr,red_onion_local,92.92,65,120,midpoint,6
2024-05-06,ncr,red_onion_local,107.92,65,150,midpoint,6
2024-05-13,ncr,red_onion_local,108.33,70,160,midpoint,6
2024-05-20,ncr,red_onion_local,111.25,70,150,midpoint,6
2024-05-27,ncr,red_onion_local,112.92,75,150,midpoint,6
2024-06-03,ncr,red_onion_local,112.5,80,150,midpoint,6
2024-06-10,ncr,red_onion_local,112.5,80,150,midpoint,6
2024-06-17,ncr,red_onion_local,114.17,80,150,midpoint,6
2024-06-24,ncr,red_onion_local,114.17,80,150,midpoint,6
2024-07-01,ncr,red_onion_local,114.17,80,150,midpoint,6
2024-07-08,ncr,red_onion_local,115,80,150,midpoint,6
2024-07-15,ncr,red_onion_local,111.67,80,150,midpoint,6
2024-07-22,ncr,red_onion_local,112.5,80,160,midpoint,6
2024-07-29,ncr,red_onion_local,115,80,150,midpoint,6
2024-08-05,ncr,red_onion_local,115,80,150,midpoint,6
2024-08-12,ncr,red_onion_local,113.33,80,150,midpoint,6
2024-08-19,ncr,red_onion_local,110.83,70,150,midpoint,6
2024-08-26,ncr,red_onion_local,109.17,70,150,midpoint,6
2024-09-02,ncr,red_onion_local,109.17,70,150,midpoint,6
2024-09-09,ncr,red_onion_local,112.5,75,150,midpoint,5
2024-09-16,ncr,red_onion_local,112.5,75,150,midpoint,6
2024-09-23,ncr,red_onion_local,112.5,75,150,midpoint,6
2024-09-30,ncr,red_onion_local,107.7,75,140,midpoint,5
2024-10-07,ncr,red_onion_local,113,75,150,midpoint,5
2024-10-14,ncr,red_onion_local,107.5,75,140,midpoint,6
2024-10-21,ncr,red_onion_local,107.5,75,140,midpoint,5
2024-10-28,ncr,red_onion_local,110.5,70,150,midpoint,5
2024-11-04,ncr,red_onion_local,112.92,70,160,midpoint,6
2024-11-11,ncr,red_onion_local,112.5,75,150,midpoint,5
2024-11-18,ncr,red_onion_local,112.5,75,150,midpoint,6
2024-11-25,ncr,red_onion_local,112.5,70,160,midpoint,6
2024-12-02,ncr,red_onion_local,110,70,150,midpoint,5
2024-12-09,ncr,red_onion_local,113,70,150,midpoint,5
2024-12-16,ncr,red_onion_local,119,80,160,midpoint,5
2024-12-23,ncr,red_onion_local,130,90,170,midpoint,5
2024-12-30,ncr,red_onion_local,131.25,100,170,midpoint,4
2025-01-06,ncr,red_onion_local,140,100,180,midpoint,5
2025-01-13,ncr,red_onion_local,148.04,100,200,average,6
2025-01-20,ncr,red_onion_local,143.88,100,200,average,6
2025-01-27,ncr,red_onion_local,142.88,100,200,average,6
2025-02-03,ncr,red_onion_local,165.53,110,220,average,6
2025-02-10,ncr,red_onion_local,190,120,250,prevailing,6
2025-02-17,ncr,red_onion_local,186.67,130,240,prevailing,6
2025-02-24,ncr,red_onion_local,180,120,240,prevailing,6
2025-03-03,ncr,red_onion_local,146.67,80,240,prevailing,6
2025-03-10,ncr,red_onion_local,126.67,70,180,prevailing,6
2025-03-17,ncr,red_onion_local,120,70,160,prevailing,6
2025-03-24,ncr,red_onion_local,120,70,150,prevailing,6
2025-03-31,ncr,red_onion_local,120.14,65,160,prevailing,7
2025-04-07,ncr,red_onion_local,121.18,70,160,prevailing,7
2025-04-14,ncr,red_onion_local,120.28,70,150,prevailing,4
2025-04-21,ncr,red_onion_local,117.97,70,160,prevailing,7
2025-04-28,ncr,red_onion_local,120.14,70,160,prevailing,7
2025-05-05,ncr,red_onion_local,122,90,160,prevailing,7
2025-05-12,ncr,red_onion_local,135,90,160,prevailing,7
2025-05-19,ncr,red_onion_local,137.04,100,160,prevailing,7
2025-05-26,ncr,red_onion_local,138,100,170,prevailing,7
2025-06-02,ncr,red_onion_local,138.78,100,170,prevailing,7
2025-06-09,ncr,red_onion_local,138.57,100,170,prevailing,7
2025-06-16,ncr,red_onion_local,137.86,100,170,prevailing,7
2025-06-23,ncr,red_onion_local,138.1,100,170,prevailing,7
2025-06-30,ncr,red_onion_local,138.21,100,170,prevailing,7
2025-07-07,ncr,red_onion_local,138.57,110,180,prevailing,7
2025-07-14,ncr,red_onion_local,140.38,110,180,prevailing,7
2025-07-21,ncr,red_onion_local,140.48,110,180,prevailing,7
2025-07-28,ncr,red_onion_local,143.36,110,180,prevailing,7
2025-08-04,ncr,red_onion_local,157.14,110,180,prevailing,7
2025-08-11,ncr,red_onion_local,158.16,110,190,prevailing,7
2025-08-18,ncr,red_onion_local,157.75,110,190,prevailing,7
2025-08-25,ncr,red_onion_local,157.86,110,180,prevailing,7
2025-09-01,ncr,red_onion_local,157.74,135,170,prevailing,7
2025-09-08,ncr,red_onion_local,158.37,135,170,prevailing,7
2025-09-15,ncr,red_onion_local,158.57,120,190,prevailing,7
2025-09-22,ncr,red_onion_local,159.27,120,180,prevailing,7
2025-09-29,ncr,red_onion_local,157.71,120,180,prevailing,7
2025-10-06,ncr,red_onion_local,160.21,120,200,prevailing,7
2025-10-13,ncr,red_onion_local,159.49,120,190,prevailing,7
2025-10-20,ncr,red_onion_local,158.57,120,190,prevailing,7
2025-10-27,ncr,red_onion_local,159.86,120,190,prevailing,6
2025-11-03,ncr,red_onion_local,173.06,120,240,prevailing,7
2025-11-10,ncr,red_onion_local,233.38,140,280,prevailing,7
2025-11-17,ncr,red_onion_local,291.11,,,prevailing,1
2025-11-24,ncr,red_onion_local,304.44,,,prevailing,1
2025-12-01,ncr,red_onion_local,295,,,prevailing,1
2025-12-08,ncr,red_onion_local,293.33,,,prevailing,1
2025-12-15,ncr,red_onion_local,238.33,180,300,prevailing,6
2025-12-22,ncr,red_onion_local,223.57,160,280,prevailing,7
2025-12-29,ncr,red_onion_local,227.14,160,280,prevailing,7
2026-01-05,ncr,red_onion_local,199.29,150,260,prevailing,7
2026-01-12,ncr,red_onion_local,180,150,200,prevailing,7
2026-01-19,ncr,red_onion_local,180.48,125,250,prevailing,7
2026-01-26,ncr,red_onion_local,184.64,120,200,prevailing,7
2026-02-02,ncr,red_onion_local,150,110,200,prevailing,7
2026-02-09,ncr,red_onion_local,141.61,80,180,prevailing,7
2026-02-16,ncr,red_onion_local,120.14,70,180,prevailing,7
2026-02-23,ncr,red_onion_local,119.61,70,160,prevailing,7
2026-03-02,ncr,red_onion_local,112.57,70,150,prevailing,7
2026-03-09,ncr,red_onion_local,115.14,70,150,prevailing,7
2026-03-16,ncr,red_onion_local,101.86,55,160,prevailing,7
2026-03-23,ncr,red_onion_local,113.5,55,160,prevailing,7
2026-03-30,ncr,red_onion_local,108.81,50,160,prevailing,7
2026-04-06,ncr,red_onion_local,100.71,50,180,prevailing,7
2026-04-13,ncr,red_onion_local,100.32,55,180,prevailing,7
2026-04-20,ncr,red_onion_local,98.61,55,180,prevailing,7
2026-04-27,ncr,red_onion_local,98.41,55,150,prevailing,7
2026-05-04,ncr,red_onion_local,97.42,50,150,prevailing,7
2026-05-11,ncr,red_onion_local,99.26,55,150,prevailing,7
2026-05-18,ncr,red_onion_local,98.89,55,160,prevailing,7
2026-05-25,ncr,red_onion_local,99.02,55,160,prevailing,7
2026-06-01,ncr,red_onion_local,99.55,55,160,prevailing,7
2026-06-08,ncr,red_onion_local,100.19,70,160,prevailing,7
2026-06-15,ncr,red_onion_local,104.41,70,160,prevailing,7
2026-06-22,ncr,red_onion_local,101.06,70,160,prevailing,7
2026-06-29,ncr,red_onion_local,103.82,70,160,prevailing,7
2026-07-06,ncr,red_onion_local,101.43,70,160,prevailing,7
2026-07-13,ncr,red_onion_local,110,70,160,prevailing,7
2026-07-20,ncr,red_onion_local,110,70,160,prevailing,7
2026-07-27,ncr,red_onion_local,114.29,70,160,prevailing,7
2026-08-03,ncr,red_onion_local,115.71,70,160,prevailing,7
2026-08-10,ncr,red_onion_local,120,70,160,prevailing,7
2026-08-17,ncr,red_onion_local,118.57,70,160,prevailing,7
2026-08-24,ncr,red_onion_local,117.14,70,200,prevailing,7
2026-08-31,ncr,red_onion_local,120,70,170,prevailing,7
2026-09-07,ncr,red_onion_local,120,70,180,prevailing,7
2026-09-14,ncr,red_onion_local,120,70,200,prevailing,7
2026-09-21,ncr,red_onion_local,120,80,200,prevailing,7
2026-09-28,ncr,red_onion_local,120.7,80,200,prevailing,7
2025-04-28,ncr,salmon_belly_imported,440,,,prevailing,1
2025-05-05,ncr,salmon_belly_imported,400,,,prevailing,1
2025-05-12,ncr,salmon_belly_imported,300,,,prevailing,1
2025-05-19,ncr,salmon_belly_imported,416.34,,,prevailing,2
2025-05-26,ncr,salmon_belly_imported,412,,,prevailing,1
2025-06-02,ncr,salmon_belly_imported,432.5,,,prevailing,1
2025-06-09,ncr,salmon_belly_imported,400,,,prevailing,1
2025-06-16,ncr,salmon_belly_imported,426.67,,,prevailing,1
2025-06-23,ncr,salmon_belly_imported,420,,,prevailing,1
2025-06-30,ncr,salmon_belly_imported,430,,,prevailing,1
2025-07-07,ncr,salmon_belly_imported,426.67,,,prevailing,1
2025-07-14,ncr,salmon_belly_imported,424.43,,,prevailing,2
2025-07-21,ncr,salmon_belly_imported,413.33,,,prevailing,1
2025-07-28,ncr,salmon_belly_imported,413.75,,,prevailing,2
2025-08-04,ncr,salmon_belly_imported,406.67,,,prevailing,1
2025-08-11,ncr,salmon_belly_imported,407.5,,,prevailing,1
2025-08-18,ncr,salmon_belly_imported,420.69,,,prevailing,2
2025-08-25,ncr,salmon_belly_imported,415.42,,,prevailing,3
2025-09-01,ncr,salmon_belly_imported,408.26,,,prevailing,2
2025-09-08,ncr,salmon_belly_imported,412.5,,,prevailing,1
2025-09-15,ncr,salmon_belly_imported,400,,,prevailing,1
2025-09-22,ncr,salmon_belly_imported,418.64,,,prevailing,2
2025-09-29,ncr,salmon_belly_imported,418.42,,,prevailing,3
2025-10-06,ncr,salmon_belly_imported,435.45,,,prevailing,1
2025-10-13,ncr,salmon_belly_imported,433.85,,,prevailing,1
2025-10-20,ncr,salmon_belly_imported,431.67,,,prevailing,1
2025-10-27,ncr,salmon_belly_imported,428.33,,,prevailing,1
2025-11-03,ncr,salmon_belly_imported,421.19,,,prevailing,2
2025-11-10,ncr,salmon_belly_imported,411.43,,,prevailing,1
2025-11-17,ncr,salmon_belly_imported,405.71,,,prevailing,1
2025-11-24,ncr,salmon_belly_imported,420,,,prevailing,1
2025-12-01,ncr,salmon_belly_imported,414.29,,,prevailing,1
2025-12-08,ncr,salmon_belly_imported,427.5,,,prevailing,1
2025-12-15,ncr,salmon_belly_imported,440,,,prevailing,1
2025-12-22,ncr,salmon_belly_imported,417.14,,,prevailing,1
2025-12-29,ncr,salmon_belly_imported,431.67,,,prevailing,1
2026-01-05,ncr,salmon_belly_imported,413.33,,,prevailing,1
2026-01-12,ncr,salmon_belly_imported,410,,,prevailing,1
2026-01-19,ncr,salmon_belly_imported,421.67,,,prevailing,1
2026-01-26,ncr,salmon_belly_imported,421.43,,,prevailing,1
2026-02-02,ncr,salmon_belly_imported,412.86,,,prevailing,1
2026-02-09,ncr,salmon_belly_imported,418.57,,,prevailing,1
2026-02-16,ncr,salmon_belly_imported,392.86,,,prevailing,1
2026-02-23,ncr,salmon_belly_imported,421.43,,,prevailing,1
2026-03-02,ncr,salmon_belly_imported,421.43,,,prevailing,1
2026-03-09,ncr,salmon_belly_imported,411.67,,,prevailing,1
2026-03-16,ncr,salmon_belly_imported,410,,,prevailing,1
2026-03-23,ncr,salmon_belly_imported,413.35,,,prevailing,2
2026-03-30,ncr,salmon_belly_imported,415,,,prevailing,1
2026-04-06,ncr,salmon_belly_imported,413.75,,,prevailing,1
2026-04-13,ncr,salmon_belly_imported,411.67,,,prevailing,1
2026-04-20,ncr,salmon_belly_imported,388.33,,,prevailing,1
2026-04-27,ncr,salmon_belly_imported,407.27,,,prevailing,1
2026-05-04,ncr,salmon_belly_imported,398.18,,,prevailing,1
2026-05-11,ncr,salmon_belly_imported,382,,,prevailing,1
2026-05-18,ncr,salmon_belly_imported,390,,,prevailing,1
2026-05-25,ncr,salmon_belly_imported,396.36,,,prevailing,1
2026-06-01,ncr,salmon_belly_imported,406.15,,,prevailing,1
2026-06-08,ncr,salmon_belly_imported,425,,,prevailing,1
2026-06-15,ncr,salmon_belly_imported,400,,,prevailing,1
2026-06-22,ncr,salmon_belly_imported,406.47,,,prevailing,1
2026-06-29,ncr,salmon_belly_imported,394.03,,,prevailing,1
2026-09-28,ncr,salmon_belly_imported,438.4,,,prevailing,2
2024-04-15,ncr,salmon_head,195,140,250,midpoint,5
2024-04-22,ncr,salmon_head,194.17,140,250,midpoint,6
2024-04-29,ncr,salmon_head,194.17,140,250,midpoint,6
2024-05-06,ncr,salmon_head,201.67,140,280,midpoint,6
2024-05-13,ncr,salmon_head,196.67,140,260,midpoint,6
2024-05-20,ncr,salmon_head,198.33,150,260,midpoint,6
2024-05-27,ncr,salmon_head,198.33,150,260,midpoint,6
2024-06-03,ncr,salmon_head,200,150,250,midpoint,6
2024-06-10,ncr,salmon_head,201.67,150,260,midpoint,6
2024-06-17,ncr,salmon_head,198.33,150,250,midpoint,6
2024-06-24,ncr,salmon_head,200.83,150,280,midpoint,6
2024-07-01,ncr,salmon_head,200,150,250,midpoint,6
2024-07-08,ncr,salmon_head,201.67,150,260,midpoint,6
2024-07-15,ncr,salmon_head,200.83,150,260,midpoint,6
2024-07-22,ncr,salmon_head,200,150,260,midpoint,6
2024-07-29,ncr,salmon_head,200.83,150,260,midpoint,6
2024-08-05,ncr,salmon_head,195.83,150,240,midpoint,6
2024-08-12,ncr,salmon_head,195,150,240,midpoint,6
2024-08-19,ncr,salmon_head,195,150,240,midpoint,6
2024-08-26,ncr,salmon_head,196.67,150,240,midpoint,6
2024-09-02,ncr,salmon_head,200.83,150,240,midpoint,6
2024-09-09,ncr,salmon_head,198.33,150,280,midpoint,6
2024-09-16,ncr,salmon_head,200,150,250,midpoint,6
2024-09-23,ncr,salmon_head,200.83,150,250,midpoint,6
2024-09-30,ncr,salmon_head,200,150,250,midpoint,5
2024-10-07,ncr,salmon_head,199,150,250,midpoint,5
2024-10-14,ncr,salmon_head,195.83,150,240,midpoint,6
2024-10-21,ncr,salmon_head,197,150,240,midpoint,5
2024-10-28,ncr,salmon_head,198,150,240,midpoint,5
2024-11-04,ncr,salmon_head,207.5,150,260,midpoint,6
2024-11-11,ncr,salmon_head,204,150,260,midpoint,5
2024-11-18,ncr,salmon_head,203.33,150,260,midpoint,6
2024-11-25,ncr,salmon_head,202.5,150,260,midpoint,6
2024-12-02,ncr,salmon_head,210,160,280,midpoint,5
2024-12-09,ncr,salmon_head,215,150,280,midpoint,5
2024-12-16,ncr,salmon_head,221,160,280,midpoint,5
2024-12-23,ncr,salmon_head,217,160,280,midpoint,5
2024-12-30,ncr,salmon_head,220,160,280,midpoint,4
2025-01-06,ncr,salmon_head,217,160,280,midpoint,5
2025-01-13,ncr,salmon_head,208.05,160,260,average,6
2025-01-20,ncr,salmon_head,208.9,160,260,average,6
2025-01-27,ncr,salmon_head,208.03,150,300,average,6
2025-02-03,ncr,salmon_head,214.55,150,280,average,6
2025-02-10,ncr,salmon_head,231.67,150,280,prevailing,6
2025-02-17,ncr,salmon_head,233.33,150,280,prevailing,6
2025-02-24,ncr,salmon_head,221.67,110,280,prevailing,6
2025-03-03,ncr,salmon_head,228.33,150,280,prevailing,6
2025-03-10,ncr,salmon_head,230,150,280,prevailing,6
2025-03-17,ncr,salmon_head,216.67,150,280,prevailing,6
2025-03-24,ncr,salmon_head,218.33,150,280,prevailing,6
2025-03-31,ncr,salmon_head,232.15,160,280,prevailing,7
2025-04-07,ncr,salmon_head,223.89,160,280,prevailing,7
2025-04-14,ncr,salmon_head,228.33,160,240,prevailing,4
2025-04-21,ncr,salmon_head,225,150,280,prevailing,7
2025-04-28,ncr,salmon_head,227.92,160,280,prevailing,7
2025-05-05,ncr,salmon_head,234.29,100,280,prevailing,7
2025-05-12,ncr,salmon_head,235.43,120,280,prevailing,7
2025-05-19,ncr,salmon_head,230.88,160,280,prevailing,7
2025-05-26,ncr,salmon_head,228.57,150,280,prevailing,7
2025-06-02,ncr,salmon_head,228.57,140,280,prevailing,7
2025-06-09,ncr,salmon_head,228.57,150,280,prevailing,7
2025-06-16,ncr,salmon_head,228.57,150,280,prevailing,7
2025-06-23,ncr,salmon_head,235,150,280,prevailing,7
2025-06-30,ncr,salmon_head,231.8,140,300,prevailing,7
2025-07-07,ncr,salmon_head,235,150,300,prevailing,7
2025-07-14,ncr,salmon_head,232.19,150,300,prevailing,7
2025-07-21,ncr,salmon_head,232.14,150,300,prevailing,7
2025-07-28,ncr,salmon_head,233.19,150,300,prevailing,7
2025-08-04,ncr,salmon_head,230,150,300,prevailing,7
2025-08-11,ncr,salmon_head,229.29,150,300,prevailing,7
2025-08-18,ncr,salmon_head,228.27,150,300,prevailing,7
2025-08-25,ncr,salmon_head,228.57,150,300,prevailing,7
2025-09-01,ncr,salmon_head,227,150,300,prevailing,7
2025-09-08,ncr,salmon_head,228.57,150,280,prevailing,7
2025-09-15,ncr,salmon_head,222.86,150,280,prevailing,7
2025-09-22,ncr,salmon_head,231.69,150,280,prevailing,4
2025-09-29,ncr,salmon_head,185.74,110,280,prevailing,6
2025-10-06,ncr,salmon_head,135,100,160,prevailing,2
2025-10-13,ncr,salmon_head,160,,,prevailing,1
2025-10-20,ncr,salmon_head,232.5,,,prevailing,1
2025-10-27,ncr,salmon_head,219.09,,,prevailing,1
2025-11-03,ncr,salmon_head,225.63,,,prevailing,2
2025-11-10,ncr,salmon_head,225,,,prevailing,1
2025-11-17,ncr,salmon_head,221.11,,,prevailing,1
2025-11-24,ncr,salmon_head,227,,,prevailing,1
2025-12-01,ncr,salmon_head,229.09,,,prevailing,1
2025-12-08,ncr,salmon_head,226,,,prevailing,1
2025-12-15,ncr,salmon_head,228.89,,,prevailing,1
2025-12-22,ncr,salmon_head,229.09,,,prevailing,1
2025-12-29,ncr,salmon_head,240,,,prevailing,1
2026-01-05,ncr,salmon_head,232.22,,,prevailing,1
2026-01-12,ncr,salmon_head,229.09,,,prevailing,1
2026-01-19,ncr,salmon_head,237,,,prevailing,1
2026-01-26,ncr,salmon_head,200,,,prevailing,1
2026-02-02,ncr,salmon_head,230,,,prevailing,1
2026-02-09,ncr,salmon_head,200,,,prevailing,1
2026-02-16,ncr,salmon_head,241,,,prevailing,1
2026-02-23,ncr,salmon_head,231,,,prevailing,1
2026-03-02,ncr,salmon_head,200,,,prevailing,1
2026-03-09,ncr,salmon_head,200,,,prevailing,1
2026-03-16,ncr,salmon_head,233.33,,,prevailing,1
2026-03-23,ncr,salmon_head,225.14,,,prevailing,2
2026-03-30,ncr,salmon_head,238.75,,,prevailing,1
2026-04-06,ncr,salmon_head,226.67,,,prevailing,1
2026-04-13,ncr,salmon_head,238.89,,,prevailing,1
2026-04-20,ncr,salmon_head,210,,,prevailing,1
2026-04-27,ncr,salmon_head,211.54,,,prevailing,1
2026-05-04,ncr,salmon_head,215,,,prevailing,1
2026-05-11,ncr,salmon_head,220,,,prevailing,1
2026-05-18,ncr,salmon_head,211.43,,,prevailing,1
2026-05-25,ncr,salmon_head,213.08,,,prevailing,1
2026-06-01,ncr,salmon_head,214,,,prevailing,1
2026-06-08,ncr,salmon_head,211.67,,,prevailing,1
2026-06-15,ncr,salmon_head,205.45,,,prevailing,1
2026-06-22,ncr,salmon_head,217.82,,,prevailing,1
2026-06-29,ncr,salmon_head,218.13,,,prevailing,1
2026-09-28,ncr,salmon_head,233.62,,,prevailing,2
2024-04-15,ncr,sardines,166,60,260,midpoint,5
2024-04-22,ncr,sardines,148.33,80,200,midpoint,6
2024-04-29,ncr,sardines,149.17,70,240,midpoint,6
2024-05-06,ncr,sardines,151.67,80,240,midpoint,6
2024-05-13,ncr,sardines,153.33,100,200,midpoint,6
2024-05-20,ncr,sardines,148.33,80,240,midpoint,6
2024-05-27,ncr,sardines,148.33,80,240,midpoint,6
2024-06-03,ncr,sardines,154.17,70,200,midpoint,6
2024-06-10,ncr,sardines,146.67,80,240,midpoint,6
2024-06-17,ncr,sardines,150,60,240,midpoint,6
2024-06-24,ncr,sardines,145.83,70,200,midpoint,6
2024-07-01,ncr,sardines,150,100,200,midpoint,6
2024-07-08,ncr,sardines,147.5,60,200,midpoint,6
2024-07-15,ncr,sardines,151.67,80,240,midpoint,6
2024-07-22,ncr,sardines,144.17,80,220,midpoint,6
2024-07-29,ncr,sardines,140,70,200,midpoint,6
2024-08-05,ncr,sardines,145.83,70,200,midpoint,6
2024-08-12,ncr,sardines,150,100,200,midpoint,6
2024-08-19,ncr,sardines,145.83,70,220,midpoint,6
2024-08-26,ncr,sardines,150.83,100,200,midpoint,6
2024-09-02,ncr,sardines,146.67,100,200,midpoint,6
2024-09-09,ncr,sardines,170.83,100,220,midpoint,6
2024-09-16,ncr,sardines,170.83,100,240,midpoint,6
2024-09-23,ncr,sardines,163.33,80,240,midpoint,6
2024-09-30,ncr,sardines,149,100,200,midpoint,5
2024-10-07,ncr,sardines,129,100,200,midpoint,5
2024-10-14,ncr,sardines,121.67,100,160,midpoint,6
2024-10-21,ncr,sardines,126,100,160,midpoint,5
2024-10-28,ncr,sardines,154,100,320,midpoint,5
2024-11-04,ncr,sardines,131.67,100,260,midpoint,6
2024-11-11,ncr,sardines,141,100,240,midpoint,5
2024-11-18,ncr,sardines,177.5,100,260,midpoint,6
2024-11-25,ncr,sardines,180,100,260,midpoint,5
2024-12-02,ncr,sardines,176,100,450,midpoint,5
2024-12-09,ncr,sardines,153,100,320,midpoint,5
2024-12-16,ncr,sardines,154,100,300,midpoint,5
2024-12-23,ncr,sardines,153,100,220,midpoint,5
2024-12-30,ncr,sardines,163.75,100,240,midpoint,4
2025-01-06,ncr,sardines,132,100,220,midpoint,5
2025-01-13,ncr,sardines,159.76,100,220,average,6
2025-01-20,ncr,sardines,136.06,100,220,average,6
2025-01-27,ncr,sardines,133.71,100,120,average,6
2025-02-03,ncr,sardines,127.36,100,220,average,6
2025-02-10,ncr,sardines,110,100,220,prevailing,6
2025-02-17,ncr,sardines,110,100,120,prevailing,6
2025-02-24,ncr,sardines,115,100,220,prevailing,6
2025-03-03,ncr,sardines,110,100,220,prevailing,6
2025-03-10,ncr,sardines,115,100,220,prevailing,6
2025-03-17,ncr,sardines,110,100,220,prevailing,6
2025-03-24,ncr,sardines,110,100,220,prevailing,6
2025-03-31,ncr,sardines,145.25,100,120,prevailing,7
2025-04-07,ncr,sardines,131.63,100,120,prevailing,7
2025-04-14,ncr,sardines,150.92,100,220,prevailing,4
2025-04-21,ncr,sardines,126.04,100,120,prevailing,7
2025-04-28,ncr,sardines,124,100,120,prevailing,7
2025-05-05,ncr,sardines,110.71,100,110,prevailing,7
2025-05-12,ncr,sardines,110.71,100,150,prevailing,7
2025-05-19,ncr,sardines,110,100,120,prevailing,7
2025-05-26,ncr,sardines,110.71,100,120,prevailing,7
2025-06-02,ncr,sardines,109.29,100,160,prevailing,7
2025-06-09,ncr,sardines,109.29,100,120,prevailing,7
2025-06-16,ncr,sardines,110.71,100,120,prevailing,7
2025-06-23,ncr,sardines,107.86,100,110,prevailing,7
2025-06-30,ncr,sardines,118.66,80,200,prevailing,7
2025-07-07,ncr,sardines,108.57,100,300,prevailing,7
2025-07-14,ncr,sardines,108.29,100,140,prevailing,7
2025-07-21,ncr,sardines,106.43,100,120,prevailing,7
2025-07-28,ncr,sardines,113.21,100,260,prevailing,7
2025-08-04,ncr,sardines,110,80,120,prevailing,7
2025-08-11,ncr,sardines,108.57,100,120,prevailing,7
2025-08-18,ncr,sardines,110.54,100,120,prevailing,7
2025-08-25,ncr,sardines,107.3,100,120,prevailing,7
2025-09-01,ncr,sardines,102.55,100,140,prevailing,7
2025-09-08,ncr,sardines,116.43,100,140,prevailing,7
2025-09-15,ncr,sardines,111.43,100,140,prevailing,7
2025-09-22,ncr,sardines,115.24,100,120,prevailing,7
2025-09-29,ncr,sardines,213.63,100,560,prevailing,7
2025-10-06,ncr,sardines,162.86,100,560,prevailing,7
2025-10-13,ncr,sardines,118.93,100,150,prevailing,7
2025-10-20,ncr,sardines,121.43,100,150,prevailing,7
2025-10-27,ncr,sardines,117.14,100,240,prevailing,7
2025-11-03,ncr,sardines,135.77,100,240,prevailing,7
2025-11-10,ncr,sardines,144.29,100,240,prevailing,7
2025-11-17,ncr,sardines,121.43,100,280,prevailing,7
2025-11-24,ncr,sardines,100,100,240,prevailing,7
2025-12-01,ncr,sardines,112.86,100,280,prevailing,7
2025-12-08,ncr,sardines,120,100,240,prevailing,7
2025-12-15,ncr,sardines,118.57,120,200,prevailing,7
2025-12-22,ncr,sardines,121.43,120,200,prevailing,7
2025-12-29,ncr,sardines,159.05,120,200,prevailing,7
2026-01-05,ncr,sardines,160.48,120,200,prevailing,7
2026-01-12,ncr,sardines,167.14,120,240,prevailing,7
2026-01-19,ncr,sardines,165.71,130,240,prevailing,7
2026-01-26,ncr,sardines,152.86,120,200,prevailing,7
2026-02-02,ncr,sardines,145.24,120,200,prevailing,7
2026-02-09,ncr,sardines,131.43,120,200,prevailing,7
2026-02-16,ncr,sardines,128.57,120,200,prevailing,7
2026-02-23,ncr,sardines,134.29,100,200,prevailing,7
2026-03-02,ncr,sardines,138.57,100,200,prevailing,7
2026-03-09,ncr,sardines,145.48,100,200,prevailing,7
2026-03-16,ncr,sardines,148.57,120,200,prevailing,7
2026-03-23,ncr,sardines,144.82,130,180,prevailing,7
2026-03-30,ncr,sardines,131.43,100,240,prevailing,7
2026-04-06,ncr,sardines,148.33,100,240,prevailing,7
2026-04-13,ncr,sardines,141.43,90,240,prevailing,7
2026-04-20,ncr,sardines,135,100,200,prevailing,7
2026-04-27,ncr,sardines,128.57,100,200,prevailing,7
2026-05-04,ncr,sardines,188.57,120,260,prevailing,7
2026-05-11,ncr,sardines,154.29,100,240,prevailing,7
2026-05-18,ncr,sardines,142.86,80,240,prevailing,7
2026-05-25,ncr,sardines,147.86,80,180,prevailing,7
2026-06-01,ncr,sardines,151.43,80,180,prevailing,7
2026-06-08,ncr,sardines,161.43,100,180,prevailing,7
2026-06-15,ncr,sardines,160,140,180,prevailing,7
2026-06-22,ncr,sardines,140.89,50,200,prevailing,7
2026-06-29,ncr,sardines,108.48,70,220,prevailing,7
2026-07-06,ncr,sardines,118.57,100,160,prevailing,7
2026-07-13,ncr,sardines,130,100,180,prevailing,7
2026-07-20,ncr,sardines,100,60,140,prevailing,7
2026-07-27,ncr,sardines,108.57,80,160,prevailing,7
2026-08-03,ncr,sardines,104.29,80,140,prevailing,7
2026-08-10,ncr,sardines,118.57,100,240,prevailing,7
2026-08-17,ncr,sardines,121.43,70,200,prevailing,7
2026-08-24,ncr,sardines,114.29,70,200,prevailing,7
2026-08-31,ncr,sardines,125.71,70,200,prevailing,7
2026-09-07,ncr,sardines,142.86,70,300,prevailing,7
2026-09-14,ncr,sardines,180.95,70,300,prevailing,7
2026-09-21,ncr,sardines,173.33,70,300,prevailing,7
2026-09-28,ncr,sardines,145.65,80,320,prevailing,7
2020-11-02,ncr,sitao,100,70,170,prevailing,4
2020-11-09,ncr,sitao,100,60,160,prevailing,4
2020-11-16,ncr,sitao,162,90,200,prevailing,5
2020-11-23,ncr,sitao,149,100,250,prevailing,5
2020-11-30,ncr,sitao,110,80,180,prevailing,4
2020-12-07,ncr,sitao,105,90,170,prevailing,4
2020-12-14,ncr,sitao,110,80,180,prevailing,4
2020-12-21,ncr,sitao,113.33,90,180,prevailing,3
2020-12-28,ncr,sitao,120,80,180,prevailing,2
2021-01-04,ncr,sitao,120,90,180,prevailing,5
2021-01-11,ncr,sitao,112,80,150,prevailing,5
2021-01-18,ncr,sitao,96,50,150,prevailing,5
2021-01-25,ncr,sitao,72,40,120,prevailing,5
2021-02-01,ncr,sitao,76,50,120,prevailing,5
2021-02-08,ncr,sitao,76,40,100,prevailing,5
2021-02-15,ncr,sitao,64,40,100,prevailing,5
2021-02-22,ncr,sitao,74,50,130,prevailing,5
2021-03-01,ncr,sitao,72,40,100,prevailing,5
2021-03-08,ncr,sitao,74,50,100,prevailing,5
2021-03-15,ncr,sitao,66,50,100,prevailing,5
2021-03-22,ncr,sitao,68,50,100,prevailing,5
2021-03-29,ncr,sitao,80,50,120,prevailing,3
2021-04-05,ncr,sitao,70,50,100,prevailing,5
2021-04-12,ncr,sitao,70,50,100,prevailing,5
2021-04-19,ncr,sitao,70,50,100,prevailing,5
2021-04-26,ncr,sitao,68,50,100,prevailing,5
2021-05-03,ncr,sitao,70,50,100,prevailing,4
2021-05-10,ncr,sitao,70,50,100,prevailing,5
2021-05-17,ncr,sitao,70,50,100,prevailing,5
2021-05-24,ncr,sitao,72,50,100,prevailing,5
2021-05-31,ncr,sitao,78,50,100,prevailing,5
2021-06-07,ncr,sitao,80,50,100,prevailing,5
2021-06-14,ncr,sitao,94,50,140,prevailing,5
2021-06-21,ncr,sitao,80,50,120,prevailing,5
2021-06-28,ncr,sitao,78,60,100,prevailing,5
2021-07-05,ncr,sitao,75,60,100,prevailing,4
2021-07-12,ncr,sitao,80,60,100,prevailing,5
2021-07-19,ncr,sitao,80,50,100,prevailing,5
2021-07-26,ncr,sitao,88,60,180,prevailing,5
2021-08-02,ncr,sitao,100,70,160,prevailing,5
2021-08-09,ncr,sitao,100,50,150,prevailing,5
2021-08-16,ncr,sitao,94,50,200,prevailing,5
2021-08-23,ncr,sitao,76,40,100,prevailing,5
2021-08-30,ncr,sitao,70,50,90,prevailing,5
2021-09-06,ncr,sitao,72,,,prevailing,5
2021-09-13,ncr,sitao,79,,,prevailing,5
2021-09-20,ncr,sitao,84,,,prevailing,5
2021-09-27,ncr,sitao,78,,,prevailing,5
2021-10-04,ncr,sitao,80,,,prevailing,3
2021-10-11,ncr,sitao,77,,,prevailing,5
2021-10-18,ncr,sitao,77,,,prevailing,5
2021-10-25,ncr,sitao,75,,,prevailing,1
2022-01-03,ncr,sitao,120,,,prevailing,4
2022-01-10,ncr,sitao,116,,,prevailing,5
2022-01-17,ncr,sitao,112,,,prevailing,5
2022-01-24,ncr,sitao,98,,,prevailing,5
2022-01-31,ncr,sitao,95,,,prevailing,5
2022-02-07,ncr,sitao,100,,,prevailing,5
2022-02-14,ncr,sitao,87.5,,,prevailing,4
2022-02-21,ncr,sitao,80,,,prevailing,5
2022-02-28,ncr,sitao,80,,,prevailing,5
2022-03-07,ncr,sitao,80,,,prevailing,5
2022-03-14,ncr,sitao,80,,,prevailing,5
2022-03-21,ncr,sitao,80,,,prevailing,5
2022-03-28,ncr,sitao,78,,,prevailing,5
2022-04-04,ncr,sitao,70,,,prevailing,5
2022-04-11,ncr,sitao,80,,,prevailing,3
2022-04-18,ncr,sitao,80,,,prevailing,5
2022-04-25,ncr,sitao,76,,,prevailing,5
2022-05-02,ncr,sitao,73,,,prevailing,5
2022-05-09,ncr,sitao,77.5,,,prevailing,4
2022-05-16,ncr,sitao,79,,,prevailing,5
2022-05-23,ncr,sitao,112,,,prevailing,5
2022-05-30,ncr,sitao,90,,,prevailing,5
2022-06-06,ncr,sitao,80,,,prevailing,5
2022-06-13,ncr,sitao,83,,,prevailing,5
2022-06-20,ncr,sitao,80,,,prevailing,5
2022-06-27,ncr,sitao,86,,,prevailing,5
2022-07-04,ncr,sitao,82,,,prevailing,5
2022-07-11,ncr,sitao,80,,,prevailing,5
2022-07-18,ncr,sitao,80,,,prevailing,5
2022-07-25,ncr,sitao,80,,,prevailing,5
2022-08-01,ncr,sitao,75,,,prevailing,5
2022-08-08,ncr,sitao,73,,,prevailing,5
2022-08-15,ncr,sitao,76,,,prevailing,5
2022-08-22,ncr,sitao,70,,,prevailing,5
2022-08-29,ncr,sitao,80,,,prevailing,5
2022-09-05,ncr,sitao,70,,,prevailing,5
2022-09-12,ncr,sitao,72.5,,,prevailing,4
2022-09-19,ncr,sitao,72.5,,,prevailing,4
2022-09-26,ncr,sitao,83,,,prevailing,5
2022-10-03,ncr,sitao,116,,,prevailing,5
2022-10-10,ncr,sitao,111,,,prevailing,5
2022-10-17,ncr,sitao,100,,,prevailing,5
2022-10-24,ncr,sitao,100,,,prevailing,5
2022-10-31,ncr,sitao,110,,,prevailing,4
2022-11-07,ncr,sitao,130,,,prevailing,5
2022-11-14,ncr,sitao,100,,,prevailing,5
2022-11-21,ncr,sitao,100,,,prevailing,5
2022-11-28,ncr,sitao,100,,,prevailing,5
2022-12-05,ncr,sitao,88,,,prevailing,5
2022-12-12,ncr,sitao,80,,,prevailing,5
2022-12-19,ncr,sitao,88,,,prevailing,5
2022-12-26,ncr,sitao,114,80,190,midpoint,5
2023-01-02,ncr,sitao,102.5,65,150,midpoint,5
2023-01-09,ncr,sitao,125.5,65,180,midpoint,5
2023-01-16,ncr,sitao,126,90,160,midpoint,5
2023-01-23,ncr,sitao,124,80,160,midpoint,5
2023-01-30,ncr,sitao,126,100,160,midpoint,5
2023-02-06,ncr,sitao,117,80,150,midpoint,5
2023-02-13,ncr,sitao,111,80,150,midpoint,5
2023-02-20,ncr,sitao,117,90,150,midpoint,5
2023-02-27,ncr,sitao,121,90,150,midpoint,5
2023-03-06,ncr,sitao,117,60,150,midpoint,5
2023-03-13,ncr,sitao,104,60,140,midpoint,5
2023-03-20,ncr,sitao,91,60,120,midpoint,5
2023-03-27,ncr,sitao,88,50,120,midpoint,5
2023-04-03,ncr,sitao,90,60,120,midpoint,3
2023-04-10,ncr,sitao,90,60,120,midpoint,4
2023-04-17,ncr,sitao,90,60,120,midpoint,5
2023-04-24,ncr,sitao,89.5,60,120,midpoint,5
2023-05-01,ncr,sitao,91.25,60,120,midpoint,4
2023-05-08,ncr,sitao,90,60,120,midpoint,5
2023-05-15,ncr,sitao,89,60,120,midpoint,5
2023-05-22,ncr,sitao,86,60,120,midpoint,5
2023-05-29,ncr,sitao,80,60,100,midpoint,5
2023-06-05,ncr,sitao,86.67,60,120,midpoint,3
2023-06-12,ncr,sitao,90,60,120,midpoint,1
2023-06-19,ncr,sitao,93.75,65,140,midpoint,4
2023-06-26,ncr,sitao,80,60,100,midpoint,4
2023-07-03,ncr,sitao,95,70,120,midpoint,5
2023-07-10,ncr,sitao,85,50,120,midpoint,5
2023-07-17,ncr,sitao,105,70,150,midpoint,5
2023-07-24,ncr,sitao,102.5,60,140,midpoint,4
2023-07-31,ncr,sitao,121,90,150,midpoint,5
2023-08-07,ncr,sitao,112,80,150,midpoint,5
2023-08-14,ncr,sitao,95,70,120,midpoint,5
2023-08-21,ncr,sitao,99,70,120,midpoint,5
2023-08-28,ncr,sitao,102,70,130,midpoint,5
2023-09-04,ncr,sitao,115,80,150,midpoint,5
2023-09-11,ncr,sitao,119,80,170,midpoint,5
2023-09-18,ncr,sitao,124,80,190,midpoint,5
2023-09-25,ncr,sitao,115,80,150,midpoint,5
2023-10-02,ncr,sitao,110,70,150,midpoint,5
2023-10-09,ncr,sitao,97,70,140,midpoint,5
2023-10-16,ncr,sitao,91,60,120,midpoint,5
2023-10-23,ncr,sitao,79,60,100,midpoint,5
2023-10-30,ncr,sitao,83.75,50,110,midpoint,4
2023-11-06,ncr,sitao,90,50,160,midpoint,5
2023-11-13,ncr,sitao,86,50,120,midpoint,5
2023-11-20,ncr,sitao,109,60,160,midpoint,5
2023-11-27,ncr,sitao,103.75,60,160,midpoint,4
2023-12-04,ncr,sitao,103,60,150,midpoint,5
2023-12-11,ncr,sitao,115,60,190,midpoint,4
2023-12-18,ncr,sitao,111,50,150,midpoint,5
2023-12-25,ncr,sitao,123.75,80,180,midpoint,4
2024-01-01,ncr,sitao,108.75,60,170,midpoint,4
2024-01-08,ncr,sitao,118,80,170,midpoint,5
2024-01-15,ncr,sitao,115,80,150,midpoint,5
2024-01-22,ncr,sitao,109,70,150,midpoint,5
2024-01-29,ncr,sitao,105,70,140,midpoint,5
2024-02-05,ncr,sitao,102,60,140,midpoint,5
2024-02-12,ncr,sitao,95.5,70,130,midpoint,5
2024-02-19,ncr,sitao,99,70,130,midpoint,5
2024-02-26,ncr,sitao,110,70,150,midpoint,5
2024-03-04,ncr,sitao,120,90,160,midpoint,4
2024-03-11,ncr,sitao,114,90,150,midpoint,5
2024-03-18,ncr,sitao,117,80,150,midpoint,5
2024-03-25,ncr,sitao,110,70,150,midpoint,3
2024-04-01,ncr,sitao,114,70,150,midpoint,5
2024-04-08,ncr,sitao,110,80,140,midpoint,3
2024-04-15,ncr,sitao,105.83,50,160,midpoint,6
2024-04-22,ncr,sitao,110.42,70,160,midpoint,6
2024-04-29,ncr,sitao,112.08,70,150,midpoint,6
2024-05-06,ncr,sitao,120,70,160,midpoint,6
2024-05-13,ncr,sitao,132.5,90,180,midpoint,6
2024-05-20,ncr,sitao,122.5,70,180,midpoint,6
2024-05-27,ncr,sitao,115.83,80,150,midpoint,6
2024-06-03,ncr,sitao,120,80,200,midpoint,6
2024-06-10,ncr,sitao,120.83,80,170,midpoint,6
2024-06-17,ncr,sitao,116.25,75,160,midpoint,6
2024-06-24,ncr,sitao,115.83,70,160,midpoint,6
2024-07-01,ncr,sitao,126.67,90,160,midpoint,6
2024-07-08,ncr,sitao,116.67,70,160,midpoint,6
2024-07-15,ncr,sitao,107.5,50,160,midpoint,6
2024-07-22,ncr,sitao,104.17,40,160,midpoint,6
2024-07-29,ncr,sitao,115,80,150,midpoint,6
2024-08-05,ncr,sitao,110.83,70,150,midpoint,6
2024-08-12,ncr,sitao,103.33,50,150,midpoint,6
2024-08-19,ncr,sitao,91.25,45,150,midpoint,6
2024-08-26,ncr,sitao,85.83,50,130,midpoint,6
2024-09-02,ncr,sitao,81.67,40,120,midpoint,6
2024-09-09,ncr,sitao,120.83,70,160,midpoint,6
2024-09-16,ncr,sitao,127.5,75,180,midpoint,6
2024-09-23,ncr,sitao,132.5,90,170,midpoint,6
2024-09-30,ncr,sitao,114,70,160,midpoint,5
2024-10-07,ncr,sitao,111,70,150,midpoint,5
2024-10-14,ncr,sitao,110,70,150,midpoint,6
2024-10-21,ncr,sitao,97.5,50,140,midpoint,5
2024-10-28,ncr,sitao,133.5,60,200,midpoint,5
2024-11-04,ncr,sitao,130.42,65,200,midpoint,6
2024-11-11,ncr,sitao,123.5,65,180,midpoint,5
2024-11-18,ncr,sitao,125.83,90,160,midpoint,6
2024-11-25,ncr,sitao,128.33,80,180,midpoint,6
2024-12-02,ncr,sitao,121.5,90,150,midpoint,5
2024-12-09,ncr,sitao,122,90,150,midpoint,5
2024-12-16,ncr,sitao,126,90,160,midpoint,5
2024-12-23,ncr,sitao,125,90,160,midpoint,5
2024-12-30,ncr,sitao,125,90,160,midpoint,4
2025-01-06,ncr,sitao,131,90,170,midpoint,5
2025-01-13,ncr,sitao,133.03,100,170,average,6
2025-01-20,ncr,sitao,124.7,90,160,average,6
2025-01-27,ncr,sitao,116.28,50,160,average,6
2025-02-03,ncr,sitao,114.17,50,160,average,6
2025-02-10,ncr,sitao,115,70,150,prevailing,6
2025-02-17,ncr,sitao,103.33,70,150,prevailing,6
2025-02-24,ncr,sitao,106.67,70,150,prevailing,6
2025-03-03,ncr,sitao,120,70,150,prevailing,6
2025-03-10,ncr,sitao,100,70,150,prevailing,6
2025-03-17,ncr,sitao,100,70,150,prevailing,6
2025-03-24,ncr,sitao,100,70,150,prevailing,6
2025-03-31,ncr,sitao,100.7,60,150,prevailing,6
2025-04-07,ncr,sitao,100,40,130,prevailing,6
2025-04-14,ncr,sitao,100,50,120,prevailing,3
2025-04-21,ncr,sitao,100,70,130,prevailing,6
2025-04-28,ncr,sitao,100.77,70,150,prevailing,6
2025-05-05,ncr,sitao,101.07,60,150,prevailing,7
2025-05-12,ncr,sitao,101.43,70,150,prevailing,7
2025-05-19,ncr,sitao,101.62,70,150,prevailing,7
2025-05-26,ncr,sitao,101.27,70,150,prevailing,7
2025-06-02,ncr,sitao,113.57,70,150,prevailing,7
2025-06-09,ncr,sitao,119.05,80,160,prevailing,7
2025-06-16,ncr,sitao,118.86,70,150,prevailing,7
2025-06-23,ncr,sitao,121.19,80,150,prevailing,7
2025-06-30,ncr,sitao,117.97,70,150,prevailing,7
2025-07-07,ncr,sitao,118.57,70,150,prevailing,7
2025-07-14,ncr,sitao,115.26,70,150,prevailing,7
2025-07-21,ncr,sitao,121.9,70,160,prevailing,7
2025-07-28,ncr,sitao,125.92,80,180,prevailing,7
2025-08-04,ncr,sitao,120.95,85,180,prevailing,7
2025-08-11,ncr,sitao,119.18,80,180,prevailing,7
2025-08-18,ncr,sitao,116.77,70,150,prevailing,7
2025-08-25,ncr,sitao,105.53,50,150,prevailing,7
2025-09-01,ncr,sitao,101.92,70,150,prevailing,7
2025-09-08,ncr,sitao,110,70,150,prevailing,7
2025-09-15,ncr,sitao,116.59,70,150,prevailing,7
2025-09-22,ncr,sitao,116.47,70,160,prevailing,7
2025-09-29,ncr,sitao,116.52,70,160,prevailing,7
2025-10-06,ncr,sitao,118.07,70,160,prevailing,7
2025-10-13,ncr,sitao,116.57,70,150,prevailing,7
2025-10-20,ncr,sitao,111,70,150,prevailing,7
2025-10-27,ncr,sitao,101.55,70,150,prevailing,7
2025-11-03,ncr,sitao,102.05,70,150,prevailing,7
2025-11-10,ncr,sitao,128.87,60,220,prevailing,7
2025-11-17,ncr,sitao,192.43,80,350,prevailing,7
2025-11-24,ncr,sitao,162.86,80,280,prevailing,7
2025-12-01,ncr,sitao,147.6,100,200,prevailing,7
2025-12-08,ncr,sitao,149.76,100,200,prevailing,7
2025-12-15,ncr,sitao,148.05,100,200,prevailing,7
2025-12-22,ncr,sitao,139.64,80,180,prevailing,7
2025-12-29,ncr,sitao,141.23,80,180,prevailing,7
2026-01-05,ncr,sitao,150.39,80,210,prevailing,7
2026-01-12,ncr,sitao,148.81,90,200,prevailing,7
2026-01-19,ncr,sitao,145.29,90,180,prevailing,7
2026-01-26,ncr,sitao,147.62,100,180,prevailing,7
2026-02-02,ncr,sitao,146.88,80,180,prevailing,7
2026-02-09,ncr,sitao,141.67,80,160,prevailing,7
2026-02-16,ncr,sitao,129.29,90,180,prevailing,7
2026-02-23,ncr,sitao,147.66,90,180,prevailing,7
2026-03-02,ncr,sitao,129.94,80,160,prevailing,7
2026-03-09,ncr,sitao,122.01,80,170,prevailing,7
2026-03-16,ncr,sitao,142.99,80,180,prevailing,7
2026-03-23,ncr,sitao,125.85,60,180,prevailing,7
2026-03-30,ncr,sitao,110.63,60,160,prevailing,7
2026-04-06,ncr,sitao,102.86,60,150,prevailing,7
2026-04-13,ncr,sitao,102.06,60,150,prevailing,7
2026-04-20,ncr,sitao,99.77,60,160,prevailing,7
2026-04-27,ncr,sitao,99.92,50,150,prevailing,7
2026-05-04,ncr,sitao,100.59,60,160,prevailing,7
2026-05-11,ncr,sitao,101.34,80,150,prevailing,7
2026-05-18,ncr,sitao,102.56,80,160,prevailing,7
2026-05-25,ncr,sitao,106.13,80,160,prevailing,7
2026-06-01,ncr,sitao,120.76,45,180,prevailing,7
2026-06-08,ncr,sitao,181.05,80,300,prevailing,7
2026-06-15,ncr,sitao,119.29,50,240,prevailing,7
2026-06-22,ncr,sitao,119.02,70,150,prevailing,7
2026-06-29,ncr,sitao,121.28,70,200,prevailing,7
2026-07-06,ncr,sitao,120,78,185,prevailing,7
2026-07-13,ncr,sitao,120,50,200,prevailing,7
2026-07-20,ncr,sitao,120,50,200,prevailing,7
2026-07-27,ncr,sitao,102.86,70,160,prevailing,7
2026-08-03,ncr,sitao,114.29,60,180,prevailing,7
2026-08-10,ncr,sitao,144.29,80,240,prevailing,7
2026-08-17,ncr,sitao,160,100,250,prevailing,7
2026-08-24,ncr,sitao,160,100,250,prevailing,7
2026-08-31,ncr,sitao,168.57,100,250,prevailing,7
2026-09-07,ncr,sitao,174.29,100,250,prevailing,7
2026-09-14,ncr,sitao,159.29,50,230,prevailing,7
2026-09-21,ncr,sitao,160,50,230,prevailing,7
2026-09-28,ncr,sitao,162.22,70,250,prevailing,7
2020-11-02,ncr,squash,33.75,25,50,prevailing,4
2020-11-09,ncr,squash,40,25,55,prevailing,4
2020-11-16,ncr,squash,40,25,65,prevailing,5
2020-11-23,ncr,squash,40,25,60,prevailing,5
2020-11-30,ncr,squash,40,25,60,prevailing,4
2020-12-07,ncr,squash,47.5,30,70,prevailing,4
2020-12-14,ncr,squash,55,40,80,prevailing,4
2020-12-21,ncr,squash,60,50,80,prevailing,3
2020-12-28,ncr,squash,60,50,80,prevailing,2
2021-01-04,ncr,squash,84,60,120,prevailing,5
2021-01-11,ncr,squash,100,70,150,prevailing,5
2021-01-18,ncr,squash,100,80,140,prevailing,5
2021-01-25,ncr,squash,96,80,130,prevailing,5
2021-02-01,ncr,squash,90,70,130,prevailing,5
2021-02-08,ncr,squash,82,60,120,prevailing,5
2021-02-15,ncr,squash,80,50,120,prevailing,5
2021-02-22,ncr,squash,72,50,100,prevailing,5
2021-03-01,ncr,squash,58,40,100,prevailing,5
2021-03-08,ncr,squash,54,30,100,prevailing,5
2021-03-15,ncr,squash,48,30,80,prevailing,5
2021-03-22,ncr,squash,44,25,80,prevailing,5
2021-03-29,ncr,squash,40,25,70,prevailing,3
2021-04-05,ncr,squash,40,20,70,prevailing,5
2021-04-12,ncr,squash,40,25,70,prevailing,5
2021-04-19,ncr,squash,40,20,60,prevailing,5
2021-04-26,ncr,squash,38,20,60,prevailing,5
2021-05-03,ncr,squash,32.5,20,60,prevailing,4
2021-05-10,ncr,squash,30,20,60,prevailing,5
2021-05-17,ncr,squash,32,20,65,prevailing,5
2021-05-24,ncr,squash,34,20,50,prevailing,5
2021-05-31,ncr,squash,32,20,60,prevailing,5
2021-06-07,ncr,squash,30,20,60,prevailing,5
2021-06-14,ncr,squash,30,25,50,prevailing,5
2021-06-21,ncr,squash,40,20,50,prevailing,5
2021-06-28,ncr,squash,36,25,50,prevailing,5
2021-07-05,ncr,squash,37.5,25,70,prevailing,4
2021-07-12,ncr,squash,40,25,60,prevailing,5
2021-07-19,ncr,squash,40,30,60,prevailing,5
2021-07-26,ncr,squash,40,30,70,prevailing,5
2021-08-02,ncr,squash,40,30,90,prevailing,5
2021-08-09,ncr,squash,48,30,60,prevailing,5
2021-08-16,ncr,squash,50,35,60,prevailing,5
2021-08-23,ncr,squash,50,40,60,prevailing,5
2021-08-30,ncr,squash,50,40,60,prevailing,5
2021-09-06,ncr,squash,50,,,prevailing,5
2021-09-13,ncr,squash,58,,,prevailing,5
2021-09-20,ncr,squash,60,,,prevailing,5
2021-09-27,ncr,squash,56,,,prevailing,5
2021-10-04,ncr,squash,50,,,prevailing,3
2021-10-11,ncr,squash,50,,,prevailing,5
2021-10-18,ncr,squash,47,,,prevailing,5
2021-10-25,ncr,squash,50,,,prevailing,1
2022-01-03,ncr,squash,40,,,prevailing,4
2022-01-10,ncr,squash,39,,,prevailing,5
2022-01-17,ncr,squash,38,,,prevailing,5
2022-01-24,ncr,squash,40,,,prevailing,5
2022-01-31,ncr,squash,40,,,prevailing,5
2022-02-07,ncr,squash,38,,,prevailing,5
2022-02-14,ncr,squash,37.5,,,prevailing,4
2022-02-21,ncr,squash,40,,,prevailing,5
2022-02-28,ncr,squash,40,,,prevailing,5
2022-03-07,ncr,squash,40,,,prevailing,5
2022-03-14,ncr,squash,40,,,prevailing,5
2022-03-21,ncr,squash,46,,,prevailing,5
2022-03-28,ncr,squash,50,,,prevailing,5
2022-04-04,ncr,squash,50,,,prevailing,5
2022-04-11,ncr,squash,53.33,,,prevailing,3
2022-04-18,ncr,squash,50,,,prevailing,5
2022-04-25,ncr,squash,50,,,prevailing,5
2022-05-02,ncr,squash,50,,,prevailing,5
2022-05-09,ncr,squash,45,,,prevailing,4
2022-05-16,ncr,squash,40,,,prevailing,5
2022-05-23,ncr,squash,40,,,prevailing,5
2022-05-30,ncr,squash,44,,,prevailing,5
2022-06-06,ncr,squash,44,,,prevailing,5
2022-06-13,ncr,squash,40,,,prevailing,5
2022-06-20,ncr,squash,48,,,prevailing,5
2022-06-27,ncr,squash,50,,,prevailing,5
2022-07-04,ncr,squash,50,,,prevailing,5
2022-07-11,ncr,squash,50,,,prevailing,5
2022-07-18,ncr,squash,50,,,prevailing,5
2022-07-25,ncr,squash,50,,,prevailing,5
2022-08-01,ncr,squash,50,,,prevailing,5
2022-08-08,ncr,squash,50,,,prevailing,5
2022-08-15,ncr,squash,50,,,prevailing,5
2022-08-22,ncr,squash,50,,,prevailing,5
2022-08-29,ncr,squash,50,,,prevailing,5
2022-09-05,ncr,squash,50,,,prevailing,5
2022-09-12,ncr,squash,50,,,prevailing,4
2022-09-19,ncr,squash,50,,,prevailing,4
2022-09-26,ncr,squash,50,,,prevailing,5
2022-10-03,ncr,squash,50,,,prevailing,5
2022-10-10,ncr,squash,48,,,prevailing,5
2022-10-17,ncr,squash,46,,,prevailing,5
2022-10-24,ncr,squash,50,,,prevailing,5
2022-10-31,ncr,squash,50,,,prevailing,4
2022-11-07,ncr,squash,51,,,prevailing,5
2022-11-14,ncr,squash,50,,,prevailing,5
2022-11-21,ncr,squash,50,,,prevailing,5
2022-11-28,ncr,squash,50,,,prevailing,5
2022-12-05,ncr,squash,50,,,prevailing,5
2022-12-12,ncr,squash,50,,,prevailing,5
2022-12-19,ncr,squash,50,,,prevailing,5
2022-12-26,ncr,squash,54,40,70,midpoint,5
2023-01-02,ncr,squash,53.5,35,70,midpoint,5
2023-01-09,ncr,squash,56,40,80,midpoint,5
2023-01-16,ncr,squash,50,40,60,midpoint,5
2023-01-23,ncr,squash,55,40,70,midpoint,5
2023-01-30,ncr,squash,60,40,80,midpoint,5
2023-02-06,ncr,squash,64,50,80,midpoint,5
2023-02-13,ncr,squash,63,45,80,midpoint,5
2023-02-20,ncr,squash,58.5,45,70,midpoint,5
2023-02-27,ncr,squash,55,40,70,midpoint,5
2023-03-06,ncr,squash,55,40,70,midpoint,5
2023-03-13,ncr,squash,53,40,70,midpoint,5
2023-03-20,ncr,squash,49.5,35,60,midpoint,5
2023-03-27,ncr,squash,50,35,70,midpoint,5
2023-04-03,ncr,squash,48.33,35,65,midpoint,3
2023-04-10,ncr,squash,47.5,35,60,midpoint,4
2023-04-17,ncr,squash,47,30,60,midpoint,5
2023-04-24,ncr,squash,45,25,60,midpoint,5
2023-05-01,ncr,squash,45,30,60,midpoint,4
2023-05-08,ncr,squash,45,30,60,midpoint,5
2023-05-15,ncr,squash,43.5,25,60,midpoint,5
2023-05-22,ncr,squash,42.5,25,60,midpoint,5
2023-05-29,ncr,squash,44.5,25,70,midpoint,5
2023-06-05,ncr,squash,45.83,30,65,midpoint,3
2023-06-12,ncr,squash,42.5,25,60,midpoint,1
2023-06-19,ncr,squash,43.75,25,60,midpoint,4
2023-06-26,ncr,squash,48.75,30,80,midpoint,4
2023-07-03,ncr,squash,45,30,60,midpoint,5
2023-07-10,ncr,squash,45,30,60,midpoint,5
2023-07-17,ncr,squash,49,30,70,midpoint,5
2023-07-24,ncr,squash,47.5,35,60,midpoint,4
2023-07-31,ncr,squash,47.5,35,60,midpoint,5
2023-08-07,ncr,squash,47.5,35,60,midpoint,5
2023-08-14,ncr,squash,47,30,60,midpoint,5
2023-08-21,ncr,squash,47.5,35,60,midpoint,5
2023-08-28,ncr,squash,46.5,30,60,midpoint,5
2023-09-04,ncr,squash,47.5,35,60,midpoint,5
2023-09-11,ncr,squash,47.5,35,60,midpoint,5
2023-09-18,ncr,squash,56,40,70,midpoint,5
2023-09-25,ncr,squash,61,45,80,midpoint,5
2023-10-02,ncr,squash,64,40,80,midpoint,5
2023-10-09,ncr,squash,62,40,80,midpoint,5
2023-10-16,ncr,squash,60.5,40,80,midpoint,5
2023-10-23,ncr,squash,58.5,40,80,midpoint,5
2023-10-30,ncr,squash,64.38,45,80,midpoint,4
2023-11-06,ncr,squash,60,30,90,midpoint,5
2023-11-13,ncr,squash,59.5,35,80,midpoint,5
2023-11-20,ncr,squash,67,20,140,midpoint,5
2023-11-27,ncr,squash,60,40,80,midpoint,4
2023-12-04,ncr,squash,58.5,30,80,midpoint,5
2023-12-11,ncr,squash,59.38,35,80,midpoint,4
2023-12-18,ncr,squash,58,30,100,midpoint,5
2023-12-25,ncr,squash,56.25,30,80,midpoint,4
2024-01-01,ncr,squash,56.25,30,80,midpoint,4
2024-01-08,ncr,squash,56,30,90,midpoint,5
2024-01-15,ncr,squash,55,30,80,midpoint,5
2024-01-22,ncr,squash,53,30,80,midpoint,5
2024-01-29,ncr,squash,55,30,80,midpoint,5
2024-02-05,ncr,squash,53.5,30,80,midpoint,5
2024-02-12,ncr,squash,51.5,30,70,midpoint,5
2024-02-19,ncr,squash,53.5,30,80,midpoint,5
2024-02-26,ncr,squash,46,30,60,midpoint,5
2024-03-04,ncr,squash,47.5,35,60,midpoint,4
2024-03-11,ncr,squash,47,30,60,midpoint,5
2024-03-18,ncr,squash,47.5,35,60,midpoint,5
2024-03-25,ncr,squash,47.5,35,60,midpoint,3
2024-04-01,ncr,squash,47.6,25,70,midpoint,5
2024-04-08,ncr,squash,47.17,35,60,midpoint,3
2024-04-15,ncr,squash,44.08,27,60,midpoint,6
2024-04-22,ncr,squash,49.17,28,70,midpoint,6
2024-04-29,ncr,squash,50.42,25,80,midpoint,6
2024-05-06,ncr,squash,52.08,30,70,midpoint,6
2024-05-13,ncr,squash,51.92,28,70,midpoint,6
2024-05-20,ncr,squash,54.17,35,75,midpoint,6
2024-05-27,ncr,squash,62.08,40,95,midpoint,6
2024-06-03,ncr,squash,65.83,40,100,midpoint,6
2024-06-10,ncr,squash,71.67,45,100,midpoint,6
2024-06-17,ncr,squash,72.08,45,100,midpoint,6
2024-06-24,ncr,squash,62.92,45,85,midpoint,6
2024-07-01,ncr,squash,62.5,45,80,midpoint,6
2024-07-08,ncr,squash,63.33,45,85,midpoint,6
2024-07-15,ncr,squash,62.5,45,80,midpoint,6
2024-07-22,ncr,squash,62.5,45,80,midpoint,6
2024-07-29,ncr,squash,65,45,85,midpoint,6
2024-08-05,ncr,squash,64.17,45,85,midpoint,6
2024-08-12,ncr,squash,60.2,32,80,midpoint,5
2024-08-19,ncr,squash,55.83,30,80,midpoint,3
2024-08-26,ncr,squash,52.5,35,70,midpoint,6
2024-09-02,ncr,squash,52.92,35,70,midpoint,6
2024-09-09,ncr,squash,52.92,35,70,midpoint,6
2024-09-16,ncr,squash,51.25,20,80,midpoint,6
2024-09-23,ncr,squash,45.83,20,70,midpoint,6
2024-09-30,ncr,squash,50.4,20,80,midpoint,5
2024-10-07,ncr,squash,50,25,80,midpoint,5
2024-10-14,ncr,squash,45,20,70,midpoint,6
2024-10-21,ncr,squash,42.7,17,70,midpoint,5
2024-10-28,ncr,squash,48.3,20,80,midpoint,5
2024-11-04,ncr,squash,47.92,20,80,midpoint,6
2024-11-11,ncr,squash,50.6,20,80,midpoint,5
2024-11-18,ncr,squash,52.5,25,80,midpoint,6
2024-11-25,ncr,squash,52.92,30,80,midpoint,6
2024-12-02,ncr,squash,53,25,80,midpoint,5
2024-12-09,ncr,squash,53,25,80,midpoint,5
2024-12-16,ncr,squash,52.5,35,70,midpoint,5
2024-12-23,ncr,squash,52.5,35,70,midpoint,5
2024-12-30,ncr,squash,53.12,35,70,midpoint,4
2025-01-06,ncr,squash,60.5,30,100,midpoint,5
2025-01-13,ncr,squash,73.17,40,110,average,6
2025-01-20,ncr,squash,70.48,30,100,average,6
2025-01-27,ncr,squash,65.53,45,80,average,6
2025-02-03,ncr,squash,62.15,45,80,average,6
2025-02-10,ncr,squash,60,40,80,prevailing,6
2025-02-17,ncr,squash,60,20,90,prevailing,6
2025-02-24,ncr,squash,60,20,90,prevailing,6
2025-03-03,ncr,squash,60,35,70,prevailing,6
2025-03-10,ncr,squash,60,15,90,prevailing,6
2025-03-17,ncr,squash,55,18,80,prevailing,6
2025-03-24,ncr,squash,50,18,80,prevailing,6
2025-03-31,ncr,squash,51.9,25,80,prevailing,6
2025-04-07,ncr,squash,50,20,70,prevailing,6
2025-04-14,ncr,squash,50,20,70,prevailing,3
2025-04-21,ncr,squash,50,20,70,prevailing,1
2025-04-28,ncr,squash,50.03,20,80,prevailing,6
2025-05-05,ncr,squash,48.21,18,80,prevailing,7
2025-05-12,ncr,squash,50,20,80,prevailing,7
2025-05-19,ncr,squash,50.16,25,80,prevailing,7
2025-05-26,ncr,squash,50.14,22,80,prevailing,7
2025-06-02,ncr,squash,49.52,18,90,prevailing,7
2025-06-09,ncr,squash,49.05,25,80,prevailing,7
2025-06-16,ncr,squash,49.86,25,80,prevailing,7
2025-06-23,ncr,squash,48.81,25,70,prevailing,7
2025-06-30,ncr,squash,49.49,25,80,prevailing,7
2025-07-07,ncr,squash,49.17,25,80,prevailing,7
2025-07-14,ncr,squash,49.87,25,80,prevailing,7
2025-07-21,ncr,squash,55.83,35,70,prevailing,7
2025-07-28,ncr,squash,59.04,30,80,prevailing,7
2025-08-04,ncr,squash,74.88,45,120,prevailing,7
2025-08-11,ncr,squash,84.69,50,120,prevailing,7
2025-08-18,ncr,squash,83.9,50,120,prevailing,7
2025-08-25,ncr,squash,91.77,50,120,prevailing,7
2025-09-01,ncr,squash,95.54,50,120,prevailing,7
2025-09-08,ncr,squash,78.67,50,100,prevailing,7
2025-09-15,ncr,squash,80,50,100,prevailing,7
2025-09-22,ncr,squash,86.89,50,150,prevailing,7
2025-09-29,ncr,squash,80.1,50,140,prevailing,7
2025-10-06,ncr,squash,79.07,50,120,prevailing,7
2025-10-13,ncr,squash,80.86,45,100,prevailing,7
2025-10-20,ncr,squash,78.86,40,100,prevailing,7
2025-10-27,ncr,squash,78.57,40,100,prevailing,7
2025-11-03,ncr,squash,70.12,40,100,prevailing,7
2025-11-10,ncr,squash,63.57,30,100,prevailing,7
2025-11-17,ncr,squash,60.86,30,90,prevailing,7
2025-11-24,ncr,squash,59.76,25,90,prevailing,7
2025-12-01,ncr,squash,60,25,80,prevailing,7
2025-12-08,ncr,squash,59.88,30,80,prevailing,7
2025-12-15,ncr,squash,60,20,90,prevailing,7
2025-12-22,ncr,squash,60.42,20,100,prevailing,7
2025-12-29,ncr,squash,60.13,20,80,prevailing,7
2026-01-05,ncr,squash,59.74,20,90,prevailing,7
2026-01-12,ncr,squash,60.12,20,90,prevailing,7
2026-01-19,ncr,squash,63.51,30,90,prevailing,7
2026-01-26,ncr,squash,59.88,30,80,prevailing,7
2026-02-02,ncr,squash,60.78,30,80,prevailing,7
2026-02-09,ncr,squash,60.24,30,80,prevailing,7
2026-02-16,ncr,squash,60.5,30,90,prevailing,7
2026-02-23,ncr,squash,60.78,30,90,prevailing,7
2026-03-02,ncr,squash,60,30,90,prevailing,7
2026-03-09,ncr,squash,61.95,30,90,prevailing,7
2026-03-16,ncr,squash,77.08,30,100,prevailing,7
2026-03-23,ncr,squash,79.44,55,90,prevailing,7
2026-03-30,ncr,squash,80.16,60,90,prevailing,7
2026-04-06,ncr,squash,72.38,40,110,prevailing,7
2026-04-13,ncr,squash,71.59,40,100,prevailing,7
2026-04-20,ncr,squash,68.61,40,90,prevailing,7
2026-04-27,ncr,squash,64.08,45,80,prevailing,7
2026-05-04,ncr,squash,68.02,45,80,prevailing,7
2026-05-11,ncr,squash,61.05,45,80,prevailing,7
2026-05-18,ncr,squash,60.5,45,80,prevailing,7
2026-05-25,ncr,squash,60.08,30,90,prevailing,7
2026-06-01,ncr,squash,63.5,40,80,prevailing,7
2026-06-08,ncr,squash,62.97,45,80,prevailing,7
2026-06-15,ncr,squash,68.32,30,90,prevailing,7
2026-06-22,ncr,squash,65.93,35,100,prevailing,7
2026-06-29,ncr,squash,63.96,40,100,prevailing,7
2026-07-06,ncr,squash,66.43,40,100,prevailing,7
2026-07-13,ncr,squash,66.43,40,100,prevailing,7
2026-07-20,ncr,squash,64.29,40,100,prevailing,7
2026-07-27,ncr,squash,61.43,45,100,prevailing,7
2026-08-03,ncr,squash,61.43,45,80,prevailing,7
2026-08-10,ncr,squash,70,35,100,prevailing,7
2026-08-17,ncr,squash,70,30,100,prevailing,7
2026-08-24,ncr,squash,70,30,100,prevailing,7
2026-08-31,ncr,squash,67.86,30,100,prevailing,7
2026-09-07,ncr,squash,70,25,80,prevailing,7
2026-09-14,ncr,squash,61.43,25,80,prevailing,7
2026-09-21,ncr,squash,60,20,100,prevailing,7
2026-09-28,ncr,squash,60.69,20,100,prevailing,7
2024-04-15,ncr,squid,345,200,460,midpoint,5
2024-04-22,ncr,squid,350.83,250,440,midpoint,6
2024-04-29,ncr,squid,341.67,200,440,midpoint,6
2024-05-06,ncr,squid,340.83,230,440,midpoint,6
2024-05-13,ncr,squid,337.5,170,450,midpoint,6
2024-05-20,ncr,squid,360.83,270,450,midpoint,6
2024-05-27,ncr,squid,380,270,450,midpoint,6
2024-06-03,ncr,squid,377.5,300,450,midpoint,6
2024-06-10,ncr,squid,381.67,300,450,midpoint,6
2024-06-17,ncr,squid,383.33,300,450,midpoint,6
2024-06-24,ncr,squid,385.83,320,450,midpoint,6
2024-07-01,ncr,squid,385,320,450,midpoint,6
2024-07-08,ncr,squid,380.83,300,450,midpoint,6
2024-07-15,ncr,squid,385,320,450,midpoint,6
2024-07-22,ncr,squid,384.17,300,460,midpoint,6
2024-07-29,ncr,squid,385,350,420,midpoint,6
2024-08-05,ncr,squid,385,320,450,midpoint,6
2024-08-12,ncr,squid,385.83,320,460,midpoint,6
2024-08-19,ncr,squid,386.67,320,450,midpoint,6
2024-08-26,ncr,squid,386.67,320,450,midpoint,6
2024-09-02,ncr,squid,380.83,300,450,midpoint,6
2024-09-09,ncr,squid,383.33,320,450,midpoint,6
2024-09-16,ncr,squid,395,320,500,midpoint,6
2024-09-23,ncr,squid,394.17,320,480,midpoint,6
2024-09-30,ncr,squid,387,320,460,midpoint,5
2024-10-07,ncr,squid,392,320,460,midpoint,5
2024-10-14,ncr,squid,388.33,320,460,midpoint,6
2024-10-21,ncr,squid,390,320,450,midpoint,5
2024-10-28,ncr,squid,423,350,520,midpoint,5
2024-11-04,ncr,squid,418.33,350,500,midpoint,6
2024-11-11,ncr,squid,414,350,500,midpoint,5
2024-11-18,ncr,squid,415,350,500,midpoint,6
2024-11-25,ncr,squid,409.17,350,480,midpoint,6
2024-12-02,ncr,squid,425,350,500,midpoint,5
2024-12-09,ncr,squid,432,360,500,midpoint,5
2024-12-16,ncr,squid,460,280,600,midpoint,5
2024-12-23,ncr,squid,456,260,650,midpoint,5
2024-12-30,ncr,squid,432.5,260,600,midpoint,4
2025-01-06,ncr,squid,453,280,560,midpoint,5
2025-01-13,ncr,squid,436.75,360,550,average,6
2025-01-20,ncr,squid,418.81,340,500,average,6
2025-01-27,ncr,squid,410.1,360,500,average,6
2025-02-03,ncr,squid,412.03,360,500,average,6
2025-02-10,ncr,squid,400,380,500,prevailing,6
2025-02-17,ncr,squid,400,380,520,prevailing,6
2025-02-24,ncr,squid,400,340,500,prevailing,6
2025-03-03,ncr,squid,400,360,520,prevailing,6
2025-03-10,ncr,squid,400,360,500,prevailing,6
2025-03-17,ncr,squid,400,360,500,prevailing,6
2025-03-24,ncr,squid,400,360,480,prevailing,6
2025-03-31,ncr,squid,413.55,360,500,prevailing,7
2025-04-07,ncr,squid,413.5,260,600,prevailing,7
2025-04-14,ncr,squid,402.05,370,480,prevailing,4
2025-04-21,ncr,squid,406.41,350,480,prevailing,7
2025-04-28,ncr,squid,396.86,350,460,prevailing,7
2025-05-05,ncr,squid,402.38,260,480,prevailing,7
2025-05-12,ncr,squid,405,350,420,prevailing,7
2025-05-19,ncr,squid,405.68,360,480,prevailing,7
2025-05-26,ncr,squid,404.52,360,480,prevailing,7
2025-06-02,ncr,squid,404.57,360,480,prevailing,7
2025-06-09,ncr,squid,400,360,480,prevailing,7
2025-06-16,ncr,squid,400.95,360,500,prevailing,7
2025-06-23,ncr,squid,402.14,360,500,prevailing,7
2025-06-30,ncr,squid,406.35,380,500,prevailing,7
2025-07-07,ncr,squid,404.29,360,520,prevailing,7
2025-07-14,ncr,squid,408.3,360,500,prevailing,7
2025-07-21,ncr,squid,407.14,360,500,prevailing,7
2025-07-28,ncr,squid,411.48,360,520,prevailing,7
2025-08-04,ncr,squid,404.29,360,500,prevailing,7
2025-08-11,ncr,squid,404.57,360,500,prevailing,7
2025-08-18,ncr,squid,406.29,360,500,prevailing,7
2025-08-25,ncr,squid,410.8,360,480,prevailing,7
2025-09-01,ncr,squid,408.22,330,480,prevailing,7
2025-09-08,ncr,squid,417.86,360,500,prevailing,7
2025-09-15,ncr,squid,440.31,380,500,prevailing,7
2025-09-22,ncr,squid,415.89,200,480,prevailing,7
2025-09-29,ncr,squid,456.94,400,500,prevailing,5
2025-10-06,ncr,squid,445.83,300,560,prevailing,6
2025-10-13,ncr,squid,440.62,380,540,prevailing,7
2025-10-20,ncr,squid,451.22,380,520,prevailing,7
2025-10-27,ncr,squid,451.07,380,560,prevailing,7
2025-11-03,ncr,squid,449.81,380,550,prevailing,7
2025-11-10,ncr,squid,476.59,400,600,prevailing,7
2025-11-17,ncr,squid,450,360,600,prevailing,7
2025-11-24,ncr,squid,495.86,400,540,prevailing,7
2025-12-01,ncr,squid,462.86,400,540,prevailing,7
2025-12-08,ncr,squid,495.4,400,560,prevailing,7
2025-12-15,ncr,squid,464.52,360,560,prevailing,7
2025-12-22,ncr,squid,476.63,400,600,prevailing,7
2025-12-29,ncr,squid,486.53,400,800,prevailing,7
2026-01-05,ncr,squid,465.61,400,800,prevailing,7
2026-01-12,ncr,squid,451.86,400,600,prevailing,7
2026-01-19,ncr,squid,452.65,360,600,prevailing,7
2026-01-26,ncr,squid,455.95,400,600,prevailing,7
2026-02-02,ncr,squid,457.46,400,600,prevailing,7
2026-02-09,ncr,squid,481.75,400,600,prevailing,7
2026-02-16,ncr,squid,493.93,400,560,prevailing,7
2026-02-23,ncr,squid,489.21,400,560,prevailing,7
2026-03-02,ncr,squid,472.86,400,560,prevailing,7
2026-03-09,ncr,squid,485.06,400,560,prevailing,7
2026-03-16,ncr,squid,475.48,400,560,prevailing,7
2026-03-23,ncr,squid,464,400,560,prevailing,7
2026-03-30,ncr,squid,498.75,400,560,prevailing,7
2026-04-06,ncr,squid,488.14,360,580,prevailing,7
2026-04-13,ncr,squid,416.25,350,560,prevailing,7
2026-04-20,ncr,squid,404.51,340,560,prevailing,7
2026-04-27,ncr,squid,420.83,340,560,prevailing,7
2026-05-04,ncr,squid,419.86,350,560,prevailing,7
2026-05-11,ncr,squid,408.41,350,560,prevailing,7
2026-05-18,ncr,squid,407.29,360,560,prevailing,7
2026-05-25,ncr,squid,417.5,360,560,prevailing,7
2026-06-01,ncr,squid,467.57,350,560,prevailing,7
2026-06-08,ncr,squid,415.36,300,560,prevailing,7
2026-06-15,ncr,squid,403.14,300,560,prevailing,7
2026-06-22,ncr,squid,430.17,300,560,prevailing,7
2026-06-29,ncr,squid,425.8,360,560,prevailing,7
2026-07-06,ncr,squid,407.14,350,560,prevailing,7
2026-07-13,ncr,squid,400,360,560,prevailing,7
2026-07-20,ncr,squid,400,340,560,prevailing,7
2026-07-27,ncr,squid,454.29,340,560,prevailing,7
2026-08-03,ncr,squid,422.38,360,560,prevailing,7
2026-08-10,ncr,squid,474.29,360,560,prevailing,7
2026-08-17,ncr,squid,487.14,360,580,prevailing,7
2026-08-24,ncr,squid,474.29,360,580,prevailing,7
2026-08-31,ncr,squid,491.43,360,560,prevailing,7
2026-09-07,ncr,squid,500,360,560,prevailing,7
2026-09-14,ncr,squid,498.57,300,560,prevailing,7
2026-09-21,ncr,squid,500,360,560,prevailing,7
2026-09-28,ncr,squid,498.71,360,600,prevailing,7
2025-05-12,ncr,squid_imported,380,,,prevailing,1
2025-07-14,ncr,squid_imported,420,,,prevailing,1
2025-08-25,ncr,squid_imported,440,,,prevailing,1
2025-09-08,ncr,squid_imported,210,,,prevailing,1
2025-09-15,ncr,squid_imported,210,,,prevailing,1
2025-09-22,ncr,squid_imported,210,,,prevailing,2
2025-09-29,ncr,squid_imported,223.78,,,prevailing,3
2025-10-06,ncr,squid_imported,226.67,,,prevailing,1
2025-10-13,ncr,squid_imported,200,,,prevailing,1
2025-10-20,ncr,squid_imported,210,,,prevailing,1
2025-10-27,ncr,squid_imported,253.33,,,prevailing,1
2025-11-03,ncr,squid_imported,225.33,,,prevailing,2
2025-11-10,ncr,squid_imported,230,,,prevailing,1
2025-11-17,ncr,squid_imported,220,,,prevailing,1
2025-11-24,ncr,squid_imported,230,,,prevailing,1
2025-12-01,ncr,squid_imported,235,,,prevailing,1
2025-12-08,ncr,squid_imported,235,,,prevailing,1
2025-12-15,ncr,squid_imported,235,,,prevailing,1
2025-12-22,ncr,squid_imported,235,,,prevailing,1
2025-12-29,ncr,squid_imported,240,,,prevailing,1
2026-01-05,ncr,squid_imported,240,,,prevailing,1
2026-01-12,ncr,squid_imported,240,,,prevailing,1
2026-01-19,ncr,squid_imported,240,,,prevailing,1
2026-01-26,ncr,squid_imported,240,,,prevailing,1
2026-02-02,ncr,squid_imported,220,,,prevailing,1
2026-02-09,ncr,squid_imported,213.33,,,prevailing,1
2026-02-16,ncr,squid_imported,240,,,prevailing,1
2026-02-23,ncr,squid_imported,220,,,prevailing,1
2026-03-02,ncr,squid_imported,320,,,prevailing,1
2026-03-09,ncr,squid_imported,240,,,prevailing,1
2026-03-16,ncr,squid_imported,240,,,prevailing,1
2026-03-23,ncr,squid_imported,219.69,,,prevailing,2
2026-03-30,ncr,squid_imported,240,,,prevailing,1
2026-04-06,ncr,squid_imported,220,,,prevailing,1
2026-04-13,ncr,squid_imported,240,,,prevailing,1
2026-04-20,ncr,squid_imported,214.29,,,prevailing,1
2026-04-27,ncr,squid_imported,235,,,prevailing,1
2026-05-04,ncr,squid_imported,225.71,,,prevailing,1
2026-05-11,ncr,squid_imported,220,,,prevailing,1
2026-05-18,ncr,squid_imported,220,,,prevailing,1
2026-05-25,ncr,squid_imported,223.33,,,prevailing,1
2026-06-01,ncr,squid_imported,217.14,,,prevailing,1
2026-06-08,ncr,squid_imported,226.67,,,prevailing,1
2026-06-15,ncr,squid_imported,233.33,,,prevailing,1
2026-06-22,ncr,squid_imported,240,,,prevailing,1
2026-06-29,ncr,squid_imported,245.91,,,prevailing,1
2026-09-28,ncr,squid_imported,232.12,,,prevailing,2
2024-04-15,ncr,tambakol,232,140,400,midpoint,5
2024-04-22,ncr,tambakol,215.83,140,300,midpoint,6
2024-04-29,ncr,tambakol,213.33,100,300,midpoint,6
2024-05-06,ncr,tambakol,197.5,100,300,midpoint,6
2024-05-13,ncr,tambakol,222.5,120,340,midpoint,6
2024-05-20,ncr,tambakol,221.67,120,320,midpoint,6
2024-05-27,ncr,tambakol,215,120,300,midpoint,6
2024-06-03,ncr,tambakol,216.67,140,300,midpoint,6
2024-06-10,ncr,tambakol,205,140,300,midpoint,6
2024-06-17,ncr,tambakol,220,100,320,midpoint,6
2024-06-24,ncr,tambakol,233.33,150,320,midpoint,6
2024-07-01,ncr,tambakol,225,140,320,midpoint,6
2024-07-08,ncr,tambakol,217.5,130,300,midpoint,6
2024-07-15,ncr,tambakol,223.33,150,300,midpoint,6
2024-07-22,ncr,tambakol,242.5,170,340,midpoint,6
2024-07-29,ncr,tambakol,236.67,160,320,midpoint,6
2024-08-05,ncr,tambakol,222.5,150,300,midpoint,6
2024-08-12,ncr,tambakol,216.67,140,290,midpoint,6
2024-08-19,ncr,tambakol,214.17,130,290,midpoint,6
2024-08-26,ncr,tambakol,210,120,290,midpoint,6
2024-09-02,ncr,tambakol,225.83,150,290,midpoint,6
2024-09-09,ncr,tambakol,230,160,290,midpoint,6
2024-09-16,ncr,tambakol,240,150,320,midpoint,6
2024-09-23,ncr,tambakol,248.33,160,320,midpoint,6
2024-09-30,ncr,tambakol,237,140,320,midpoint,5
2024-10-07,ncr,tambakol,218,140,300,midpoint,5
2024-10-14,ncr,tambakol,213.33,140,300,midpoint,6
2024-10-21,ncr,tambakol,220,140,300,midpoint,5
2024-10-28,ncr,tambakol,262,180,360,midpoint,5
2024-11-04,ncr,tambakol,247.5,150,320,midpoint,6
2024-11-11,ncr,tambakol,224,140,320,midpoint,5
2024-11-18,ncr,tambakol,226.67,140,320,midpoint,6
2024-11-25,ncr,tambakol,238.33,140,320,midpoint,6
2024-12-02,ncr,tambakol,240,140,360,midpoint,5
2024-12-09,ncr,tambakol,247,140,330,midpoint,5
2024-12-16,ncr,tambakol,261,150,380,midpoint,5
2024-12-23,ncr,tambakol,271,190,400,midpoint,5
2024-12-30,ncr,tambakol,258.75,150,380,midpoint,4
2025-01-06,ncr,tambakol,257,150,360,midpoint,5
2025-01-13,ncr,tambakol,281.01,150,380,average,6
2025-01-20,ncr,tambakol,265.44,150,400,average,6
2025-01-27,ncr,tambakol,264.95,150,360,average,6
2025-02-03,ncr,tambakol,277.68,150,360,average,6
2025-02-10,ncr,tambakol,283.33,150,380,prevailing,6
2025-02-17,ncr,tambakol,270,150,360,prevailing,6
2025-02-24,ncr,tambakol,263.33,150,360,prevailing,6
2025-03-03,ncr,tambakol,286.67,150,360,prevailing,6
2025-03-10,ncr,tambakol,275,180,360,prevailing,6
2025-03-17,ncr,tambakol,270,180,360,prevailing,6
2025-03-24,ncr,tambakol,269.17,180,360,prevailing,6
2025-03-31,ncr,tambakol,260.28,180,360,prevailing,6
2025-04-07,ncr,tambakol,265,150,360,prevailing,6
2025-04-14,ncr,tambakol,270,150,360,prevailing,3
2025-04-21,ncr,tambakol,260,150,340,prevailing,6
2025-04-28,ncr,tambakol,266.56,160,350,prevailing,6
2025-05-05,ncr,tambakol,280,150,320,prevailing,6
2025-05-12,ncr,tambakol,272.78,160,380,prevailing,6
2025-05-19,ncr,tambakol,280,150,360,prevailing,5
2025-05-26,ncr,tambakol,280,140,360,prevailing,6
2025-06-02,ncr,tambakol,280,170,360,prevailing,2
2020-11-02,ncr,tilapia,120,100,140,prevailing,4
2020-11-09,ncr,tilapia,120,100,140,prevailing,4
2020-11-16,ncr,tilapia,120,100,240,prevailing,5
2020-11-23,ncr,tilapia,120,100,140,prevailing,5
2020-11-30,ncr,tilapia,120,100,140,prevailing,4
2020-12-07,ncr,tilapia,120,100,140,prevailing,4
2020-12-14,ncr,tilapia,120,100,140,prevailing,4
2020-12-21,ncr,tilapia,120,100,160,prevailing,3
2020-12-28,ncr,tilapia,120,100,160,prevailing,2
2021-01-04,ncr,tilapia,122,110,150,prevailing,5
2021-01-11,ncr,tilapia,122,100,170,prevailing,5
2021-01-18,ncr,tilapia,122,100,150,prevailing,5
2021-01-25,ncr,tilapia,120,100,150,prevailing,5
2021-02-01,ncr,tilapia,122,100,150,prevailing,5
2021-02-08,ncr,tilapia,120,100,160,prevailing,5
2021-02-15,ncr,tilapia,120,100,150,prevailing,5
2021-02-22,ncr,tilapia,120,100,150,prevailing,5
2021-03-01,ncr,tilapia,120,95,160,prevailing,5
2021-03-08,ncr,tilapia,120,100,150,prevailing,5
2021-03-15,ncr,tilapia,122,100,150,prevailing,5
2021-03-22,ncr,tilapia,122,90,150,prevailing,5
2021-03-29,ncr,tilapia,120,95,150,prevailing,3
2021-04-05,ncr,tilapia,120,90,150,prevailing,5
2021-04-12,ncr,tilapia,120,85,160,prevailing,5
2021-04-19,ncr,tilapia,118,80,160,prevailing,5
2021-04-26,ncr,tilapia,120,80,150,prevailing,5
2021-05-03,ncr,tilapia,121.25,80,160,prevailing,4
2021-05-10,ncr,tilapia,120,80,150,prevailing,5
2021-05-17,ncr,tilapia,118,80,150,prevailing,5
2021-05-24,ncr,tilapia,120,85,150,prevailing,5
2021-05-31,ncr,tilapia,120,85,150,prevailing,5
2021-06-07,ncr,tilapia,120,85,140,prevailing,5
2021-06-14,ncr,tilapia,120,80,140,prevailing,5
2021-06-21,ncr,tilapia,120,80,140,prevailing,5
2021-06-28,ncr,tilapia,120,85,150,prevailing,5
2021-07-05,ncr,tilapia,120,80,150,prevailing,4
2021-07-12,ncr,tilapia,120,85,150,prevailing,5
2021-07-19,ncr,tilapia,120,90,150,prevailing,5
2021-07-26,ncr,tilapia,130,100,150,prevailing,5
2021-08-02,ncr,tilapia,126,90,150,prevailing,5
2021-08-09,ncr,tilapia,126,100,150,prevailing,5
2021-08-16,ncr,tilapia,130,95,150,prevailing,5
2021-08-23,ncr,tilapia,120,90,160,prevailing,5
2021-08-30,ncr,tilapia,120,95,140,prevailing,5
2021-09-06,ncr,tilapia,122,,,prevailing,5
2021-09-13,ncr,tilapia,122,,,prevailing,5
2021-09-20,ncr,tilapia,124,,,prevailing,5
2021-09-27,ncr,tilapia,124,,,prevailing,5
2021-10-04,ncr,tilapia,120,,,prevailing,3
2021-10-11,ncr,tilapia,124,,,prevailing,5
2021-10-18,ncr,tilapia,134,,,prevailing,5
2021-10-25,ncr,tilapia,125.55,100,140,average,5
2021-11-01,ncr,tilapia,123.44,100,140,average,4
2021-11-08,ncr,tilapia,123.04,90,140,average,5
2021-11-15,ncr,tilapia,123.9,95,140,average,5
2021-11-22,ncr,tilapia,122.66,95,140,average,5
2021-11-29,ncr,tilapia,122.78,97.5,140,average,5
2021-12-06,ncr,tilapia,122.62,100,140,average,5
2021-12-13,ncr,tilapia,122.87,97.5,140,average,4
2021-12-20,ncr,tilapia,122.65,95,140,average,4
2021-12-27,ncr,tilapia,123.58,100,140,average,5
2022-01-03,ncr,tilapia,120.7,100,140,prevailing,5
2022-01-10,ncr,tilapia,120,,,prevailing,5
2022-01-17,ncr,tilapia,120,,,prevailing,5
2022-01-24,ncr,tilapia,120,,,prevailing,5
2022-01-31,ncr,tilapia,120,,,prevailing,5
2022-02-07,ncr,tilapia,120,,,prevailing,5
2022-02-14,ncr,tilapia,120,,,prevailing,4
2022-02-21,ncr,tilapia,120,,,prevailing,5
2022-02-28,ncr,tilapia,120,,,prevailing,5
2022-03-07,ncr,tilapia,120,,,prevailing,5
2022-03-14,ncr,tilapia,120,,,prevailing,5
2022-03-21,ncr,tilapia,120,,,prevailing,5
2022-03-28,ncr,tilapia,120,,,prevailing,5
2022-04-04,ncr,tilapia,120,,,prevailing,5
2022-04-11,ncr,tilapia,120,,,prevailing,3
2022-04-18,ncr,tilapia,120,,,prevailing,5
2022-04-25,ncr,tilapia,120,,,prevailing,5
2022-05-02,ncr,tilapia,120,,,prevailing,5
2022-05-09,ncr,tilapia,120,,,prevailing,4
2022-05-16,ncr,tilapia,120,,,prevailing,5
2022-05-23,ncr,tilapia,120,,,prevailing,5
2022-05-30,ncr,tilapia,120,,,prevailing,5
2022-06-06,ncr,tilapia,120,,,prevailing,5
2022-06-13,ncr,tilapia,120,,,prevailing,5
2022-06-20,ncr,tilapia,120,,,prevailing,5
2022-06-27,ncr,tilapia,120,,,prevailing,5
2022-07-04,ncr,tilapia,120,,,prevailing,5
2022-07-11,ncr,tilapia,120,,,prevailing,5
2022-07-18,ncr,tilapia,120,,,prevailing,5
2022-07-25,ncr,tilapia,120,,,prevailing,5
2022-08-01,ncr,tilapia,120,,,prevailing,5
2022-08-08,ncr,tilapia,120,,,prevailing,5
2022-08-15,ncr,tilapia,120,,,prevailing,5
2022-08-22,ncr,tilapia,120,,,prevailing,5
2022-08-29,ncr,tilapia,120,,,prevailing,5
2022-09-05,ncr,tilapia,120,,,prevailing,5
2022-09-12,ncr,tilapia,130,,,prevailing,4
2022-09-19,ncr,tilapia,120,,,prevailing,4
2022-09-26,ncr,tilapia,120,,,prevailing,5
2022-10-03,ncr,tilapia,120,,,prevailing,5
2022-10-10,ncr,tilapia,128,,,prevailing,5
2022-10-17,ncr,tilapia,120,,,prevailing,5
2022-10-24,ncr,tilapia,122,,,prevailing,5
2022-10-31,ncr,tilapia,120,,,prevailing,4
2022-11-07,ncr,tilapia,120,,,prevailing,5
2022-11-14,ncr,tilapia,124,,,prevailing,5
2022-11-21,ncr,tilapia,140,,,prevailing,5
2022-11-28,ncr,tilapia,134,,,prevailing,5
2022-12-05,ncr,tilapia,138,,,prevailing,5
2022-12-12,ncr,tilapia,136,,,prevailing,5
2022-12-19,ncr,tilapia,140,,,prevailing,5
2022-12-26,ncr,tilapia,134,110,150,midpoint,5
2023-01-02,ncr,tilapia,130,110,150,midpoint,5
2023-01-09,ncr,tilapia,134,110,190,midpoint,5
2023-01-16,ncr,tilapia,132,110,160,midpoint,5
2023-01-23,ncr,tilapia,133,110,160,midpoint,5
2023-01-30,ncr,tilapia,147,110,280,midpoint,5
2023-02-06,ncr,tilapia,135,110,160,midpoint,5
2023-02-13,ncr,tilapia,135,110,160,midpoint,5
2023-02-20,ncr,tilapia,137,110,180,midpoint,5
2023-02-27,ncr,tilapia,134,100,160,midpoint,5
2023-03-06,ncr,tilapia,135,110,160,midpoint,5
2023-03-13,ncr,tilapia,135,110,160,midpoint,5
2023-03-20,ncr,tilapia,134,100,160,midpoint,5
2023-03-27,ncr,tilapia,134,110,160,midpoint,5
2023-04-03,ncr,tilapia,135,110,160,midpoint,3
2023-04-10,ncr,tilapia,135,110,160,midpoint,4
2023-04-17,ncr,tilapia,130,100,160,midpoint,5
2023-04-24,ncr,tilapia,131,100,160,midpoint,5
2023-05-01,ncr,tilapia,130,100,160,midpoint,4
2023-05-08,ncr,tilapia,135,100,170,midpoint,5
2023-05-15,ncr,tilapia,135,110,160,midpoint,5
2023-05-22,ncr,tilapia,135,110,160,midpoint,5
2023-05-29,ncr,tilapia,137,100,200,midpoint,5
2023-06-05,ncr,tilapia,135,110,160,midpoint,3
2023-06-12,ncr,tilapia,135,110,160,midpoint,1
2023-06-19,ncr,tilapia,132.5,105,160,midpoint,4
2023-06-26,ncr,tilapia,132.5,105,160,midpoint,4
2023-07-03,ncr,tilapia,132.5,105,160,midpoint,5
2023-07-10,ncr,tilapia,136,100,200,midpoint,5
2023-07-17,ncr,tilapia,132.5,105,160,midpoint,5
2023-07-24,ncr,tilapia,133.08,100,160,midpoint,5
2023-07-31,ncr,tilapia,137,105,160,midpoint,5
2023-08-07,ncr,tilapia,140,120,160,midpoint,5
2023-08-14,ncr,tilapia,140,120,160,midpoint,5
2023-08-21,ncr,tilapia,139,110,160,midpoint,5
2023-08-28,ncr,tilapia,140.5,120,165,midpoint,5
2023-09-04,ncr,tilapia,138,110,160,midpoint,5
2023-09-11,ncr,tilapia,164,120,240,midpoint,5
2023-09-18,ncr,tilapia,140,120,160,midpoint,5
2023-09-25,ncr,tilapia,138,110,160,midpoint,5
2023-10-02,ncr,tilapia,138,110,160,midpoint,5
2023-10-09,ncr,tilapia,140,120,160,midpoint,5
2023-10-16,ncr,tilapia,135,110,160,midpoint,5
2023-10-23,ncr,tilapia,134.5,110,160,midpoint,5
2023-10-30,ncr,tilapia,130,100,160,midpoint,4
2023-11-06,ncr,tilapia,139,100,180,midpoint,5
2023-11-13,ncr,tilapia,137,110,180,midpoint,5
2023-11-20,ncr,tilapia,135,110,160,midpoint,5
2023-11-27,ncr,tilapia,135.62,110,160,midpoint,4
2023-12-04,ncr,tilapia,141,100,210,midpoint,5
2023-12-11,ncr,tilapia,140,100,210,midpoint,4
2023-12-18,ncr,tilapia,135,100,180,midpoint,5
2023-12-25,ncr,tilapia,135,110,160,midpoint,4
2024-01-01,ncr,tilapia,137.5,110,180,midpoint,4
2024-01-08,ncr,tilapia,144,110,250,midpoint,5
2024-01-15,ncr,tilapia,137,110,180,midpoint,5
2024-01-22,ncr,tilapia,139,110,170,midpoint,5
2024-01-29,ncr,tilapia,137,110,170,midpoint,5
2024-02-05,ncr,tilapia,138.5,110,160,midpoint,5
2024-02-12,ncr,tilapia,143.5,110,180,midpoint,5
2024-02-19,ncr,tilapia,138.5,100,160,midpoint,5
2024-02-26,ncr,tilapia,135.1,110,161,midpoint,5
2024-03-04,ncr,tilapia,136.66,100,160,midpoint,5
2024-03-11,ncr,tilapia,132.5,105,160,midpoint,5
2024-03-18,ncr,tilapia,134,105,160,midpoint,5
2024-03-25,ncr,tilapia,134.17,105,160,midpoint,3
2024-04-01,ncr,tilapia,130.5,95,160,midpoint,5
2024-04-08,ncr,tilapia,130,100,160,midpoint,3
2024-04-15,ncr,tilapia,130,100,160,midpoint,6
2024-04-22,ncr,tilapia,130,100,160,midpoint,6
2024-04-29,ncr,tilapia,133.33,100,170,midpoint,6
2024-05-06,ncr,tilapia,131.67,100,180,midpoint,6
2024-05-13,ncr,tilapia,130,100,160,midpoint,6
2024-05-20,ncr,tilapia,127.92,95,160,midpoint,6
2024-05-27,ncr,tilapia,129.58,95,160,midpoint,6
2024-06-03,ncr,tilapia,132.5,100,160,midpoint,6
2024-06-10,ncr,tilapia,130.42,100,160,midpoint,6
2024-06-17,ncr,tilapia,130,100,160,midpoint,6
2024-06-24,ncr,tilapia,130,100,160,midpoint,6
2024-07-01,ncr,tilapia,130,100,160,midpoint,6
2024-07-08,ncr,tilapia,130,100,160,midpoint,6
2024-07-15,ncr,tilapia,130.42,100,160,midpoint,6
2024-07-22,ncr,tilapia,135.42,100,160,midpoint,6
2024-07-29,ncr,tilapia,132.92,105,160,midpoint,6
2024-08-05,ncr,tilapia,132.5,105,160,midpoint,6
2024-08-12,ncr,tilapia,134.58,105,160,midpoint,6
2024-08-19,ncr,tilapia,135.83,110,160,midpoint,6
2024-08-26,ncr,tilapia,135,110,160,midpoint,6
2024-09-02,ncr,tilapia,142.5,110,170,midpoint,6
2024-09-09,ncr,tilapia,142.5,110,160,midpoint,6
2024-09-16,ncr,tilapia,135.42,105,160,midpoint,6
2024-09-23,ncr,tilapia,140.42,110,160,midpoint,6
2024-09-30,ncr,tilapia,141.5,110,160,midpoint,5
2024-10-07,ncr,tilapia,142.5,110,180,midpoint,5
2024-10-14,ncr,tilapia,144.17,110,180,midpoint,6
2024-10-21,ncr,tilapia,144,110,180,midpoint,5
2024-10-28,ncr,tilapia,147,110,190,midpoint,5
2024-11-04,ncr,tilapia,145.83,110,190,midpoint,6
2024-11-11,ncr,tilapia,145,110,180,midpoint,5
2024-11-18,ncr,tilapia,146.25,110,180,midpoint,6
2024-11-25,ncr,tilapia,152.92,135,170,midpoint,6
2024-12-02,ncr,tilapia,148,110,180,midpoint,5
2024-12-09,ncr,tilapia,148,110,180,midpoint,5
2024-12-16,ncr,tilapia,155,140,170,midpoint,5
2024-12-23,ncr,tilapia,148.5,110,180,midpoint,5
2024-12-30,ncr,tilapia,148.75,110,180,midpoint,4
2025-01-06,ncr,tilapia,154,120,180,midpoint,5
2025-01-13,ncr,tilapia,152.72,120,180,average,6
2025-01-20,ncr,tilapia,151.87,120,180,average,6
2025-01-27,ncr,tilapia,151.55,120,180,average,6
2025-02-03,ncr,tilapia,154.31,120,180,average,6
2025-02-10,ncr,tilapia,160,120,180,prevailing,6
2025-02-17,ncr,tilapia,160,120,180,prevailing,6
2025-02-24,ncr,tilapia,160,120,180,prevailing,6
2025-03-03,ncr,tilapia,160,120,180,prevailing,6
2025-03-10,ncr,tilapia,160,120,180,prevailing,6
2025-03-17,ncr,tilapia,160,120,180,prevailing,6
2025-03-24,ncr,tilapia,160,120,180,prevailing,6
2025-03-31,ncr,tilapia,157.82,120,180,prevailing,7
2025-04-07,ncr,tilapia,159.17,120,180,prevailing,7
2025-04-14,ncr,tilapia,159.38,120,180,prevailing,4
2025-04-21,ncr,tilapia,160.71,120,180,prevailing,7
2025-04-28,ncr,tilapia,156.43,120,180,prevailing,7
2025-05-05,ncr,tilapia,155.57,120,180,prevailing,7
2025-05-12,ncr,tilapia,155.95,120,180,prevailing,7
2025-05-19,ncr,tilapia,155.53,120,180,prevailing,7
2025-05-26,ncr,tilapia,157.29,120,180,prevailing,7
2025-06-02,ncr,tilapia,157.55,120,190,prevailing,7
2025-06-09,ncr,tilapia,155,120,180,prevailing,7
2025-06-16,ncr,tilapia,153.81,120,180,prevailing,7
2025-06-23,ncr,tilapia,155.95,110,180,prevailing,7
2025-06-30,ncr,tilapia,156.88,110,180,prevailing,7
2025-07-07,ncr,tilapia,155,110,180,prevailing,7
2025-07-14,ncr,tilapia,156.92,110,180,prevailing,7
2025-07-21,ncr,tilapia,155.71,120,180,prevailing,7
2025-07-28,ncr,tilapia,156.61,120,180,prevailing,7
2025-08-04,ncr,tilapia,157.86,130,180,prevailing,7
2025-08-11,ncr,tilapia,158.37,140,170,prevailing,7
2025-08-18,ncr,tilapia,158.06,140,170,prevailing,7
2025-08-25,ncr,tilapia,156.99,140,170,prevailing,7
2025-09-01,ncr,tilapia,158.02,135,170,prevailing,7
2025-09-08,ncr,tilapia,158.37,135,170,prevailing,7
2025-09-15,ncr,tilapia,158.57,120,180,prevailing,7
2025-09-22,ncr,tilapia,157.35,120,180,prevailing,7
2025-09-29,ncr,tilapia,155.9,120,180,prevailing,7
2025-10-06,ncr,tilapia,158.95,110,180,prevailing,7
2025-10-13,ncr,tilapia,159.1,110,180,prevailing,7
2025-10-20,ncr,tilapia,159.43,110,180,prevailing,7
2025-10-27,ncr,tilapia,154.03,110,180,prevailing,7
2025-11-03,ncr,tilapia,153.32,110,180,prevailing,7
2025-11-10,ncr,tilapia,156.79,110,180,prevailing,7
2025-11-17,ncr,tilapia,153.43,120,180,prevailing,7
2025-11-24,ncr,tilapia,157.62,110,190,prevailing,7
2025-12-01,ncr,tilapia,158.81,130,170,prevailing,7
2025-12-08,ncr,tilapia,159.76,140,170,prevailing,7
2025-12-15,ncr,tilapia,159.35,140,170,prevailing,7
2025-12-22,ncr,tilapia,159.52,120,180,prevailing,7
2025-12-29,ncr,tilapia,159.48,120,180,prevailing,7
2026-01-05,ncr,tilapia,160.39,130,180,prevailing,7
2026-01-12,ncr,tilapia,160,140,170,prevailing,7
2026-01-19,ncr,tilapia,160.13,130,170,prevailing,7
2026-01-26,ncr,tilapia,159.52,140,170,prevailing,7
2026-02-02,ncr,tilapia,160.13,140,170,prevailing,7
2026-02-09,ncr,tilapia,159.29,130,170,prevailing,7
2026-02-16,ncr,tilapia,159.43,140,170,prevailing,7
2026-02-23,ncr,tilapia,159.61,140,170,prevailing,7
2026-03-02,ncr,tilapia,159.22,140,170,prevailing,7
2026-03-09,ncr,tilapia,159.61,140,170,prevailing,7
2026-03-16,ncr,tilapia,160,140,170,prevailing,7
2026-03-23,ncr,tilapia,158.4,140,170,prevailing,7
2026-03-30,ncr,tilapia,154.44,140,170,prevailing,7
2026-04-06,ncr,tilapia,152.02,140,170,prevailing,7
2026-04-13,ncr,tilapia,158.57,125,180,prevailing,7
2026-04-20,ncr,tilapia,152.38,140,170,prevailing,7
2026-04-27,ncr,tilapia,151.95,140,170,prevailing,7
2026-05-04,ncr,tilapia,149.33,140,170,prevailing,7
2026-05-11,ncr,tilapia,149.39,120,180,prevailing,7
2026-05-18,ncr,tilapia,152.44,140,170,prevailing,7
2026-05-25,ncr,tilapia,152.68,140,170,prevailing,7
2026-06-01,ncr,tilapia,154.58,140,170,prevailing,7
2026-06-08,ncr,tilapia,156.79,140,170,prevailing,7
2026-06-15,ncr,tilapia,158.16,140,170,prevailing,7
2026-06-22,ncr,tilapia,158.98,140,170,prevailing,7
2026-06-29,ncr,tilapia,159.24,110,180,prevailing,7
2026-07-06,ncr,tilapia,158.57,110,180,prevailing,7
2026-07-13,ncr,tilapia,160,110,180,prevailing,7
2026-07-20,ncr,tilapia,160,110,180,prevailing,7
2026-07-27,ncr,tilapia,158.57,110,180,prevailing,7
2026-08-03,ncr,tilapia,155.71,120,180,prevailing,7
2026-08-10,ncr,tilapia,158.57,130,200,prevailing,7
2026-08-17,ncr,tilapia,160,130,200,prevailing,7
2026-08-24,ncr,tilapia,160,110,180,prevailing,7
2026-08-31,ncr,tilapia,160,110,200,prevailing,7
2026-09-07,ncr,tilapia,160,120,200,prevailing,7
2026-09-14,ncr,tilapia,160,120,200,prevailing,7
2026-09-21,ncr,tilapia,158.57,120,200,prevailing,7
2026-09-28,ncr,tilapia,157.25,120,200,prevailing,7
2020-11-02,ncr,tomato,140,120,200,prevailing,4
2020-11-09,ncr,tomato,140,100,200,prevailing,4
2020-11-16,ncr,tomato,180,140,200,prevailing,5
2020-11-23,ncr,tomato,132,80,200,prevailing,5
2020-11-30,ncr,tomato,130,90,160,prevailing,4
2020-12-07,ncr,tomato,140,120,160,prevailing,4
2020-12-14,ncr,tomato,147.5,100,180,prevailing,4
2020-12-21,ncr,tomato,163.33,120,180,prevailing,3
2020-12-28,ncr,tomato,170,140,200,prevailing,2
2021-01-04,ncr,tomato,154,100,190,prevailing,5
2021-01-11,ncr,tomato,112,60,160,prevailing,5
2021-01-18,ncr,tomato,86,60,140,prevailing,5
2021-01-25,ncr,tomato,80,60,120,prevailing,5
2021-02-01,ncr,tomato,72,30,120,prevailing,5
2021-02-08,ncr,tomato,60,30,110,prevailing,5
2021-02-15,ncr,tomato,54,35,90,prevailing,5
2021-02-22,ncr,tomato,43,20,70,prevailing,5
2021-03-01,ncr,tomato,40,25,60,prevailing,5
2021-03-08,ncr,tomato,40,20,60,prevailing,5
2021-03-15,ncr,tomato,32,18,60,prevailing,5
2021-03-22,ncr,tomato,34,20,50,prevailing,5
2021-03-29,ncr,tomato,36.67,20,60,prevailing,3
2021-04-05,ncr,tomato,36,20,50,prevailing,5
2021-04-12,ncr,tomato,30,20,90,prevailing,5
2021-04-19,ncr,tomato,40,20,50,prevailing,5
2021-04-26,ncr,tomato,30,20,50,prevailing,5
2021-05-03,ncr,tomato,32.5,20,55,prevailing,4
2021-05-10,ncr,tomato,40,20,50,prevailing,5
2021-05-17,ncr,tomato,38,20,50,prevailing,5
2021-05-24,ncr,tomato,40,24,70,prevailing,5
2021-05-31,ncr,tomato,40,20,50,prevailing,5
2021-06-07,ncr,tomato,46,30,70,prevailing,5
2021-06-14,ncr,tomato,70,35,90,prevailing,5
2021-06-21,ncr,tomato,80,50,100,prevailing,5
2021-06-28,ncr,tomato,78,50,100,prevailing,5
2021-07-05,ncr,tomato,82.5,60,120,prevailing,4
2021-07-12,ncr,tomato,98,60,120,prevailing,5
2021-07-19,ncr,tomato,98,75,120,prevailing,5
2021-07-26,ncr,tomato,100,80,120,prevailing,5
2021-08-02,ncr,tomato,100,80,120,prevailing,5
2021-08-09,ncr,tomato,100,50,120,prevailing,5
2021-08-16,ncr,tomato,80,60,100,prevailing,5
2021-08-23,ncr,tomato,80,60,110,prevailing,5
2021-08-30,ncr,tomato,80,60,100,prevailing,5
2021-09-06,ncr,tomato,81,,,prevailing,5
2021-09-13,ncr,tomato,80,,,prevailing,5
2021-09-20,ncr,tomato,78,,,prevailing,5
2021-09-27,ncr,tomato,52,,,prevailing,5
2021-10-04,ncr,tomato,50,,,prevailing,3
2021-10-11,ncr,tomato,50,,,prevailing,5
2021-10-18,ncr,tomato,60,,,prevailing,5
2021-10-25,ncr,tomato,57.45,40,65,average,5
2021-11-01,ncr,tomato,57.39,45,70,average,4
2021-11-08,ncr,tomato,56.38,40,80,average,5
2021-11-15,ncr,tomato,60.7,40,80,average,5
2021-11-22,ncr,tomato,59.94,42.5,80,average,5
2021-11-29,ncr,tomato,58.87,40,80,average,5
2021-12-06,ncr,tomato,54.81,35,70,average,5
2021-12-13,ncr,tomato,53.86,40,80,average,4
2021-12-20,ncr,tomato,55.11,40,70,average,4
2021-12-27,ncr,tomato,56.92,40,70,average,5
2022-01-03,ncr,tomato,59.6,50,70,prevailing,5
2022-01-10,ncr,tomato,60,,,prevailing,5
2022-01-17,ncr,tomato,60,,,prevailing,5
2022-01-24,ncr,tomato,60,,,prevailing,5
2022-01-31,ncr,tomato,60,,,prevailing,5
2022-02-07,ncr,tomato,57,,,prevailing,5
2022-02-14,ncr,tomato,60,,,prevailing,4
2022-02-21,ncr,tomato,60,,,prevailing,5
2022-02-28,ncr,tomato,60,,,prevailing,5
2022-03-07,ncr,tomato,80,,,prevailing,5
2022-03-14,ncr,tomato,80,,,prevailing,5
2022-03-21,ncr,tomato,80,,,prevailing,5
2022-03-28,ncr,tomato,80,,,prevailing,5
2022-04-04,ncr,tomato,100,,,prevailing,5
2022-04-11,ncr,tomato,113.33,,,prevailing,3
2022-04-18,ncr,tomato,128,,,prevailing,5
2022-04-25,ncr,tomato,98,,,prevailing,5
2022-05-02,ncr,tomato,88,,,prevailing,5
2022-05-09,ncr,tomato,97.5,,,prevailing,4
2022-05-16,ncr,tomato,98,,,prevailing,5
2022-05-23,ncr,tomato,91,,,prevailing,5
2022-05-30,ncr,tomato,83,,,prevailing,5
2022-06-06,ncr,tomato,73,,,prevailing,5
2022-06-13,ncr,tomato,56,,,prevailing,5
2022-06-20,ncr,tomato,52,,,prevailing,5
2022-06-27,ncr,tomato,49,,,prevailing,5
2022-07-04,ncr,tomato,51,,,prevailing,5
2022-07-11,ncr,tomato,50,,,prevailing,5
2022-07-18,ncr,tomato,50,,,prevailing,5
2022-07-25,ncr,tomato,53,,,prevailing,5
2022-08-01,ncr,tomato,48,,,prevailing,5
2022-08-08,ncr,tomato,60,,,prevailing,5
2022-08-15,ncr,tomato,61,,,prevailing,5
2022-08-22,ncr,tomato,58,,,prevailing,5
2022-08-29,ncr,tomato,61,,,prevailing,5
2022-09-05,ncr,tomato,70,,,prevailing,5
2022-09-12,ncr,tomato,71.25,,,prevailing,4
2022-09-19,ncr,tomato,80,,,prevailing,4
2022-09-26,ncr,tomato,116,,,prevailing,5
2022-10-03,ncr,tomato,128,,,prevailing,5
2022-10-10,ncr,tomato,95,,,prevailing,5
2022-10-17,ncr,tomato,94,,,prevailing,5
2022-10-24,ncr,tomato,96,,,prevailing,5
2022-10-31,ncr,tomato,115,,,prevailing,4
2022-11-07,ncr,tomato,112,,,prevailing,5
2022-11-14,ncr,tomato,81,,,prevailing,5
2022-11-21,ncr,tomato,82,,,prevailing,5
2022-11-28,ncr,tomato,98,,,prevailing,5
2022-12-05,ncr,tomato,94,,,prevailing,5
2022-12-12,ncr,tomato,86,,,prevailing,5
2022-12-19,ncr,tomato,96,,,prevailing,5
2022-12-26,ncr,tomato,102,70,130,midpoint,5
2023-01-02,ncr,tomato,98,70,130,midpoint,5
2023-01-09,ncr,tomato,90,50,120,midpoint,5
2023-01-16,ncr,tomato,68,40,100,midpoint,5
2023-01-23,ncr,tomato,61.5,30,90,midpoint,5
2023-01-30,ncr,tomato,52.5,25,80,midpoint,5
2023-02-06,ncr,tomato,51,25,80,midpoint,5
2023-02-13,ncr,tomato,50.5,30,70,midpoint,5
2023-02-20,ncr,tomato,48,30,75,midpoint,5
2023-02-27,ncr,tomato,53,30,70,midpoint,5
2023-03-06,ncr,tomato,58,35,80,midpoint,5
2023-03-13,ncr,tomato,52.5,30,80,midpoint,5
2023-03-20,ncr,tomato,52.5,30,80,midpoint,5
2023-03-27,ncr,tomato,46,25,70,midpoint,5
2023-04-03,ncr,tomato,45,25,70,midpoint,3
2023-04-10,ncr,tomato,41.25,20,60,midpoint,4
2023-04-17,ncr,tomato,42,20,60,midpoint,5
2023-04-24,ncr,tomato,42,20,70,midpoint,5
2023-05-01,ncr,tomato,40.62,20,60,midpoint,4
2023-05-08,ncr,tomato,48,25,80,midpoint,5
2023-05-15,ncr,tomato,43,20,80,midpoint,5
2023-05-22,ncr,tomato,54.5,30,80,midpoint,5
2023-05-29,ncr,tomato,55,30,80,midpoint,5
2023-06-05,ncr,tomato,53.33,30,80,midpoint,3
2023-06-12,ncr,tomato,50,30,70,midpoint,1
2023-06-19,ncr,tomato,58.75,40,75,midpoint,4
2023-06-26,ncr,tomato,59.38,40,80,midpoint,4
2023-07-03,ncr,tomato,74.5,45,100,midpoint,5
2023-07-10,ncr,tomato,70,45,95,midpoint,5
2023-07-17,ncr,tomato,73.5,50,100,midpoint,5
2023-07-24,ncr,tomato,100.85,70,160,midpoint,5
2023-07-31,ncr,tomato,124,80,160,midpoint,5
2023-08-07,ncr,tomato,124,80,160,midpoint,5
2023-08-14,ncr,tomato,114,80,160,midpoint,5
2023-08-21,ncr,tomato,139,90,170,midpoint,5
2023-08-28,ncr,tomato,183,140,230,midpoint,5
2023-09-04,ncr,tomato,190,150,230,midpoint,5
2023-09-11,ncr,tomato,165,120,200,midpoint,5
2023-09-18,ncr,tomato,135,80,180,midpoint,5
2023-09-25,ncr,tomato,127,90,160,midpoint,5
2023-10-02,ncr,tomato,124,80,160,midpoint,5
2023-10-09,ncr,tomato,120,80,160,midpoint,5
2023-10-16,ncr,tomato,115,80,150,midpoint,5
2023-10-23,ncr,tomato,109,80,140,midpoint,5
2023-10-30,ncr,tomato,115,90,140,midpoint,4
2023-11-06,ncr,tomato,112.5,70,160,midpoint,5
2023-11-13,ncr,tomato,92,50,140,midpoint,5
2023-11-20,ncr,tomato,85,40,120,midpoint,5
2023-11-27,ncr,tomato,76.25,40,110,midpoint,4
2023-12-04,ncr,tomato,72,30,110,midpoint,5
2023-12-11,ncr,tomato,62.5,25,100,midpoint,4
2023-12-18,ncr,tomato,62,30,100,midpoint,5
2023-12-25,ncr,tomato,70.62,40,100,midpoint,4
2024-01-01,ncr,tomato,71.25,40,100,midpoint,4
2024-01-08,ncr,tomato,68,40,100,midpoint,5
2024-01-15,ncr,tomato,76,40,120,midpoint,5
2024-01-22,ncr,tomato,115.5,70,150,midpoint,5
2024-01-29,ncr,tomato,125,110,140,midpoint,5
2024-02-05,ncr,tomato,126,110,150,midpoint,5
2024-02-12,ncr,tomato,106.5,60,140,midpoint,5
2024-02-19,ncr,tomato,99,60,140,midpoint,5
2024-02-26,ncr,tomato,96,50,140,midpoint,5
2024-03-04,ncr,tomato,81.71,40,120,midpoint,5
2024-03-11,ncr,tomato,71.5,30,100,midpoint,5
2024-03-18,ncr,tomato,65.5,30,100,midpoint,5
2024-03-25,ncr,tomato,65,30,100,midpoint,2
2024-04-01,ncr,tomato,65.5,30,100,midpoint,5
2024-04-08,ncr,tomato,65,40,90,midpoint,3
2024-04-15,ncr,tomato,57.08,25,90,midpoint,6
2024-04-22,ncr,tomato,63.33,35,90,midpoint,6
2024-04-29,ncr,tomato,62.92,45,85,midpoint,6
2024-05-06,ncr,tomato,62.5,45,80,midpoint,6
2024-05-13,ncr,tomato,61.67,35,80,midpoint,6
2024-05-20,ncr,tomato,73.12,55,95,midpoint,4
2024-05-27,ncr,tomato,72.5,55,90,midpoint,6
2024-06-03,ncr,tomato,67.08,30,100,midpoint,6
2024-06-10,ncr,tomato,81.67,50,120,midpoint,6
2024-06-17,ncr,tomato,101.67,50,140,midpoint,6
2024-06-24,ncr,tomato,122.5,80,160,midpoint,6
2024-07-01,ncr,tomato,157.08,110,200,midpoint,6
2024-07-08,ncr,tomato,175.83,130,220,midpoint,6
2024-07-15,ncr,tomato,186.25,150,220,midpoint,6
2024-07-22,ncr,tomato,175.83,130,220,midpoint,6
2024-07-29,ncr,tomato,172.08,100,230,midpoint,6
2024-08-05,ncr,tomato,123.33,70,180,midpoint,6
2024-08-12,ncr,tomato,86.67,50,130,midpoint,6
2024-08-19,ncr,tomato,84.17,60,110,midpoint,6
2024-08-26,ncr,tomato,82.92,65,100,midpoint,6
2024-09-02,ncr,tomato,72.5,40,100,midpoint,6
2024-09-09,ncr,tomato,82.5,55,100,midpoint,6
2024-09-16,ncr,tomato,74.58,40,110,midpoint,6
2024-09-23,ncr,tomato,75,55,95,midpoint,6
2024-09-30,ncr,tomato,71.5,35,100,midpoint,5
2024-10-07,ncr,tomato,80.5,55,120,midpoint,5
2024-10-14,ncr,tomato,142.5,80,200,midpoint,6
2024-10-21,ncr,tomato,126,80,170,midpoint,5
2024-10-28,ncr,tomato,169,130,210,midpoint,5
2024-11-04,ncr,tomato,151.67,70,200,midpoint,6
2024-11-11,ncr,tomato,172.5,120,230,midpoint,5
2024-11-18,ncr,tomato,188.33,150,230,midpoint,6
2024-11-25,ncr,tomato,172.5,120,220,midpoint,6
2024-12-02,ncr,tomato,185,130,240,midpoint,5
2024-12-09,ncr,tomato,216,160,260,midpoint,5
2024-12-16,ncr,tomato,217,150,280,midpoint,5
2024-12-23,ncr,tomato,245,200,300,midpoint,5
2024-12-30,ncr,tomato,267.5,200,350,midpoint,4
2025-01-06,ncr,tomato,241,150,310,midpoint,5
2025-01-13,ncr,tomato,152.39,80,260,average,6
2025-01-20,ncr,tomato,125.72,70,180,average,6
2025-01-27,ncr,tomato,103.21,50,150,average,6
2025-02-03,ncr,tomato,80.86,30,130,average,6
2025-02-10,ncr,tomato,71.67,30,110,prevailing,6
2025-02-17,ncr,tomato,60,25,90,prevailing,6
2025-02-24,ncr,tomato,52,15,80,prevailing,5
2025-03-03,ncr,tomato,45,15,80,prevailing,6
2025-03-10,ncr,tomato,50,20,70,prevailing,6
2025-03-17,ncr,tomato,46.67,25,65,prevailing,6
2025-03-24,ncr,tomato,50,25,65,prevailing,6
2025-03-31,ncr,tomato,58.05,35,70,prevailing,7
2025-04-07,ncr,tomato,58.95,35,70,prevailing,7
2025-04-14,ncr,tomato,59.66,35,70,prevailing,4
2025-04-21,ncr,tomato,63.83,35,90,prevailing,7
2025-04-28,ncr,tomato,63.9,30,90,prevailing,7
2025-05-05,ncr,tomato,72.29,35,100,prevailing,7
2025-05-12,ncr,tomato,77.86,40,100,prevailing,7
2025-05-19,ncr,tomato,78.67,60,100,prevailing,7
2025-05-26,ncr,tomato,77.14,30,100,prevailing,7
2025-06-02,ncr,tomato,70.71,30,100,prevailing,7
2025-06-09,ncr,tomato,76.67,35,100,prevailing,7
2025-06-16,ncr,tomato,77.86,35,90,prevailing,7
2025-06-23,ncr,tomato,76.31,35,90,prevailing,7
2025-06-30,ncr,tomato,72.69,35,90,prevailing,7
2025-07-07,ncr,tomato,70,30,100,prevailing,7
2025-07-14,ncr,tomato,61,25,90,prevailing,7
2025-07-21,ncr,tomato,60.48,25,90,prevailing,7
2025-07-28,ncr,tomato,77.3,40,120,prevailing,7
2025-08-04,ncr,tomato,78.57,40,100,prevailing,7
2025-08-11,ncr,tomato,79.59,55,90,prevailing,7
2025-08-18,ncr,tomato,97.32,70,120,prevailing,7
2025-08-25,ncr,tomato,101.02,60,130,prevailing,7
2025-09-01,ncr,tomato,129.94,80,180,prevailing,7
2025-09-08,ncr,tomato,125.51,90,160,prevailing,7
2025-09-15,ncr,tomato,121.43,70,160,prevailing,7
2025-09-22,ncr,tomato,172.55,100,250,prevailing,7
2025-09-29,ncr,tomato,179.18,100,240,prevailing,7
2025-10-06,ncr,tomato,158.29,100,200,prevailing,7
2025-10-13,ncr,tomato,123.71,80,180,prevailing,7
2025-10-20,ncr,tomato,122.57,90,180,prevailing,7
2025-10-27,ncr,tomato,119.17,70,160,prevailing,7
2025-11-03,ncr,tomato,118.73,70,150,prevailing,7
2025-11-10,ncr,tomato,146.21,80,220,prevailing,6
2025-11-17,ncr,tomato,138.71,80,190,prevailing,7
2025-11-24,ncr,tomato,120.12,70,180,prevailing,7
2025-12-01,ncr,tomato,138.45,70,200,prevailing,7
2025-12-08,ncr,tomato,140.6,80,200,prevailing,7
2025-12-15,ncr,tomato,159.09,100,200,prevailing,7
2025-12-22,ncr,tomato,168.93,120,210,prevailing,7
2025-12-29,ncr,tomato,197.79,120,300,prevailing,7
2026-01-05,ncr,tomato,187.79,120,250,prevailing,7
2026-01-12,ncr,tomato,162.62,80,220,prevailing,7
2026-01-19,ncr,tomato,123.77,50,190,prevailing,7
2026-01-26,ncr,tomato,93.51,35,150,prevailing,7
2026-02-02,ncr,tomato,81.95,40,120,prevailing,7
2026-02-09,ncr,tomato,77.98,30,110,prevailing,7
2026-02-16,ncr,tomato,75.29,30,100,prevailing,7
2026-02-23,ncr,tomato,59.94,25,90,prevailing,7
2026-03-02,ncr,tomato,59.81,25,90,prevailing,7
2026-03-09,ncr,tomato,60.26,25,90,prevailing,7
2026-03-16,ncr,tomato,60.52,30,100,prevailing,7
2026-03-23,ncr,tomato,60.74,45,80,prevailing,7
2026-03-30,ncr,tomato,61.19,25,100,prevailing,7
2026-04-06,ncr,tomato,62.2,28,100,prevailing,7
2026-04-13,ncr,tomato,61.43,30,100,prevailing,7
2026-04-20,ncr,tomato,59.8,35,100,prevailing,7
2026-04-27,ncr,tomato,60.46,45,80,prevailing,7
2026-05-04,ncr,tomato,63.37,35,80,prevailing,7
2026-05-11,ncr,tomato,63.99,30,80,prevailing,7
2026-05-18,ncr,tomato,63.44,45,80,prevailing,7
2026-05-25,ncr,tomato,67.71,35,100,prevailing,7
2026-06-01,ncr,tomato,68.75,35,100,prevailing,7
2026-06-08,ncr,tomato,72.11,35,100,prevailing,7
2026-06-15,ncr,tomato,76.76,40,100,prevailing,7
2026-06-22,ncr,tomato,78.9,35,100,prevailing,7
2026-06-29,ncr,tomato,85.27,40,150,prevailing,7
2026-07-06,ncr,tomato,120,65,160,prevailing,7
2026-07-13,ncr,tomato,120,70,160,prevailing,7
2026-07-20,ncr,tomato,120,65,170,prevailing,7
2026-07-27,ncr,tomato,120,50,160,prevailing,7
2026-08-03,ncr,tomato,111.43,65,150,prevailing,7
2026-08-10,ncr,tomato,120,70,160,prevailing,7
2026-08-17,ncr,tomato,120,40,160,prevailing,7
2026-08-24,ncr,tomato,115.71,40,160,prevailing,7
2026-08-31,ncr,tomato,120,45,160,prevailing,7
2026-09-07,ncr,tomato,120,50,160,prevailing,7
2026-09-14,ncr,tomato,128.57,70,160,prevailing,7
2026-09-21,ncr,tomato,125.71,70,170,prevailing,7
2026-09-28,ncr,tomato,119.73,10,180,prevailing,7
2024-12-02,ncr,watermelon,75,60,90,midpoint,1
2024-12-09,ncr,watermelon,75,60,90,midpoint,5
2024-12-16,ncr,watermelon,75,60,90,midpoint,5
2024-12-23,ncr,watermelon,75,50,100,midpoint,5
2024-12-30,ncr,watermelon,75,60,90,midpoint,4
2025-01-06,ncr,watermelon,74,50,90,midpoint,5
2025-01-13,ncr,watermelon,74.91,60,90,average,6
2025-01-20,ncr,watermelon,74.79,60,90,average,6
2025-01-27,ncr,watermelon,75.5,60,90,average,6
2025-02-03,ncr,watermelon,77.33,60,90,average,6
2025-02-10,ncr,watermelon,80,60,90,prevailing,6
2025-02-17,ncr,watermelon,80,60,90,prevailing,6
2025-02-24,ncr,watermelon,80,60,90,prevailing,6
2025-03-03,ncr,watermelon,80,60,90,prevailing,6
2025-03-10,ncr,watermelon,80,50,100,prevailing,6
2025-03-17,ncr,watermelon,80,50,90,prevailing,6
2025-03-24,ncr,watermelon,80,60,90,prevailing,6
2025-03-31,ncr,watermelon,78.18,60,90,prevailing,7
2025-04-07,ncr,watermelon,78.93,50,90,prevailing,7
2025-04-14,ncr,watermelon,78.44,50,90,prevailing,4
2025-04-21,ncr,watermelon,79.46,50,90,prevailing,7
2025-04-28,ncr,watermelon,82.68,50,90,prevailing,7
2025-05-05,ncr,watermelon,79.29,60,90,prevailing,7
2025-05-12,ncr,watermelon,76,60,90,prevailing,7
2025-05-19,ncr,watermelon,76.1,60,90,prevailing,7
2025-05-26,ncr,watermelon,77.86,60,90,prevailing,7
2025-06-02,ncr,watermelon,77.29,50,90,prevailing,7
2025-06-09,ncr,watermelon,75.48,50,90,prevailing,7
2025-06-16,ncr,watermelon,73.57,50,90,prevailing,7
2025-06-23,ncr,watermelon,71.79,60,90,prevailing,7
2025-06-30,ncr,watermelon,73.26,60,90,prevailing,7
2025-07-07,ncr,watermelon,72.32,60,90,prevailing,7
2025-07-14,ncr,watermelon,71.22,60,90,prevailing,7
2025-07-21,ncr,watermelon,71.25,60,90,prevailing,7
2025-07-28,ncr,watermelon,71.15,60,90,prevailing,7
2025-08-04,ncr,watermelon,70.18,60,90,prevailing,7
2025-08-11,ncr,watermelon,70.43,60,90,prevailing,7
2025-08-18,ncr,watermelon,70.72,60,90,prevailing,7
2025-08-25,ncr,watermelon,71.88,60,90,prevailing,7
2025-09-01,ncr,watermelon,71.03,60,90,prevailing,7
2025-09-08,ncr,watermelon,71.43,60,90,prevailing,7
2025-09-15,ncr,watermelon,69.86,60,90,prevailing,7
2025-09-22,ncr,watermelon,70.5,60,90,prevailing,6
2025-09-29,ncr,watermelon,72.6,60,90,prevailing,7
2025-10-06,ncr,watermelon,88.87,60,250,prevailing,7
2025-10-13,ncr,watermelon,79.21,60,90,prevailing,7
2025-10-20,ncr,watermelon,78.93,55,100,prevailing,7
2025-10-27,ncr,watermelon,78.06,55,100,prevailing,7
2025-11-03,ncr,watermelon,78.46,55,90,prevailing,7
2025-11-10,ncr,watermelon,78.88,55,90,prevailing,7
2025-11-17,ncr,watermelon,78.21,50,100,prevailing,7
2025-11-24,ncr,watermelon,79.55,50,100,prevailing,7
2025-12-01,ncr,watermelon,79.55,50,100,prevailing,7
2025-12-08,ncr,watermelon,79.9,50,100,prevailing,7
2025-12-15,ncr,watermelon,79.69,60,100,prevailing,7
2025-12-22,ncr,watermelon,79.55,60,90,prevailing,7
2025-12-29,ncr,watermelon,78.25,60,100,prevailing,7
2026-01-05,ncr,watermelon,79.38,60,100,prevailing,7
2026-01-12,ncr,watermelon,79.29,60,100,prevailing,7
2026-01-19,ncr,watermelon,78.04,60,100,prevailing,7
2026-01-26,ncr,watermelon,79.09,60,100,prevailing,7
2026-02-02,ncr,watermelon,79.46,60,100,prevailing,7
2026-02-09,ncr,watermelon,79.07,60,100,prevailing,7
2026-02-16,ncr,watermelon,79.92,60,100,prevailing,7
2026-02-23,ncr,watermelon,80.87,60,100,prevailing,7
2026-03-02,ncr,watermelon,80.08,60,100,prevailing,7
2026-03-09,ncr,watermelon,80.71,60,100,prevailing,7
2026-03-16,ncr,watermelon,81.53,60,100,prevailing,7
2026-03-23,ncr,watermelon,81.06,60,100,prevailing,7
2026-03-30,ncr,watermelon,81.53,60,100,prevailing,7
2026-04-06,ncr,watermelon,79.6,60,100,prevailing,7
2026-04-13,ncr,watermelon,79.49,60,100,prevailing,7
2026-04-20,ncr,watermelon,79.45,50,100,prevailing,7
2026-04-27,ncr,watermelon,79.48,50,100,prevailing,7
2026-05-04,ncr,watermelon,72.2,60,90,prevailing,7
2026-05-11,ncr,watermelon,74.05,60,90,prevailing,7
2026-05-18,ncr,watermelon,77.55,60,90,prevailing,7
2026-05-25,ncr,watermelon,73.74,60,90,prevailing,7
2026-06-01,ncr,watermelon,75.31,60,90,prevailing,7
2026-06-08,ncr,watermelon,74.7,60,90,prevailing,7
2026-06-15,ncr,watermelon,72.08,60,90,prevailing,7
2026-06-22,ncr,watermelon,75.82,60,90,prevailing,7
2026-06-29,ncr,watermelon,79.41,60,90,prevailing,7
2026-07-06,ncr,watermelon,80,60,90,prevailing,7
2026-07-13,ncr,watermelon,80,60,90,prevailing,7
2026-07-20,ncr,watermelon,80,60,90,prevailing,7
2026-07-27,ncr,watermelon,78.57,60,90,prevailing,7
2026-08-03,ncr,watermelon,80,60,100,prevailing,7
2026-08-10,ncr,watermelon,79.29,60,90,prevailing,7
2026-08-17,ncr,watermelon,80,60,90,prevailing,7
2026-08-24,ncr,watermelon,80,40,100,prevailing,7
2026-08-31,ncr,watermelon,77.14,50,100,prevailing,7
2026-09-07,ncr,watermelon,72.14,60,100,prevailing,7
2026-09-14,ncr,watermelon,71.43,60,90,prevailing,7
2026-09-21,ncr,watermelon,71.43,60,100,prevailing,7
2026-09-28,ncr,watermelon,77.9,60,100,prevailing,7
2020-11-02,ncr,white_onion_imported,95,70,150,prevailing,4
2020-11-09,ncr,white_onion_imported,100,70,140,prevailing,4
2020-11-16,ncr,white_onion_imported,100,70,150,prevailing,5
2020-11-23,ncr,white_onion_imported,100,60,140,prevailing,5
2020-11-30,ncr,white_onion_imported,100,70,120,prevailing,4
2020-12-07,ncr,white_onion_imported,95,70,120,prevailing,4
2020-12-14,ncr,white_onion_imported,87.5,70,120,prevailing,4
2020-12-21,ncr,white_onion_imported,86.67,70,120,prevailing,3
2020-12-28,ncr,white_onion_imported,80,60,120,prevailing,2
2021-01-04,ncr,white_onion_imported,80,60,120,prevailing,5
2021-01-11,ncr,white_onion_imported,80,60,130,prevailing,5
2021-01-18,ncr,white_onion_imported,80,50,120,prevailing,5
2021-01-25,ncr,white_onion_imported,80,60,100,prevailing,5
2021-02-01,ncr,white_onion_imported,80,50,100,prevailing,5
2021-02-08,ncr,white_onion_imported,80,60,100,prevailing,5
2021-02-15,ncr,white_onion_imported,80,60,100,prevailing,5
2021-02-22,ncr,white_onion_imported,80,50,100,prevailing,5
2021-03-01,ncr,white_onion_imported,80,50,100,prevailing,5
2021-03-08,ncr,white_onion_imported,76,60,100,prevailing,5
2021-03-15,ncr,white_onion_imported,80,50,100,prevailing,5
2021-03-22,ncr,white_onion_imported,78,60,120,prevailing,5
2021-03-29,ncr,white_onion_imported,80,60,100,prevailing,3
2021-04-05,ncr,white_onion_imported,80,60,120,prevailing,5
2021-04-12,ncr,white_onion_imported,76,60,100,prevailing,5
2021-04-19,ncr,white_onion_imported,72,60,100,prevailing,5
2021-04-26,ncr,white_onion_imported,74,60,100,prevailing,5
2021-05-03,ncr,white_onion_imported,77.5,60,100,prevailing,4
2021-05-10,ncr,white_onion_imported,80,60,100,prevailing,5
2021-05-17,ncr,white_onion_imported,80,60,100,prevailing,5
2021-05-24,ncr,white_onion_imported,80,50,100,prevailing,5
2021-05-31,ncr,white_onion_imported,80,60,100,prevailing,5
2021-06-07,ncr,white_onion_imported,80,60,100,prevailing,5
2021-06-14,ncr,white_onion_imported,80,60,100,prevailing,5
2021-06-21,ncr,white_onion_imported,80,60,100,prevailing,5
2021-06-28,ncr,white_onion_imported,78,60,120,prevailing,5
2021-07-05,ncr,white_onion_imported,80,60,120,prevailing,4
2021-07-12,ncr,white_onion_imported,80,60,100,prevailing,5
2021-07-19,ncr,white_onion_imported,80,60,100,prevailing,5
2021-07-26,ncr,white_onion_imported,80,60,120,prevailing,5
2021-08-02,ncr,white_onion_imported,80,60,120,prevailing,5
2021-08-09,ncr,white_onion_imported,80,70,120,prevailing,5
2021-08-16,ncr,white_onion_imported,82,60,160,prevailing,5
2021-08-23,ncr,white_onion_imported,90,60,150,prevailing,5
2021-08-30,ncr,white_onion_imported,94,60,100,prevailing,5
2021-09-06,ncr,white_onion_imported,80,,,prevailing,5
2021-09-13,ncr,white_onion_imported,84,,,prevailing,5
2021-09-20,ncr,white_onion_imported,84,,,prevailing,5
2021-09-27,ncr,white_onion_imported,80,,,prevailing,5
2021-10-04,ncr,white_onion_imported,80,,,prevailing,3
2021-10-11,ncr,white_onion_imported,96,,,prevailing,5
2021-10-18,ncr,white_onion_imported,96,,,prevailing,5
2021-10-25,ncr,white_onion_imported,100,,,prevailing,1
2022-01-03,ncr,white_onion_imported,80,,,prevailing,4
2022-01-10,ncr,white_onion_imported,80,,,prevailing,5
2022-01-17,ncr,white_onion_imported,80,,,prevailing,5
2022-01-24,ncr,white_onion_imported,80,,,prevailing,5
2022-01-31,ncr,white_onion_imported,80,,,prevailing,5
2022-02-07,ncr,white_onion_imported,80,,,prevailing,5
2022-02-14,ncr,white_onion_imported,77.5,,,prevailing,4
2022-02-21,ncr,white_onion_imported,73,,,prevailing,5
2022-02-28,ncr,white_onion_imported,74,,,prevailing,5
2022-03-07,ncr,white_onion_imported,78,,,prevailing,5
2022-03-14,ncr,white_onion_imported,80,,,prevailing,5
2022-03-21,ncr,white_onion_imported,72,,,prevailing,5
2022-03-28,ncr,white_onion_imported,73,,,prevailing,5
2022-04-04,ncr,white_onion_imported,75,,,prevailing,5
2022-04-11,ncr,white_onion_imported,80,,,prevailing,3
2022-04-18,ncr,white_onion_imported,80,,,prevailing,5
2022-04-25,ncr,white_onion_imported,80,,,prevailing,5
2022-05-02,ncr,white_onion_imported,80,,,prevailing,5
2022-05-09,ncr,white_onion_imported,80,,,prevailing,4
2022-05-16,ncr,white_onion_imported,82,,,prevailing,5
2022-05-23,ncr,white_onion_imported,100,,,prevailing,5
2022-05-30,ncr,white_onion_imported,100,,,prevailing,5
2022-06-06,ncr,white_onion_imported,100,,,prevailing,5
2022-06-13,ncr,white_onion_imported,97,,,prevailing,5
2022-06-20,ncr,white_onion_imported,100,,,prevailing,5
2022-06-27,ncr,white_onion_imported,100,,,prevailing,5
2022-07-04,ncr,white_onion_imported,100,,,prevailing,5
2022-07-11,ncr,white_onion_imported,108,,,prevailing,5
2022-07-18,ncr,white_onion_imported,140,,,prevailing,5
2022-07-25,ncr,white_onion_imported,184,,,prevailing,5
2022-08-01,ncr,white_onion_imported,224,,,prevailing,5
2022-08-08,ncr,white_onion_imported,313.33,,,prevailing,3
2022-10-03,ncr,white_onion_imported,500,,,prevailing,1
2022-10-10,ncr,white_onion_imported,425,,,prevailing,2
2022-10-17,ncr,white_onion_imported,314,,,prevailing,5
2022-10-24,ncr,white_onion_imported,270,,,prevailing,5
2022-10-31,ncr,white_onion_imported,256.67,,,prevailing,3
2022-11-07,ncr,white_onion_imported,240,,,prevailing,2
2023-01-23,ncr,white_onion_imported,238.33,200,300,midpoint,3
2023-01-30,ncr,white_onion_imported,214,160,350,midpoint,5
2023-02-06,ncr,white_onion_imported,208.33,200,250,midpoint,3
2023-02-13,ncr,white_onion_imported,166,120,250,midpoint,5
2023-02-20,ncr,white_onion_imported,148,80,200,midpoint,5
2023-02-27,ncr,white_onion_imported,126,100,150,midpoint,5
2023-03-06,ncr,white_onion_imported,110,100,120,midpoint,4
2023-03-13,ncr,white_onion_imported,108,100,120,midpoint,5
2023-03-20,ncr,white_onion_imported,110,100,120,midpoint,5
2023-03-27,ncr,white_onion_imported,114,100,140,midpoint,5
2023-04-03,ncr,white_onion_imported,110,100,120,midpoint,1
2023-07-10,ncr,white_onion_imported,120,120,120,midpoint,1
2023-07-17,ncr,white_onion_imported,140,120,160,midpoint,2
2023-07-24,ncr,white_onion_imported,140,120,160,midpoint,4
2023-07-31,ncr,white_onion_imported,138,120,160,midpoint,5
2023-08-07,ncr,white_onion_imported,139,110,170,midpoint,5
2023-08-14,ncr,white_onion_imported,138,100,170,midpoint,5
2023-08-21,ncr,white_onion_imported,140,90,170,midpoint,5
2023-08-28,ncr,white_onion_imported,135,100,170,midpoint,5
2023-09-04,ncr,white_onion_imported,133,100,170,midpoint,5
2023-09-11,ncr,white_onion_imported,130,100,160,midpoint,5
2023-09-18,ncr,white_onion_imported,138,100,180,midpoint,5
2023-09-25,ncr,white_onion_imported,128,90,170,midpoint,5
2023-10-02,ncr,white_onion_imported,130,100,160,midpoint,5
2023-10-09,ncr,white_onion_imported,130,100,160,midpoint,5
2023-10-16,ncr,white_onion_imported,130,100,160,midpoint,5
2023-10-23,ncr,white_onion_imported,127,90,160,midpoint,5
2023-10-30,ncr,white_onion_imported,130,100,160,midpoint,4
2023-11-06,ncr,white_onion_imported,140,80,210,midpoint,5
2023-11-13,ncr,white_onion_imported,132,80,180,midpoint,5
2023-11-20,ncr,white_onion_imported,134,80,200,midpoint,5
2023-11-27,ncr,white_onion_imported,127.5,80,180,midpoint,4
2023-12-04,ncr,white_onion_imported,121,70,180,midpoint,5
2023-12-11,ncr,white_onion_imported,120,80,160,midpoint,4
2023-12-18,ncr,white_onion_imported,118,80,160,midpoint,5
2023-12-25,ncr,white_onion_imported,117.5,80,160,midpoint,4
2024-01-01,ncr,white_onion_imported,120,80,160,midpoint,4
2024-01-08,ncr,white_onion_imported,117,70,160,midpoint,5
2024-01-15,ncr,white_onion_imported,114,80,160,midpoint,5
2024-01-22,ncr,white_onion_imported,114,80,150,midpoint,5
2024-01-29,ncr,white_onion_imported,113,80,150,midpoint,5
2024-02-05,ncr,white_onion_imported,106,70,140,midpoint,5
2024-02-12,ncr,white_onion_imported,106,80,140,midpoint,5
2024-02-19,ncr,white_onion_imported,104,70,140,midpoint,5
2024-02-26,ncr,white_onion_imported,99,80,120,midpoint,5
2024-03-04,ncr,white_onion_imported,102.5,80,140,prevailing,4
2024-03-11,ncr,white_onion_imported,108,80,140,midpoint,5
2024-03-18,ncr,white_onion_imported,116,80,140,midpoint,5
2024-03-25,ncr,white_onion_imported,115,100,130,midpoint,2
2024-04-01,ncr,white_onion_imported,94,80,100,prevailing,5
2024-04-08,ncr,white_onion_imported,93.33,80,100,midpoint,3
2024-04-15,ncr,white_onion_imported,95,80,100,midpoint,6
2024-04-22,ncr,white_onion_imported,100,,,prevailing,3
2024-04-29,ncr,white_onion_imported,100,,,prevailing,2
2024-05-06,ncr,white_onion_imported,100,,,prevailing,2
2024-07-22,ncr,white_onion_imported,120,,,prevailing,1
2024-07-29,ncr,white_onion_imported,100,,,prevailing,1
2024-08-19,ncr,white_onion_imported,128.33,140,150,prevailing,3
2024-09-02,ncr,white_onion_imported,135,120,150,midpoint,2
2024-09-09,ncr,white_onion_imported,132.5,100,160,midpoint,6
2024-09-16,ncr,white_onion_imported,128.33,90,160,midpoint,6
2024-09-23,ncr,white_onion_imported,127.5,90,170,midpoint,6
2024-09-30,ncr,white_onion_imported,125,90,160,midpoint,5
2024-10-07,ncr,white_onion_imported,123,70,180,midpoint,5
2024-10-14,ncr,white_onion_imported,115.83,70,180,midpoint,6
2024-10-21,ncr,white_onion_imported,109,70,150,midpoint,5
2024-10-28,ncr,white_onion_imported,108,70,140,midpoint,5
2024-11-04,ncr,white_onion_imported,110,60,160,midpoint,6
2024-11-11,ncr,white_onion_imported,104.5,65,160,midpoint,5
2024-11-18,ncr,white_onion_imported,112.92,65,160,midpoint,6
2024-11-25,ncr,white_onion_imported,106.25,65,160,midpoint,6
2024-12-02,ncr,white_onion_imported,114.5,65,160,midpoint,5
2024-12-09,ncr,white_onion_imported,112.5,70,160,midpoint,5
2024-12-16,ncr,white_onion_imported,120,80,160,midpoint,5
2024-12-23,ncr,white_onion_imported,119,80,160,midpoint,5
2024-12-30,ncr,white_onion_imported,125,80,180,midpoint,4
2025-01-06,ncr,white_onion_imported,138.5,80,200,midpoint,5
2025-01-13,ncr,white_onion_imported,121.86,80,160,average,6
2025-01-20,ncr,white_onion_imported,122.3,80,180,average,6
2025-01-27,ncr,white_onion_imported,119.74,80,160,average,6
2025-02-03,ncr,white_onion_imported,118.84,80,160,average,6
2025-02-10,ncr,white_onion_imported,120,90,160,prevailing,6
2025-02-17,ncr,white_onion_imported,120,90,170,prevailing,6
2025-02-24,ncr,white_onion_imported,123.33,100,160,prevailing,6
2025-03-03,ncr,white_onion_imported,121.67,80,160,prevailing,6
2025-03-10,ncr,white_onion_imported,125,60,160,prevailing,6
2025-03-17,ncr,white_onion_imported,130,60,140,prevailing,6
2025-03-24,ncr,white_onion_imported,140,60,140,prevailing,6
2025-03-31,ncr,white_onion_imported,137.52,120,140,prevailing,7
2025-04-07,ncr,white_onion_imported,138.71,120,140,prevailing,7
2025-04-14,ncr,white_onion_imported,140,120,140,prevailing,3
2025-04-21,ncr,white_onion_imported,135,120,140,prevailing,6
2025-04-28,ncr,white_onion_imported,120.5,90,130,prevailing,6
2025-05-05,ncr,white_onion_imported,131.67,120,160,prevailing,6
2025-05-12,ncr,white_onion_imported,140,80,140,prevailing,6
2025-05-19,ncr,white_onion_imported,138.67,120,140,prevailing,6
2025-05-26,ncr,white_onion_imported,140,,140,prevailing,6
2025-06-02,ncr,white_onion_imported,140,90,140,prevailing,6
2025-06-09,ncr,white_onion_imported,136.67,90,140,prevailing,6
2025-06-30,ncr,white_onion_imported,165,,,prevailing,1
2025-08-11,ncr,white_onion_imported,200,180,200,prevailing,2
2025-08-18,ncr,white_onion_imported,135,100,200,prevailing,6
2025-08-25,ncr,white_onion_imported,141.9,100,200,prevailing,7
2025-09-01,ncr,white_onion_imported,135.36,100,200,prevailing,7
2025-09-08,ncr,white_onion_imported,132,100,200,prevailing,7
2025-09-15,ncr,white_onion_imported,128.86,90,180,prevailing,7
2025-09-22,ncr,white_onion_imported,126.77,80,200,prevailing,7
2025-09-29,ncr,white_onion_imported,127.85,80,200,prevailing,7
2025-10-06,ncr,white_onion_imported,138.27,90,170,prevailing,7
2025-10-13,ncr,white_onion_imported,126.53,65,180,prevailing,7
2025-10-20,ncr,white_onion_imported,130.41,65,180,prevailing,7
2025-10-27,ncr,white_onion_imported,120.13,65,170,prevailing,7
2025-11-03,ncr,white_onion_imported,120.5,65,180,prevailing,7
2025-11-10,ncr,white_onion_imported,121.82,65,180,prevailing,7
2025-11-17,ncr,white_onion_imported,134.44,90,180,prevailing,7
2025-11-24,ncr,white_onion_imported,141.27,90,200,prevailing,7
2025-12-01,ncr,white_onion_imported,139.17,90,200,prevailing,7
2025-12-08,ncr,white_onion_imported,140,100,180,prevailing,7
2025-12-15,ncr,white_onion_imported,137.62,100,180,prevailing,3
2025-12-22,ncr,white_onion_imported,137.5,,,prevailing,1
2025-12-29,ncr,white_onion_imported,133.64,,,prevailing,1
2026-01-05,ncr,white_onion_imported,131,,,prevailing,1
2026-01-12,ncr,white_onion_imported,127.78,100,160,prevailing,2
2026-01-19,ncr,white_onion_imported,121.11,90,160,prevailing,7
2026-01-26,ncr,white_onion_imported,120.29,90,160,prevailing,7
2026-02-02,ncr,white_onion_imported,119.64,80,180,prevailing,7
2026-02-09,ncr,white_onion_imported,119.18,80,180,prevailing,7
2026-02-16,ncr,white_onion_imported,109.43,80,180,prevailing,7
2026-02-23,ncr,white_onion_imported,105.48,80,160,prevailing,7
2026-03-02,ncr,white_onion_imported,113.57,80,160,prevailing,7
2026-03-09,ncr,white_onion_imported,117.86,70,140,prevailing,7
2026-03-16,ncr,white_onion_imported,114.29,70,150,prevailing,7
2026-03-23,ncr,white_onion_imported,114.64,70,120,prevailing,7
2026-03-30,ncr,white_onion_imported,120,70,120,prevailing,7
2026-04-06,ncr,white_onion_imported,90,70,120,prevailing,7
2026-04-13,ncr,white_onion_imported,100,90,100,prevailing,7
2026-04-20,ncr,white_onion_imported,97.86,70,120,prevailing,7
2026-04-27,ncr,white_onion_imported,100,70,120,prevailing,7
2026-05-04,ncr,white_onion_imported,91.43,80,140,prevailing,7
2026-05-11,ncr,white_onion_imported,92.86,80,100,prevailing,7
2026-05-18,ncr,white_onion_imported,101.43,80,120,prevailing,7
2026-05-25,ncr,white_onion_imported,100,90,100,prevailing,7
2026-06-01,ncr,white_onion_imported,108.57,90,120,prevailing,7
2026-06-08,ncr,white_onion_imported,120,90,120,prevailing,7
2026-06-22,ncr,white_onion_imported,140.33,138,140,prevailing,6
2026-06-29,ncr,white_onion_imported,140.71,125,150,prevailing,5
2026-07-06,ncr,white_onion_imported,138.33,120,150,prevailing,5
2026-07-13,ncr,white_onion_imported,137.5,120,150,prevailing,5
2026-07-20,ncr,white_onion_imported,137.5,124,150,prevailing,5
2026-07-27,ncr,white_onion_imported,131.25,124,150,prevailing,6
2026-08-03,ncr,white_onion_imported,132,100,150,prevailing,5
2026-08-10,ncr,white_onion_imported,132.5,120,150,prevailing,4
2026-08-17,ncr,white_onion_imported,130,,130,prevailing,2
2026-09-14,ncr,white_onion_imported,123,90,180,prevailing,5
2020-11-02,ncr,white_onion_local,100,100,120,prevailing,1
2021-03-08,ncr,white_onion_local,80,60,100,prevailing,5
2021-03-15,ncr,white_onion_local,80,60,90,prevailing,5
2021-03-22,ncr,white_onion_local,80,60,80,prevailing,5
2021-03-29,ncr,white_onion_local,80,60,80,prevailing,3
2021-04-05,ncr,white_onion_local,80,60,80,prevailing,5
2021-04-12,ncr,white_onion_local,80,60,80,prevailing,5
2021-04-19,ncr,white_onion_local,80,60,80,prevailing,5
2021-04-26,ncr,white_onion_local,80,60,80,prevailing,5
2021-05-03,ncr,white_onion_local,80,60,80,prevailing,4
2021-05-10,ncr,white_onion_local,80,60,80,prevailing,5
2021-05-17,ncr,white_onion_local,80,60,80,prevailing,5
2021-05-24,ncr,white_onion_local,80,60,80,prevailing,5
2021-05-31,ncr,white_onion_local,80,60,80,prevailing,5
2021-06-07,ncr,white_onion_local,80,70,80,prevailing,5
2021-06-14,ncr,white_onion_local,80,70,80,prevailing,5
2021-06-21,ncr,white_onion_local,80,80,80,prevailing,2
2021-06-28,ncr,white_onion_local,80,80,90,prevailing,5
2021-07-05,ncr,white_onion_local,80,80,90,prevailing,4
2021-07-12,ncr,white_onion_local,80,80,80,prevailing,5
2021-07-19,ncr,white_onion_local,80,80,80,prevailing,5
2021-07-26,ncr,white_onion_local,80,80,100,prevailing,5
2021-08-02,ncr,white_onion_local,80,80,80,prevailing,5
2021-08-09,ncr,white_onion_local,80,80,100,prevailing,5
2021-08-16,ncr,white_onion_local,86,80,100,prevailing,5
2021-08-23,ncr,white_onion_local,90,80,90,prevailing,5
2021-08-30,ncr,white_onion_local,90,80,100,prevailing,5
2021-09-06,ncr,white_onion_local,83,,,prevailing,5
2021-09-13,ncr,white_onion_local,80,,,prevailing,1
2021-10-11,ncr,white_onion_local,100,,,prevailing,5
2021-10-18,ncr,white_onion_local,100,,,prevailing,1
2022-01-24,ncr,white_onion_local,80,,,prevailing,2
2022-01-31,ncr,white_onion_local,64,,,prevailing,5
2022-02-07,ncr,white_onion_local,58,,,prevailing,5
2022-02-14,ncr,white_onion_local,71.25,,,prevailing,4
2022-02-21,ncr,white_onion_local,50,,,prevailing,5
2022-02-28,ncr,white_onion_local,50,,,prevailing,5
2022-03-07,ncr,white_onion_local,50,,,prevailing,5
2022-03-14,ncr,white_onion_local,50,,,prevailing,5
2022-03-21,ncr,white_onion_local,59,,,prevailing,5
2022-03-28,ncr,white_onion_local,60,,,prevailing,5
2022-04-04,ncr,white_onion_local,57,,,prevailing,5
2022-04-11,ncr,white_onion_local,60,,,prevailing,3
2022-04-18,ncr,white_onion_local,60,,,prevailing,5
2022-04-25,ncr,white_onion_local,60,,,prevailing,5
2022-05-02,ncr,white_onion_local,62,,,prevailing,5
2022-05-09,ncr,white_onion_local,70,,,prevailing,4
2022-05-16,ncr,white_onion_local,71,,,prevailing,5
2022-05-23,ncr,white_onion_local,70,,,prevailing,5
2022-05-30,ncr,white_onion_local,77,,,prevailing,5
2022-06-06,ncr,white_onion_local,80,,,prevailing,5
2022-06-13,ncr,white_onion_local,80,,,prevailing,5
2022-06-20,ncr,white_onion_local,80,,,prevailing,5
2022-06-27,ncr,white_onion_local,80,,,prevailing,5
2022-07-04,ncr,white_onion_local,88,,,prevailing,5
2022-07-11,ncr,white_onion_local,94,,,prevailing,5
2022-07-18,ncr,white_onion_local,134,,,prevailing,5
2022-07-25,ncr,white_onion_local,180,,,prevailing,5
2022-08-01,ncr,white_onion_local,208,,,prevailing,5
2022-08-08,ncr,white_onion_local,362,,,prevailing,5
2022-12-19,ncr,white_onion_local,450,,,prevailing,1
2022-12-26,ncr,white_onion_local,633.33,600,800,midpoint,3
2023-01-02,ncr,white_onion_local,553,400,700,midpoint,5
2023-01-09,ncr,white_onion_local,517.5,420,600,midpoint,2
2023-01-16,ncr,white_onion_local,350,250,450,midpoint,2
2023-01-23,ncr,white_onion_local,259,170,350,midpoint,5
2023-01-30,ncr,white_onion_local,220,150,300,midpoint,5
2023-02-06,ncr,white_onion_local,174,100,300,midpoint,5
2023-02-13,ncr,white_onion_local,132,100,180,midpoint,5
2023-02-20,ncr,white_onion_local,118,90,160,midpoint,5
2023-02-27,ncr,white_onion_local,110,90,140,midpoint,5
2023-03-06,ncr,white_onion_local,107,80,160,midpoint,5
2023-03-13,ncr,white_onion_local,115,90,140,midpoint,5
2023-03-20,ncr,white_onion_local,113,90,140,midpoint,5
2023-03-27,ncr,white_onion_local,115,90,140,midpoint,5
2023-04-03,ncr,white_onion_local,122.33,90,152,midpoint,3
2023-04-10,ncr,white_onion_local,158.75,120,180,midpoint,4
2023-04-17,ncr,white_onion_local,176,150,200,midpoint,5
2023-04-24,ncr,white_onion_local,175,150,200,midpoint,5
2023-05-01,ncr,white_onion_local,181.25,160,200,midpoint,4
2023-05-08,ncr,white_onion_local,179,150,200,midpoint,5
2023-05-15,ncr,white_onion_local,178,150,200,midpoint,5
2023-05-22,ncr,white_onion_local,171,140,200,midpoint,5
2023-05-29,ncr,white_onion_local,156,120,190,midpoint,5
2023-06-05,ncr,white_onion_local,153.33,120,180,midpoint,3
2023-06-12,ncr,white_onion_local,150,120,180,midpoint,1
2023-06-19,ncr,white_onion_local,152.5,130,180,midpoint,4
2023-06-26,ncr,white_onion_local,147.5,120,170,midpoint,4
2023-07-03,ncr,white_onion_local,148,120,180,midpoint,5
2023-07-10,ncr,white_onion_local,145,120,170,midpoint,5
2023-07-17,ncr,white_onion_local,149,120,180,midpoint,5
2023-07-24,ncr,white_onion_local,146.25,120,170,midpoint,4
2023-07-31,ncr,white_onion_local,143,100,180,midpoint,5
2023-08-07,ncr,white_onion_local,145,110,180,midpoint,5
2023-08-14,ncr,white_onion_local,148,120,180,midpoint,5
2023-08-21,ncr,white_onion_local,144,110,180,midpoint,5
2023-08-28,ncr,white_onion_local,144,110,170,midpoint,5
2023-09-04,ncr,white_onion_local,145,120,170,midpoint,5
2023-09-11,ncr,white_onion_local,146,120,180,midpoint,5
2023-09-18,ncr,white_onion_local,144,110,170,midpoint,5
2023-09-25,ncr,white_onion_local,140,110,170,midpoint,5
2023-10-02,ncr,white_onion_local,144,110,170,midpoint,5
2023-10-09,ncr,white_onion_local,150,130,170,midpoint,5
2023-10-16,ncr,white_onion_local,150,130,170,midpoint,5
2023-10-23,ncr,white_onion_local,145,120,170,midpoint,5
2023-10-30,ncr,white_onion_local,151.25,100,170,midpoint,4
2023-11-06,ncr,white_onion_local,128,100,170,midpoint,5
2023-11-13,ncr,white_onion_local,130,100,170,midpoint,5
2023-11-20,ncr,white_onion_local,140,110,180,midpoint,5
2023-11-27,ncr,white_onion_local,131.25,100,160,midpoint,4
2023-12-04,ncr,white_onion_local,130,100,160,midpoint,5
2023-12-11,ncr,white_onion_local,125,100,160,midpoint,4
2023-12-18,ncr,white_onion_local,126,100,140,midpoint,5
2023-12-25,ncr,white_onion_local,121.25,100,140,midpoint,4
2024-01-01,ncr,white_onion_local,126.25,100,190,midpoint,4
2024-01-08,ncr,white_onion_local,110,80,140,midpoint,5
2024-01-15,ncr,white_onion_local,115,70,180,midpoint,5
2024-01-22,ncr,white_onion_local,97,50,140,midpoint,5
2024-01-29,ncr,white_onion_local,91,60,130,midpoint,5
2024-02-05,ncr,white_onion_local,90,60,130,midpoint,5
2024-02-12,ncr,white_onion_local,86.5,60,130,midpoint,5
2024-02-19,ncr,white_onion_local,89.5,50,140,midpoint,5
2024-02-26,ncr,white_onion_local,75,60,90,midpoint,5
2024-03-04,ncr,white_onion_local,74.38,55,90,midpoint,4
2024-03-11,ncr,white_onion_local,79,50,120,midpoint,5
2024-03-18,ncr,white_onion_local,83,50,120,midpoint,5
2024-03-25,ncr,white_onion_local,83.33,50,120,midpoint,3
2024-04-01,ncr,white_onion_local,88,50,120,midpoint,5
2024-04-08,ncr,white_onion_local,88.33,50,120,midpoint,3
2024-04-15,ncr,white_onion_local,85,50,120,midpoint,4
2024-04-22,ncr,white_onion_local,85.83,55,120,midpoint,6
2024-04-29,ncr,white_onion_local,89.58,60,130,midpoint,6
2024-05-06,ncr,white_onion_local,92.92,60,130,midpoint,6
2024-05-13,ncr,white_onion_local,94.17,60,130,midpoint,6
2024-05-20,ncr,white_onion_local,91.67,60,130,midpoint,6
2024-05-27,ncr,white_onion_local,95,60,130,midpoint,6
2024-06-03,ncr,white_onion_local,94.17,60,130,midpoint,6
2024-06-10,ncr,white_onion_local,90,60,120,midpoint,6
2024-06-17,ncr,white_onion_local,93.33,60,130,midpoint,6
2024-06-24,ncr,white_onion_local,90,60,120,midpoint,6
2024-07-01,ncr,white_onion_local,90,60,120,midpoint,6
2024-07-08,ncr,white_onion_local,95.83,60,140,midpoint,6
2024-07-15,ncr,white_onion_local,97.92,60,150,midpoint,6
2024-07-22,ncr,white_onion_local,97.08,60,160,midpoint,6
2024-07-29,ncr,white_onion_local,110.83,60,160,midpoint,6
2024-08-05,ncr,white_onion_local,112.08,65,160,midpoint,6
2024-08-12,ncr,white_onion_local,113.33,80,150,midpoint,6
2024-08-19,ncr,white_onion_local,114.17,80,150,midpoint,6
2024-08-26,ncr,white_onion_local,118.33,80,160,midpoint,6
2024-09-02,ncr,white_onion_local,122.5,70,150,midpoint,6
2024-09-09,ncr,white_onion_local,126.67,100,150,midpoint,6
2024-09-16,ncr,white_onion_local,128.33,100,150,midpoint,6
2024-09-23,ncr,white_onion_local,124.17,90,150,midpoint,6
2024-09-30,ncr,white_onion_local,112,70,150,midpoint,5
2024-10-07,ncr,white_onion_local,110,70,150,midpoint,5
2024-10-14,ncr,white_onion_local,106.67,70,140,midpoint,6
2024-10-21,ncr,white_onion_local,109,70,140,midpoint,5
2024-10-28,ncr,white_onion_local,108.75,80,140,midpoint,4
2024-11-04,ncr,white_onion_local,110,80,140,midpoint,6
2024-11-11,ncr,white_onion_local,110,80,140,midpoint,4
2024-11-18,ncr,white_onion_local,108.33,80,140,midpoint,6
2024-11-25,ncr,white_onion_local,105.83,80,120,midpoint,6
2024-12-02,ncr,white_onion_local,105,90,120,midpoint,5
2024-12-09,ncr,white_onion_local,105,90,120,midpoint,5
2024-12-16,ncr,white_onion_local,115,100,130,midpoint,5
2024-12-23,ncr,white_onion_local,116,100,140,midpoint,5
2024-12-30,ncr,white_onion_local,120,100,140,prevailing,4
2025-01-06,ncr,white_onion_local,130,100,170,midpoint,5
2025-01-13,ncr,white_onion_local,129.7,85,170,average,6
2025-01-20,ncr,white_onion_local,121.58,120,140,average,6
2025-01-27,ncr,white_onion_local,117.75,80,150,average,6
2025-02-03,ncr,white_onion_local,119.19,90,140,average,6
2025-02-10,ncr,white_onion_local,120,90,140,prevailing,6
2025-02-17,ncr,white_onion_local,128.33,90,150,prevailing,6
2025-02-24,ncr,white_onion_local,120,90,160,prevailing,6
2025-03-03,ncr,white_onion_local,118.33,65,150,prevailing,6
2025-03-10,ncr,white_onion_local,118.33,60,150,prevailing,6
2025-03-17,ncr,white_onion_local,100,50,140,prevailing,6
2025-03-24,ncr,white_onion_local,100,50,160,prevailing,6
2025-03-31,ncr,white_onion_local,101.27,50,130,prevailing,7
2025-04-07,ncr,white_onion_local,101.86,50,130,prevailing,7
2025-04-14,ncr,white_onion_local,103.95,55,120,prevailing,4
2025-04-21,ncr,white_onion_local,103.14,60,150,prevailing,7
2025-04-28,ncr,white_onion_local,102.02,60,150,prevailing,7
2025-05-05,ncr,white_onion_local,115.71,70,160,prevailing,7
2025-05-12,ncr,white_onion_local,111.79,70,150,prevailing,7
2025-05-19,ncr,white_onion_local,104.15,70,150,prevailing,7
2025-05-26,ncr,white_onion_local,99.68,75,150,prevailing,7
2025-06-02,ncr,white_onion_local,100.24,70,150,prevailing,7
2025-06-09,ncr,white_onion_local,100.36,70,150,prevailing,7
2025-06-16,ncr,white_onion_local,105.95,70,160,prevailing,7
2025-06-23,ncr,white_onion_local,103.33,70,150,prevailing,7
2025-06-30,ncr,white_onion_local,120.01,70,160,prevailing,7
2025-07-07,ncr,white_onion_local,119.52,85,160,prevailing,7
2025-07-14,ncr,white_onion_local,128.52,90,160,prevailing,7
2025-07-21,ncr,white_onion_local,139.05,90,180,prevailing,7
2025-07-28,ncr,white_onion_local,126.3,90,190,prevailing,7
2025-08-04,ncr,white_onion_local,141.67,90,200,prevailing,7
2025-08-11,ncr,white_onion_local,151.67,110,190,prevailing,6
2025-08-18,ncr,white_onion_local,153.32,110,180,prevailing,7
2025-08-25,ncr,white_onion_local,149.19,100,180,prevailing,7
2025-09-01,ncr,white_onion_local,151.96,120,180,prevailing,7
2025-09-08,ncr,white_onion_local,140,120,180,prevailing,7
2025-09-15,ncr,white_onion_local,160,120,170,prevailing,3
2025-09-22,ncr,white_onion_local,160,,,prevailing,1
2025-10-13,ncr,white_onion_local,140,140,150,prevailing,1
2025-11-03,ncr,white_onion_local,100,,100,prevailing,2
2025-11-10,ncr,white_onion_local,102.5,90,120,prevailing,4
2025-11-24,ncr,white_onion_local,200,,200,prevailing,1
2026-01-26,ncr,white_onion_local,121.67,100,140,prevailing,6
2026-02-02,ncr,white_onion_local,120.86,80,200,prevailing,7
2026-02-09,ncr,white_onion_local,119.43,70,180,prevailing,7
2026-02-16,ncr,white_onion_local,117.14,70,140,prevailing,7
2026-02-23,ncr,white_onion_local,103.43,50,180,prevailing,7
2026-03-02,ncr,white_onion_local,96.79,50,140,prevailing,7
2026-03-09,ncr,white_onion_local,97.27,50,130,prevailing,7
2026-03-16,ncr,white_onion_local,100.79,50,130,prevailing,7
2026-03-23,ncr,white_onion_local,98.3,50,130,prevailing,7
2026-03-30,ncr,white_onion_local,100.18,50,130,prevailing,7
2026-04-06,ncr,white_onion_local,98.69,50,120,prevailing,7
2026-04-13,ncr,white_onion_local,93.21,50,120,prevailing,7
2026-04-20,ncr,white_onion_local,89.12,50,120,prevailing,7
2026-04-27,ncr,white_onion_local,80.27,50,120,prevailing,7
2026-05-04,ncr,white_onion_local,82.82,50,120,prevailing,7
2026-05-11,ncr,white_onion_local,98.7,50,120,prevailing,7
2026-05-18,ncr,white_onion_local,98.57,50,120,prevailing,7
2026-05-25,ncr,white_onion_local,98.61,50,130,prevailing,7
2026-06-01,ncr,white_onion_local,99.06,50,150,prevailing,7
2026-06-08,ncr,white_onion_local,99.51,60,140,prevailing,7
2026-06-15,ncr,white_onion_local,99.58,60,150,prevailing,7
2026-06-22,ncr,white_onion_local,100.19,60,160,prevailing,7
2026-06-29,ncr,white_onion_local,100.2,60,160,prevailing,7
2026-07-06,ncr,white_onion_local,100,65,160,prevailing,7
2026-07-13,ncr,white_onion_local,100,65,160,prevailing,7
2026-07-20,ncr,white_onion_local,100,65,160,prevailing,7
2026-07-27,ncr,white_onion_local,100,65,160,prevailing,7
2026-08-03,ncr,white_onion_local,100,70,160,prevailing,7
2026-08-10,ncr,white_onion_local,100,70,200,prevailing,7
2026-08-17,ncr,white_onion_local,121.43,70,200,prevailing,7
2026-08-24,ncr,white_onion_local,137.14,70,200,prevailing,7
2026-08-31,ncr,white_onion_local,131.43,70,180,prevailing,7
2026-09-07,ncr,white_onion_local,132.14,80,200,prevailing,7
2026-09-14,ncr,white_onion_local,120,80,200,prevailing,7
2026-09-21,ncr,white_onion_local,120,85,220,prevailing,7
2026-09-28,ncr,white_onion_local,139.57,90,220,prevailing,7
2021-08-30,ncr,whole_chicken,146.67,,,prevailing,3
2021-09-06,ncr,whole_chicken,150,,,prevailing,5
2021-09-13,ncr,whole_chicken,150,,,prevailing,5
2021-09-20,ncr,whole_chicken,140,,,prevailing,5
2021-09-27,ncr,whole_chicken,152,,,prevailing,5
2021-10-04,ncr,whole_chicken,160,,,prevailing,3
2021-10-11,ncr,whole_chicken,157,,,prevailing,5
2021-10-18,ncr,whole_chicken,160,,,prevailing,5
2021-10-25,ncr,whole_chicken,156.18,135,170,average,5
2021-11-01,ncr,whole_chicken,156.75,137,170,average,4
2021-11-08,ncr,whole_chicken,156.13,129,170,average,5
2021-11-15,ncr,whole_chicken,156.37,132,170,average,5
2021-11-22,ncr,whole_chicken,164.16,150,180,average,5
2021-11-29,ncr,whole_chicken,166.14,145,180,average,5
2021-12-06,ncr,whole_chicken,171.04,155,190,average,5
2021-12-13,ncr,whole_chicken,170.66,150,185,average,4
2021-12-20,ncr,whole_chicken,162.75,134,180,average,4
2021-12-27,ncr,whole_chicken,167.17,145,180,average,5
2022-01-03,ncr,whole_chicken,161.4,145,180,prevailing,5
2022-01-10,ncr,whole_chicken,159,,,prevailing,5
2022-01-17,ncr,whole_chicken,160,,,prevailing,5
2022-01-24,ncr,whole_chicken,150,,,prevailing,5
2022-01-31,ncr,whole_chicken,158,,,prevailing,5
2022-02-07,ncr,whole_chicken,162,,,prevailing,5
2022-02-14,ncr,whole_chicken,160,,,prevailing,4
2022-02-21,ncr,whole_chicken,172,,,prevailing,5
2022-02-28,ncr,whole_chicken,170,,,prevailing,5
2022-03-07,ncr,whole_chicken,170,,,prevailing,5
2022-03-14,ncr,whole_chicken,180,,,prevailing,5
2022-03-21,ncr,whole_chicken,176,,,prevailing,5
2022-03-28,ncr,whole_chicken,175,,,prevailing,5
2022-04-04,ncr,whole_chicken,180,,,prevailing,5
2022-04-11,ncr,whole_chicken,180,,,prevailing,3
2022-04-18,ncr,whole_chicken,180,,,prevailing,5
2022-04-25,ncr,whole_chicken,173,,,prevailing,5
2022-05-02,ncr,whole_chicken,180,,,prevailing,5
2022-05-09,ncr,whole_chicken,178.75,,,prevailing,4
2022-05-16,ncr,whole_chicken,176,,,prevailing,5
2022-05-23,ncr,whole_chicken,181,,,prevailing,5
2022-05-30,ncr,whole_chicken,192,,,prevailing,5
2022-06-06,ncr,whole_chicken,197,,,prevailing,5
2022-06-13,ncr,whole_chicken,200,,,prevailing,5
2022-06-20,ncr,whole_chicken,200,,,prevailing,5
2022-06-27,ncr,whole_chicken,200,,,prevailing,5
2022-07-04,ncr,whole_chicken,200,,,prevailing,5
2022-07-11,ncr,whole_chicken,200,,,prevailing,5
2022-07-18,ncr,whole_chicken,200,,,prevailing,5
2022-07-25,ncr,whole_chicken,200,,,prevailing,5
2022-08-01,ncr,whole_chicken,192,,,prevailing,5
2022-08-08,ncr,whole_chicken,182,,,prevailing,5
2022-08-15,ncr,whole_chicken,180,,,prevailing,5
2022-08-22,ncr,whole_chicken,190,,,prevailing,5
2022-08-29,ncr,whole_chicken,184,,,prevailing,5
2022-09-05,ncr,whole_chicken,184,,,prevailing,5
2022-09-12,ncr,whole_chicken,180,,,prevailing,4
2022-09-19,ncr,whole_chicken,188.75,,,prevailing,4
2022-09-26,ncr,whole_chicken,189,,,prevailing,5
2022-10-03,ncr,whole_chicken,190,,,prevailing,5
2022-10-10,ncr,whole_chicken,190,,,prevailing,5
2022-10-17,ncr,whole_chicken,182,,,prevailing,5
2022-10-24,ncr,whole_chicken,176,,,prevailing,5
2022-10-31,ncr,whole_chicken,177.5,,,prevailing,4
2022-11-07,ncr,whole_chicken,181,,,prevailing,5
2022-11-14,ncr,whole_chicken,181,,,prevailing,5
2022-11-21,ncr,whole_chicken,190,,,prevailing,5
2022-11-28,ncr,whole_chicken,194,,,prevailing,5
2022-12-05,ncr,whole_chicken,200,,,prevailing,5
2022-12-12,ncr,whole_chicken,198,,,prevailing,5
2022-12-19,ncr,whole_chicken,200,,,prevailing,5
2022-12-26,ncr,whole_chicken,200.5,185,220,midpoint,5
2023-01-02,ncr,whole_chicken,202,180,220,midpoint,5
2023-01-09,ncr,whole_chicken,200,180,220,midpoint,5
2023-01-16,ncr,whole_chicken,198,180,220,midpoint,5
2023-01-23,ncr,whole_chicken,190,170,210,midpoint,5
2023-01-30,ncr,whole_chicken,184,155,210,midpoint,5
2023-02-06,ncr,whole_chicken,190,170,210,midpoint,5
2023-02-13,ncr,whole_chicken,184.5,150,210,midpoint,5
2023-02-20,ncr,whole_chicken,181.5,150,210,midpoint,5
2023-02-27,ncr,whole_chicken,175,150,200,midpoint,5
2023-03-06,ncr,whole_chicken,175,150,200,midpoint,5
2023-03-13,ncr,whole_chicken,175,150,200,midpoint,5
2023-03-20,ncr,whole_chicken,178.5,150,200,midpoint,5
2023-03-27,ncr,whole_chicken,177,150,200,midpoint,5
2023-04-03,ncr,whole_chicken,177.5,150,200,midpoint,3
2023-04-10,ncr,whole_chicken,175,150,200,midpoint,4
2023-04-17,ncr,whole_chicken,175,150,200,midpoint,5
2023-04-24,ncr,whole_chicken,175,150,200,midpoint,5
2023-05-01,ncr,whole_chicken,176.25,150,200,midpoint,4
2023-05-08,ncr,whole_chicken,177,150,200,midpoint,5
2023-05-15,ncr,whole_chicken,175,150,200,midpoint,5
2023-05-22,ncr,whole_chicken,173,140,200,midpoint,5
2023-05-29,ncr,whole_chicken,177,150,200,midpoint,5
2023-06-05,ncr,whole_chicken,176.67,150,200,midpoint,3
2023-06-12,ncr,whole_chicken,170,140,200,midpoint,1
2023-06-19,ncr,whole_chicken,176.25,150,200,midpoint,4
2023-06-26,ncr,whole_chicken,176.88,160,200,midpoint,4
2023-07-03,ncr,whole_chicken,172,150,200,midpoint,5
2023-07-10,ncr,whole_chicken,176,150,200,midpoint,5
2023-07-17,ncr,whole_chicken,181,160,200,midpoint,5
2023-07-24,ncr,whole_chicken,188.12,170,210,midpoint,4
2023-07-31,ncr,whole_chicken,188,160,210,midpoint,5
2023-08-07,ncr,whole_chicken,187,160,210,midpoint,5
2023-08-14,ncr,whole_chicken,185.5,160,210,midpoint,5
2023-08-21,ncr,whole_chicken,185,160,210,midpoint,5
2023-08-28,ncr,whole_chicken,181,150,210,midpoint,5
2023-09-04,ncr,whole_chicken,175,150,200,midpoint,5
2023-09-11,ncr,whole_chicken,185,150,260,midpoint,5
2023-09-18,ncr,whole_chicken,177.5,150,200,midpoint,5
2023-09-25,ncr,whole_chicken,180,160,200,midpoint,5
2023-10-02,ncr,whole_chicken,179,155,200,midpoint,5
2023-10-09,ncr,whole_chicken,176.5,150,200,midpoint,5
2023-10-16,ncr,whole_chicken,175,150,200,midpoint,5
2023-10-23,ncr,whole_chicken,172,150,200,midpoint,5
2023-10-30,ncr,whole_chicken,168.75,140,200,midpoint,4
2023-11-06,ncr,whole_chicken,167,130,220,midpoint,5
2023-11-13,ncr,whole_chicken,166,130,200,midpoint,5
2023-11-20,ncr,whole_chicken,180,140,210,midpoint,5
2023-11-27,ncr,whole_chicken,180,140,220,midpoint,4
2023-12-04,ncr,whole_chicken,184,140,220,midpoint,5
2023-12-11,ncr,whole_chicken,170,140,200,midpoint,4
2023-12-18,ncr,whole_chicken,170.5,140,200,midpoint,5
2023-12-25,ncr,whole_chicken,173.75,140,210,midpoint,4
2024-01-01,ncr,whole_chicken,178.75,140,220,midpoint,4
2024-01-08,ncr,whole_chicken,170,130,200,midpoint,5
2024-01-15,ncr,whole_chicken,180,140,220,midpoint,5
2024-01-22,ncr,whole_chicken,185,150,220,midpoint,5
2024-01-29,ncr,whole_chicken,178,145,220,midpoint,5
2024-02-05,ncr,whole_chicken,185,150,220,midpoint,5
2024-02-12,ncr,whole_chicken,173,140,210,midpoint,5
2024-02-19,ncr,whole_chicken,172.5,145,200,midpoint,5
2024-02-26,ncr,whole_chicken,179,150,220,midpoint,5
2024-03-04,ncr,whole_chicken,183,150,220,midpoint,4
2024-03-11,ncr,whole_chicken,177.5,150,220,midpoint,5
2024-03-18,ncr,whole_chicken,179,145,220,midpoint,5
2024-03-25,ncr,whole_chicken,185,150,220,midpoint,3
2024-04-01,ncr,whole_chicken,175,150,200,midpoint,5
2024-04-08,ncr,whole_chicken,170,140,200,midpoint,3
2024-04-15,ncr,whole_chicken,170,140,200,midpoint,6
2024-04-22,ncr,whole_chicken,169.17,135,200,midpoint,6
2024-04-29,ncr,whole_chicken,171.67,140,200,midpoint,6
2024-05-06,ncr,whole_chicken,188.75,150,230,midpoint,6
2024-05-13,ncr,whole_chicken,195.83,160,230,midpoint,6
2024-05-20,ncr,whole_chicken,190.42,160,220,midpoint,6
2024-05-27,ncr,whole_chicken,186.67,160,220,midpoint,6
2024-06-03,ncr,whole_chicken,188.75,160,220,midpoint,6
2024-06-10,ncr,whole_chicken,190,160,220,midpoint,6
2024-06-17,ncr,whole_chicken,191.25,160,220,midpoint,6
2024-06-24,ncr,whole_chicken,194.17,170,220,midpoint,6
2024-07-01,ncr,whole_chicken,200,180,240,midpoint,6
2024-07-08,ncr,whole_chicken,210,185,250,midpoint,6
2024-07-15,ncr,whole_chicken,219.17,190,250,midpoint,6
2024-07-22,ncr,whole_chicken,221.67,190,250,midpoint,6
2024-07-29,ncr,whole_chicken,206.67,170,250,midpoint,6
2024-08-05,ncr,whole_chicken,204.17,170,230,midpoint,6
2024-08-12,ncr,whole_chicken,209.58,180,240,midpoint,6
2024-08-19,ncr,whole_chicken,210.42,180,240,midpoint,6
2024-08-26,ncr,whole_chicken,201.67,170,230,midpoint,6
2024-09-02,ncr,whole_chicken,207.92,175,240,midpoint,6
2024-09-09,ncr,whole_chicken,210.42,180,240,midpoint,6
2024-09-16,ncr,whole_chicken,209.17,170,240,midpoint,6
2024-09-23,ncr,whole_chicken,205.83,170,240,midpoint,6
2024-09-30,ncr,whole_chicken,198.5,160,230,midpoint,5
2024-10-07,ncr,whole_chicken,197,160,230,midpoint,5
2024-10-14,ncr,whole_chicken,193.33,150,230,midpoint,6
2024-10-21,ncr,whole_chicken,185,150,220,midpoint,5
2024-10-28,ncr,whole_chicken,184.5,145,220,midpoint,5
2024-11-04,ncr,whole_chicken,178.33,130,220,midpoint,6
2024-11-11,ncr,whole_chicken,176.5,140,220,midpoint,5
2024-11-18,ncr,whole_chicken,180.42,140,230,midpoint,6
2024-11-25,ncr,whole_chicken,194.58,165,220,midpoint,6
2024-12-02,ncr,whole_chicken,192.5,160,220,midpoint,5
2024-12-09,ncr,whole_chicken,205,175,240,midpoint,5
2024-12-16,ncr,whole_chicken,211,170,250,midpoint,5
2024-12-23,ncr,whole_chicken,212,170,250,midpoint,5
2024-12-30,ncr,whole_chicken,201.25,160,240,midpoint,4
2025-01-06,ncr,whole_chicken,193,150,220,midpoint,5
2025-01-13,ncr,whole_chicken,191.83,150,230,average,6
2025-01-20,ncr,whole_chicken,205.5,180,230,average,2
2025-01-27,ncr,whole_chicken,209.22,180,250,average,5
2025-02-03,ncr,whole_chicken,215.43,170,250,average,3
2025-02-10,ncr,whole_chicken,200.58,160,240,average,6
2025-02-17,ncr,whole_chicken,198.72,160,240,average,6
2025-02-24,ncr,whole_chicken,211.06,180,250,average,6
2025-03-03,ncr,whole_chicken,211.88,180,250,average,6
2025-03-10,ncr,whole_chicken,202.79,150,240,average,6
2025-03-17,ncr,whole_chicken,201.02,160,250,average,6
2025-03-24,ncr,whole_chicken,208.09,170,240,average,6
2025-03-31,ncr,whole_chicken,199.1,150,230,average,5
2025-04-07,ncr,whole_chicken,197.97,160,230,average,6
2025-04-14,ncr,whole_chicken,197.36,160,220,average,3
2025-04-21,ncr,whole_chicken,195.5,150,220,average,6
2025-04-28,ncr,whole_chicken,187.03,140,220,average,5
2025-05-05,ncr,whole_chicken,195.11,150,220,average,6
2025-05-12,ncr,whole_chicken,202.32,160,240,average,5
2025-05-19,ncr,whole_chicken,200.37,160,240,average,5
2025-05-26,ncr,whole_chicken,210.39,180,250,average,6
2025-06-02,ncr,whole_chicken,215.59,185,250,average,6
2025-06-09,ncr,whole_chicken,223.28,190,260,average,6
2025-06-16,ncr,whole_chicken,228.18,200,260,average,6
2025-06-23,ncr,whole_chicken,232,200,270,average,6
2025-06-30,ncr,whole_chicken,233.45,195,270,average,6
2025-07-07,ncr,whole_chicken,226.05,180,260,average,4
2025-07-14,ncr,whole_chicken,229.5,190,265,average,5
2025-07-21,ncr,whole_chicken,233.63,190,270,average,6
2025-07-28,ncr,whole_chicken,222.67,180,260,average,5
2025-08-04,ncr,whole_chicken,219.38,175,260,average,6
2025-08-11,ncr,whole_chicken,217.08,175,250,average,6
2025-08-18,ncr,whole_chicken,218.11,175,250,average,5
2025-08-25,ncr,whole_chicken,207.77,150,250,average,4
2025-09-01,ncr,whole_chicken,199.77,140,250,average,5
2025-09-08,ncr,whole_chicken,201.7,160,250,average,4
2025-09-15,ncr,whole_chicken,212.38,170,250,average,6
2025-09-22,ncr,whole_chicken,210.41,170,250,average,5
2025-09-29,ncr,whole_chicken,205.73,150,250,average,4
2025-10-06,ncr,whole_chicken,195.55,145,240,average,6
2025-10-13,ncr,whole_chicken,194.5,150,230,average,6
2025-10-20,ncr,whole_chicken,194.73,150,250,average,6
2025-10-27,ncr,whole_chicken,196.7,155,250,average,6
2025-11-03,ncr,whole_chicken,198.01,150,250,average,5
2025-11-10,ncr,whole_chicken,197.17,150,250,average,6
2025-11-17,ncr,whole_chicken,196.3,220,,average,6
2025-11-24,ncr,whole_chicken,204.05,170,250,average,6
2025-12-01,ncr,whole_chicken,203.31,160,250,average,6
2025-12-08,ncr,whole_chicken,205.11,155,250,average,6
2025-12-15,ncr,whole_chicken,202.92,155,250,average,6
2025-12-22,ncr,whole_chicken,199.16,145,250,average,6
2025-12-29,ncr,whole_chicken,198.69,150,240,average,6
2026-01-05,ncr,whole_chicken,196.98,140,240,average,6
2026-01-12,ncr,whole_chicken,196.67,140,240,average,6
2026-01-19,ncr,whole_chicken,203.31,160,250,average,6
2026-01-26,ncr,whole_chicken,202.41,155,250,average,6
2026-02-02,ncr,whole_chicken,203.59,160,240,average,6
2026-02-09,ncr,whole_chicken,200.62,150,240,average,6
2026-02-16,ncr,whole_chicken,198.71,150,240,average,6
2026-02-23,ncr,whole_chicken,198.04,145,240,average,6
2026-03-02,ncr,whole_chicken,198.97,150,250,average,6
2026-03-09,ncr,whole_chicken,198.49,140,250,average,6
2026-03-16,ncr,whole_chicken,195.8,130,240,average,6
2026-03-23,ncr,whole_chicken,195.97,130,240,average,5
2026-03-30,ncr,whole_chicken,190.25,125,240,average,6
2026-04-06,ncr,whole_chicken,195.48,130,240,average,6
2026-04-13,ncr,whole_chicken,192.27,140,240,average,6
2026-04-20,ncr,whole_chicken,191.48,135,240,average,6
2026-04-27,ncr,whole_chicken,192.1,140,240,average,6
2026-05-04,ncr,whole_chicken,194.19,140,240,average,6
2026-05-11,ncr,whole_chicken,193.81,140,240,average,6
2026-05-18,ncr,whole_chicken,195.25,150,240,average,6
2026-05-25,ncr,whole_chicken,199.13,160,240,average,6
2026-06-01,ncr,whole_chicken,202.86,160,240,average,6
2026-06-08,ncr,whole_chicken,204.18,160,250,average,6
2026-06-15,ncr,whole_chicken,204.39,160,250,average,6
2026-06-22,ncr,whole_chicken,203.83,160,240,average,6
2026-06-29,ncr,whole_chicken,201.8,155,240,average,6
2026-07-06,ncr,whole_chicken,203.25,160,250,average,7
2026-07-13,ncr,whole_chicken,208.15,175,250,average,7
2026-07-20,ncr,whole_chicken,213.01,180,250,average,7
2026-07-27,ncr,whole_chicken,209.82,155,250,average,7
2026-08-03,ncr,whole_chicken,200.73,145,240,average,7
2026-08-10,ncr,whole_chicken,199.8,150,240,average,7
2026-08-17,ncr,whole_chicken,201.93,160,240,average,7
2026-08-24,ncr,whole_chicken,202.02,150,250,average,7
2026-08-31,ncr,whole_chicken,204.67,145,250,average,7
2026-09-07,ncr,whole_chicken,200.77,140,250,average,7
2026-09-14,ncr,whole_chicken,198.82,135,240,average,7
2026-09-21,ncr,whole_chicken,198.15,140,240,average,7
2026-09-28,ncr,whole_chicken,196.16,135,240,average,5
